text,target
zn t,zoneTemp
zone temperature,zoneTemp
room temperature,zoneTemp
rm tmp,zoneTemp
room temp,zoneTemp
space temperature,zoneTemp
zn temp,zoneTemp
zn temp,zoneTemp
zone temp,zoneTemp
zone temp,zoneTemp
zone temp,zoneTemp
zone temperature,zoneTemp
zn temperature,zoneTemp
zn temperature,zoneTemp
space temp,zoneTemp
space temp,zoneTemp
space temperature,zoneTemp
spc tmp,zoneTemp
spc temp,zoneTemp
spc temperature,zoneTemp
spacetmp,zoneTemp
spc t,zoneTemp
spc temp,zoneTemp
space temp sensor,zoneTemp
space temp,zoneTemp
space sensor temp,zoneTemp
room temp,zoneTemp
room t,zoneTemp
roomtmp,zoneTemp
room tmp,zoneTemp
room temp,zoneTemp
room temperature,zoneTemp
room temperature,zoneTemp
roomtemp sensor,zoneTemp
room temp snsr,zoneTemp
rm temp,zoneTemp
rm t,zoneTemp
rm temp sensor,zoneTemp
rm temperature,zoneTemp
rm tmp,zoneTemp
rmt t,zoneTemp
rmt temp,zoneTemp
rmt temp,zoneTemp
rmt tmp,zoneTemp
rtemp,zoneTemp
rtemp sensor,zoneTemp
roomtemp rdr,zoneTemp
zn sensor temp,zoneTemp
zn temp sensor,zoneTemp
zn t sensor,zoneTemp
zone t snsr,zoneTemp
zoneairtemp,zoneTemp
zone air temp,zoneTemp
zne tmp,zoneTemp
zntmp,zoneTemp
zone t,zoneTemp
zn meas temp,zoneTemp
zntempreading,zoneTemp
zone room temp,zoneTemp
z room t,zoneTemp
zone sensor t,zoneTemp
zone env temp,zoneTemp
zntemperature snsr,zoneTemp
zntemperature rdr,zoneTemp
zn air temp,zoneTemp
zn temp reading,zoneTemp
zn temp input,zoneTemp
zone temp input,zoneTemp
zone air temperature,zoneTemp
zone temp value,zoneTemp
spc tmp sensor,zoneTemp
spc temp rdr,zoneTemp
zn temp rdr,zoneTemp
space env temp,zoneTemp
roomtemp input,zoneTemp
spctemp val,zoneTemp
rtemp value,zoneTemp
rtemp read,zoneTemp
zntemp meas,zoneTemp
ra h,returnHumidity
ra hum,returnHumidity
ra humidity,returnHumidity
return h,returnHumidity
return hum,returnHumidity
return humidity,returnHumidity
return air humidity,returnHumidity
ret air hum,returnHumidity
ret humidity,returnHumidity
ra hum rh,returnHumidity
ra rh,returnHumidity
ret rh,returnHumidity
ra hum pct,returnHumidity
return hum rh,returnHumidity
returnairrh,returnHumidity
ra humidity sensor,returnHumidity
ra hum sensor,returnHumidity
return hum sensor,returnHumidity
ret air humidity,returnHumidity
return air rh,returnHumidity
ret humidity lvl,returnHumidity
ret air rh,returnHumidity
return humidity pct,returnHumidity
return rh signal,returnHumidity
ra hum lvl,returnHumidity
return rh level,returnHumidity
return hum percent,returnHumidity
ret hum signal,returnHumidity
return air humidity pct,returnHumidity
return humidity reading,returnHumidity
return air humidity rh,returnHumidity
return hum pct,returnHumidity
return humidity level,returnHumidity
ra rh sensor,returnHumidity
ra hum rh signal,returnHumidity
return air hum,returnHumidity
rahum,returnHumidity
ra humid,returnHumidity
return hum snsr,returnHumidity
ret rh lvl,returnHumidity
ret hum rh,returnHumidity
return hum mea,returnHumidity
ra hm,returnHumidity
return rh value,returnHumidity
return humd,returnHumidity
ra humidity input,returnHumidity
return rh reading,returnHumidity
ra humidity signal,returnHumidity
ra rel hum,returnHumidity
ra hum rh,returnHumidity
return rh percent,returnHumidity
return air humidity sensor,returnHumidity
return air rel humidity,returnHumidity
ret air humidity pct,returnHumidity
return rh sensor,returnHumidity
ra hum feedback,returnHumidity
return rh data,returnHumidity
rah,returnHumidity
ret hum sig,returnHumidity
ret air hum level,returnHumidity
rtn stpt,returnTempSp
return temp sp,returnTempSp
return temp sp,returnTempSp
return temp sp,returnTempSp
return temp sp,returnTempSp
return temp setpoint,returnTempSp
return temp setpoint,returnTempSp
return temp setpoint,returnTempSp
return temp setpoint,returnTempSp
return temp setpoint,returnTempSp
return air temp sp,returnTempSp
return air temp sp,returnTempSp
return air temp sp,returnTempSp
return air temp sp,returnTempSp
return air temp sp,returnTempSp
return air temp setpoint,returnTempSp
return air temp setpoint,returnTempSp
return air temp setpoint,returnTempSp
return air temp setpoint,returnTempSp
return air temp setpoint,returnTempSp
rtn temp sp,returnTempSp
rtn temp sp,returnTempSp
ret temp spt,returnTempSp
ret temp spt,returnTempSp
ra temp sp,returnTempSp
ra temp sp,returnTempSp
return temp target,returnTempSp
return temp target,returnTempSp
return temp target,returnTempSp
return temp target,returnTempSp
return temp target,returnTempSp
rtnsp,returnTempSp
rasp,returnTempSp
ra temp sp,returnTempSp
ra t sp,returnTempSp
ratspt,returnTempSp
ret t setpt,returnTempSp
rtn t sp,returnTempSp
rtn t sp,returnTempSp
rtn t spt,returnTempSp
ret air tmp sp,returnTempSp
rtn air temp sp,returnTempSp
rtn setpt,returnTempSp
ret sp,returnTempSp
ra sp,returnTempSp
rtn tset,returnTempSp
return temp sp,returnTempSp
return temp sp,returnTempSp
return temp sp,returnTempSp
return temp setpoint,returnTempSp
return temp setpoint,returnTempSp
return air temp sp,returnTempSp
return air temp sp,returnTempSp
return air temp setpoint,returnTempSp
return air temp setpoint,returnTempSp
rtn temp sp,returnTempSp
rtn temp sp,returnTempSp
rtn stpt,returnTempSp
rtn stpt,returnTempSp
ret t spt,returnTempSp
ret t spt,returnTempSp
return temp sp,returnTempSp
return temp sp,returnTempSp
return temp sp,returnTempSp
return temp setpoint,returnTempSp
return temp setpoint,returnTempSp
return air temp sp,returnTempSp
return air temp sp,returnTempSp
return air temp setpoint,returnTempSp
return air temp setpoint,returnTempSp
rtn temp sp,returnTempSp
rtn temp sp,returnTempSp
rtn stpt,returnTempSp
rtn stpt,returnTempSp
returntempsp,returnTempSp
returntempsp,returnTempSp
returntempsetpoint,returnTempSp
returntempsetpoint,returnTempSp
returnairtempsp,returnTempSp
returnairtempsp,returnTempSp
returnairtempsetpoint,returnTempSp
returnairtempsetpoint,returnTempSp
rtntempsp,returnTempSp
rtnstpt,returnTempSp
rettempspt,returnTempSp
ratempsp,returnTempSp
return air temp set point,returnTempSp
oa dampr,outsideDamper
outside damper,outsideDamper
outside damper,outsideDamper
outside damper,outsideDamper
outside damper,outsideDamper
outside air damper,outsideDamper
outside air damper,outsideDamper
outside air damper,outsideDamper
outside air damper,outsideDamper
outdoor air damper,outsideDamper
outdoor air damper,outsideDamper
outdoor air damper,outsideDamper
outdoor air damper,outsideDamper
outdoor damper,outsideDamper
outdoor damper,outsideDamper
outdoor damper,outsideDamper
outdoor damper,outsideDamper
fresh air damper,outsideDamper
fresh air damper,outsideDamper
fresh air damper,outsideDamper
fresh air damper,outsideDamper
fa damper,outsideDamper
fa damper,outsideDamper
oa damper,outsideDamper
oa damper,outsideDamper
oa damper,outsideDamper
oa damper,outsideDamper
oad,outsideDamper
oa dmp,outsideDamper
oadmp,outsideDamper
oa damper,outsideDamper
fa dmp,outsideDamper
fa damper,outsideDamper
oa damper,outsideDamper
oa damper,outsideDamper
oa dmpr,outsideDamper
outside damper,outsideDamper
outside damper,outsideDamper
outside air damper,outsideDamper
outside air damper,outsideDamper
outdoor air damper,outsideDamper
outdoor air damper,outsideDamper
fresh air damper,outsideDamper
fresh air damper,outsideDamper
fa damper,outsideDamper
outside damper,outsideDamper
outside damper,outsideDamper
outside damper,outsideDamper
outside air damper,outsideDamper
outside air damper,outsideDamper
outside air damper,outsideDamper
outdoor air damper,outsideDamper
outdoor air damper,outsideDamper
outdoor air damper,outsideDamper
fresh air damper,outsideDamper
fresh air damper,outsideDamper
oa damper,outsideDamper
oa damper,outsideDamper
oa damper,outsideDamper
oa dmpr,outsideDamper
oa dmpr,outsideDamper
oa dmpr,outsideDamper
fa damper,outsideDamper
fa damper,outsideDamper
outsidedamper,outsideDamper
outsidedamper,outsideDamper
outsideairdamper,outsideDamper
outsideairdamper,outsideDamper
outdoorairdamper,outsideDamper
outdoorairdamper,outsideDamper
freshairdamper,outsideDamper
freshairdamper,outsideDamper
oadamper,outsideDamper
oadmpr,outsideDamper
oadmpr,outsideDamper
outside air intake damper,outsideDamper
return co2,returnCO2
return co2,returnCO2
return co2,returnCO2
return co2,returnCO2
return co2,returnCO2
return air co2,returnCO2
return air co2,returnCO2
return air co2,returnCO2
return air co2,returnCO2
return carbon dioxide,returnCO2
return carbon dioxide,returnCO2
return carbon dioxide,returnCO2
return carbon dioxide,returnCO2
return carbon dioxide,returnCO2
return co2 level,returnCO2
return co2 level,returnCO2
return co2 level,returnCO2
return co2 level,returnCO2
return co2 level,returnCO2
return co2 ppm,returnCO2
return co2 ppm,returnCO2
return co2 ppm,returnCO2
return co2 ppm,returnCO2
return co2 ppm,returnCO2
return concentration,returnCO2
return concentration,returnCO2
return concentration,returnCO2
return concentration,returnCO2
return concentration,returnCO2
ra co2,returnCO2
ra co2,returnCO2
ra co2,returnCO2
rtn co2,returnCO2
rtn co2,returnCO2
rtn co2,returnCO2
ret co2,returnCO2
ret co2,returnCO2
ra co2,returnCO2
ret co2,returnCO2
rtn co2,returnCO2
ra carb diox,returnCO2
return co2 sensor,returnCO2
return air co2 level,returnCO2
return co2 concentration,returnCO2
return air carbon dioxide,returnCO2
ra co2 ppm,returnCO2
return co2 reading,returnCO2
return co2,returnCO2
return co2,returnCO2
return co2,returnCO2
return air co2,returnCO2
return air co2,returnCO2
return carbon dioxide,returnCO2
return carbon dioxide,returnCO2
rtn co2,returnCO2
rtn co2,returnCO2
ra co2,returnCO2
ra co2,returnCO2
return co2,returnCO2
return co2,returnCO2
return co2,returnCO2
return air co2,returnCO2
return air co2,returnCO2
return carbon dioxide,returnCO2
return carbon dioxide,returnCO2
rtn co2,returnCO2
rtn co2,returnCO2
ra co2,returnCO2
rat co2,returnCO2
ra co2,returnCO2
returnco2,returnCO2
returnco2,returnCO2
returnairco2,returnCO2
returnairco2,returnCO2
returncarbondioxide,returnCO2
returncarbondioxide,returnCO2
returnco2 level,returnCO2
returnco2 level,returnCO2
returnco2 ppm,returnCO2
returnco2 ppm,returnCO2
raco2,returnCO2
raco2,returnCO2
rtnco2,returnCO2
rtnco2,returnCO2
rtrn air tmp,returnTemp
return temp,returnTemp
return temp,returnTemp
return temp,returnTemp
return temp,returnTemp
return air temp,returnTemp
return air temp,returnTemp
return air temp,returnTemp
return air temp,returnTemp
return temperature,returnTemp
return temperature,returnTemp
return temperature,returnTemp
return temperature,returnTemp
return temperature,returnTemp
return air temperature,returnTemp
return air temperature,returnTemp
return air temperature,returnTemp
return air temperature,returnTemp
return air temperature,returnTemp
rtn temp,returnTemp
rtn temp,returnTemp
rtn temp,returnTemp
ret temp,returnTemp
ret temp,returnTemp
ret temp,returnTemp
ra temp,returnTemp
ra temp,returnTemp
ra temp,returnTemp
rtn air temp,returnTemp
rtn air temp,returnTemp
rtn air temp,returnTemp
ret air temp,returnTemp
ret air temp,returnTemp
ret air temp,returnTemp
rtrn air temp,returnTemp
rtrn air temp,returnTemp
rtrn air temp,returnTemp
ra temp,returnTemp
rat,returnTemp
ret t,returnTemp
rtn t,returnTemp
rtn tmp,returnTemp
ret tmp,returnTemp
ra temp,returnTemp
rtn tmp,returnTemp
ret t,returnTemp
rtrn t,returnTemp
return air temp sensor,returnTemp
return temp reading,returnTemp
return air temperature sensor,returnTemp
rat sensor,returnTemp
return temp,returnTemp
return temp,returnTemp
return temp,returnTemp
return air temp,returnTemp
return air temp,returnTemp
return air temp,returnTemp
return air tmp,returnTemp
return air tmp,returnTemp
rtn temp,returnTemp
rtn temp,returnTemp
ret temp,returnTemp
ret temp,returnTemp
ra temp,returnTemp
ra temp,returnTemp
return temperature,returnTemp
return temperature,returnTemp
return temp,returnTemp
return temp,returnTemp
return temp,returnTemp
return air temp,returnTemp
return air temp,returnTemp
return air temp,returnTemp
return air tmp,returnTemp
return air tmp,returnTemp
rtn temp,returnTemp
rtn temp,returnTemp
ret temp,returnTemp
ret temp,returnTemp
ra temp,returnTemp
ra temp,returnTemp
return temperature,returnTemp
return temperature,returnTemp
returntemp,returnTemp
returntemp,returnTemp
space humidity,zoneHumidity
spacehumidity,zoneHumidity
space humidity,zoneHumidity
space humidity,zoneHumidity
space humidity,zoneHumidity
space humidity,zoneHumidity
space humidity,zoneHumidity
space humidity,zoneHumidity
space humidity,zoneHumidity
space humidity,zoneHumidity
space humidity,zoneHumidity
zn h,zoneHumidity
zn h,zoneHumidity
zn h,zoneHumidity
zn h,zoneHumidity
znh,zoneHumidity
znh,zoneHumidity
zn hum,zoneHumidity
zn hum,zoneHumidity
znhumidity,zoneHumidity
znhumidity,zoneHumidity
zone hum,zoneHumidity
zone hum,zoneHumidity
zonehum,zoneHumidity
zone hum,zoneHumidity
zone hum,zoneHumidity
zone hum,zoneHumidity
zone hum,zoneHumidity
zone hum,zoneHumidity
zone hum,zoneHumidity
zonehumidity,zoneHumidity
zone humidity,zoneHumidity
zonehumidity,zoneHumidity
zone humidity,zoneHumidity
zone humidity,zoneHumidity
zone humidity,zoneHumidity
zone humidity,zoneHumidity
zone humidity,zoneHumidity
zone humidity,zoneHumidity
zone humidity,zoneHumidity
spc hum,zoneHumidity
spc hum,zoneHumidity
spc hum,zoneHumidity
spc hum,zoneHumidity
spchum,zoneHumidity
spc hum,zoneHumidity
spc hum,zoneHumidity
spc humidity,zoneHumidity
spc humidity,zoneHumidity
spc humidity,zoneHumidity
spc humidity,zoneHumidity
spc humidity,zoneHumidity
spc humidity,zoneHumidity
zh,zoneHumidity
zh,zoneHumidity
zhumidity,zoneHumidity
zh humidity,zoneHumidity
zh humidity,zoneHumidity
zh humidity,zoneHumidity
space pressure,zonePressure
spacepressure,zonePressure
space pressure,zonePressure
space pressure,zonePressure
space pressure,zonePressure
space pressure,zonePressure
space pressure,zonePressure
space pressure,zonePressure
space pressure,zonePressure
space pressure,zonePressure
space pressure,zonePressure
zn p,zonePressure
zn p,zonePressure
zn p,zonePressure
zn p,zonePressure
znp,zonePressure
znp,zonePressure
znprs,zonePressure
znprs,zonePressure
zn prs,zonePressure
zn prs,zonePressure
zn prs,zonePressure
zn prs,zonePressure
zone press,zonePressure
zone press,zonePressure
zonepress,zonePressure
zone press,zonePressure
zone press,zonePressure
zone press,zonePressure
zone press,zonePressure
zone press,zonePressure
zone press,zonePressure
zone pressure,zonePressure
zone pressure,zonePressure
zonepressure,zonePressure
zone pressure,zonePressure
zone pressure,zonePressure
zone pressure,zonePressure
zone pressure,zonePressure
zone pressure,zonePressure
zone pressure,zonePressure
zone pr,zonePressure
zone pr,zonePressure
zonepr,zonePressure
zone pr,zonePressure
zone pr,zonePressure
zp,zonePressure
zp,zonePressure
z p,zonePressure
z p,zonePressure
z p,zonePressure
z p,zonePressure
zpres,zonePressure
zpres,zonePressure
z pres,zonePressure
z pres,zonePressure
z pres,zonePressure
z pres,zonePressure
pressure zone,zonePressure
pressure zone,zonePressure
building pressure,buildingPressure
building pressure,buildingPressure
buildingpressure,buildingPressure
building pressure,buildingPressure
building pressure,buildingPressure
building pressure,buildingPressure
building pressure,buildingPressure
building pressure,buildingPressure
building pressure,buildingPressure
building pressure,buildingPressure
building pressure,buildingPressure
building pressure,buildingPressure
bldg press,buildingPressure
bldg press,buildingPressure
bldgpress,buildingPressure
bldg press,buildingPressure
bldg press,buildingPressure
bldg press,buildingPressure
bldg press,buildingPressure
bldg p,buildingPressure
bldg p,buildingPressure
bldg p,buildingPressure
bldg p,buildingPressure
bldgp,buildingPressure
bldgp,buildingPressure
bldgprs,buildingPressure
bldgprs,buildingPressure
bldg prs,buildingPressure
bldg prs,buildingPressure
bldg prs,buildingPressure
bldg prs,buildingPressure
bldg pr,buildingPressure
bldg pr,buildingPressure
bldgpr,buildingPressure
bldg pr,buildingPressure
bldg pr,buildingPressure
bldgpres,buildingPressure
bldgpres,buildingPressure
bp,buildingPressure
bp,buildingPressure
b p,buildingPressure
b p,buildingPressure
b p,buildingPressure
b p,buildingPressure
bpres,buildingPressure
bpres,buildingPressure
b pres,buildingPressure
b pres,buildingPressure
b pres,buildingPressure
b pres,buildingPressure
pressure building,buildingPressure
pressure building,buildingPressure
pressurebuilding,buildingPressure
pressure building,buildingPressure
pressure building,buildingPressure
pressure building,buildingPressure
pressure building,buildingPressure
bypass valve,bypassValve
bypass valve,bypassValve
bypassvalve,bypassValve
bypass valve,bypassValve
bypass valve,bypassValve
bypass valve,bypassValve
bypass valve,bypassValve
bypass valve,bypassValve
bypass valve,bypassValve
bypass valve,bypassValve
bypass valve,bypassValve
bypass valve,bypassValve
bpvlv,bypassValve
bpvlv,bypassValve
bp vlv,bypassValve
bp vlv,bypassValve
bp vlv,bypassValve
bp vlv,bypassValve
bypvlv,bypassValve
bypvlv,bypassValve
byp vlv,bypassValve
byp vlv,bypassValve
byp vlv,bypassValve
byp vlv,bypassValve
bypass vlv,bypassValve
space voc,zoneVOC
space voc,zoneVOC
spacevoc,zoneVOC
space voc,zoneVOC
space voc,zoneVOC
space voc,zoneVOC
space voc,zoneVOC
space voc,zoneVOC
space voc,zoneVOC
space voc,zoneVOC
space voc,zoneVOC
space voc,zoneVOC
zn voc,zoneVOC
zn voc,zoneVOC
zn voc,zoneVOC
zn voc,zoneVOC
znvoc,zoneVOC
znvoc,zoneVOC
zn voc,zoneVOC
zn voc,zoneVOC
zn vo c,zoneVOC
zn vo c,zoneVOC
zone voc,zoneVOC
zone voc,zoneVOC
zonevoc,zoneVOC
zone voc,zoneVOC
zone voc,zoneVOC
zone voc,zoneVOC
zone voc,zoneVOC
zone voc,zoneVOC
zone voc,zoneVOC
zone voc,zoneVOC
zone voc,zoneVOC
zone voc,zoneVOC
zone voc,zoneVOC
zone voc,zoneVOC
zonevoc,zoneVOC
zonevoc,zoneVOC
voc zone,zoneVOC
voc zone,zoneVOC
voczone,zoneVOC
voc zone,zoneVOC
voc zone,zoneVOC
voc zone,zoneVOC
voc zone,zoneVOC
voc zone,zoneVOC
voc zone,zoneVOC
spc voc,zoneVOC
spc voc,zoneVOC
spcvoc,zoneVOC
spc voc,zoneVOC
spc voc,zoneVOC
spc voc,zoneVOC
spc voc,zoneVOC
spc voc,zoneVOC
spc voc,zoneVOC
spacevoc,zoneVOC
znt sp,zoneTempSp
znt spt,zoneTempSp
znt spt,zoneTempSp
zntspt,zoneTempSp
zntsp,zoneTempSp
zn tsp,zoneTempSp
zn t sp,zoneTempSp
zn t spt,zoneTempSp
zn tsp,zoneTempSp
zn tempspt,zoneTempSp
zn temp sp,zoneTempSp
zn temp setpoint,zoneTempSp
zone temp sp,zoneTempSp
zone temp spt,zoneTempSp
zone temp sp,zoneTempSp
zone temp spt,zoneTempSp
zonetemp sp,zoneTempSp
zonetemp spt,zoneTempSp
zonetemp spt,zoneTempSp
zonetempsetpoint,zoneTempSp
zone temp sp,zoneTempSp
zone temp spt,zoneTempSp
zone temp sp,zoneTempSp
zone temp sp,zoneTempSp
zone temp set point,zoneTempSp
zone temp set point,zoneTempSp
zone temperature sp,zoneTempSp
zone temperature set point,zoneTempSp
zone temperature setpoint,zoneTempSp
zone temperature setpoint,zoneTempSp
zone temperature set point,zoneTempSp
zone temperature set point,zoneTempSp
zone temperature setpoint,zoneTempSp
space tmp spt,zoneTempSp
space tmp setpoint,zoneTempSp
space temp spt,zoneTempSp
space temp set point,zoneTempSp
space temperature sp,zoneTempSp
space temperature setpoint,zoneTempSp
spc temp spt,zoneTempSp
spc temperature setpoint,zoneTempSp
spc tmp sp,zoneTempSp
spc temp set point,zoneTempSp
spc temperature spt,zoneTempSp
spc temp setpoint,zoneTempSp
spc temp spt,zoneTempSp
spc tempspt,zoneTempSp
spctempspt,zoneTempSp
spc temp spt,zoneTempSp
spc temp spt,zoneTempSp
zntsp set,zoneTempSp
zntsp setpoint,zoneTempSp
ztsp,zoneTempSp
ztsp,zoneTempSp
z tsp,zoneTempSp
z tsp,zoneTempSp
z tsp,zoneTempSp
z tsp,zoneTempSp
ztemp sp,zoneTempSp
ztmp spt,zoneTempSp
ztempsetpt,zoneTempSp
zone tmp sp,zoneTempSp
zone tmp set pt,zoneTempSp
zone tmp set point,zoneTempSp
zone tmp setpoint,zoneTempSp
zone temp set pt,zoneTempSp
zone temperature sp,zoneTempSp
zone temp spt,zoneTempSp
znt spt pt,zoneTempSp
zonetsp,zoneTempSp
zone tsp,zoneTempSp
zone tsp,zoneTempSp
zone temp sp,zoneTempSp
zone tmp setpt,zoneTempSp
space temperature spt,zoneTempSp
spc темр spт,zoneTempSp
spcтемрspт,zoneTempSp
rm temp sp,zoneTempSp
room temp setpoint,zoneTempSp
rm tmp spt,zoneTempSp
rm tmp spt,zoneTempSp
effect sp,zoneTempSp
actual sp,zoneTempSp
eff spt,zoneTempSp
effspt,zoneTempSp
eff zone sp,zoneTempSp
zone eff spt,zoneTempSp
effective setpoint,zoneTempSp
zone eff temp sp,zoneTempSp
zone temp active sp,zoneTempSp
active temp setpoint,zoneTempSp
zone current sp,zoneTempSp
eff temp spt,zoneTempSp
active zone sp,zoneTempSp
current zone sp,zoneTempSp
eff zone setpt,zoneTempSp
zone sp effective,zoneTempSp
actual zone setpoint,zoneTempSp
znt max spt,zoneTempMaxSP
znt max sp,zoneTempMaxSP
znt max spt,zoneTempMaxSP
znt max sp,zoneTempMaxSP
zntmaxspt,zoneTempMaxSP
zntmaxsp,zoneTempMaxSP
zn temp max spt,zoneTempMaxSP
zn temp max sp,zoneTempMaxSP
zone temp max spt,zoneTempMaxSP
zone temp max sp,zoneTempMaxSP
zone temp max spt,zoneTempMaxSP
zone temp max sp,zoneTempMaxSP
zonetempmaxspt,zoneTempMaxSP
zonetempmaxsp,zoneTempMaxSP
zonetmpmaxspt,zoneTempMaxSP
zonetmpmaxsp,zoneTempMaxSP
zone temp max spt,zoneTempMaxSP
zone temp max sp,zoneTempMaxSP
zone temp max set point,zoneTempMaxSP
zone temp max set pt,zoneTempMaxSP
zone temp max sp,zoneTempMaxSP
zone temp max spt,zoneTempMaxSP
zone temp max setpoint,zoneTempMaxSP
zone temperature max setpoint,zoneTempMaxSP
zone temperature max set point,zoneTempMaxSP
zone temperature max spt,zoneTempMaxSP
zone temperature max sp,zoneTempMaxSP
zone temperature max sp,zoneTempMaxSP
zone temperature max spt,zoneTempMaxSP
space temp max setpoint,zoneTempMaxSP
space temp max spt,zoneTempMaxSP
space temp max sp,zoneTempMaxSP
space temp max setpoint,zoneTempMaxSP
space temp max spt,zoneTempMaxSP
space temp max sp,zoneTempMaxSP
space temp max setpoint,zoneTempMaxSP
space temp max spt,zoneTempMaxSP
space temp max sp,zoneTempMaxSP
space temp max spt,zoneTempMaxSP
space temp max spt,zoneTempMaxSP
spc temp max spt,zoneTempMaxSP
spc temp max spt,zoneTempMaxSP
spc temp max sp,zoneTempMaxSP
spc temp max setpoint,zoneTempMaxSP
spc temp max setpoint,zoneTempMaxSP
spc temp max sp,zoneTempMaxSP
spc temp max sp,zoneTempMaxSP
zntm spt,zoneTempMaxSP
zntm sp,zoneTempMaxSP
znt mx spt,zoneTempMaxSP
znt mx sp,zoneTempMaxSP
zntmxspt,zoneTempMaxSP
zntmxsp,zoneTempMaxSP
zone temp maximum spt,zoneTempMaxSP
zone temp maximum sp,zoneTempMaxSP
zone temperature maximum setpoint,zoneTempMaxSP
zone temperature maximum spt,zoneTempMaxSP
zone temperature maximum sp,zoneTempMaxSP
zone temp max,zoneTempMaxSP
zone temp max sp,zoneTempMaxSP
zone temp max,zoneTempMaxSP
zone temp max,zoneTempMaxSP
spc temp mx spt,zoneTempMaxSP
bp switch,bypassSwitch
bypass switch,bypassSwitch
byp switch,bypassSwitch
byp switch,bypassSwitch
bypass switch,bypassSwitch
bypass switch,bypassSwitch
byp switch,bypassSwitch
bp switch,bypassSwitch
bp switch,bypassSwitch
byp switch,bypassSwitch
bypass switch,bypassSwitch
bypass switch,bypassSwitch
bypswitch,bypassSwitch
bypsw,bypassSwitch
byp sw,bypassSwitch
bypass sw,bypassSwitch
byp swch,bypassSwitch
bypass swch,bypassSwitch
bypass switch,bypassSwitch
byp switch,bypassSwitch
bypass sw,bypassSwitch
byp sw,bypassSwitch
bypass swch,bypassSwitch
bypass swtch,bypassSwitch
bypass swt,bypassSwitch
byp swch,bypassSwitch
byp swt,bypassSwitch
bypass control,bypassSwitch
bypass ctrl,bypassSwitch
byp ctrl,bypassSwitch
bypass ctrl,bypassSwitch
byp ctrl,bypassSwitch
bypass cntrl,bypassSwitch
bypass cntrl sw,bypassSwitch
bypass control,bypassSwitch
bypass switch state,bypassSwitch
bypass status,bypassSwitch
bypass status sw,bypassSwitch
bypass sw,bypassSwitch
bypass switch state,bypassSwitch
bypass switch cmd,bypassSwitch
bypass sw cmd,bypassSwitch
bypass sw,bypassSwitch
bypass sw,bypassSwitch
byp sw cmd,bypassSwitch
bypass switch cmd,bypassSwitch
bp switch,bypassSwitch
bp switch state,bypassSwitch
bp swch,bypassSwitch
bp swch,bypassSwitch
bp swtch,bypassSwitch
bp ctrl,bypassSwitch
bypass activation,bypassSwitch
bypass enable,bypassSwitch
bypass en,bypassSwitch
bypass tog,bypassSwitch
ch alm,chillerAlarm
ch alm,chillerAlarm
chalm,chillerAlarm
chl alm,chillerAlarm
chl alm,chillerAlarm
chlr alm,chillerAlarm
chlr alm,chillerAlarm
chiller alm,chillerAlarm
chiller alm,chillerAlarm
chiller alm,chillerAlarm
chiller alm,chillerAlarm
chlr alm,chillerAlarm
chlr alm,chillerAlarm
chl alm,chillerAlarm
chl alm,chillerAlarm
chlralm,chillerAlarm
chilleralarm,chillerAlarm
chalarm,chillerAlarm
chiller alarm,chillerAlarm
chiller alarm,chillerAlarm
ch alm,chillerAlarm
ch alm,chillerAlarm
ch alm,chillerAlarm
ch alm,chillerAlarm
ch alm,chillerAlarm
ch alm,chillerAlarm
ch alm,chillerAlarm
ch alm,chillerAlarm
ch alm,chillerAlarm
ch alm,chillerAlarm
ch alarm,chillerAlarm
ch alarm,chillerAlarm
ch alm,chillerAlarm
ch alm,chillerAlarm
chl alarm,chillerAlarm
chlr alarm,chillerAlarm
chiller alarm,chillerAlarm
chiller alarm,chillerAlarm
chlr alarm,chillerAlarm
chlr alarm,chillerAlarm
chlr alarm,chillerAlarm
chlr alarm,chillerAlarm
chiller alarm,chillerAlarm
chiller alarm,chillerAlarm
ch alarm,chillerAlarm
ch alarm,chillerAlarm
ch alarm,chillerAlarm
ch alarm,chillerAlarm
ch alarm,chillerAlarm
ch alarm,chillerAlarm
ch alarm,chillerAlarm
ch alarm,chillerAlarm
ch alarm,chillerAlarm
ch alarm,chillerAlarm
chillr alrm,chillerAlarm
chl alrm,chillerAlarm
ch alarm,chillerAlarm
ch alrm,chillerAlarm
airpressure,airPressure
airpressure,airPressure
air pressure,airPressure
air pressure,airPressure
air pressure,airPressure
air pressure,airPressure
air pressure,airPressure
air pressure,airPressure
air pressure,airPressure
air press,airPressure
airpress,airPressure
air press,airPressure
air press,airPressure
air press,airPressure
air press,airPressure
air press,airPressure
air press,airPressure
air press,airPressure
a press,airPressure
a press,airPressure
a press,airPressure
a press,airPressure
a press,airPressure
apress,airPressure
a pressure,airPressure
a pressure,airPressure
a pressure,airPressure
apressure,airPressure
a pressure,airPressure
airpres,airPressure
airpres,airPressure
air pres,airPressure
air pres,airPressure
air pres,airPressure
airpsr,airPressure
airpsr,airPressure
air psr,airPressure
air p,airPressure
air p,airPressure
air p,airPressure
air press sensor,airPressure
air pressure sensor,airPressure
air press reading,airPressure
air pressure reading,airPressure
air press val,airPressure
air pressure val,airPressure
air press value,airPressure
air pressure value,airPressure
air pressure reading,airPressure
airpressure read,airPressure
air pressure sensor,airPressure
air press sensor,airPressure
a press sensor,airPressure
air press val,airPressure
air press read,airPressure
air pressure read,airPressure
air p sensor,airPressure
air p sensor,airPressure
boileralarm,boilerAlarm
boiler alarm,boilerAlarm
boileralarm,boilerAlarm
boiler alarm,boilerAlarm
boiler alarm,boilerAlarm
boiler alarm,boilerAlarm
boiler alarm,boilerAlarm
boiler alarm,boilerAlarm
boiler alarm,boilerAlarm
boileralrm,boilerAlarm
boiler alrm,boilerAlarm
boiler alrm,boilerAlarm
boileralrm,boilerAlarm
blr alm,boilerAlarm
blr alm,boilerAlarm
blr alm,boilerAlarm
blr alm,boilerAlarm
blralm,boilerAlarm
blr alm,boilerAlarm
blr alm,boilerAlarm
blr alarm,boilerAlarm
blr alarm,boilerAlarm
blr alarm,boilerAlarm
blr alarm,boilerAlarm
blralarm,boilerAlarm
blr alarm,boilerAlarm
blr alarm,boilerAlarm
blr alarm,boilerAlarm
boil alarm,boilerAlarm
boil alarm,boilerAlarm
boil alrm,boilerAlarm
boil alarm,boilerAlarm
boil alarm,boilerAlarm
boilr alarm,boilerAlarm
boilr alarm,boilerAlarm
boilr alm,boilerAlarm
boilr alarm,boilerAlarm
boiler alarm,boilerAlarm
boiler alarm,boilerAlarm
boiler alarm,boilerAlarm
boiler alarm,boilerAlarm
boiler alm,boilerAlarm
boiler alm,boilerAlarm
boiler alarm,boilerAlarm
boiler alarm,boilerAlarm
blr alarm,boilerAlarm
blr alarm,boilerAlarm
blr alarm,boilerAlarm
blr alarm,boilerAlarm
blr alarm,boilerAlarm
blr alarm,boilerAlarm
blr alarm,boilerAlarm
blr alarm,boilerAlarm
blr alarm,boilerAlarm
blr alarm,boilerAlarm
blr alarm,boilerAlarm
blr alarm,boilerAlarm
blr alm,boilerAlarm
blr alm,boilerAlarm
blr cmd,boilerEnable
blr cmd,boilerEnable
blr cmd,boilerEnable
blr cmd,boilerEnable
blr cmd,boilerEnable
blr ena,boilerEnable
blr ena,boilerEnable
blr ena,boilerEnable
blr enable,boilerEnable
blr enable,boilerEnable
blr enable,boilerEnable
boiler enable,boilerEnable
boiler enable,boilerEnable
boiler enable,boilerEnable
boiler command,boilerEnable
boiler cmd,boilerEnable
boiler cmd,boilerEnable
boiler cmd,boilerEnable
boiler enable,boilerEnable
boiler enable,boilerEnable
blr ena,boilerEnable
blr ena,boilerEnable
blr ena cmd,boilerEnable
blr cmd out,boilerEnable
blr start,boilerEnable
blr start cmd,boilerEnable
blr enable cmd,boilerEnable
blr start signal,boilerEnable
boiler cmd,boilerEnable
boiler command,boilerEnable
boiler control,boilerEnable
boiler enable,boilerEnable
boiler cmd,boilerEnable
boiler cmd,boilerEnable
boiler start,boilerEnable
boiler start,boilerEnable
boiler run cmd,boilerEnable
boiler start,boilerEnable
boiler startup,boilerEnable
boiler ena,boilerEnable
boiler ena,boilerEnable
boiler ena,boilerEnable
boiler on cmd,boilerEnable
boiler enable cmd,boilerEnable
boiler enable command,boilerEnable
boiler start command,boilerEnable
boiler enable signal,boilerEnable
boiler on signal,boilerEnable
boiler enable output,boilerEnable
blr enable out,boilerEnable
blr cmd signal,boilerEnable
blr control cmd,boilerEnable
blr start enable,boilerEnable
blr cmd output,boilerEnable
boiler start enable,boilerEnable
blr enable request,boilerEnable
blr on request,boilerEnable
start boiler cmd,boilerEnable
enable boiler,boilerEnable
blr on,boilerEnable
blr ena output,boilerEnable
boiler on cmd,boilerEnable
cmd blr enable,boilerEnable
blr enable output,boilerEnable
blr start command,boilerEnable
blr enable signal,boilerEnable
boiler enable out,boilerEnable
boiler cmd out,boilerEnable
boiler start enable,boilerEnable
boilerfault,boilerFault
boiler fault,boilerFault
boilerfault,boilerFault
boiler fault,boilerFault
boiler fault,boilerFault
boiler fault,boilerFault
boiler fault,boilerFault
boiler fault,boilerFault
boiler fault,boilerFault
boil fault,boilerFault
boil fault,boilerFault
boil fault,boilerFault
boil fault,boilerFault
boilr fault,boilerFault
boilr fault,boilerFault
boilr fault,boilerFault
boilflt,boilerFault
boilr flt,boilerFault
boilr flt,boilerFault
boil flt,boilerFault
boil flt,boilerFault
boilr flt,boilerFault
boilflt,boilerFault
boilrflt,boilerFault
boil fault status,boilerFault
boiler fault status,boilerFault
boiler flt,boilerFault
boiler flt,boilerFault
boiler flt,boilerFault
boiler flt,boilerFault
boiler flt,boilerFault
blr fault,boilerFault
blr fault,boilerFault
blr fault,boilerFault
blr fault,boilerFault
blrflt,boilerFault
blrflt,boilerFault
blr fault,boilerFault
blr fault,boilerFault
blr flt,boilerFault
blr flt,boilerFault
blr flt,boilerFault
blr flt,boilerFault
blr flt,boilerFault
blr fault,boilerFault
blr fault,boilerFault
blr fault,boilerFault
blr fault,boilerFault
blr fault,boilerFault
blr fault,boilerFault
blr fault,boilerFault
blr fault,boilerFault
blr fault,boilerFault
blr fault,boilerFault
boiler fault,boilerFault
boiler fault,boilerFault
boiler fault,boilerFault
boiler fault,boilerFault
boiler fault status,boilerFault
boiler fault code,boilerFault
boilerstatus,boilerStatus
boiler status,boilerStatus
boilerstatus,boilerStatus
boiler status,boilerStatus
boiler status,boilerStatus
boiler status,boilerStatus
boiler status,boilerStatus
boiler status,boilerStatus
boiler status,boilerStatus
boilstatus,boilerStatus
boil status,boilerStatus
boil status,boilerStatus
boilrstatus,boilerStatus
boilr status,boilerStatus
boilr status,boilerStatus
boil status,boilerStatus
boilr status,boilerStatus
boilstat,boilerStatus
boil stat,boilerStatus
boil sts,boilerStatus
boilr stat,boilerStatus
boilr sts,boilerStatus
boilr sts,boilerStatus
boil sts,boilerStatus
boil st,boilerStatus
boilr st,boilerStatus
boiler st,boilerStatus
boiler st,boilerStatus
boiler stat,boilerStatus
boilerstat,boilerStatus
boiler sts,boilerStatus
boiler sts,boilerStatus
boiler sts,boilerStatus
boiler sts,boilerStatus
blrstatus,boilerStatus
blrstatus,boilerStatus
blr status,boilerStatus
blr status,boilerStatus
blr status,boilerStatus
blr status,boilerStatus
blr stat,boilerStatus
blr stat,boilerStatus
blr sts,boilerStatus
blr sts,boilerStatus
blr sts,boilerStatus
blr sts,boilerStatus
blr st,boilerStatus
blr st,boilerStatus
blr status,boilerStatus
blr status,boilerStatus
blr status,boilerStatus
blr status,boilerStatus
blr status,boilerStatus
blr status,boilerStatus
boiler status,boilerStatus
boiler status,boilerStatus
boiler status,boilerStatus
boiler status,boilerStatus
boiler status code,boilerStatus
boiler status flag,boilerStatus
bypassdamper,bypassDamper
bypass damper,bypassDamper
bypassdamper,bypassDamper
bypass damper,bypassDamper
bypass damper,bypassDamper
bypass damper,bypassDamper
bypass damper,bypassDamper
bypass damper,bypassDamper
bypass damper,bypassDamper
bypassdampercmd,bypassDamper
bypassdampercommand,bypassDamper
bypass damper cmd,bypassDamper
bypass damper command,bypassDamper
bypass damper cmd,bypassDamper
bypass damper command,bypassDamper
bypass damper cmd,bypassDamper
bypass damper command,bypassDamper
bypdamper,bypassDamper
byp damper,bypassDamper
byp damper,bypassDamper
bypdampercmd,bypassDamper
byp damper cmd,bypassDamper
byp damper cmd,bypassDamper
bypdampercommand,bypassDamper
byp damper command,bypassDamper
byp damper command,bypassDamper
bypassdmpr,bypassDamper
bypass dmpr,bypassDamper
bypass dmpr,bypassDamper
bypassdmprcmd,bypassDamper
bypass dmpr cmd,bypassDamper
bypass dmpr cmd,bypassDamper
bypassdmprcommand,bypassDamper
bypass dmpr command,bypassDamper
bypass dmpr command,bypassDamper
bypass dmpr pos,bypassDamper
bypass dmpr status,bypassDamper
bypass dmpr cmd,bypassDamper
bypass dmpr command,bypassDamper
bypass dmpr status,bypassDamper
bypdmpr,bypassDamper
byp dmpr,bypassDamper
byp dmpr,bypassDamper
bypdmprcmd,bypassDamper
byp dmpr cmd,bypassDamper
byp dmpr cmd,bypassDamper
bypdmprcommand,bypassDamper
byp dmpr command,bypassDamper
byp dmpr command,bypassDamper
bypdmprstatus,bypassDamper
byp dmpr status,bypassDamper
byp dmpr status,bypassDamper
bypass dmp cmd,bypassDamper
bypass dmp cmd,bypassDamper
byp dmp cmd,bypassDamper
byp dmp cmd,bypassDamper
bypassdamperfb,bypassDamperFb
bypass damper fb,bypassDamperFb
bypassdamperfb,bypassDamperFb
bypass damper fb,bypassDamperFb
bypass damper fb,bypassDamperFb
bypass damper fb,bypassDamperFb
bypass damper fb,bypassDamperFb
bypass damper fb,bypassDamperFb
bypass damper fb,bypassDamperFb
bypassdamperpos,bypassDamperFb
bypass damper pos,bypassDamperFb
bypass damper pos,bypassDamperFb
bypass damper pos,bypassDamperFb
bypass damper position,bypassDamperFb
bypass damper position,bypassDamperFb
bypassdamperposition,bypassDamperFb
bypass damper position,bypassDamperFb
bypassdamperfeedback,bypassDamperFb
bypass damper feedback,bypassDamperFb
bypass damper feedback,bypassDamperFb
bypass damper feedback,bypassDamperFb
bypdamperfb,bypassDamperFb
byp damper fb,bypassDamperFb
byp damper fb,bypassDamperFb
bypdamperpos,bypassDamperFb
byp damper pos,bypassDamperFb
byp damper pos,bypassDamperFb
bypdamperposition,bypassDamperFb
byp damper position,bypassDamperFb
byp damper position,bypassDamperFb
bypdamperfeedback,bypassDamperFb
byp damper feedback,bypassDamperFb
byp damper feedback,bypassDamperFb
bypassdmprfb,bypassDamperFb
bypass dmpr fb,bypassDamperFb
bypass dmpr fb,bypassDamperFb
bypassdmprpos,bypassDamperFb
bypass dmpr pos,bypassDamperFb
bypass dmpr pos,bypassDamperFb
bypassdmprposition,bypassDamperFb
bypass dmpr position,bypassDamperFb
bypass dmpr position,bypassDamperFb
bypassdmprfeedback,bypassDamperFb
bypass dmpr feedback,bypassDamperFb
bypass dmpr feedback,bypassDamperFb
bypdmprfb,bypassDamperFb
byp dmpr fb,bypassDamperFb
byp dmpr fb,bypassDamperFb
bypdmprpos,bypassDamperFb
byp dmpr pos,bypassDamperFb
byp dmpr pos,bypassDamperFb
bypdmprposition,bypassDamperFb
byp dmpr position,bypassDamperFb
byp dmpr position,bypassDamperFb
bypdmprfeedback,bypassDamperFb
byp dmpr feedback,bypassDamperFb
byp dmpr feedback,bypassDamperFb
bypass dmp fb,bypassDamperFb
byp dmp fb,bypassDamperFb
bypassvalve,bypassValve
bypass valve,bypassValve
bypassvalve,bypassValve
bypass valve,bypassValve
bypass valve,bypassValve
bypass valve,bypassValve
bypass valve,bypassValve
bypass valve,bypassValve
bypass valve,bypassValve
bypassvalvecmd,bypassValve
bypassvalvecommand,bypassValve
bypass valve cmd,bypassValve
bypass valve command,bypassValve
bypass valve cmd,bypassValve
bypass valve command,bypassValve
bypass valve cmd,bypassValve
bypass valve command,bypassValve
bypass valv cmd,bypassValve
bypass valv command,bypassValve
bypass valv cmd,bypassValve
bypass valv command,bypassValve
bypvalve,bypassValve
byp valve,bypassValve
byp valve,bypassValve
bypvalvecmd,bypassValve
byp valve cmd,bypassValve
byp valve cmd,bypassValve
bypvalvecommand,bypassValve
byp valve command,bypassValve
byp valve command,bypassValve
bypvalv,bypassValve
byp valv,bypassValve
byp valv,bypassValve
bypvalvcmd,bypassValve
byp valv cmd,bypassValve
byp valv cmd,bypassValve
bypvalvcommand,bypassValve
byp valv command,bypassValve
byp valv command,bypassValve
bypassvlv,bypassValve
bypass vlv,bypassValve
bypass vlv,bypassValve
bypassvlvcmd,bypassValve
bypass vlv cmd,bypassValve
bypass vlv cmd,bypassValve
bypassvlvcommand,bypassValve
bypass vlv command,bypassValve
bypass vlv command,bypassValve
bypvlv,bypassValve
byp vlv,bypassValve
byp vlv,bypassValve
bypvlvcmd,bypassValve
byp vlv cmd,bypassValve
byp vlv cmd,bypassValve
bypvlvcommand,bypassValve
byp vlv command,bypassValve
byp vlv command,bypassValve
bypass valve ctrl,bypassValve
byp valve ctrl,bypassValve
bypassvalvefb,bypassValveFb
bypass valve fb,bypassValveFb
bypassvalvefb,bypassValveFb
bypass valve fb,bypassValveFb
bypass valve feedback,bypassValveFb
bypass valve status,bypassValveFb
bypass valve pos,bypassValveFb
bypass valve position,bypassValveFb
bypass valve fb,bypassValveFb
bypass valve feedback,bypassValveFb
bypass valve status,bypassValveFb
bypass valve pos,bypassValveFb
bypass valve position,bypassValveFb
bypass valve fb,bypassValveFb
bypass valve fb,bypassValveFb
bypassvalvefeedback,bypassValveFb
bypassvalvestatus,bypassValveFb
bypassvalveposition,bypassValveFb
bypassvlvfb,bypassValveFb
bypass vlv fb,bypassValveFb
bypass vlv feedback,bypassValveFb
bypass vlv status,bypassValveFb
bypass vlv position,bypassValveFb
bypass vlv fb,bypassValveFb
bypass vlv feedback,bypassValveFb
bypass vlv status,bypassValveFb
bypass vlv pos,bypassValveFb
bypass vlv position,bypassValveFb
bypass vlv fb,bypassValveFb
bypass vlv feedback,bypassValveFb
bypass vlv status,bypassValveFb
bypass vlv position,bypassValveFb
bypvalvefb,bypassValveFb
byp valve fb,bypassValveFb
byp valve feedback,bypassValveFb
byp valve status,bypassValveFb
byp valve position,bypassValveFb
byp valve fb,bypassValveFb
byp valve feedback,bypassValveFb
byp valve status,bypassValveFb
byp valve pos,bypassValveFb
byp valve position,bypassValveFb
bypvalvfb,bypassValveFb
byp valv fb,bypassValveFb
byp valv feedback,bypassValveFb
byp valv status,bypassValveFb
byp valv position,bypassValveFb
byp valv fb,bypassValveFb
byp valv feedback,bypassValveFb
byp valv status,bypassValveFb
byp valv pos,bypassValveFb
byp valv position,bypassValveFb
bypvlvfb,bypassValveFb
byp vlv fb,bypassValveFb
byp vlv feedback,bypassValveFb
byp vlv status,bypassValveFb
byp vlv position,bypassValveFb
byp vlv fb,bypassValveFb
byp vlv feedback,bypassValveFb
byp vlv status,bypassValveFb
byp vlv pos,bypassValveFb
byp vlv position,bypassValveFb
chiller,chillerEnable
chiller,chillerEnable
chiller,chillerEnable
chiller cmd,chillerEnable
chiller command,chillerEnable
chiller command,chillerEnable
chiller cmd,chillerEnable
chiller command,chillerEnable
chiller cmd,chillerEnable
chiller command,chillerEnable
chillerctrl,chillerEnable
chiller ctrl,chillerEnable
chiller ctrl,chillerEnable
chiller control,chillerEnable
chiller ctrl,chillerEnable
ch,chillerEnable
ch cmd,chillerEnable
ch command,chillerEnable
ch command,chillerEnable
ch ctrl,chillerEnable
ch control,chillerEnable
ch cmd,chillerEnable
ch command,chillerEnable
ch ctrl,chillerEnable
ch ctrl,chillerEnable
ch cmd,chillerEnable
ch command,chillerEnable
ch ctrl,chillerEnable
ch,chillerEnable
ch cmd,chillerEnable
ch command,chillerEnable
ch command,chillerEnable
ch ctrl,chillerEnable
ch control,chillerEnable
ch cmd,chillerEnable
ch command,chillerEnable
ch ctrl,chillerEnable
ch cmd,chillerEnable
ch command,chillerEnable
ch ctrl,chillerEnable
chiller,chillerEnable
chiller cmd,chillerEnable
chiller command,chillerEnable
chiller,chillerEnable
chiller cmd,chillerEnable
chlr cmd,chillerEnable
chlr command,chillerEnable
chlr ctrl,chillerEnable
chlr cmd,chillerEnable
chlr cmd,chillerEnable
chlr cmd,chillerEnable
chlr command,chillerEnable
chillerenable,chillerEnable
chiller enable,chillerEnable
chillerenable,chillerEnable
chiller enable,chillerEnable
chiller enable,chillerEnable
chiller enable,chillerEnable
chiller en,chillerEnable
chiller en,chillerEnable
chillerena,chillerEnable
chiller ena,chillerEnable
chiller ena,chillerEnable
chillerstart,chillerEnable
chiller start,chillerEnable
chiller start,chillerEnable
chiller enable,chillerEnable
chiller enable,chillerEnable
ch enable,chillerEnable
ch enable,chillerEnable
ch enable,chillerEnable
ch enable,chillerEnable
ch en,chillerEnable
ch en,chillerEnable
ch ena,chillerEnable
ch ena,chillerEnable
ch ena,chillerEnable
ch start,chillerEnable
ch start,chillerEnable
ch start,chillerEnable
ch enable,chillerEnable
ch en,chillerEnable
ch enable,chillerEnable
ch enable,chillerEnable
ch enable,chillerEnable
ch enable,chillerEnable
ch en,chillerEnable
ch en,chillerEnable
chiller enable,chillerEnable
chiller enable,chillerEnable
chiller enable,chillerEnable
chiller en,chillerEnable
chiller en,chillerEnable
chiller enable,chillerEnable
chiller enable,chillerEnable
chiller enable,chillerEnable
chiller en,chillerEnable
chiller en,chillerEnable
chiller enable,chillerEnable
chiller en,chillerEnable
chillerfault,chillerFault
chiller fault,chillerFault
chillerfault,chillerFault
chiller fault,chillerFault
chiller fault,chillerFault
chiller fault,chillerFault
chiller flt,chillerFault
chiller flt,chillerFault
chillererror,chillerFault
chiller error,chillerFault
chiller error,chillerFault
chilleralarm,chillerFault
chiller alarm,chillerFault
chiller alarm,chillerFault
chiller fault,chillerFault
chiller flt,chillerFault
ch fault,chillerFault
ch fault,chillerFault
ch fault,chillerFault
ch fault,chillerFault
ch flt,chillerFault
ch flt,chillerFault
ch error,chillerFault
ch error,chillerFault
ch error,chillerFault
ch alarm,chillerFault
ch alarm,chillerFault
ch alarm,chillerFault
ch fault,chillerFault
ch flt,chillerFault
ch fault,chillerFault
ch fault,chillerFault
ch fault,chillerFault
ch flt,chillerFault
ch flt,chillerFault
ch fault,chillerFault
ch flt,chillerFault
chlr fault,chillerFault
chlr fault,chillerFault
chlr fault,chillerFault
chlr flt,chillerFault
chlr flt,chillerFault
chlrerror,chillerFault
chlr error,chillerFault
chlr error,chillerFault
chlr fault,chillerFault
chlr flt,chillerFault
chlr fault,chillerFault
chiller fault,chillerFault
chiller fault,chillerFault
chiller fault,chillerFault
chiller flt,chillerFault
chiller flt,chillerFault
chiller fault,chillerFault
chiller fault,chillerFault
chiller fault,chillerFault
chiller flt,chillerFault
chiller flt,chillerFault
chiller fault,chillerFault
chiller flt,chillerFault
chillerenablesp,chillerEnableSp
chiller enable sp,chillerEnableSp
chillerenablesp,chillerEnableSp
chiller enable sp,chillerEnableSp
chiller enable sp,chillerEnableSp
chiller enable sp,chillerEnableSp
chiller enable sp,chillerEnableSp
chiller en sp,chillerEnableSp
chiller en spt,chillerEnableSp
chiller enable setpoint,chillerEnableSp
chiller enable setpt,chillerEnableSp
chiller enable sp,chillerEnableSp
chiller enable spt,chillerEnableSp
chiller en setpoint,chillerEnableSp
chiller en spt,chillerEnableSp
chiller setpoint enable,chillerEnableSp
ch enablesp,chillerEnableSp
ch enable sp,chillerEnableSp
ch enable sp,chillerEnableSp
ch enable sp,chillerEnableSp
ch en sp,chillerEnableSp
ch en spt,chillerEnableSp
ch enable setpoint,chillerEnableSp
ch enable setpt,chillerEnableSp
ch enable sp,chillerEnableSp
ch enable spt,chillerEnableSp
ch en setpoint,chillerEnableSp
ch en spt,chillerEnableSp
ch enable sp,chillerEnableSp
ch enable sp,chillerEnableSp
ch enable sp,chillerEnableSp
ch enable sp,chillerEnableSp
ch en sp,chillerEnableSp
ch en spt,chillerEnableSp
ch enable setpoint,chillerEnableSp
chiller enable sp,chillerEnableSp
chiller enable sp,chillerEnableSp
chiller en sp,chillerEnableSp
chiller en spt,chillerEnableSp
chiller enable setpoint,chillerEnableSp
chiller enable sp,chillerEnableSp
chiller enable setpoint,chillerEnableSp
chiller en spt,chillerEnableSp
chiller enable sp,chillerEnableSp
chiller enable sp,chillerEnableSp
chlr enable sp,chillerEnableSp
chlr enable sp,chillerEnableSp
chlr en sp,chillerEnableSp
chlr en spt,chillerEnableSp
chlr enable setpoint,chillerEnableSp
chlr enable setpoint,chillerEnableSp
chlr enable sp,chillerEnableSp
chlr enable spt,chillerEnableSp
chlr enable sp,chillerEnableSp
chlr enable sp,chillerEnableSp
chlrenablesp,chillerEnableSp
chlr enable setpt,chillerEnableSp
chiller en setpt val,chillerEnableSp
ch en setpt val,chillerEnableSp
chiller enable setpoint,chillerEnableSp
chillerstatus,chillerStatus
chiller status,chillerStatus
chillerstatus,chillerStatus
chiller status,chillerStatus
chiller status,chillerStatus
chiller status,chillerStatus
chiller status,chillerStatus
chiller status,chillerStatus
chillersts,chillerStatus
chiller sts,chillerStatus
chiller sts,chillerStatus
chiller stat,chillerStatus
chiller stat,chillerStatus
chiller stat,chillerStatus
chlr status,chillerStatus
chlr status,chillerStatus
chlr status,chillerStatus
chlr sts,chillerStatus
chlr sts,chillerStatus
chlrstat,chillerStatus
chlr stat,chillerStatus
chlr stat,chillerStatus
chlr status,chillerStatus
chlr sts,chillerStatus
ch status,chillerStatus
ch status,chillerStatus
ch status,chillerStatus
ch status,chillerStatus
ch sts,chillerStatus
ch sts,chillerStatus
ch stat,chillerStatus
ch stat,chillerStatus
ch stat,chillerStatus
ch stat,chillerStatus
ch status,chillerStatus
ch sts,chillerStatus
ch status,chillerStatus
ch status,chillerStatus
ch status,chillerStatus
ch status,chillerStatus
ch sts,chillerStatus
ch sts,chillerStatus
ch stat,chillerStatus
ch stat,chillerStatus
ch stat,chillerStatus
ch status,chillerStatus
ch sts,chillerStatus
chiller status,chillerStatus
chiller status,chillerStatus
chiller status,chillerStatus
chiller sts,chillerStatus
chiller sts,chillerStatus
chiller status,chillerStatus
chiller status,chillerStatus
chiller status,chillerStatus
chiller sts,chillerStatus
chiller sts,chillerStatus
chiller status,chillerStatus
chiller sts,chillerStatus
comp,comp
comp,comp
comp,comp
comp cmd,comp
comp command,comp
comp command,comp
comp cmd,comp
comp command,comp
comp ctrl,comp
comp control,comp
comp control,comp
comp start,comp
comp start,comp
comp ctrl,comp
comp cmd,comp
cmp,comp
cmp,comp
cmp cmd,comp
cmp command,comp
cmp command,comp
cmp cmd,comp
cmp command,comp
cmp ctrl,comp
cmp control,comp
cmp control,comp
cmp start,comp
cmp start,comp
compressor,comp
compressor,comp
compressor,comp
compressor cmd,comp
compressor command,comp
compressor command,comp
compressor ctrl,comp
compressor control,comp
compressor control,comp
compressor start,comp
compressor start,comp
compressor cmd,comp
compressor command,comp
compressor ctrl,comp
compressor control,comp
comp,comp
comp cmd,comp
comp command,comp
comp ctrl,comp
comp control,comp
cmp,comp
cmp cmd,comp
cmp command,comp
cmp ctrl,comp
cmp control,comp
comp cmd,comp
cmp cmd,comp
compressor cmd,comp
compressor command,comp
compressor ctrl,comp
compressor control,comp
compalarm,compAlarm
comp alarm,compAlarm
compalarm,compAlarm
comp alarm,compAlarm
comp alarm,compAlarm
comp alarm,compAlarm
comp alarm,compAlarm
comp alarm,compAlarm
comp alm,compAlarm
comp alm,compAlarm
comp alm,compAlarm
compfault,compAlarm
comp fault,compAlarm
comp fault,compAlarm
compflt,compAlarm
comp flt,compAlarm
comp flt,compAlarm
comperror,compAlarm
comp error,compAlarm
comp error,compAlarm
cmpalarm,compAlarm
cmp alarm,compAlarm
cmp alarm,compAlarm
cmp alarm,compAlarm
cmp alarm,compAlarm
cmp alarm,compAlarm
cmp alm,compAlarm
cmp alm,compAlarm
cmp alm,compAlarm
cmpfault,compAlarm
cmp fault,compAlarm
cmp fault,compAlarm
cmpflt,compAlarm
cmp flt,compAlarm
cmp flt,compAlarm
comperror,compAlarm
cmp error,compAlarm
cmp error,compAlarm
compressoralarm,compAlarm
compressor alarm,compAlarm
compressor alarm,compAlarm
compressor alarm,compAlarm
compressor alarm,compAlarm
compressor alm,compAlarm
compressor alm,compAlarm
compressorfault,compAlarm
compressor fault,compAlarm
compressor fault,compAlarm
compressorflt,compAlarm
compressor flt,compAlarm
compressor flt,compAlarm
comp alarm,compAlarm
comp alarm,compAlarm
comp alm,compAlarm
comp alm,compAlarm
cmp alarm,compAlarm
cmp alarm,compAlarm
cmp alm,compAlarm
cmp alm,compAlarm
compressor alarm,compAlarm
compressor alarm,compAlarm
compressor alm,compAlarm
compressor alm,compAlarm
compenable,compEnable
comp enable,compEnable
compenable,compEnable
comp enable,compEnable
comp enable,compEnable
comp enable,compEnable
comp enable,compEnable
comp enable,compEnable
comp en,compEnable
comp en,compEnable
comp en,compEnable
compena,compEnable
comp ena,compEnable
comp ena,compEnable
compstart,compEnable
comp start,compEnable
comp start,compEnable
cmpenable,compEnable
cmp enable,compEnable
cmp enable,compEnable
cmp enable,compEnable
cmp enable,compEnable
cmp enable,compEnable
cmp en,compEnable
cmp en,compEnable
cmpena,compEnable
cmp ena,compEnable
cmp ena,compEnable
cmpstart,compEnable
cmp start,compEnable
cmp start,compEnable
compressorenable,compEnable
compressor enable,compEnable
compressor enable,compEnable
compressor enable,compEnable
compressor enable,compEnable
compressor en,compEnable
compressor en,compEnable
compressorena,compEnable
compressor ena,compEnable
compressor ena,compEnable
compressorstart,compEnable
compressor start,compEnable
compressor start,compEnable
comp enable,compEnable
comp enable,compEnable
comp enable,compEnable
comp en,compEnable
comp en,compEnable
comp ena,compEnable
comp ena,compEnable
comp ena,compEnable
cmp enable,compEnable
cmp enable,compEnable
cmp enable,compEnable
cmp en,compEnable
cmp en,compEnable
compressor enable,compEnable
compressor enable,compEnable
compressor en,compEnable
compressor en,compEnable
compfault,compFault
comp fault,compFault
compfault,compFault
comp fault,compFault
comp fault,compFault
comp fault,compFault
comp fault,compFault
comp fault,compFault
compflt,compFault
comp flt,compFault
comp flt,compFault
compfail,compFault
comp fail,compFault
comp fail,compFault
comperror,compFault
comp error,compFault
comp error,compFault
comperr,compFault
comp err,compFault
comp err,compFault
cmpfault,compFault
cmp fault,compFault
cmp fault,compFault
cmp fault,compFault
cmp fault,compFault
cmp fault,compFault
cmpflt,compFault
cmp flt,compFault
cmp flt,compFault
cmpfail,compFault
cmp fail,compFault
cmp fail,compFault
cmperror,compFault
cmp error,compFault
cmp error,compFault
cmperr,compFault
cmp err,compFault
cmp err,compFault
compressorfault,compFault
compressor fault,compFault
compressor fault,compFault
compressor fault,compFault
compressor fault,compFault
compressorflt,compFault
compressor flt,compFault
compressor flt,compFault
compressorfail,compFault
compressor fail,compFault
compressor fail,compFault
compressorerror,compFault
compressor error,compFault
compressor error,compFault
comp fault,compFault
comp fault,compFault
comp fault,compFault
comp flt,compFault
comp flt,compFault
cmp fault,compFault
cmp fault,compFault
cmp fault,compFault
compressor fault,compFault
compressor fault,compFault
compressor flt,compFault
compressor flt,compFault
compovr,compOvr
comp ovr,compOvr
compovr,compOvr
comp ovr,compOvr
comp ovr,compOvr
comp ovr,compOvr
comp ovr,compOvr
compoverride,compOvr
comp override,compOvr
comp override,compOvr
comp override,compOvr
comp override,compOvr
compman,compOvr
comp man,compOvr
comp man,compOvr
compmanual,compOvr
comp manual,compOvr
comp manual,compOvr
comp manual,compOvr
compforce,compOvr
comp force,compOvr
comp force,compOvr
compforcestart,compOvr
comp forcestart,compOvr
comp forcestart,compOvr
cmpovr,compOvr
cmp ovr,compOvr
cmp ovr,compOvr
cmp override,compOvr
cmpoverride,compOvr
cmp ovr,compOvr
cmp override,compOvr
cmp override,compOvr
cmpmanual,compOvr
cmp manual,compOvr
cmp manual,compOvr
cmp manual,compOvr
cmpforce,compOvr
cmp force,compOvr
cmp force,compOvr
cmpforcestart,compOvr
cmp forcestart,compOvr
cmp forcestart,compOvr
compressorovr,compOvr
compressor ovr,compOvr
compressor ovr,compOvr
compressor override,compOvr
compressoroverride,compOvr
compressor ovr,compOvr
compressor override,compOvr
compressor override,compOvr
compressormanual,compOvr
compressor manual,compOvr
compressor manual,compOvr
compressorforce,compOvr
compressor force,compOvr
compressor force,compOvr
compressorforcestart,compOvr
compressor forcestart,compOvr
compressor forcestart,compOvr
compstatus,compStatus
comp status,compStatus
compstatus,compStatus
comp status,compStatus
comp status,compStatus
comp status,compStatus
comp status,compStatus
comp status,compStatus
comp sts,compStatus
comp sts,compStatus
comp sts,compStatus
compstat,compStatus
comp stat,compStatus
comp stat,compStatus
compstate,compStatus
comp state,compStatus
comp state,compStatus
comprun,compStatus
comp run,compStatus
comp run,compStatus
comp running,compStatus
comp running,compStatus
comp running,compStatus
cmpstatus,compStatus
cmp status,compStatus
cmp status,compStatus
cmp status,compStatus
cmp status,compStatus
cmp sts,compStatus
cmp sts,compStatus
cmpstat,compStatus
cmp stat,compStatus
cmp stat,compStatus
cmpstate,compStatus
cmp state,compStatus
cmp state,compStatus
cmprun,compStatus
cmp run,compStatus
cmp run,compStatus
compressorstatus,compStatus
compressor status,compStatus
compressor status,compStatus
compressor status,compStatus
compressor status,compStatus
compressor sts,compStatus
compressor sts,compStatus
compressorstat,compStatus
compressor stat,compStatus
compressor stat,compStatus
compressorstate,compStatus
compressor state,compStatus
compressor state,compStatus
compressorrun,compStatus
compressor run,compStatus
compressor run,compStatus
comp status,compStatus
comp status,compStatus
cmp status,compStatus
cmp status,compStatus
compressor status,compStatus
compressor status,compStatus
compwarning,compWarning
comp warning,compWarning
compwarning,compWarning
comp warning,compWarning
comp warning,compWarning
comp warning,compWarning
comp warning,compWarning
compwarn,compWarning
comp warn,compWarning
comp warn,compWarning
comp warn,compWarning
compwrn,compWarning
comp wrn,compWarning
comp wrn,compWarning
comp pre alarm,compWarning
comp prealarm,compWarning
comp prealarm,compWarning
comp pre alarm,compWarning
comp pre alarm,compWarning
comp prealert,compWarning
comp prealert,compWarning
comp prealert,compWarning
cmpwarning,compWarning
cmp warning,compWarning
cmp warning,compWarning
cmp warning,compWarning
cmp warning,compWarning
cmpwarn,compWarning
cmp warn,compWarning
cmp warn,compWarning
cmpwrn,compWarning
cmp wrn,compWarning
cmp wrn,compWarning
cmp pre alarm,compWarning
cmp prealarm,compWarning
cmp prealarm,compWarning
cmp pre alarm,compWarning
cmp pre alarm,compWarning
cmpalert,compWarning
cmp alert,compWarning
cmp alert,compWarning
compressorwarning,compWarning
compressor warning,compWarning
compressor warning,compWarning
compressor warning,compWarning
compressor warning,compWarning
compressorwarn,compWarning
compressor warn,compWarning
compressor warn,compWarning
compressorwrn,compWarning
compressor wrn,compWarning
compressor wrn,compWarning
compressor pre alarm,compWarning
compressor prealarm,compWarning
compressor prealarm,compWarning
compressoralert,compWarning
compressor alert,compWarning
compressor alert,compWarning
comp warning,compWarning
cmp warning,compWarning
compressor warning,compWarning
cond,cond
cond cmd,cond
cond cmd,cond
cond cmd,cond
cond cmd,cond
cond command,cond
cond command,cond
cond command,cond
cond command,cond
cond ctrl,cond
cond ctrl,cond
cond ctrl,cond
cond ctrl,cond
cond,cond
cond cmd,cond
cond cmd,cond
cond cmd,cond
cond command,cond
cond command,cond
cond command,cond
cond command,cond
cond ctrl,cond
cond ctrl,cond
cond ctrl,cond
condenser,cond
condenser cmd,cond
condenser cmd,cond
condenser cmd,cond
condenser cmd,cond
condenser command,cond
condenser command,cond
condenser command,cond
condenser command,cond
condenser ctrl,cond
condenser ctrl,cond
condenser ctrl,cond
condenser ctrl,cond
condenser,cond
condenser cmd,cond
condenser cmd,cond
condenser cmd,cond
condenser command,cond
condenser command,cond
condenser command,cond
condenser ctrl,cond
condenser ctrl,cond
condenser ctrl,cond
cnd,cond
cnd cmd,cond
cnd cmd,cond
cnd cmd,cond
cnd cmd,cond
cnd command,cond
cnd command,cond
cnd command,cond
cnd cmd,cond
cnd cmd,cond
cnd cmd,cond
cnd command,cond
cnd command,cond
cnd command,cond
condalarm,condAlarm
cond alarm,condAlarm
condalarm,condAlarm
cond alarm,condAlarm
cond alarm,condAlarm
cond alarm,condAlarm
cond alarm,condAlarm
condalm,condAlarm
cond alm,condAlarm
cond alm,condAlarm
cond alm,condAlarm
cond alm,condAlarm
cond alarm,condAlarm
cond alarm,condAlarm
cond alarm,condAlarm
cond alarm,condAlarm
cond alarm,condAlarm
cond alarm,condAlarm
cond alm,condAlarm
cond alm,condAlarm
cond alm,condAlarm
cond alm,condAlarm
cond alm,condAlarm
cond alm,condAlarm
cond alarm,condAlarm
cond alarm,condAlarm
cond alarm,condAlarm
cond alarm,condAlarm
cond alm,condAlarm
cond alm,condAlarm
cond alm,condAlarm
cndalarm,condAlarm
cnd alarm,condAlarm
cndalarm,condAlarm
cnd alarm,condAlarm
cnd alarm,condAlarm
cnd alarm,condAlarm
cnd alarm,condAlarm
cndalm,condAlarm
cnd alm,condAlarm
cnd alm,condAlarm
cnd alm,condAlarm
cnd alm,condAlarm
cnd alarm,condAlarm
cnd alarm,condAlarm
cnd alarm,condAlarm
cnd alarm,condAlarm
cnd alarm,condAlarm
cnd alarm,condAlarm
cnd alm,condAlarm
cnd alm,condAlarm
cnd alm,condAlarm
cnd alm,condAlarm
cnd alm,condAlarm
cnd alm,condAlarm
condenseralarm,condAlarm
condenser alarm,condAlarm
condenser alarm,condAlarm
condenser alarm,condAlarm
condbypassflow,condBypassFlow
cond bypass flow,condBypassFlow
cond bypass flow,condBypassFlow
cond bypass flow,condBypassFlow
cond bypass flow,condBypassFlow
cond bypass flow,condBypassFlow
cond byp flw,condBypassFlow
cond byp flw,condBypassFlow
cond byp flw,condBypassFlow
cond bypassflw,condBypassFlow
cond bypassflw,condBypassFlow
cond bypass flw,condBypassFlow
cond byp flow,condBypassFlow
cond byp flow,condBypassFlow
cond byp flow,condBypassFlow
cndbypassflow,condBypassFlow
cnd bypass flow,condBypassFlow
cnd bypass flow,condBypassFlow
cnd bypass flow,condBypassFlow
cnd bypass flow,condBypassFlow
cnd byp flw,condBypassFlow
cnd byp flw,condBypassFlow
cnd byp flw,condBypassFlow
cnd bypassflw,condBypassFlow
cnd bypassflw,condBypassFlow
cnd bypass flw,condBypassFlow
cnd byp flow,condBypassFlow
cnd byp flow,condBypassFlow
cnd byp flow,condBypassFlow
condenserbypassflow,condBypassFlow
condenser bypass flow,condBypassFlow
condenser bypass flow,condBypassFlow
condenser bypass flow,condBypassFlow
condenser byp flw,condBypassFlow
condenser byp flw,condBypassFlow
condenser byp flw,condBypassFlow
condenser bypassflw,condBypassFlow
condenser bypassflw,condBypassFlow
condenser bypass flw,condBypassFlow
condenser byp flow,condBypassFlow
condenser byp flow,condBypassFlow
condenser byp flow,condBypassFlow
cond bypass flow,condBypassFlow
cond bypass flow,condBypassFlow
cond bypass flow,condBypassFlow
cond byp flw,condBypassFlow
cond byp flw,condBypassFlow
cond byp flw,condBypassFlow
cond bypassflw,condBypassFlow
cond bypassflw,condBypassFlow
cond bypass flw,condBypassFlow
cond byp flow,condBypassFlow
cond byp flow,condBypassFlow
cond byp flow,condBypassFlow
cnd bypass flow,condBypassFlow
cnd bypass flow,condBypassFlow
cnd bypass flow,condBypassFlow
cnd byp flw,condBypassFlow
cnd byp flw,condBypassFlow
cnd byp flw,condBypassFlow
condbypasstemp,condBypassTemp
cond bypass temp,condBypassTemp
cond bypass temp,condBypassTemp
cond bypass temp,condBypassTemp
cond bypass temp,condBypassTemp
cond bypass temp,condBypassTemp
cond byp temp,condBypassTemp
cond byp temp,condBypassTemp
cond byp temp,condBypassTemp
cond bypass temp val,condBypassTemp
cond bypass temp val,condBypassTemp
cond bypass temp val,condBypassTemp
cndbypasstemp,condBypassTemp
cnd bypass temp,condBypassTemp
cnd bypass temp,condBypassTemp
cnd bypass temp,condBypassTemp
cnd bypass temp,condBypassTemp
cnd byp temp,condBypassTemp
cnd byp temp,condBypassTemp
cnd byp temp,condBypassTemp
condenserbypasstemp,condBypassTemp
condenser bypass temp,condBypassTemp
condenser bypass temp,condBypassTemp
condenser bypass temp,condBypassTemp
condenser byp temp,condBypassTemp
condenser byp temp,condBypassTemp
condenser byp temp,condBypassTemp
cond bypass temp,condBypassTemp
cond bypass temp,condBypassTemp
cond bypass temp,condBypassTemp
cond byp temp,condBypassTemp
cond byp temp,condBypassTemp
cond byp temp,condBypassTemp
cnd bypass temp,condBypassTemp
cnd bypass temp,condBypassTemp
cnd bypass temp,condBypassTemp
cnd byp temp,condBypassTemp
cnd byp temp,condBypassTemp
cnd byp temp,condBypassTemp
condenser bypass temp,condBypassTemp
condenser bypass temp,condBypassTemp
condenser bypass temp,condBypassTemp
condbypass temp sensor,condBypassTemp
cond bypass temp sensor,condBypassTemp
cond bypass temp sensor,condBypassTemp
cond bypass temp snsr,condBypassTemp
cond bypass temperature,condBypassTemp
cond bypass temperature,condBypassTemp
cond bypass temperature,condBypassTemp
cond bypass temp val,condBypassTemp
cond bypass temp val,condBypassTemp
cond bypass temp val,condBypassTemp
cond byp temperature,condBypassTemp
cond bypass temperature,condBypassTemp
cond bypass temperature,condBypassTemp
cond bypass temperature,condBypassTemp
cnd bypass temperature,condBypassTemp
cnd bypass temperature,condBypassTemp
condbypassflowsp,condBypassFlowSp
cond bypass flow sp,condBypassFlowSp
cond bypass flow sp,condBypassFlowSp
cond bypass flow sp,condBypassFlowSp
cond bypass flow sp,condBypassFlowSp
cond bypass flow sp,condBypassFlowSp
cond byp flw sp,condBypassFlowSp
cond byp flw sp,condBypassFlowSp
cond byp flw sp,condBypassFlowSp
cond bypassflwsp,condBypassFlowSp
cond bypassflwsp,condBypassFlowSp
cond bypass flw sp,condBypassFlowSp
cond byp flow sp,condBypassFlowSp
cond byp flow sp,condBypassFlowSp
cond byp flow sp,condBypassFlowSp
cond bypass flow spt,condBypassFlowSp
cond bypass flow spt,condBypassFlowSp
cond bypass flow spt,condBypassFlowSp
cond bypass flow setpoint,condBypassFlowSp
cond bypass flow setpoint,condBypassFlowSp
cond bypass flow setpoint,condBypassFlowSp
cndbypassflowsp,condBypassFlowSp
cnd bypass flow sp,condBypassFlowSp
cnd bypass flow sp,condBypassFlowSp
cnd bypass flow sp,condBypassFlowSp
cnd bypass flow sp,condBypassFlowSp
cnd byp flw sp,condBypassFlowSp
cnd byp flw sp,condBypassFlowSp
cnd byp flw sp,condBypassFlowSp
condenser bypass flow sp,condBypassFlowSp
condenser bypass flow sp,condBypassFlowSp
condenser bypass flow sp,condBypassFlowSp
condenser byp flw sp,condBypassFlowSp
condenser byp flw sp,condBypassFlowSp
condenser byp flw sp,condBypassFlowSp
condenser bypass flow spt,condBypassFlowSp
condenser bypass flow spt,condBypassFlowSp
condenser bypass flow spt,condBypassFlowSp
condenser bypass flow setpoint,condBypassFlowSp
condenser bypass flow setpoint,condBypassFlowSp
condenser bypass flow setpoint,condBypassFlowSp
cond bypass flow sp,condBypassFlowSp
cond bypass flow sp,condBypassFlowSp
cond bypass flow sp,condBypassFlowSp
cond byp flow sp,condBypassFlowSp
cond byp flow sp,condBypassFlowSp
cond byp flow sp,condBypassFlowSp
cond bypass flow spt,condBypassFlowSp
cond bypass flow spt,condBypassFlowSp
cond bypass flow spt,condBypassFlowSp
cond bypass flow setpoint,condBypassFlowSp
cond bypass flow setpoint,condBypassFlowSp
cond bypass flow setpoint,condBypassFlowSp
condbypassvalvecmd,condBypassValve
cond bypass valve cmd,condBypassValve
cond bypass valve cmd,condBypassValve
cond bypass valve cmd,condBypassValve
cond bypass valve cmd,condBypassValve
cond bypass valve cmd,condBypassValve
cond byp valve cmd,condBypassValve
cond byp valve cmd,condBypassValve
cond byp valve cmd,condBypassValve
cond byp vlv cmd,condBypassValve
cond byp vlv cmd,condBypassValve
cond byp vlv cmd,condBypassValve
cond bypass vlv cmd,condBypassValve
cond bypass vlv cmd,condBypassValve
cond bypass vlv cmd,condBypassValve
cond bypass valve command,condBypassValve
cond bypass valve command,condBypassValve
cond bypass valve command,condBypassValve
cond byp valve command,condBypassValve
cond byp valve command,condBypassValve
cond byp valve command,condBypassValve
cond byp vlv command,condBypassValve
cond byp vlv command,condBypassValve
cond byp vlv command,condBypassValve
cndbypassvalvecmd,condBypassValve
cnd bypass valve cmd,condBypassValve
cnd bypass valve cmd,condBypassValve
cnd bypass valve cmd,condBypassValve
cnd bypass valve cmd,condBypassValve
cnd byp valve cmd,condBypassValve
cnd byp valve cmd,condBypassValve
cnd byp valve cmd,condBypassValve
cnd byp vlv cmd,condBypassValve
cnd byp vlv cmd,condBypassValve
cnd byp vlv cmd,condBypassValve
cnd bypass vlv cmd,condBypassValve
cnd bypass vlv cmd,condBypassValve
cnd bypass vlv cmd,condBypassValve
cnd bypass valve command,condBypassValve
cnd bypass valve command,condBypassValve
cnd bypass valve command,condBypassValve
cnd byp valve command,condBypassValve
cnd byp valve command,condBypassValve
cnd byp valve command,condBypassValve
cnd byp vlv command,condBypassValve
cnd byp vlv command,condBypassValve
cnd byp vlv command,condBypassValve
condenser bypass valve cmd,condBypassValve
condenser bypass valve cmd,condBypassValve
condenser bypass valve cmd,condBypassValve
condenser byp valve cmd,condBypassValve
condenser byp valve cmd,condBypassValve
condenser byp valve cmd,condBypassValve
condenser byp vlv cmd,condBypassValve
condenser byp vlv cmd,condBypassValve
condenser byp vlv cmd,condBypassValve
condenser bypass valve command,condBypassValve
condenser bypass valve command,condBypassValve
condenser bypass valve command,condBypassValve
condbypassvalvefb,condBypassValveFb
cond bypass valve fb,condBypassValveFb
cond bypass valve fb,condBypassValveFb
cond bypass valve fb,condBypassValveFb
cond bypass valve fb,condBypassValveFb
cond bypass valve fb,condBypassValveFb
cond byp valve fb,condBypassValveFb
cond byp valve fb,condBypassValveFb
cond byp valve fb,condBypassValveFb
cond byp vlv fb,condBypassValveFb
cond byp vlv fb,condBypassValveFb
cond byp vlv fb,condBypassValveFb
cond bypass vlv fb,condBypassValveFb
cond bypass vlv fb,condBypassValveFb
cond bypass vlv fb,condBypassValveFb
cond bypass valve feedback,condBypassValveFb
cond bypass valve feedback,condBypassValveFb
cond bypass valve feedback,condBypassValveFb
cond byp valve feedback,condBypassValveFb
cond byp valve feedback,condBypassValveFb
cond byp valve feedback,condBypassValveFb
cond byp vlv feedback,condBypassValveFb
cond byp vlv feedback,condBypassValveFb
cond byp vlv feedback,condBypassValveFb
cond bypass valve fdbk,condBypassValveFb
cond bypass valve fdbk,condBypassValveFb
cond bypass valve fdbk,condBypassValveFb
cndbypassvalvefb,condBypassValveFb
cnd bypass valve fb,condBypassValveFb
cnd bypass valve fb,condBypassValveFb
cnd bypass valve fb,condBypassValveFb
cnd bypass valve fb,condBypassValveFb
cnd byp valve fb,condBypassValveFb
cnd byp valve fb,condBypassValveFb
cnd byp valve fb,condBypassValveFb
cnd byp vlv fb,condBypassValveFb
cnd byp vlv fb,condBypassValveFb
cnd byp vlv fb,condBypassValveFb
cnd bypass vlv fb,condBypassValveFb
cnd bypass vlv fb,condBypassValveFb
cnd bypass vlv fb,condBypassValveFb
cnd bypass valve feedback,condBypassValveFb
cnd bypass valve feedback,condBypassValveFb
cnd bypass valve feedback,condBypassValveFb
cnd byp valve feedback,condBypassValveFb
cnd byp valve feedback,condBypassValveFb
cnd byp valve feedback,condBypassValveFb
cnd byp vlv feedback,condBypassValveFb
cnd byp vlv feedback,condBypassValveFb
cnd byp vlv feedback,condBypassValveFb
condenser bypass valve fb,condBypassValveFb
condenser bypass valve fb,condBypassValveFb
condenser bypass valve fb,condBypassValveFb
condenser byp valve fb,condBypassValveFb
condenser byp valve fb,condBypassValveFb
condenser byp valve fb,condBypassValveFb
condenser byp vlv fb,condBypassValveFb
condenser byp vlv fb,condBypassValveFb
condenser byp vlv fb,condBypassValveFb
condenser bypass valve feedback,condBypassValveFb
condenser bypass valve feedback,condBypassValveFb
condenser bypass valve feedback,condBypassValveFb
cdwreturntemp,condEnteringTemp
condenser water return temp,condEnteringTemp
cwr t,condEnteringTemp
cond water return temp,condEnteringTemp
cw ent temp,condEnteringTemp
cw ent tmp,condEnteringTemp
cdwentertemp,condEnteringTemp
cde t,condEnteringTemp
cde tmp,condEnteringTemp
condenser entering temp,condEnteringTemp
condenser water ent temp,condEnteringTemp
cond ent temp,condEnteringTemp
cond ent tmp,condEnteringTemp
cond ent temp,condEnteringTemp
cw enter temp,condEnteringTemp
cw enter temp,condEnteringTemp
cw ent temp,condEnteringTemp
cw ent temp,condEnteringTemp
cw ent t,condEnteringTemp
cond wtr ent t,condEnteringTemp
cond wtr enter temp,condEnteringTemp
cond wtr ent temp,condEnteringTemp
cwt ent tmp,condEnteringTemp
cwt ent tmp,condEnteringTemp
cwt ent temp,condEnteringTemp
cwt ent tmp,condEnteringTemp
cwt ent temp,condEnteringTemp
cond water ent temp,condEnteringTemp
condenser water entering temperature,condEnteringTemp
condenser water entering temperature,condEnteringTemp
cond wtr ent temperature,condEnteringTemp
cw enter temp sensor,condEnteringTemp
cwt enter temp sensor,condEnteringTemp
cd ent t,condEnteringTemp
cde tmp,condEnteringTemp
cdw enter temp,condEnteringTemp
cdw ent tmp,condEnteringTemp
cd w ent temp,condEnteringTemp
cw enter tmp,condEnteringTemp
c w enter t,condEnteringTemp
condenser en temp,condEnteringTemp
cond en tmp,condEnteringTemp
cond wtr en temp,condEnteringTemp
cond w en tmp,condEnteringTemp
c we temp,condEnteringTemp
c we tmp,condEnteringTemp
cond ent temp,condEnteringTemp
cond entemp,condEnteringTemp
cond e temp,condEnteringTemp
condenter temp,condEnteringTemp
cond entertmp,condEnteringTemp
cond wtr ent t,condEnteringTemp
cond wtr enter t,condEnteringTemp
cwet,condEnteringTemp
cwet,condEnteringTemp
cw e tmp,condEnteringTemp
cw e tmp,condEnteringTemp
cwt ent temp,condEnteringTemp
cw enter temp,condEnteringTemp
cwet temp,condEnteringTemp
cdwentrt,condEnteringTemp
cdw ent trp,condEnteringTemp
cw enter temp val,condEnteringTemp
cond detmp,condEnteringTemp
cond detmp val,condEnteringTemp
cond wtr entrance temp,condEnteringTemp
cond water entrance temperature,condEnteringTemp
cond wtr en t,condEnteringTemp
cwentrtemp,condEnteringTemp
c w ent t,condEnteringTemp
cwt ent,condEnteringTemp
cond wtr e tmp,condEnteringTemp
cw por t,condEnteringTemp
cond wtr ent tmp,condEnteringTemp
cd w tr ent,condEnteringTemp
cw en tmp,condEnteringTemp
cond wtr ent tmp,condEnteringTemp
cw entr t,condEnteringTemp
cw entrtmp,condEnteringTemp
cwt et,condEnteringTemp
cwetemp,condEnteringTemp
cwtr ent t,condEnteringTemp
cond w ent,condEnteringTemp
condenser water ent,condEnteringTemp
cwtr ent,condEnteringTemp
cwt ent,condEnteringTemp
cond wtr ent tval,condEnteringTemp
cw entr tmp,condEnteringTemp
cw ent t,condEnteringTemp
cdwleavingtemp,condLeavingTemp
condenser water leaving temp,condLeavingTemp
cws t,condLeavingTemp
cond water supply temp,condLeavingTemp
cwl temp,condLeavingTemp
cw l tmp,condLeavingTemp
cdwoutletemp,condLeavingTemp
condenser water outlet temp,condLeavingTemp
cwo t,condLeavingTemp
cond wtr out temp,condLeavingTemp
cwsuptemp,condLeavingTemp
condenser water supply temp,condLeavingTemp
cws tmp,condLeavingTemp
cw leav temp,condLeavingTemp
cw leaving temp,condLeavingTemp
cw l temp,condLeavingTemp
cond wtr lev temp,condLeavingTemp
cond wtr leave temp,condLeavingTemp
cond wtr lv t,condLeavingTemp
cw leave tmp,condLeavingTemp
cw leav tmp,condLeavingTemp
cw leav temp,condLeavingTemp
cwt leav tmp,condLeavingTemp
cwt leav temp,condLeavingTemp
cwt l tmp,condLeavingTemp
cwt leav temp,condLeavingTemp
cwt leav temp,condLeavingTemp
cond water lev temp,condLeavingTemp
condenser water leaving temperature,condLeavingTemp
condenser water leaving temperature,condLeavingTemp
cond wtr lev temperature,condLeavingTemp
cw leave temp sensor,condLeavingTemp
cwt leave temp sensor,condLeavingTemp
cw lv t,condLeavingTemp
cwl temp,condLeavingTemp
cdw lv temp,condLeavingTemp
cd w leav temp,condLeavingTemp
cw leav tmp,condLeavingTemp
c w leav t,condLeavingTemp
cond leav temp,condLeavingTemp
cond lv tmp,condLeavingTemp
cond wtr lv tmp,condLeavingTemp
cond w lv tmp,condLeavingTemp
c wd temp,condLeavingTemp
c wd tmp,condLeavingTemp
cond lv temp,condLeavingTemp
cond lvtemp,condLeavingTemp
cond lv temp,condLeavingTemp
condleave temp,condLeavingTemp
cond lev tmp,condLeavingTemp
cond wtr lv t,condLeavingTemp
cwt leave t,condLeavingTemp
cwtleave temp,condLeavingTemp
cdwleavt,condLeavingTemp
cdw leav trp,condLeavingTemp
cw leave temp val,condLeavingTemp
cond ltmp,condLeavingTemp
cond ltmp val,condLeavingTemp
cond wtr exit temp,condLeavingTemp
cond water exit temperature,condLeavingTemp
cond wtr ex t,condLeavingTemp
cwo lt,condLeavingTemp
cwo ltmp,condLeavingTemp
cond wtr out tmp,condLeavingTemp
cw ool t,condLeavingTemp
cw ool tmp,condLeavingTemp
cwt ol temp,condLeavingTemp
cwol,condLeavingTemp
cw ol tmp,condLeavingTemp
cwo tmp,condLeavingTemp
cw ol temp,condLeavingTemp
cw ol temp sensor,condLeavingTemp
condenser water pump,condPump
cw pump cmd,condPump
cw pump cmd,condPump
cw pump cmd,condPump
cwp command,condPump
cwp command,condPump
cwp cmd,condPump
cwp cmd,condPump
cwp cmd,condPump
cwp cmd,condPump
cwp cmd,condPump
cond water pump,condPump
cond water pump,condPump
cond water pump cmd,condPump
cond water pump cmd,condPump
condpump,condPump
cond pump,condPump
cond pump,condPump
cond pump cmd,condPump
cond pump cmd,condPump
cond pump cmd,condPump
cond pump cmd,condPump
condenser pump cmd,condPump
condenser pump cmd,condPump
condenser pump cmd,condPump
condenser pump cmd,condPump
condenser pump cmd,condPump
cw pmp cmd,condPump
cw pmp cmd,condPump
cw pump cmd,condPump
cw pump cmd,condPump
cwpump cmd,condPump
cwpump cmd,condPump
cwp cmd,condPump
cwp cmd,condPump
cwp cmd,condPump
cw pump command,condPump
cw pump command,condPump
cwpump cmd,condPump
cw pump command,condPump
cw pump command,condPump
cond pmp cmd,condPump
condpmp cmd,condPump
cond pmp cmd,condPump
cond pmp cmd,condPump
cond pump cmd,condPump
condensate pump cmd,condPump
cwp command,condPump
cwp command,condPump
cw pump cmd,condPump
cw pump cmd,condPump
cwp cmd,condPump
cw pmp cmd,condPump
cwp cmd,condPump
cwp command,condPump
cond pump alarm,condPumpAlarm
cond pump alarm,condPumpAlarm
cond pump alarm,condPumpAlarm
cond pump alarm,condPumpAlarm
cond pump alarm,condPumpAlarm
condpump alarm,condPumpAlarm
condpump alarm,condPumpAlarm
cond pmp alarm,condPumpAlarm
cond pmp alarm,condPumpAlarm
cond pmp alarm,condPumpAlarm
cond pmp alarm,condPumpAlarm
cwp alarm,condPumpAlarm
cwp alarm,condPumpAlarm
cwp alarm,condPumpAlarm
cwp alarm,condPumpAlarm
cwp alarm,condPumpAlarm
cwp alarm,condPumpAlarm
cwp alarm,condPumpAlarm
cwp alarm,condPumpAlarm
cwp alarm,condPumpAlarm
cwp alarm,condPumpAlarm
cw pump alarm,condPumpAlarm
cw pump alarm,condPumpAlarm
cw pump alarm,condPumpAlarm
cw pump alarm,condPumpAlarm
cw pump alarm,condPumpAlarm
cw pump alarm,condPumpAlarm
cw pump alarm,condPumpAlarm
cw pump alarm,condPumpAlarm
cw pump alarm,condPumpAlarm
cw pump alarm,condPumpAlarm
condenser pump alarm,condPumpAlarm
condenser pump alarm,condPumpAlarm
condenser pump alarm,condPumpAlarm
condenser pmp alarm,condPumpAlarm
condenser pmp alarm,condPumpAlarm
condenser water pump enable,condPumpEnable
condenser water pump enable,condPumpEnable
condenser water pump enable,condPumpEnable
condenser pump enable,condPumpEnable
condenser pump enable,condPumpEnable
condenser pump enable,condPumpEnable
cond pump enable,condPumpEnable
cond pump enable,condPumpEnable
cond pump enable,condPumpEnable
condpump enable,condPumpEnable
condpump enable,condPumpEnable
cond pmp enable,condPumpEnable
cond pmp enable,condPumpEnable
cond pmp enable,condPumpEnable
cw pump enable,condPumpEnable
cw pump enable,condPumpEnable
cw pump enable,condPumpEnable
cw pump en,condPumpEnable
cw pump en,condPumpEnable
cw pump en,condPumpEnable
cw pump enable,condPumpEnable
cw pump enable,condPumpEnable
cw pump enable,condPumpEnable
cw pump enable,condPumpEnable
cw pump enable,condPumpEnable
cw pump enable,condPumpEnable
cw pump en,condPumpEnable
cw pump en,condPumpEnable
cw pump en,condPumpEnable
cwp enable,condPumpEnable
cwp enable,condPumpEnable
cwp en,condPumpEnable
cwp en,condPumpEnable
cwp enable,condPumpEnable
cwp enable,condPumpEnable
cwp enable,condPumpEnable
cwp en,condPumpEnable
cwp en,condPumpEnable
cwp en,condPumpEnable
cwp enable,condPumpEnable
cwp enable,condPumpEnable
cwp enable,condPumpEnable
cwp en,condPumpEnable
cwp en,condPumpEnable
cwp en,condPumpEnable
cwp enable,condPumpEnable
cwp enable,condPumpEnable
cw pump enable,condPumpEnable
cwp en,condPumpEnable
cwp en,condPumpEnable
cond pump enable,condPumpEnable
condenser pump enable,condPumpEnable
condenser water pump enable,condPumpEnable
cond pump fault,condPumpFault
cond pump fault,condPumpFault
cond pump fault,condPumpFault
cond pump fault,condPumpFault
condpump fault,condPumpFault
condpump fault,condPumpFault
cond pmp fault,condPumpFault
cond pmp fault,condPumpFault
cond pmp fault,condPumpFault
cwp fault,condPumpFault
cwp fault,condPumpFault
cwp fault,condPumpFault
cwp fault,condPumpFault
cwp fault,condPumpFault
cwp fault,condPumpFault
cwp fault,condPumpFault
cwp fault,condPumpFault
cwp fault,condPumpFault
cwp fault,condPumpFault
cw pump fault,condPumpFault
cw pump fault,condPumpFault
cw pump fault,condPumpFault
cw pump fault,condPumpFault
cw pump fault,condPumpFault
cw pump fault,condPumpFault
cw pump fault,condPumpFault
condenser pump fault,condPumpFault
condenser pump fault,condPumpFault
condenser pump fault,condPumpFault
condenser water pump fault,condPumpFault
condenser water pump fault,condPumpFault
condenser water pump fault,condPumpFault
cond water pump fault,condPumpFault
cond water pump fault,condPumpFault
cond water pump fault,condPumpFault
cwpflt,condPumpFault
cwp flt,condPumpFault
cwp flt,condPumpFault
condpumpflt,condPumpFault
cw pump flt,condPumpFault
cw pump flt,condPumpFault
cwp flt,condPumpFault
cwp flt,condPumpFault
cwp flt,condPumpFault
cond pump flt,condPumpFault
cond pump flt,condPumpFault
cond pump flt,condPumpFault
condenser pump flt,condPumpFault
cond pump override,condPumpOvr
cond pump override,condPumpOvr
cond pump override,condPumpOvr
cond pump override,condPumpOvr
condpump override,condPumpOvr
condpump override,condPumpOvr
cond pmp override,condPumpOvr
cond pmp override,condPumpOvr
cond pmp override,condPumpOvr
cond pump ovr,condPumpOvr
cond pump ovr,condPumpOvr
cond pump ovr,condPumpOvr
cond pump ovr,condPumpOvr
condpump ovr,condPumpOvr
condpump ovr,condPumpOvr
cond pmp ovr,condPumpOvr
cond pmp ovr,condPumpOvr
cond pmp ovr,condPumpOvr
cw pump override,condPumpOvr
cw pump override,condPumpOvr
cw pump override,condPumpOvr
cw pump ovr,condPumpOvr
cw pump ovr,condPumpOvr
cw pump ovr,condPumpOvr
cw pump ovr,condPumpOvr
cw pump ovr,condPumpOvr
cw pump ovr,condPumpOvr
cwp override,condPumpOvr
cwp override,condPumpOvr
cwp override,condPumpOvr
cwp ovr,condPumpOvr
cwp ovr,condPumpOvr
cwp ovr,condPumpOvr
cwp override,condPumpOvr
cwp override,condPumpOvr
cwp override,condPumpOvr
cwp ovr,condPumpOvr
cwp ovr,condPumpOvr
cwp ovr,condPumpOvr
cwp override,condPumpOvr
cwp override,condPumpOvr
cwp override,condPumpOvr
cwp ovr,condPumpOvr
cwp ovr,condPumpOvr
cwp ovr,condPumpOvr
condenser pump override,condPumpOvr
condenser pump override,condPumpOvr
condenser pump override,condPumpOvr
condenser pump ovr,condPumpOvr
condenser pump ovr,condPumpOvr
condenser pump ovr,condPumpOvr
condenser water pump override,condPumpOvr
condenser water pump override,condPumpOvr
condenser water pump override,condPumpOvr
condenser water pump ovr,condPumpOvr
condenser water pump ovr,condPumpOvr
condenser water pump ovr,condPumpOvr
cond pump runtime,condPumpRuntime
cond pump runtime,condPumpRuntime
cond pump runtime,condPumpRuntime
cond pump runtime,condPumpRuntime
condpump runtime,condPumpRuntime
condpump runtime,condPumpRuntime
cond pmp runtime,condPumpRuntime
cond pmp runtime,condPumpRuntime
cond pmp runtime,condPumpRuntime
cw pump runtime,condPumpRuntime
cw pump runtime,condPumpRuntime
cw pump runtime,condPumpRuntime
cw pump runtime,condPumpRuntime
cw pump runtime,condPumpRuntime
cw pump runtime,condPumpRuntime
cw pump runtime,condPumpRuntime
cwp runtime,condPumpRuntime
cwp runtime,condPumpRuntime
cwp runtime,condPumpRuntime
cwp runtime,condPumpRuntime
cwp runtime,condPumpRuntime
cwp runtime,condPumpRuntime
cwp runtime,condPumpRuntime
cwp runtime,condPumpRuntime
cwp runtime,condPumpRuntime
condenser pump runtime,condPumpRuntime
condenser pump runtime,condPumpRuntime
condenser pump runtime,condPumpRuntime
condenser water pump runtime,condPumpRuntime
condenser water pump runtime,condPumpRuntime
condenser water pump runtime,condPumpRuntime
cond water pump runtime,condPumpRuntime
cond water pump runtime,condPumpRuntime
cond water pump runtime,condPumpRuntime
cwp rt,condPumpRuntime
cwp rt,condPumpRuntime
cwp rt,condPumpRuntime
cwp rt,condPumpRuntime
cw pump rt,condPumpRuntime
cw pump rt,condPumpRuntime
cond pump rt,condPumpRuntime
cond pump rt,condPumpRuntime
cond pump rt,condPumpRuntime
cond pmp rt,condPumpRuntime
condenser pump rt,condPumpRuntime
condenser water pump rt,condPumpRuntime
cwp rt,condPumpRuntime
cwp rt,condPumpRuntime
cwp rt,condPumpRuntime
cond pump speed command,condPumpSpeed
cond pump speed command,condPumpSpeed
cond pump speed command,condPumpSpeed
cond pump speed command,condPumpSpeed
condpump speed command,condPumpSpeed
condpump speed command,condPumpSpeed
cond pmp speed cmd,condPumpSpeed
cond pmp speed cmd,condPumpSpeed
cond pmp speed cmd,condPumpSpeed
cw pump speed command,condPumpSpeed
cw pump speed command,condPumpSpeed
cw pump speed command,condPumpSpeed
cw pump speed command,condPumpSpeed
cw pump speed cmd,condPumpSpeed
cw pump speed cmd,condPumpSpeed
cw pump speed cmd,condPumpSpeed
cwp speed command,condPumpSpeed
cwp speed command,condPumpSpeed
cwp speed command,condPumpSpeed
cwp speed cmd,condPumpSpeed
cwp speed cmd,condPumpSpeed
cwp cmd speed,condPumpSpeed
cwp speed command,condPumpSpeed
cwp speed command,condPumpSpeed
cwp speed command,condPumpSpeed
cwp speed cmd,condPumpSpeed
cwp speed cmd,condPumpSpeed
cwp speed cmd,condPumpSpeed
cwp speed command,condPumpSpeed
cwp speed command,condPumpSpeed
cwp speed command,condPumpSpeed
cwp speed cmd,condPumpSpeed
cwp speed cmd,condPumpSpeed
cwp speed cmd,condPumpSpeed
condenser pump speed command,condPumpSpeed
condenser pump speed command,condPumpSpeed
condenser pump speed command,condPumpSpeed
condenser pump speed cmd,condPumpSpeed
condenser pump speed cmd,condPumpSpeed
condenser pump speed cmd,condPumpSpeed
condenser water pump speed command,condPumpSpeed
condenser water pump speed command,condPumpSpeed
condenser water pump speed command,condPumpSpeed
condenser water pump speed cmd,condPumpSpeed
condenser water pump speed cmd,condPumpSpeed
condenser water pump speed cmd,condPumpSpeed
cond water pump speed cmd,condPumpSpeed
cond water pump speed cmd,condPumpSpeed
cond water pump speed cmd,condPumpSpeed
cwp spd cmd,condPumpSpeed
cwp spd cmd,condPumpSpeed
cw pump spd cmd,condPumpSpeed
cond pump spd cmd,condPumpSpeed
cond pump speed feedback,condPumpSpeedFb
cond pump speed feedback,condPumpSpeedFb
cond pump speed feedback,condPumpSpeedFb
cond pump speed feedback,condPumpSpeedFb
condpump speed feedback,condPumpSpeedFb
condpump speed feedback,condPumpSpeedFb
cond pmp speed fb,condPumpSpeedFb
cond pmp speed fb,condPumpSpeedFb
cond pmp speed fb,condPumpSpeedFb
cw pump speed feedback,condPumpSpeedFb
cw pump speed feedback,condPumpSpeedFb
cw pump speed feedback,condPumpSpeedFb
cw pump speed feedback,condPumpSpeedFb
cw pump speed fb,condPumpSpeedFb
cw pump speed fb,condPumpSpeedFb
cw pump speed fb,condPumpSpeedFb
cwp speed feedback,condPumpSpeedFb
cwp speed feedback,condPumpSpeedFb
cwp speed feedback,condPumpSpeedFb
cwp speed fb,condPumpSpeedFb
cwp speed fb,condPumpSpeedFb
cwp fb speed,condPumpSpeedFb
cwp speed feedback,condPumpSpeedFb
cwp speed feedback,condPumpSpeedFb
cwp speed feedback,condPumpSpeedFb
cwp speed fb,condPumpSpeedFb
cwp speed fb,condPumpSpeedFb
cwp speed fb,condPumpSpeedFb
cwp speed feedback,condPumpSpeedFb
cwp speed feedback,condPumpSpeedFb
cwp speed feedback,condPumpSpeedFb
cwp speed fb,condPumpSpeedFb
cwp speed fb,condPumpSpeedFb
cwp speed fb,condPumpSpeedFb
condenser pump speed feedback,condPumpSpeedFb
condenser pump speed feedback,condPumpSpeedFb
condenser pump speed feedback,condPumpSpeedFb
condenser pump speed fb,condPumpSpeedFb
condenser pump speed fb,condPumpSpeedFb
condenser pump speed fb,condPumpSpeedFb
condenser water pump speed feedback,condPumpSpeedFb
condenser water pump speed feedback,condPumpSpeedFb
condenser water pump speed feedback,condPumpSpeedFb
condenser water pump speed fb,condPumpSpeedFb
condenser water pump speed fb,condPumpSpeedFb
condenser water pump speed fb,condPumpSpeedFb
cond water pump speed fb,condPumpSpeedFb
cond water pump speed fb,condPumpSpeedFb
cond water pump speed fb,condPumpSpeedFb
cwp spd fb,condPumpSpeedFb
cwp spd fb,condPumpSpeedFb
cw pump spd fb,condPumpSpeedFb
cond pump spd fb,condPumpSpeedFb
cond pump speed override,condPumpSpeedOvr
cond pump speed override,condPumpSpeedOvr
cond pump speed override,condPumpSpeedOvr
cond pump speed override,condPumpSpeedOvr
condpump speed override,condPumpSpeedOvr
condpump speed override,condPumpSpeedOvr
cond pmp speed ovr,condPumpSpeedOvr
cond pmp speed ovr,condPumpSpeedOvr
cond pmp speed ovr,condPumpSpeedOvr
cw pump speed override,condPumpSpeedOvr
cw pump speed override,condPumpSpeedOvr
cw pump speed override,condPumpSpeedOvr
cw pump speed override,condPumpSpeedOvr
cw pump speed ovr,condPumpSpeedOvr
cw pump speed ovr,condPumpSpeedOvr
cw pump speed ovr,condPumpSpeedOvr
cwp speed override,condPumpSpeedOvr
cwp speed override,condPumpSpeedOvr
cwp speed override,condPumpSpeedOvr
cwp speed ovr,condPumpSpeedOvr
cwp speed ovr,condPumpSpeedOvr
cwp ovr speed,condPumpSpeedOvr
cwp speed override,condPumpSpeedOvr
cwp speed override,condPumpSpeedOvr
cwp speed override,condPumpSpeedOvr
cwp speed ovr,condPumpSpeedOvr
cwp speed ovr,condPumpSpeedOvr
cwp speed ovr,condPumpSpeedOvr
cwp speed override,condPumpSpeedOvr
cwp speed override,condPumpSpeedOvr
cwp speed override,condPumpSpeedOvr
cwp speed ovr,condPumpSpeedOvr
cwp speed ovr,condPumpSpeedOvr
cwp speed ovr,condPumpSpeedOvr
condenser pump speed override,condPumpSpeedOvr
condenser pump speed override,condPumpSpeedOvr
condenser pump speed override,condPumpSpeedOvr
condenser pump speed ovr,condPumpSpeedOvr
condenser pump speed ovr,condPumpSpeedOvr
condenser pump speed ovr,condPumpSpeedOvr
condenser water pump speed override,condPumpSpeedOvr
condenser water pump speed override,condPumpSpeedOvr
condenser water pump speed override,condPumpSpeedOvr
condenser water pump speed ovr,condPumpSpeedOvr
condenser water pump speed ovr,condPumpSpeedOvr
condenser water pump speed ovr,condPumpSpeedOvr
cond water pump speed ovr,condPumpSpeedOvr
cond water pump speed ovr,condPumpSpeedOvr
cond water pump speed ovr,condPumpSpeedOvr
cwp spd ovr,condPumpSpeedOvr
cwp spd ovr,condPumpSpeedOvr
cw pump spd ovr,condPumpSpeedOvr
cond pump spd ovr,condPumpSpeedOvr
cwp speed sp,condPumpSpeedSp
cwp speed sp,condPumpSpeedSp
cwp speed spt,condPumpSpeedSp
cwp spd sp,condPumpSpeedSp
cwp spd spt,condPumpSpeedSp
cwp speed setpoint,condPumpSpeedSp
cwp speed setpoint,condPumpSpeedSp
cwp speed sp,condPumpSpeedSp
cwp speed sp,condPumpSpeedSp
cwp speed spt,condPumpSpeedSp
cwp speed spt,condPumpSpeedSp
cwp spd sp,condPumpSpeedSp
cwp spd spt,condPumpSpeedSp
cwp speed setpoint,condPumpSpeedSp
cwp speed setpoint,condPumpSpeedSp
cwp speed sp,condPumpSpeedSp
cwp speed sp,condPumpSpeedSp
cwp speed spt,condPumpSpeedSp
cwp spd sp,condPumpSpeedSp
cwp spd spt,condPumpSpeedSp
cwp speed setpoint,condPumpSpeedSp
cwp speed setpoint,condPumpSpeedSp
cwp speed sp,condPumpSpeedSp
cwp speed spt,condPumpSpeedSp
cwp speed setpoint,condPumpSpeedSp
cw pump speed setpoint,condPumpSpeedSp
cw pump speed setpoint,condPumpSpeedSp
cw pump speed setpoint,condPumpSpeedSp
cw pump speed setpoint,condPumpSpeedSp
cw pump spd sp,condPumpSpeedSp
cw pump spd sp,condPumpSpeedSp
cw pump spd spt,condPumpSpeedSp
cw pump spd spt,condPumpSpeedSp
cw pump speed sp,condPumpSpeedSp
cw pump speed sp,condPumpSpeedSp
cw pump speed sp,condPumpSpeedSp
cond pump speed sp,condPumpSpeedSp
cond pump speed sp,condPumpSpeedSp
cond pump speed spt,condPumpSpeedSp
cond pump speed spt,condPumpSpeedSp
cond pump speed sp,condPumpSpeedSp
cond pump speed setpoint,condPumpSpeedSp
cond pump speed setpoint,condPumpSpeedSp
cond pump speed setpoint,condPumpSpeedSp
condenser pump speed sp,condPumpSpeedSp
condenser pump speed sp,condPumpSpeedSp
condenser pump speed spt,condPumpSpeedSp
condenser pump speed spt,condPumpSpeedSp
condenser pump speed sp,condPumpSpeedSp
condenser pump speed setpoint,condPumpSpeedSp
condenser pump speed setpoint,condPumpSpeedSp
condenser pump speed setpoint,condPumpSpeedSp
condenser water pump speed setpoint,condPumpSpeedSp
condenser water pump speed setpoint,condPumpSpeedSp
condenser water pump speed setpoint,condPumpSpeedSp
condenser status,condStatus
condenser stat,condStatus
condenser status,condStatus
condenser status,condStatus
cond status,condStatus
cond stat,condStatus
cond status,condStatus
cond status,condStatus
cnd status,condStatus
cnd stat,condStatus
cnd status,condStatus
cnd status,condStatus
condenser sts,condStatus
condenser sts,condStatus
condenser sts,condStatus
condenser sts,condStatus
cond sts,condStatus
cond sts,condStatus
cond sts,condStatus
cond sts,condStatus
cnd sts,condStatus
cnd sts,condStatus
cnd sts,condStatus
cnd sts,condStatus
condenser stat,condStatus
condenser stat,condStatus
condenser stat,condStatus
condenser stat,condStatus
cond stat,condStatus
cond stat,condStatus
cond stat,condStatus
cond stat,condStatus
cnd stat,condStatus
cnd stat,condStatus
cnd stat,condStatus
cnd stat,condStatus
condenser status feedback,condStatus
condenser stat fb,condStatus
condenser status fb,condStatus
cond status fb,condStatus
cnd status fb,condStatus
cnd stat fb,condStatus
cond status fb,condStatus
cond stat fb,condStatus
cond status signal,condStatus
cond stat signal,condStatus
condenser status signal,condStatus
condenser stat signal,condStatus
condenser state,condStatus
cond state,condStatus
cnd state,condStatus
cond oper status,condStatus
cond oper status,condStatus
cond op status,condStatus
cooling enable,coolingEnable
cooling enable,coolingEnable
cooling enable,coolingEnable
cooling enable,coolingEnable
cooling enable,coolingEnable
clg en,coolingEnable
clg en,coolingEnable
clg en,coolingEnable
clg en,coolingEnable
cool enable,coolingEnable
cool enable,coolingEnable
cool enable,coolingEnable
cool enable,coolingEnable
cool enable,coolingEnable
cooling en,coolingEnable
coolingen,coolingEnable
cool en,coolingEnable
cool en cmd,coolingEnable
cooling en cmd,coolingEnable
cooling en cmd,coolingEnable
cooling enable cmd,coolingEnable
cooling enable command,coolingEnable
cooling en command,coolingEnable
cool en cmd,coolingEnable
cool enable cmd,coolingEnable
clg en cmd,coolingEnable
clg en cmd,coolingEnable
clg enable,coolingEnable
clg enable,coolingEnable
clg enable,coolingEnable
clg enable,coolingEnable
clg enable cmd,coolingEnable
clg enable cmd,coolingEnable
clg enable command,coolingEnable
cooling en cmd,coolingEnable
cooling enbl,coolingEnable
cooling enbl,coolingEnable
cooling enbl,coolingEnable
cool enbl,coolingEnable
cool enbl,coolingEnable
clg enable cmd,coolingEnable
clg enbl,coolingEnable
cooling enable sp,coolingEnableSp
cooling enable sp,coolingEnableSp
cooling enable setpoint,coolingEnableSp
cooling enable setpoint,coolingEnableSp
cooling enable sp,coolingEnableSp
cooling enable setpoint,coolingEnableSp
cooling enable sp,coolingEnableSp
cooling enable sp,coolingEnableSp
cooling enable setpoint,coolingEnableSp
cooling enable setpoint,coolingEnableSp
cool enable sp,coolingEnableSp
cool enable sp,coolingEnableSp
cool enable setpoint,coolingEnableSp
cool enable setpoint,coolingEnableSp
cool enable sp,coolingEnableSp
cool enable setpoint,coolingEnableSp
clg en sp,coolingEnableSp
clg en sp,coolingEnableSp
clg en setpoint,coolingEnableSp
clg en setpoint,coolingEnableSp
clg enable sp,coolingEnableSp
clg enable setpoint,coolingEnableSp
clg sp enable,coolingEnableSp
clg spt en,coolingEnableSp
clg spt en,coolingEnableSp
clg en spt,coolingEnableSp
clg en spt,coolingEnableSp
cooling en sp,coolingEnableSp
cooling en spt,coolingEnableSp
cooling en spt,coolingEnableSp
cooling en spt,coolingEnableSp
cooling enable spt,coolingEnableSp
cooling enable signal sp,coolingEnableSp
cooling enable signal sp,coolingEnableSp
cooling enbl sp,coolingEnableSp
cooling enbl sp,coolingEnableSp
cooling enbl setpoint,coolingEnableSp
cooling enbl setpoint,coolingEnableSp
cool enbl sp,coolingEnableSp
cool enbl sp,coolingEnableSp
cool enbl setpoint,coolingEnableSp
cool enbl setpoint,coolingEnableSp
clg enable sp,coolingEnableSp
clg enable sp,coolingEnableSp
clg enable setpoint,coolingEnableSp
clg enable setpoint,coolingEnableSp
cooling en setpt,coolingEnableSp
cooling en setpt,coolingEnableSp
cooling sp enable,coolingEnableSp
cooling sp enable,coolingEnableSp
enable cooling sp,coolingEnableSp
enable cooling sp,coolingEnableSp
enable cooling setpoint,coolingEnableSp
dehumidification enable,dehumidEnable
dehumidification enable,dehumidEnable
dehumid enable,dehumidEnable
dehumid enable,dehumidEnable
dehumenable,dehumidEnable
dehum enable,dehumidEnable
dehum enable,dehumidEnable
dehum en,dehumidEnable
dehum en,dehumidEnable
dehumidifier enable,dehumidEnable
dehumidifier enable,dehumidEnable
dehumidifier en,dehumidEnable
dehumidifier en,dehumidEnable
dehumidification enable,dehumidEnable
dehumid enable,dehumidEnable
dehum enable,dehumidEnable
dehum en,dehumidEnable
dehumidifier enable,dehumidEnable
dehumidifier enable,dehumidEnable
dehum ctrl enable,dehumidEnable
dehum ctrl en,dehumidEnable
dehumid en cmd,dehumidEnable
dehumid en cmd,dehumidEnable
dehumidification en cmd,dehumidEnable
dehumidification en cmd,dehumidEnable
dehumidifier enable cmd,dehumidEnable
dehumidifier en cmd,dehumidEnable
enable dehum,dehumidEnable
enable dehum,dehumidEnable
enable dehumidification,dehumidEnable
enable dehumidification,dehumidEnable
enable dehumidifier,dehumidEnable
enable dehumidifier,dehumidEnable
dehumid enbl,dehumidEnable
dehumid enbl,dehumidEnable
dehumidifier enbl,dehumidEnable
dehumidifier enbl,dehumidEnable
dehumidification enable sp,dehumidEnableSp
dehumidification enable sp,dehumidEnableSp
dehumidification en spt,dehumidEnableSp
dehumidification en spt,dehumidEnableSp
dehumid enable setpoint,dehumidEnableSp
dehumid enable setpoint,dehumidEnableSp
dehumidification enable setpoint,dehumidEnableSp
dehumidification enable setpoint,dehumidEnableSp
dehumid enable sp,dehumidEnableSp
dehumid enable sp,dehumidEnableSp
dehumid en spt,dehumidEnableSp
dehumid en spt,dehumidEnableSp
dehum enable sp,dehumidEnableSp
dehum enable sp,dehumidEnableSp
dehum en spt,dehumidEnableSp
dehum en spt,dehumidEnableSp
dehum setpoint,dehumidEnableSp
dehum setpoint,dehumidEnableSp
dehum set pt,dehumidEnableSp
dehum set pt,dehumidEnableSp
dehumidifier enable sp,dehumidEnableSp
dehumidifier enable sp,dehumidEnableSp
dehumidifier en spt,dehumidEnableSp
dehumidifier en spt,dehumidEnableSp
dehumidifier setpoint,dehumidEnableSp
dehumidifier setpoint,dehumidEnableSp
dehumidifier set pt,dehumidEnableSp
dehumidifier set pt,dehumidEnableSp
dehum sp enable,dehumidEnableSp
dehum sp enable,dehumidEnableSp
enable dehumidification sp,dehumidEnableSp
enable dehumidification sp,dehumidEnableSp
enable dehumidifier sp,dehumidEnableSp
enable dehumidifier sp,dehumidEnableSp
dehumid on sp,dehumidEnableSp
dehumid on sp,dehumidEnableSp
dehumid enable spt,dehumidEnableSp
dehumid enable spt,dehumidEnableSp
dehum enable spt,dehumidEnableSp
dehum enable spt,dehumidEnableSp
dehum enable setpoint,dehumidEnableSp
dehum enable setpoint,dehumidEnableSp
dehumidification enable sp,dehumidEnableSp
dehum enable spt,dehumidEnableSp
dehumidifier enable setpoint,dehumidEnableSp
dehumidifier enable sp,dehumidEnableSp
dehumid set pt cmd,dehumidEnableSp
dehumid set pt cmd,dehumidEnableSp
dehum setpoint cmd,dehumidEnableSp
dehum setpoint cmd,dehumidEnableSp
dehumidifier setpoint cmd,dehumidEnableSp
dehumidifier setpoint cmd,dehumidEnableSp
znt min spt,zoneTempMinSP
znt min sp,zoneTempMinSP
znt min spt,zoneTempMinSP
znt min sp,zoneTempMinSP
zntminspt,zoneTempMinSP
zntminsp,zoneTempMinSP
zn temp min spt,zoneTempMinSP
zn temp min sp,zoneTempMinSP
zn temp min spt,zoneTempMinSP
zn temp min sp,zoneTempMinSP
zntempminspt,zoneTempMinSP
zonetemp min spt,zoneTempMinSP
zonetemp min sp,zoneTempMinSP
zone temp min spt,zoneTempMinSP
zone temp min sp,zoneTempMinSP
zonetempminspt,zoneTempMinSP
zonetempminsp,zoneTempMinSP
zone temp min spt,zoneTempMinSP
zone temp min sp,zoneTempMinSP
zone temp min set point,zoneTempMinSP
zone temp min sp,zoneTempMinSP
zone temp min spt,zoneTempMinSP
zone temperature min setpoint,zoneTempMinSP
zone temperature min set point,zoneTempMinSP
zone temperature min spt,zoneTempMinSP
zone temperature min sp,zoneTempMinSP
zone temperature min sp,zoneTempMinSP
space temp min setpoint,zoneTempMinSP
space temp min set point,zoneTempMinSP
space temp min spt,zoneTempMinSP
space temp min spt,zoneTempMinSP
spc temp min spt,zoneTempMinSP
spc temp min sp,zoneTempMinSP
spc temp min setpoint,zoneTempMinSP
spc temp min setpoint,zoneTempMinSP
spc temp min sp,zoneTempMinSP
spc temp min sp,zoneTempMinSP
zntm spt,zoneTempMinSP
zntm sp,zoneTempMinSP
znt mn spt,zoneTempMinSP
znt mn sp,zoneTempMinSP
zntmnspt,zoneTempMinSP
zntmnsp,zoneTempMinSP
zone temp minimum spt,zoneTempMinSP
zone temp minimum sp,zoneTempMinSP
zone temperature minimum setpoint,zoneTempMinSP
zone temperature minimum spt,zoneTempMinSP
zone temperature minimum sp,zoneTempMinSP
ztminspt,zoneTempMinSP
ztminsp,zoneTempMinSP
z tmin spt,zoneTempMinSP
z tmin sp,zoneTempMinSP
zmin spt,zoneTempMinSP
zmin sp,zoneTempMinSP
z min spt,zoneTempMinSP
zminspt,zoneTempMinSP
zone t min sp,zoneTempMinSP
zone temp low sp,zoneTempMinSP
zone temp low spt,zoneTempMinSP
zn low spt,zoneTempMinSP
zn low sp,zoneTempMinSP
zone low spt,zoneTempMinSP
zone low sp,zoneTempMinSP
zone low sp,zoneTempMinSP
zone temperature low setpoint,zoneTempMinSP
zone temperature low sp,zoneTempMinSP
zone temp low sp,zoneTempMinSP
zone temp min sp,zoneTempMinSP
zonetempminspt,zoneTempMinSP
zone temp min,zoneTempMinSP
spc temp min spt,zoneTempMinSP
spctempminspt,zoneTempMinSP
spc temp min sp,zoneTempMinSP
znp sp,zonePressureSp
znp spt,zonePressureSp
znp spt,zonePressureSp
znp sp,zonePressureSp
zn p sp,zonePressureSp
zn p spt,zonePressureSp
zn p spt,zonePressureSp
zn p sp,zonePressureSp
znpress spt,zonePressureSp
znpress sp,zonePressureSp
znpress spt,zonePressureSp
znpress sp,zonePressureSp
zonp spt,zonePressureSp
zonp sp,zonePressureSp
zonep spt,zonePressureSp
zonep sp,zonePressureSp
zonepress spt,zonePressureSp
zonepress sp,zonePressureSp
zonepress spt,zonePressureSp
zonepress sp,zonePressureSp
zonepressurespt,zonePressureSp
zonepressuresp,zonePressureSp
zone pres spt,zonePressureSp
zone pres sp,zonePressureSp
zone pres set point,zonePressureSp
zone pres set pt,zonePressureSp
zone press spt,zonePressureSp
zone press sp,zonePressureSp
zone press set point,zonePressureSp
zone press set pt,zonePressureSp
zone pressure spt,zonePressureSp
zone pressure sp,zonePressureSp
zone pressure set point,zonePressureSp
zone pressure set pt,zonePressureSp
zone pressure spt,zonePressureSp
zone pressure sp,zonePressureSp
zone pressure set point,zonePressureSp
zone pressure set pt,zonePressureSp
zone pressure spt,zonePressureSp
zone pressure sp,zonePressureSp
zone pressure spt,zonePressureSp
zone pressure sp,zonePressureSp
zone pressure spt,zonePressureSp
zone pressure sp,zonePressureSp
zone pressure spt,zonePressureSp
zone pressure sp,zonePressureSp
space press spt,zonePressureSp
space press sp,zonePressureSp
space press set point,zonePressureSp
space press set pt,zonePressureSp
space pressure spt,zonePressureSp
space pressure sp,zonePressureSp
space pressure set point,zonePressureSp
space pressure set pt,zonePressureSp
spc press spt,zonePressureSp
spc press sp,zonePressureSp
spc press spt,zonePressureSp
spc press sp,zonePressureSp
spc press spt,zonePressureSp
spc press sp,zonePressureSp
spc pressure spt,zonePressureSp
spc pressure spt,zonePressureSp
spc pressure set point,zonePressureSp
spc pressure set pt,zonePressureSp
zp spt,zonePressureSp
zp sp,zonePressureSp
zp spt,zonePressureSp
zp sp,zonePressureSp
zpress spt,zonePressureSp
zpress sp,zonePressureSp
zpress spt,zonePressureSp
zpress sp,zonePressureSp
press zone spt,zonePressureSp
press zone sp,zonePressureSp
press zone spt,zonePressureSp
press zone sp,zonePressureSp
zone light level,zoneLightLevel
zone light level,zoneLightLevel
zonelightlevel,zoneLightLevel
zone light level,zoneLightLevel
zone light level,zoneLightLevel
zone light level,zoneLightLevel
zone light level,zoneLightLevel
zone light level,zoneLightLevel
zone light level,zoneLightLevel
zone light level,zoneLightLevel
zone light level,zoneLightLevel
zone light level,zoneLightLevel
zone lghtlvl,zoneLightLevel
zone lgth lvl,zoneLightLevel
zone lght lvl,zoneLightLevel
zone lght lvl,zoneLightLevel
zone lght lvl,zoneLightLevel
zone lght lvl,zoneLightLevel
zone lght lvl,zoneLightLevel
spc light level,zoneLightLevel
spc light level,zoneLightLevel
space light level,zoneLightLevel
space light level,zoneLightLevel
spacelightlevel,zoneLightLevel
space light level,zoneLightLevel
space light level,zoneLightLevel
space light level,zoneLightLevel
space light level,zoneLightLevel
space light level,zoneLightLevel
space light level,zoneLightLevel
space lux,zoneLightLevel
space lux,zoneLightLevel
space lux,zoneLightLevel
space lux,zoneLightLevel
space lux,zoneLightLevel
space lux,zoneLightLevel
zone lux,zoneLightLevel
zone lux,zoneLightLevel
zonelux,zoneLightLevel
zone lux,zoneLightLevel
zone lux,zoneLightLevel
zone lux,zoneLightLevel
space fc,zoneLightLevel
space fc,zoneLightLevel
spacefc,zoneLightLevel
space fc,zoneLightLevel
space fc,zoneLightLevel
space fc,zoneLightLevel
space fc,zoneLightLevel
space fc,zoneLightLevel
space fc,zoneLightLevel
zone fc,zoneLightLevel
zone fc,zoneLightLevel
zonefc,zoneLightLevel
zone fc,zoneLightLevel
zone fc,zoneLightLevel
zone fc,zoneLightLevel
zone fc,zoneLightLevel
zone fc,zoneLightLevel
zone fc,zoneLightLevel
zone foot candles,zoneLightLevel
zone foot candles,zoneLightLevel
zone foot candles,zoneLightLevel
zone foot candles,zoneLightLevel
space foot candles,zoneLightLevel
spc foot candles,zoneLightLevel
spc foot candles,zoneLightLevel
zn lght,zoneLightLevel
zn lght,zoneLightLevel
zn lght,zoneLightLevel
zn lght,zoneLightLevel
znh spt,zoneHumiditySp
znh sp,zoneHumiditySp
znh spt,zoneHumiditySp
znh sp,zoneHumiditySp
znhspt,zoneHumiditySp
znhsp,zoneHumiditySp
zn h spt,zoneHumiditySp
zn h sp,zoneHumiditySp
zn h spt,zoneHumiditySp
zn h sp,zoneHumiditySp
zonh spt,zoneHumiditySp
zonh sp,zoneHumiditySp
zoneh spt,zoneHumiditySp
zoneh sp,zoneHumiditySp
zonehum spt,zoneHumiditySp
zonehum sp,zoneHumiditySp
zone hum spt,zoneHumiditySp
zone hum sp,zoneHumiditySp
zonehumidspt,zoneHumiditySp
zonehumidsp,zoneHumiditySp
zone hum spt,zoneHumiditySp
zone hum sp,zoneHumiditySp
zone hum set point,zoneHumiditySp
zone hum set pt,zoneHumiditySp
zone humidity spt,zoneHumiditySp
zone humidity sp,zoneHumiditySp
zone humidity set point,zoneHumiditySp
zone humidity set pt,zoneHumiditySp
zone humidity set point,zoneHumiditySp
zone humidity set pt,zoneHumiditySp
zone humidity setp,zoneHumiditySp
zone humidity sp,zoneHumiditySp
space hum spt,zoneHumiditySp
space hum sp,zoneHumiditySp
space hum set point,zoneHumiditySp
space hum set pt,zoneHumiditySp
space humidity spt,zoneHumiditySp
space humidity sp,zoneHumiditySp
space humidity set point,zoneHumiditySp
space humidity set pt,zoneHumiditySp
space humidity set point,zoneHumiditySp
space humidity set pt,zoneHumiditySp
spc hum spt,zoneHumiditySp
spc hum sp,zoneHumiditySp
spc hum spt,zoneHumiditySp
spc hum sp,zoneHumiditySp
spc hum spt,zoneHumiditySp
spc hum sp,zoneHumiditySp
spc hum set point,zoneHumiditySp
spc hum set pt,zoneHumiditySp
spc humidity spt,zoneHumiditySp
spc humidity sp,zoneHumiditySp
spc hum spt,zoneHumiditySp
spc hum sp,zoneHumiditySp
spc hum spt,zoneHumiditySp
spc hum sp,zoneHumiditySp
hum spt,zoneHumiditySp
hum sp,zoneHumiditySp
hum spt,zoneHumiditySp
hum sp,zoneHumiditySp
humspt,zoneHumiditySp
humsp,zoneHumiditySp
humid spt,zoneHumiditySp
humid sp,zoneHumiditySp
humid spt,zoneHumiditySp
humid sp,zoneHumiditySp
humidspt,zoneHumiditySp
humidsp,zoneHumiditySp
zh sp,zoneHumiditySp
zh spt,zoneHumiditySp
zh spt,zoneHumiditySp
zh sp,zoneHumiditySp
znh max spt,zoneHumidityMaxSp
znh max sp,zoneHumidityMaxSp
znh max spt,zoneHumidityMaxSp
znh max sp,zoneHumidityMaxSp
znhmaxspt,zoneHumidityMaxSp
znhmaxsp,zoneHumidityMaxSp
zn hum max spt,zoneHumidityMaxSp
zn hum max sp,zoneHumidityMaxSp
zn hum max spt,zoneHumidityMaxSp
zn hum max sp,zoneHumidityMaxSp
zonehum max spt,zoneHumidityMaxSp
zonehum max sp,zoneHumidityMaxSp
zone hum max spt,zoneHumidityMaxSp
zone hum max sp,zoneHumidityMaxSp
zonehumid max spt,zoneHumidityMaxSp
zonehumid max sp,zoneHumidityMaxSp
zone humid max spt,zoneHumidityMaxSp
zone humid max sp,zoneHumidityMaxSp
zonehumidmaxspt,zoneHumidityMaxSp
zonehumidmaxsp,zoneHumidityMaxSp
zone hum max spt,zoneHumidityMaxSp
zone hum max sp,zoneHumidityMaxSp
zone hum max set point,zoneHumidityMaxSp
zone hum max set pt,zoneHumidityMaxSp
zone humidity max spt,zoneHumidityMaxSp
zone humidity max sp,zoneHumidityMaxSp
zone humidity max set point,zoneHumidityMaxSp
zone humidity max set pt,zoneHumidityMaxSp
zone humidity max set point,zoneHumidityMaxSp
zone humidity max set pt,zoneHumidityMaxSp
zone humidity max sp,zoneHumidityMaxSp
zone humidity max spt,zoneHumidityMaxSp
space hum max spt,zoneHumidityMaxSp
space hum max sp,zoneHumidityMaxSp
space hum max set point,zoneHumidityMaxSp
space humidity max spt,zoneHumidityMaxSp
space humidity max sp,zoneHumidityMaxSp
space humidity max set point,zoneHumidityMaxSp
space humidity max set pt,zoneHumidityMaxSp
space humidity max set point,zoneHumidityMaxSp
space hum max spt,zoneHumidityMaxSp
space hum max spt,zoneHumidityMaxSp
spc hum max spt,zoneHumidityMaxSp
spc hum max spt,zoneHumidityMaxSp
spc hum max spt,zoneHumidityMaxSp
spc hum max sp,zoneHumidityMaxSp
spc hum max sp,zoneHumidityMaxSp
spc hum max sp,zoneHumidityMaxSp
spc hum max sp,zoneHumidityMaxSp
spc humidity max spt,zoneHumidityMaxSp
spc humidity max sp,zoneHumidityMaxSp
spc humidity max sp,zoneHumidityMaxSp
hum max spt,zoneHumidityMaxSp
hummaxspt,zoneHumidityMaxSp
humid max spt,zoneHumidityMaxSp
humidmaxspt,zoneHumidityMaxSp
humid max spt,zoneHumidityMaxSp
humid max sp,zoneHumidityMaxSp
humid max spt,zoneHumidityMaxSp
humid max sp,zoneHumidityMaxSp
hmz spt,zoneHumidityMaxSp
hmz sp,zoneHumidityMaxSp
hzhp spt,zoneHumidityMaxSp
hzhp sp,zoneHumidityMaxSp
znhm spt,zoneHumidityMaxSp
znhm sp,zoneHumidityMaxSp
znhm spt,zoneHumidityMaxSp
znhm sp t,zoneHumidityMaxSp
zb hum max spt,zoneHumidityMaxSp
zone hum max spt,zoneHumidityMaxSp
zone humidity max spt,zoneHumidityMaxSp
zone humidity max sp,zoneHumidityMaxSp
zone humidity max set pt,zoneHumidityMaxSp
zonehummax sp,zoneHumidityMaxSp
zone energy,zoneEnergy
zone energy,zoneEnergy
zoneenergy,zoneEnergy
zone energy,zoneEnergy
zone energy,zoneEnergy
zone energy,zoneEnergy
zone energy,zoneEnergy
zone energy,zoneEnergy
zone energy,zoneEnergy
zone energy,zoneEnergy
zne,zoneEnergy
zne,zoneEnergy
zn engy,zoneEnergy
zn engy,zoneEnergy
zn engy,zoneEnergy
zn engy,zoneEnergy
energy zone,zoneEnergy
energy zone,zoneEnergy
energyzone,zoneEnergy
energy zone,zoneEnergy
energy zone,zoneEnergy
energy zone,zoneEnergy
zone energy wh,zoneEnergy
zone energy wh,zoneEnergy
zone energy wh,zoneEnergy
zoneenergywh,zoneEnergy
zone energy k wh,zoneEnergy
zone energy k wh,zoneEnergy
zone energy k wh,zoneEnergy
zone energy m wh,zoneEnergy
zone energy m wh,zoneEnergy
zone energy m wh,zoneEnergy
zone energy j,zoneEnergy
zone energy j,zoneEnergy
zone energy k j,zoneEnergy
zone energy k j,zoneEnergy
zone energy mj,zoneEnergy
zone energy mj,zoneEnergy
zone energy mj,zoneEnergy
zone energy gj,zoneEnergy
zone energy gj,zoneEnergy
zone energy gj,zoneEnergy
zone energy btu,zoneEnergy
zone energy btu,zoneEnergy
zone energy btu,zoneEnergy
zne wh,zoneEnergy
zne k wh,zoneEnergy
zne m wh,zoneEnergy
zne gj,zoneEnergy
zne j,zoneEnergy
zne btu,zoneEnergy
zoneenergy,zoneEnergy
zoneenergy wh,zoneEnergy
zoneenergy kwh,zoneEnergy
zone dewpoint,zoneDewpoint
zone dewpoint,zoneDewpoint
zonedewpoint,zoneDewpoint
zone dew point,zoneDewpoint
zone dew point,zoneDewpoint
zone dew point,zoneDewpoint
zone dew point,zoneDewpoint
zone dew point,zoneDewpoint
zone dew point,zoneDewpoint
zone dew point,zoneDewpoint
zone dew point,zoneDewpoint
zone dew point,zoneDewpoint
zn dp,zoneDewpoint
zn dp,zoneDewpoint
zn dp,zoneDewpoint
zn dp,zoneDewpoint
zndp,zoneDewpoint
zndp,zoneDewpoint
zn dpnt,zoneDewpoint
zn dpnt,zoneDewpoint
zn dpnt,zoneDewpoint
zn dpnt,zoneDewpoint
zndwpt,zoneDewpoint
zndwpt,zoneDewpoint
zn dew pt,zoneDewpoint
zn dew pt,zoneDewpoint
zn dew pt,zoneDewpoint
zn dew pt,zoneDewpoint
zndwpoint,zoneDewpoint
zndwpoint,zoneDewpoint
zone dp,zoneDewpoint
zone dp,zoneDewpoint
zonedp,zoneDewpoint
zone dp,zoneDewpoint
zone dp,zoneDewpoint
zone dp,zoneDewpoint
zone dp,zoneDewpoint
zone dp,zoneDewpoint
zone dp,zoneDewpoint
zone dew pt,zoneDewpoint
zone dew pt,zoneDewpoint
zone dew pt,zoneDewpoint
zone dew pt,zoneDewpoint
zone dew pt,zoneDewpoint
zone dew pt,zoneDewpoint
zone dew point,zoneDewpoint
zone dew point,zoneDewpoint
zonedewpoint,zoneDewpoint
zone d pt,zoneDewpoint
zonedp,zoneDewpoint
zone dewpt,zoneDewpoint
space dewpoint,zoneDewpoint
space dewpoint,zoneDewpoint
spacedewpoint,zoneDewpoint
space dew point,zoneDewpoint
space dew point,zoneDewpoint
space dew point,zoneDewpoint
space dew point,zoneDewpoint
space dew point,zoneDewpoint
spc dp,zoneDewpoint
spc dp,zoneDewpoint
spc dp,zoneDewpoint
spc dp,zoneDewpoint
spcdewpt,zoneDewpoint
spcdewpt,zoneDewpoint
spc dew pt,zoneDewpoint
spc dew pt,zoneDewpoint
spc dew pt,zoneDewpoint
spc dew pt,zoneDewpoint
spc dew pt,zoneDewpoint
spc dew pt,zoneDewpoint
dew point,zoneDewpoint
dew point,zoneDewpoint
dewpoint,zoneDewpoint
dew point,zoneDewpoint
dew point,zoneDewpoint
dew point,zoneDewpoint
dew point,zoneDewpoint
dew pt,zoneDewpoint
dew pt,zoneDewpoint
dewpt,zoneDewpoint
dwpt,zoneDewpoint
dpnt,zoneDewpoint
dpnt,zoneDewpoint
zone dew,zoneDewpoint
zone dew,zoneDewpoint
zonedw,zoneDewpoint
zone d pnt,zoneDewpoint
zone d pnt,zoneDewpoint
zone co,zoneCO
zone co,zoneCO
zoneco,zoneCO
zone co,zoneCO
zone co,zoneCO
zone co,zoneCO
zone co,zoneCO
zone co,zoneCO
zone co,zoneCO
zone co,zoneCO
zone co,zoneCO
zone co,zoneCO
zn co,zoneCO
zn co,zoneCO
zn co,zoneCO
zn co,zoneCO
znc o,zoneCO
znc o,zoneCO
znc o,zoneCO
znc o,zoneCO
znc o,zoneCO
znc o,zoneCO
zco,zoneCO
zco,zoneCO
z co,zoneCO
z co,zoneCO
z co,zoneCO
z co,zoneCO
zone carbon monoxide,zoneCO
zone carbon monoxide,zoneCO
zonecarbonmonoxide,zoneCO
zone carbon monoxide,zoneCO
zone carbon monoxide,zoneCO
zone carbon monoxyde,zoneCO
zone carbon monoxide,zoneCO
zone carbon monoxide,zoneCO
carbon monoxide zone,zoneCO
carbon monoxide zone,zoneCO
carbonmonoxidezone,zoneCO
carbon monoxide zone,zoneCO
carbon monoxide zone,zoneCO
zone co alarm,zoneCO
zone co alarm,zoneCO
zone co alarm,zoneCO
zone co alarm,zoneCO
co zone,zoneCO
co zone,zoneCO
co zone,zoneCO
co zone,zoneCO
cozone,zoneCO
cozone,zoneCO
spc co,zoneCO
spc co,zoneCO
spcco,zoneCO
spc co,zoneCO
spc co,zoneCO
space co,zoneCO
space co,zoneCO
spaceco,zoneCO
space co,zoneCO
space co,zoneCO
zone co conc,zoneCO
zone co conc,zoneCO
zone co conc,zoneCO
zone co conc,zoneCO
zn co conc,zoneCO
zn co conc,zoneCO
zone co concentration,zoneCO
zone co concentration,zoneCO
zonecoconcentration,zoneCO
zone co concentration,zoneCO
zone co concentration,zoneCO
zone co2,zoneCO2
zone co2,zoneCO2
zoneco2,zoneCO2
zone co2,zoneCO2
zone co2,zoneCO2
zone co2,zoneCO2
zone co2,zoneCO2
zone co2,zoneCO2
zone co2,zoneCO2
zone co2,zoneCO2
zone co2,zoneCO2
zone co2,zoneCO2
zn co2,zoneCO2
zn co2,zoneCO2
zn co2,zoneCO2
zn co2,zoneCO2
znco2,zoneCO2
znco2,zoneCO2
zn co,zoneCO2
zn co,zoneCO2
zn co,zoneCO2
zn co,zoneCO2
zone co,zoneCO2
zone co,zoneCO2
zn iaq,zoneCO2
zone indoor air quality,zoneCO2
zone dcv,zoneCO2
rm dcv,zoneCO2
room dcv level,zoneCO2
zone co2,zoneCO2
zone co2,zoneCO2
zoneco2,zoneCO2
zone co2,zoneCO2
zone co2,zoneCO2
zone co2,zoneCO2
zone co2,zoneCO2
zn co2,zoneCO2
zn co2,zoneCO2
znco2,zoneCO2
zn co2,zoneCO2
zn co2,zoneCO2
zone co2,zoneCO2
zone co2,zoneCO2
zone co2,zoneCO2
zone co2,zoneCO2
rm co2,zoneCO2
rm co2,zoneCO2
rmco2,zoneCO2
rm co2,zoneCO2
rm co2,zoneCO2
room co2,zoneCO2
room co2,zoneCO2
room co2,zoneCO2
room co2,zoneCO2
zn iaq,zoneCO2
zniaq,zoneCO2
zn iaq,zoneCO2
zn iaq,zoneCO2
zone iaq,zoneCO2
zone iaq,zoneCO2
zone iaq,zoneCO2
zone iaq,zoneCO2
rm iaq,zoneCO2
rm iaq,zoneCO2
rmiaq,zoneCO2
rm iaq,zoneCO2
rm iaq,zoneCO2
room iaq,zoneCO2
room iaq,zoneCO2
room iaq,zoneCO2
room iaq,zoneCO2
zn dcv,zoneCO2
zn dcv,zoneCO2
zndcv,zoneCO2
zn dcv,zoneCO2
zn dcv,zoneCO2
zone dcv,zoneCO2
zone dcv,zoneCO2
zone dcv,zoneCO2
zone dcv,zoneCO2
rm dcv,zoneCO2
rmdcv,zoneCO2
rm dcv,zoneCO2
rm dcv,zoneCO2
room dcv,zoneCO2
room dcv,zoneCO2
room dcv,zoneCO2
room dcv,zoneCO2
co2 lvl,zoneCO2
co2 lvl,zoneCO2
co2 lvl,zoneCO2
co2 lvl,zoneCO2
co2 lvl,zoneCO2
zn co2 lvl,zoneCO2
zn co2 lvl,zoneCO2
zn co2 lvl,zoneCO2
zn co2 lvl,zoneCO2
space co2,zoneCO2
space co2,zoneCO2
space co2,zoneCO2
space co2,zoneCO2
spc co2,zoneCO2
spc co2,zoneCO2
spc co2,zoneCO2
spc co2,zoneCO2
wheel status,wheelStatus
wheel status,wheelStatus
wheelstatus,wheelStatus
wheel status,wheelStatus
wheel status,wheelStatus
wheel status,wheelStatus
wheel status,wheelStatus
wheel status,wheelStatus
wheel status,wheelStatus
wheel status,wheelStatus
wheel status,wheelStatus
wheel status,wheelStatus
ws,wheelStatus
ws,wheelStatus
w s,wheelStatus
w s,wheelStatus
w s,wheelStatus
w s,wheelStatus
whl stat,wheelStatus
whl stat,wheelStatus
whl stat,wheelStatus
whl stat,wheelStatus
whlstat,wheelStatus
whlstat,wheelStatus
whl stat,wheelStatus
whl stat,wheelStatus
whl stat,wheelStatus
whl stat,wheelStatus
wheel stat,wheelStatus
wheel stat,wheelStatus
wheelstat,wheelStatus
wheel stat,wheelStatus
wheel stat,wheelStatus
wheel stat,wheelStatus
wheel stat,wheelStatus
stat wheel,wheelStatus
stat wheel,wheelStatus
statwheel,wheelStatus
stat wheel,wheelStatus
stat wheel,wheelStatus
stat wheel,wheelStatus
st wheel,wheelStatus
st wheel,wheelStatus
stwheel,wheelStatus
st wheel,wheelStatus
st wheel,wheelStatus
st wheel,wheelStatus
ws sp,wheelStatus
ws spt,wheelStatus
ws spt,wheelStatus
ws sp,wheelStatus
ws spt,wheelStatus
ws spt,wheelStatus
wheel runtime,wheelRuntime
wheel runtime,wheelRuntime
wheelruntime,wheelRuntime
wheel runtime,wheelRuntime
wheel runtime,wheelRuntime
wheel runtime,wheelRuntime
wheel runtime,wheelRuntime
wheel runtime,wheelRuntime
wheel runtime,wheelRuntime
wheel runtime,wheelRuntime
wheel runtime,wheelRuntime
wheel runtime,wheelRuntime
wheel rt,wheelRuntime
wheel rt,wheelRuntime
wheelrt,wheelRuntime
wheel rt,wheelRuntime
wheel rt,wheelRuntime
wheel rt,wheelRuntime
wheel rt,wheelRuntime
wheel r time,wheelRuntime
wheel r time,wheelRuntime
wheel r time,wheelRuntime
wheel run tm,wheelRuntime
wheel run tm,wheelRuntime
wheel run tm,wheelRuntime
wheel rtm,wheelRuntime
wheel rtm,wheelRuntime
wheel rtm,wheelRuntime
wheel rtm,wheelRuntime
whl runtime,wheelRuntime
whl runtime,wheelRuntime
whlruntime,wheelRuntime
whl runtime,wheelRuntime
whl runtime,wheelRuntime
whl runtime,wheelRuntime
whl runtime,wheelRuntime
whl runtime,wheelRuntime
whl runtime,wheelRuntime
whl runtime,wheelRuntime
whl runtime,wheelRuntime
whl runtime,wheelRuntime
whl rt,wheelRuntime
whl rt,wheelRuntime
whlrt,wheelRuntime
whl rt,wheelRuntime
whl rt,wheelRuntime
whl rt,wheelRuntime
whl rt,wheelRuntime
whl r time,wheelRuntime
whl r time,wheelRuntime
whl r time,wheelRuntime
whl rn time,wheelRuntime
whl rn time,wheelRuntime
whl rn time,wheelRuntime
whl rn time,wheelRuntime
whl rn time,wheelRuntime
whl rntime,wheelRuntime
whl rntime,wheelRuntime
whl rn tm,wheelRuntime
whl rn tm,wheelRuntime
whl run time,wheelRuntime
whl run time,wheelRuntime
runtime wheel,wheelRuntime
runtime wheel,wheelRuntime
runtimewheel,wheelRuntime
runtime wheel,wheelRuntime
runtime wheel,wheelRuntime
runtime wheel,wheelRuntime
runtime wheel,wheelRuntime
wheel speed,wheelSpeed
wheel speed,wheelSpeed
wheelspeed,wheelSpeed
wheel speed,wheelSpeed
wheel speed,wheelSpeed
wheel speed,wheelSpeed
wheel speed,wheelSpeed
wheel speed,wheelSpeed
wheel speed,wheelSpeed
whl speed,wheelSpeed
whl speed,wheelSpeed
whlspeed,wheelSpeed
whl speed,wheelSpeed
whl speed,wheelSpeed
whl speed,wheelSpeed
whl speed,wheelSpeed
whl speed,wheelSpeed
whl speed,wheelSpeed
whl spd,wheelSpeed
whl spd,wheelSpeed
whlspd,wheelSpeed
whl spd,wheelSpeed
whl spd,wheelSpeed
whl spd,wheelSpeed
whl spd,wheelSpeed
whl spd,wheelSpeed
whl spd,wheelSpeed
wsp,wheelSpeed
wsp,wheelSpeed
w sp,wheelSpeed
w sp,wheelSpeed
w sp,wheelSpeed
w sp,wheelSpeed
wheel output,wheelSpeed
wheel output,wheelSpeed
wheeloutput,wheelSpeed
wheel output,wheelSpeed
whl output,wheelSpeed
whl output,wheelSpeed
whloutput,wheelSpeed
whl output,wheelSpeed
whl output,wheelSpeed
whl output,wheelSpeed
whl output,wheelSpeed
whl output,wheelSpeed
whl output,wheelSpeed
wh o,wheelSpeed
wh o,wheelSpeed
wh o,wheelSpeed
wh o,wheelSpeed
speed wheel,wheelSpeed
speed wheel,wheelSpeed
speedwheel,wheelSpeed
speed wheel,wheelSpeed
speed wheel,wheelSpeed
speed wheel,wheelSpeed
speed wheel,wheelSpeed
speed wheel,wheelSpeed
speed wheel,wheelSpeed
spd wheel,wheelSpeed
spd wheel,wheelSpeed
spd wheel,wheelSpeed
spd wheel,wheelSpeed
spd wheel,wheelSpeed
spd wheel,wheelSpeed
spd wheel,wheelSpeed
spd wheel,wheelSpeed
rpm wheel,wheelSpeed
rpm wheel,wheelSpeed
rpm wheel,wheelSpeed
wheel rpm,wheelSpeed
wheel rpm,wheelSpeed
wheel rpm,wheelSpeed
whl rpm,wheelSpeed
whl rpm,wheelSpeed
whl rpm,wheelSpeed
whl rpm,wheelSpeed
wheel return temp,wheelReturnTemp
wheel return temp,wheelReturnTemp
wheelreturntemp,wheelReturnTemp
wheel return temp,wheelReturnTemp
wheel return temp,wheelReturnTemp
wheel return temp,wheelReturnTemp
wheel return temp,wheelReturnTemp
wheel return temp,wheelReturnTemp
wheel return temp,wheelReturnTemp
wheel return temp,wheelReturnTemp
wheel return temp,wheelReturnTemp
wheel return temp,wheelReturnTemp
whl return temp,wheelReturnTemp
whl return temp,wheelReturnTemp
whlreturntemp,wheelReturnTemp
whl return temp,wheelReturnTemp
whl return temp,wheelReturnTemp
whl return temp,wheelReturnTemp
whl return temp,wheelReturnTemp
whl return temp,wheelReturnTemp
whl return temp,wheelReturnTemp
whl r tmp,wheelReturnTemp
whl r tmp,wheelReturnTemp
whlrtmp,wheelReturnTemp
whl rt tmp,wheelReturnTemp
whl rt tmp,wheelReturnTemp
whl rt tmp,wheelReturnTemp
whl rt tmp,wheelReturnTemp
wheel r tmp,wheelReturnTemp
wheel r tmp,wheelReturnTemp
wheelrtmp,wheelReturnTemp
wheel rt tmp,wheelReturnTemp
wheel rt tmp,wheelReturnTemp
wheel rt tmp,wheelReturnTemp
whl ret temp,wheelReturnTemp
whl ret temp,wheelReturnTemp
whlrettemp,wheelReturnTemp
whl ret temp,wheelReturnTemp
whl ret temp,wheelReturnTemp
whl ret temp,wheelReturnTemp
whl ret temp,wheelReturnTemp
whl ret temp,wheelReturnTemp
whl ret temp,wheelReturnTemp
wr temp,wheelReturnTemp
wr temp,wheelReturnTemp
wrtemp,wheelReturnTemp
wr temp,wheelReturnTemp
wr temp,wheelReturnTemp
wr temp,wheelReturnTemp
wr temp,wheelReturnTemp
wr temp,wheelReturnTemp
wr temp,wheelReturnTemp
wheel rt ret temp,wheelReturnTemp
wheel rt ret temp,wheelReturnTemp
wheelrrtemp,wheelReturnTemp
wheel rr temp,wheelReturnTemp
return temp wheel,wheelReturnTemp
return temp wheel,wheelReturnTemp
returntempwheel,wheelReturnTemp
return temp wheel,wheelReturnTemp
return temp wheel,wheelReturnTemp
return temp wheel,wheelReturnTemp
return temp wheel,wheelReturnTemp
return temp wheel,wheelReturnTemp
return temp wheel,wheelReturnTemp
whl out return temp,wheelReturnTemp
whl out return temp,wheelReturnTemp
whloutretemp,wheelReturnTemp
whl out ret temp,wheelReturnTemp
whl out ret temp,wheelReturnTemp
whl out ret temp,wheelReturnTemp
whl out ret temp,wheelReturnTemp
whl out ret temp,wheelReturnTemp
whl out ret temp,wheelReturnTemp
w ret temp,wheelReturnTemp
w ret temp,wheelReturnTemp
wretemp,wheelReturnTemp
w ret temp,wheelReturnTemp
w ret temp,wheelReturnTemp
w ret temp,wheelReturnTemp
wheel return humidity,wheelReturnHumidity
wheel return humidity,wheelReturnHumidity
wheelreturnhumidity,wheelReturnHumidity
wheel return humidity,wheelReturnHumidity
wheel return humidity,wheelReturnHumidity
wheel return humidity,wheelReturnHumidity
wheel return humidity,wheelReturnHumidity
wheel return humidity,wheelReturnHumidity
wheel return humidity,wheelReturnHumidity
wheel return humidity,wheelReturnHumidity
wheel return humidity,wheelReturnHumidity
wheel return humidity,wheelReturnHumidity
whl return humidity,wheelReturnHumidity
whl return humidity,wheelReturnHumidity
whlreturnhumidity,wheelReturnHumidity
whl return humidity,wheelReturnHumidity
whl return humidity,wheelReturnHumidity
whl return humidity,wheelReturnHumidity
whl return humidity,wheelReturnHumidity
whl return humidity,wheelReturnHumidity
whl return humidity,wheelReturnHumidity
whl ret hum,wheelReturnHumidity
whl ret hum,wheelReturnHumidity
whlrethum,wheelReturnHumidity
whl ret hum,wheelReturnHumidity
whl ret hum,wheelReturnHumidity
whl ret hum,wheelReturnHumidity
whl ret hum,wheelReturnHumidity
whl r hum,wheelReturnHumidity
whl r hum,wheelReturnHumidity
whlrhum,wheelReturnHumidity
whl r hum,wheelReturnHumidity
whl r hum,wheelReturnHumidity
whl r hum,wheelReturnHumidity
whl r hum,wheelReturnHumidity
w return hum,wheelReturnHumidity
w return hum,wheelReturnHumidity
wrethum,wheelReturnHumidity
w return hum,wheelReturnHumidity
w return hum,wheelReturnHumidity
w return hum,wheelReturnHumidity
w return hum,wheelReturnHumidity
wheel rh,wheelReturnHumidity
wheel rh,wheelReturnHumidity
wheelrh,wheelReturnHumidity
wheel rh,wheelReturnHumidity
wheel rh,wheelReturnHumidity
wheel rh,wheelReturnHumidity
wheel rh,wheelReturnHumidity
return hum wheel,wheelReturnHumidity
return hum wheel,wheelReturnHumidity
returnhumwheel,wheelReturnHumidity
return hum wheel,wheelReturnHumidity
return hum wheel,wheelReturnHumidity
return hum wheel,wheelReturnHumidity
return hum wheel,wheelReturnHumidity
return humidity wheel,wheelReturnHumidity
return humidity wheel,wheelReturnHumidity
returnhumiditywheel,wheelReturnHumidity
return humidity wheel,wheelReturnHumidity
return humidity wheel,wheelReturnHumidity
return humidity wheel,wheelReturnHumidity
return humidity wheel,wheelReturnHumidity
whl out return hum,wheelReturnHumidity
whl out return hum,wheelReturnHumidity
whloutrethum,wheelReturnHumidity
whl out ret hum,wheelReturnHumidity
whl out ret hum,wheelReturnHumidity
whl out ret hum,wheelReturnHumidity
whl out ret hum,wheelReturnHumidity
whl out rh,wheelReturnHumidity
whl out rh,wheelReturnHumidity
whloutrh,wheelReturnHumidity
whl out rh,wheelReturnHumidity
whl out rh,wheelReturnHumidity
whl out rh,wheelReturnHumidity
whl out rh,wheelReturnHumidity
rh whl,wheelReturnHumidity
rh whl,wheelReturnHumidity
rhwheel,wheelReturnHumidity
rh wheel,wheelReturnHumidity
rh wheel,wheelReturnHumidity
rh wheel,wheelReturnHumidity
rh wheel,wheelReturnHumidity
wheel ret flo,wheelReturnFlow
wheel ret flow,wheelReturnFlow
wheel return flow,wheelReturnFlow
wheel return flow,wheelReturnFlow
wheel return flow,wheelReturnFlow
wheel return flow,wheelReturnFlow
wheel return flow,wheelReturnFlow
wheel return air flow,wheelReturnFlow
wheel return air flow,wheelReturnFlow
wheel return air flow,wheelReturnFlow
wheel return air flow,wheelReturnFlow
wheel ret air flow,wheelReturnFlow
wheel ret ra flow,wheelReturnFlow
whl ret flow,wheelReturnFlow
whl ret flow,wheelReturnFlow
whl ret flow,wheelReturnFlow
whl ret flo,wheelReturnFlow
whl ret flow,wheelReturnFlow
whl return flow,wheelReturnFlow
whl return flow,wheelReturnFlow
whl return flow,wheelReturnFlow
ret wheel flow,wheelReturnFlow
ret wheel flow,wheelReturnFlow
return wheel flow,wheelReturnFlow
return wheel flow,wheelReturnFlow
return wheel flow,wheelReturnFlow
return wheel flow,wheelReturnFlow
wheel ret flow,wheelReturnFlow
wheel ret flow,wheelReturnFlow
wheel ret flow,wheelReturnFlow
wheel retflw,wheelReturnFlow
wheel ret flw,wheelReturnFlow
whl rtn flow,wheelReturnFlow
whl rtn flow,wheelReturnFlow
wheel rtn flow,wheelReturnFlow
wheel rtn flow,wheelReturnFlow
wheel rtn flow,wheelReturnFlow
wheel return ra flow,wheelReturnFlow
wheel return ra flow,wheelReturnFlow
wheel return ra flow,wheelReturnFlow
wheel return airflow,wheelReturnFlow
wheel return airflow,wheelReturnFlow
wheel ret air flow,wheelReturnFlow
wheel ret air flow,wheelReturnFlow
ra wheel flow,wheelReturnFlow
ra wheel flow,wheelReturnFlow
ra wheel flow,wheelReturnFlow
r awheel flow,wheelReturnFlow
ra wheel ret flow,wheelReturnFlow
ret air wheel flow,wheelReturnFlow
return air wheel flow,wheelReturnFlow
flow wheel return,wheelReturnFlow
flow return wheel,wheelReturnFlow
flow wheel return,wheelReturnFlow
wheel return fan status,wheelReturnFanStatus
wheel return fan status,wheelReturnFanStatus
wheel return fan status,wheelReturnFanStatus
wheel return fan status,wheelReturnFanStatus
wheel return fan status,wheelReturnFanStatus
wheel ret fan status,wheelReturnFanStatus
wheel ret f status,wheelReturnFanStatus
wheel ret fan sts,wheelReturnFanStatus
wheel ret f sts,wheelReturnFanStatus
wheel ret fan status,wheelReturnFanStatus
wheel ret fan sts,wheelReturnFanStatus
wheel ret f sts,wheelReturnFanStatus
whl return fan status,wheelReturnFanStatus
whl return fan status,wheelReturnFanStatus
whl return fan status,wheelReturnFanStatus
whl return fan status,wheelReturnFanStatus
whl ret fan status,wheelReturnFanStatus
whl ret fan sts,wheelReturnFanStatus
whl ret f sts,wheelReturnFanStatus
whl ret f sts,wheelReturnFanStatus
whl ret f sts,wheelReturnFanStatus
whl ret fan sts,wheelReturnFanStatus
whl ret fan status,wheelReturnFanStatus
whl rf sts,wheelReturnFanStatus
whl rf sts,wheelReturnFanStatus
whl rf sts,wheelReturnFanStatus
whl rf status,wheelReturnFanStatus
whl rf status,wheelReturnFanStatus
wheel rf sts,wheelReturnFanStatus
wheel rf sts,wheelReturnFanStatus
wheel rf status,wheelReturnFanStatus
wheel rf status,wheelReturnFanStatus
wheel return fan sts,wheelReturnFanStatus
wheel return fan sts,wheelReturnFanStatus
wheel return fan sts,wheelReturnFanStatus
wheel return fan sts,wheelReturnFanStatus
wheel return f status,wheelReturnFanStatus
wheel return f status,wheelReturnFanStatus
wheel ret fan status,wheelReturnFanStatus
wheel ret fan status,wheelReturnFanStatus
wheel ret fan stat,wheelReturnFanStatus
whl ret fan stat,wheelReturnFanStatus
whl ret fan stat,wheelReturnFanStatus
wheel ret fan stat,wheelReturnFanStatus
wheel ret f stat,wheelReturnFanStatus
whl ret f stat,wheelReturnFanStatus
whl ret fan stat,wheelReturnFanStatus
wheel ret fan stat,wheelReturnFanStatus
wheel ret fan stat,wheelReturnFanStatus
wheel return fan stat,wheelReturnFanStatus
wheelretfanstatus,wheelReturnFanStatus
wheelretfanstatus,wheelReturnFanStatus
wheel ret fs sts,wheelReturnFanStatus
whl r fan sts,wheelReturnFanStatus
wheel rf status,wheelReturnFanStatus
whl rf status,wheelReturnFanStatus
wheel return fan speed,wheelReturnFanSpeed
wheel return fan speed,wheelReturnFanSpeed
wheel return fan speed,wheelReturnFanSpeed
wheel return fan speed,wheelReturnFanSpeed
wheel return fan speed,wheelReturnFanSpeed
wheel return fan speed,wheelReturnFanSpeed
wheel ret fan speed,wheelReturnFanSpeed
wheel ret fan spd,wheelReturnFanSpeed
wheel ret f spd,wheelReturnFanSpeed
wheel ret fan speed,wheelReturnFanSpeed
wheel ret fan spd,wheelReturnFanSpeed
wheel ret f spd,wheelReturnFanSpeed
whl return fan speed,wheelReturnFanSpeed
whl return fan speed,wheelReturnFanSpeed
whl ret fan speed,wheelReturnFanSpeed
whl ret fan speed,wheelReturnFanSpeed
whl ret fan spd,wheelReturnFanSpeed
whl ret f spd,wheelReturnFanSpeed
whl ret f spd,wheelReturnFanSpeed
whl ret f spd,wheelReturnFanSpeed
whl ret fan spd,wheelReturnFanSpeed
whl ret fan speed,wheelReturnFanSpeed
whl rf o,wheelReturnFanSpeed
whl rf o,wheelReturnFanSpeed
whl rf o,wheelReturnFanSpeed
wheel rf o,wheelReturnFanSpeed
wheel rf o,wheelReturnFanSpeed
wheel rf output,wheelReturnFanSpeed
wheel rf output,wheelReturnFanSpeed
wheel return fan spd,wheelReturnFanSpeed
wheel return fan spd,wheelReturnFanSpeed
wheel return f speed,wheelReturnFanSpeed
wheel return f speed,wheelReturnFanSpeed
wheel ret fan speed,wheelReturnFanSpeed
wheel ret fan speed,wheelReturnFanSpeed
wheel ret fan output,wheelReturnFanSpeed
wheel ret fan output,wheelReturnFanSpeed
whl ret fan output,wheelReturnFanSpeed
whl ret f output,wheelReturnFanSpeed
whl ret f output,wheelReturnFanSpeed
whl rf output,wheelReturnFanSpeed
whl rf output,wheelReturnFanSpeed
wheel r fan spd,wheelReturnFanSpeed
whl r fan spd,wheelReturnFanSpeed
whl r fan spd,wheelReturnFanSpeed
wheel rf spd,wheelReturnFanSpeed
wheel rf speed,wheelReturnFanSpeed
whl rf spd,wheelReturnFanSpeed
whl rf speed,wheelReturnFanSpeed
wheel rf speed,wheelReturnFanSpeed
wheel rf speed,wheelReturnFanSpeed
whl rf speed,wheelReturnFanSpeed
whl rf speed,wheelReturnFanSpeed
wheel return fan o,wheelReturnFanSpeed
wheel return fan o,wheelReturnFanSpeed
wheel ret f o,wheelReturnFanSpeed
whl ret f o,wheelReturnFanSpeed
wheel ret f o,wheelReturnFanSpeed
whl ret f o,wheelReturnFanSpeed
whl ret f o,wheelReturnFanSpeed
wheel return fan runtime,wheelReturnFanRuntime
wheel return fan runtime,wheelReturnFanRuntime
wheel return fan runtime,wheelReturnFanRuntime
wheel return fan runtime,wheelReturnFanRuntime
wheel return fan runtime,wheelReturnFanRuntime
wheel return fan runtime,wheelReturnFanRuntime
wheel ret fan runtime,wheelReturnFanRuntime
wheel ret fan rt,wheelReturnFanRuntime
wheel ret f rt,wheelReturnFanRuntime
wheel ret fan runtime,wheelReturnFanRuntime
wheel ret fan rt,wheelReturnFanRuntime
wheel ret f rt,wheelReturnFanRuntime
whl return fan runtime,wheelReturnFanRuntime
whl return fan runtime,wheelReturnFanRuntime
whl return fan runtime,wheelReturnFanRuntime
whl ret fan runtime,wheelReturnFanRuntime
whl ret fan rt,wheelReturnFanRuntime
whl ret f rt,wheelReturnFanRuntime
whl ret f rt,wheelReturnFanRuntime
whl ret f rt,wheelReturnFanRuntime
whl ret fan rt,wheelReturnFanRuntime
whl ret fan runtime,wheelReturnFanRuntime
whl rf rt,wheelReturnFanRuntime
whl rf rt,wheelReturnFanRuntime
whl rf rt,wheelReturnFanRuntime
wheel rf rt,wheelReturnFanRuntime
wheel rf rt,wheelReturnFanRuntime
wheel rf runtime,wheelReturnFanRuntime
wheel rf runtime,wheelReturnFanRuntime
whl rf runtime,wheelReturnFanRuntime
whl rf runtime,wheelReturnFanRuntime
wheel ret fan run time,wheelReturnFanRuntime
wheel ret fan run time,wheelReturnFanRuntime
whl ret fan run time,wheelReturnFanRuntime
whl ret fan run time,wheelReturnFanRuntime
wheel return fan rt,wheelReturnFanRuntime
wheel return fan rt,wheelReturnFanRuntime
wheel return frt,wheelReturnFanRuntime
wheel return frt,wheelReturnFanRuntime
wheel ret fan runtime,wheelReturnFanRuntime
wheel ret fan runtime,wheelReturnFanRuntime
wheel ret fan rt,wheelReturnFanRuntime
wheel ret fan rt,wheelReturnFanRuntime
wheel ret fan rn time,wheelReturnFanRuntime
wheel ret fan rn time,wheelReturnFanRuntime
whl ret fan rn time,wheelReturnFanRuntime
whl ret fan rn time,wheelReturnFanRuntime
wheel ret fan run tm,wheelReturnFanRuntime
wheel ret fan run tm,wheelReturnFanRuntime
whl ret fan run tm,wheelReturnFanRuntime
whl ret fan run tm,wheelReturnFanRuntime
wrf runtime,wheelReturnFanRuntime
wrf runtime,wheelReturnFanRuntime
wrf rt,wheelReturnFanRuntime
wrf rt,wheelReturnFanRuntime
wrf run time,wheelReturnFanRuntime
wheel return fan fault,wheelReturnFanFault
wheel return fan fault,wheelReturnFanFault
wheel return fan fault,wheelReturnFanFault
wheel return fan fault,wheelReturnFanFault
wheel return fan fault,wheelReturnFanFault
wheel return fan flt,wheelReturnFanFault
wheel return fan flt,wheelReturnFanFault
wheel return fan flt,wheelReturnFanFault
wheel return fan flt,wheelReturnFanFault
wheel ret fan fault,wheelReturnFanFault
wheel ret fan flt,wheelReturnFanFault
wheel ret f fault,wheelReturnFanFault
wheel ret f flt,wheelReturnFanFault
wheel ret fan fault,wheelReturnFanFault
wheel ret fan flt,wheelReturnFanFault
wheel ret f fault,wheelReturnFanFault
wheel ret f flt,wheelReturnFanFault
whl return fan fault,wheelReturnFanFault
whl return fan fault,wheelReturnFanFault
whl return fan fault,wheelReturnFanFault
whl return fan fault,wheelReturnFanFault
whl return fan flt,wheelReturnFanFault
whl return fan flt,wheelReturnFanFault
whl return fan flt,wheelReturnFanFault
whl return fan flt,wheelReturnFanFault
whl ret fan fault,wheelReturnFanFault
whl ret fan flt,wheelReturnFanFault
whl ret f fault,wheelReturnFanFault
whl ret f flt,wheelReturnFanFault
whl ret f flt,wheelReturnFanFault
whl ret f fault,wheelReturnFanFault
whl ret f flt,wheelReturnFanFault
whl ret f fault,wheelReturnFanFault
whl ret fan flt,wheelReturnFanFault
whl ret fan fault,wheelReturnFanFault
whl rf flt,wheelReturnFanFault
whl rf fault,wheelReturnFanFault
whl rf flt,wheelReturnFanFault
whl rf fault,wheelReturnFanFault
whl rf flt,wheelReturnFanFault
whl rf fault,wheelReturnFanFault
wheel rf flt,wheelReturnFanFault
wheel rf fault,wheelReturnFanFault
wheel rf flt,wheelReturnFanFault
wheel rf fault,wheelReturnFanFault
wheel ret fan fault,wheelReturnFanFault
wheel ret fan fault,wheelReturnFanFault
wheel ret fan flt,wheelReturnFanFault
wheel ret fan flt,wheelReturnFanFault
wheel return f fault,wheelReturnFanFault
wheel return f fault,wheelReturnFanFault
wheel return f flt,wheelReturnFanFault
wheel return f flt,wheelReturnFanFault
wheel retfan fault,wheelReturnFanFault
wheel retfan flt,wheelReturnFanFault
wheel retfan fault,wheelReturnFanFault
wheel retfan flt,wheelReturnFanFault
whl retfan fault,wheelReturnFanFault
whl retfan flt,wheelReturnFanFault
whl ret f cmd,wheelReturnFan
wheel return fan,wheelReturnFan
whl rf c,wheelReturnFan
wheel retfan command,wheelReturnFan
wheel return fan command,wheelReturnFan
wheel return fan command,wheelReturnFan
wheel return fan command,wheelReturnFan
wheel return fan command,wheelReturnFan
wheel return fan command,wheelReturnFan
wheel return fan cmd,wheelReturnFan
wheel ret fan command,wheelReturnFan
wheel ret fan cmd,wheelReturnFan
wheel ret fan cmd,wheelReturnFan
wheel ret f cmd,wheelReturnFan
whl return fan command,wheelReturnFan
whl return fan command,wheelReturnFan
whl return fan cmd,wheelReturnFan
whl ret fan command,wheelReturnFan
whl ret fan cmd,wheelReturnFan
whl ret f cmd,wheelReturnFan
whl ret f cmd,wheelReturnFan
whl ret f c,wheelReturnFan
whl ret fan c,wheelReturnFan
whl ret fan cmd,wheelReturnFan
whl ret fan command,wheelReturnFan
whl rf c,wheelReturnFan
whl rf cmd,wheelReturnFan
whl rf c,wheelReturnFan
whl rf cmd,wheelReturnFan
wheel rf c,wheelReturnFan
wheel rf cmd,wheelReturnFan
wheel rf c,wheelReturnFan
wheel rf cmd,wheelReturnFan
wheel return fan,wheelReturnFan
wheel return fan,wheelReturnFan
wheel return fan,wheelReturnFan
wheel return fan cmd,wheelReturnFan
wheel return fan cmd,wheelReturnFan
wheel return f cmd,wheelReturnFan
wheel return f cmd,wheelReturnFan
wheel ret fan cmd,wheelReturnFan
wheel ret fan cmd,wheelReturnFan
wheel ret fan command,wheelReturnFan
wheel ret fan command,wheelReturnFan
wheel ret fan c,wheelReturnFan
wheel ret fan c,wheelReturnFan
wheel retfan cmd,wheelReturnFan
whl retfan cmd,wheelReturnFan
whl retfan command,wheelReturnFan
wheel retfan cmd,wheelReturnFan
wheel retfan command,wheelReturnFan
wheel retfan command,wheelReturnFan
wheel retfan cmd,wheelReturnFan
wheel ret fan,wheelReturnFan
wheel ret fan,wheelReturnFan
ret wheel fan cmd,wheelReturnFan
ret wheel fan cmd,wheelReturnFan
return wheel fan cmd,wheelReturnFan
return wheel fan cmd,wheelReturnFan
wheel return enthalpy,wheelReturnEnthalpy
wheel return enthalpy,wheelReturnEnthalpy
wheel return enthalpy,wheelReturnEnthalpy
wheel return enthalpy,wheelReturnEnthalpy
wheel return enthalpy,wheelReturnEnthalpy
wheel return enth,wheelReturnEnthalpy
wheel return enth,wheelReturnEnthalpy
wheel return enth,wheelReturnEnthalpy
wheel return enth,wheelReturnEnthalpy
wheel ret enthalpy,wheelReturnEnthalpy
wheel ret enthalpy,wheelReturnEnthalpy
wheel ret enth,wheelReturnEnthalpy
wheel ret enth,wheelReturnEnthalpy
wheel ret ent,wheelReturnEnthalpy
wheel ret ent,wheelReturnEnthalpy
wheel ret h,wheelReturnEnthalpy
wheel ret h,wheelReturnEnthalpy
wheel ret enthalpy,wheelReturnEnthalpy
wheel ret enthalpy,wheelReturnEnthalpy
wheel ret enth,wheelReturnEnthalpy
wheel ret enth,wheelReturnEnthalpy
whl return enthalpy,wheelReturnEnthalpy
whl return enthalpy,wheelReturnEnthalpy
whl return enthalpy,wheelReturnEnthalpy
whl return enthalpy,wheelReturnEnthalpy
whl return enth,wheelReturnEnthalpy
whl return enth,wheelReturnEnthalpy
whl return enth,wheelReturnEnthalpy
whl return enth,wheelReturnEnthalpy
whl ret enthalpy,wheelReturnEnthalpy
whl ret enth,wheelReturnEnthalpy
whl ret ent,wheelReturnEnthalpy
whl ret h,wheelReturnEnthalpy
whl ret enthalpy,wheelReturnEnthalpy
whl ret enth,wheelReturnEnthalpy
whl ret ent,wheelReturnEnthalpy
whl ret h,wheelReturnEnthalpy
whl ret enthalpy,wheelReturnEnthalpy
whl ret enth,wheelReturnEnthalpy
whl ret ent,wheelReturnEnthalpy
whl ret h,wheelReturnEnthalpy
whl rf enthalpy,wheelReturnEnthalpy
whl rf enthalpy,wheelReturnEnthalpy
whl rf enthalpy,wheelReturnEnthalpy
whl rf enth,wheelReturnEnthalpy
whl rf enth,wheelReturnEnthalpy
whl rf enth,wheelReturnEnthalpy
wheel rf enthalpy,wheelReturnEnthalpy
wheel rf enth,wheelReturnEnthalpy
wheel rf enth,wheelReturnEnthalpy
wheel return enth,wheelReturnEnthalpy
wheel return en th,wheelReturnEnthalpy
wheel return enth,wheelReturnEnthalpy
wheel outside temp,wheelOutsideTemp
wheel outside temp,wheelOutsideTemp
wheel outside temp,wheelOutsideTemp
wheel outside temp,wheelOutsideTemp
wheel outside temp,wheelOutsideTemp
wheel outside temperature,wheelOutsideTemp
wheel outside temperature,wheelOutsideTemp
wheel outside temperature,wheelOutsideTemp
wheel outside temperature,wheelOutsideTemp
wheel outside temperature,wheelOutsideTemp
wheel outside temp sensor,wheelOutsideTemp
wheel outside temp sensor,wheelOutsideTemp
wheel outside temp sensor,wheelOutsideTemp
wheel outside temp sensor,wheelOutsideTemp
wheel outside temp sensor,wheelOutsideTemp
wheel outside temp snsr,wheelOutsideTemp
wheel outside temp snsr,wheelOutsideTemp
wheel outside temp snsr,wheelOutsideTemp
wheel oa temp,wheelOutsideTemp
wheel oa temp,wheelOutsideTemp
wheel oat,wheelOutsideTemp
wheel oat,wheelOutsideTemp
wheel oat,wheelOutsideTemp
wheel oa temperature,wheelOutsideTemp
wheel oa temperature,wheelOutsideTemp
wheel oa temp sensor,wheelOutsideTemp
wheel oa temp sensor,wheelOutsideTemp
wheel oa tsensor,wheelOutsideTemp
wheel oa t,wheelOutsideTemp
wheel oa temp,wheelOutsideTemp
whl outside temp,wheelOutsideTemp
whl outside temp,wheelOutsideTemp
whl outside temp,wheelOutsideTemp
whl outside temp,wheelOutsideTemp
whl outside temperature,wheelOutsideTemp
whl outside temperature,wheelOutsideTemp
whl outside temperature,wheelOutsideTemp
whl outside temp sensor,wheelOutsideTemp
whl outside temp sensor,wheelOutsideTemp
whl outside temp sensor,wheelOutsideTemp
whl outside temp sensor,wheelOutsideTemp
whl outside temperature,wheelOutsideTemp
whl oa temp,wheelOutsideTemp
whl oa temp,wheelOutsideTemp
whl oat,wheelOutsideTemp
whl oat,wheelOutsideTemp
whl oa t,wheelOutsideTemp
whl oa t,wheelOutsideTemp
whl oa temp sensor,wheelOutsideTemp
whl oa temp sensor,wheelOutsideTemp
wheel outside flow,wheelOutsideFlow
wheel outside flow,wheelOutsideFlow
wheel outside flow,wheelOutsideFlow
wheel outside flow,wheelOutsideFlow
wheel outside flow,wheelOutsideFlow
wheel outside air flow,wheelOutsideFlow
wheel outside air flow,wheelOutsideFlow
wheel outside air flow,wheelOutsideFlow
wheel outside air flow,wheelOutsideFlow
wheel outside air flow,wheelOutsideFlow
wheel out flow,wheelOutsideFlow
wheel out flow,wheelOutsideFlow
wheel out flow,wheelOutsideFlow
wheel out flow,wheelOutsideFlow
wheel out flow,wheelOutsideFlow
wheel out flo,wheelOutsideFlow
wheel out flo,wheelOutsideFlow
wheel outside flo,wheelOutsideFlow
wheel outside flo,wheelOutsideFlow
wheel oaf flow,wheelOutsideFlow
wheel oa flow,wheelOutsideFlow
wheel oa flow,wheelOutsideFlow
wheel oa flow,wheelOutsideFlow
wheel oa flow,wheelOutsideFlow
wheel oa flow,wheelOutsideFlow
wheel oa flo,wheelOutsideFlow
wheel oa flo,wheelOutsideFlow
wheel outside oa flow,wheelOutsideFlow
whl outside flow,wheelOutsideFlow
whl outside flow,wheelOutsideFlow
whl outside flow,wheelOutsideFlow
whl outside flow,wheelOutsideFlow
whl outside air flow,wheelOutsideFlow
whl outside air flow,wheelOutsideFlow
whl outside air flow,wheelOutsideFlow
whl outside air flow,wheelOutsideFlow
whl out flow,wheelOutsideFlow
whl out flow,wheelOutsideFlow
whl out flow,wheelOutsideFlow
whl out flow,wheelOutsideFlow
whl of flo,wheelOutsideFlow
whl of flow,wheelOutsideFlow
whl of flow,wheelOutsideFlow
whl of flo,wheelOutsideFlow
wheel of flow,wheelOutsideFlow
wheel of flow,wheelOutsideFlow
wheel of flow,wheelOutsideFlow
wheel outside flo,wheelOutsideFlow
whl oa flow,wheelOutsideFlow
whl oa flow,wheelOutsideFlow
whl oa flow,wheelOutsideFlow
whl oa flow,wheelOutsideFlow
wheel oaf flow,wheelOutsideFlow
wheel oaf flo,wheelOutsideFlow
wheel oaf flow,wheelOutsideFlow
whl oaf flow,wheelOutsideFlow
whl oaf flow,wheelOutsideFlow
whl out f sts,wheelOutsideFanStatus
whl outside f sts,wheelOutsideFanStatus
whl of s,wheelOutsideFanStatus
whl outside fan s,wheelOutsideFanStatus
wheel outside fan status,wheelOutsideFanStatus
wheel outside fan sts,wheelOutsideFanStatus
wheel outside fan status,wheelOutsideFanStatus
wheel outside fan status,wheelOutsideFanStatus
whl outside fan status,wheelOutsideFanStatus
wheel out fan sts,wheelOutsideFanStatus
wo fan sts,wheelOutsideFanStatus
wo fan s,wheelOutsideFanStatus
wo fan sts,wheelOutsideFanStatus
wo fan status,wheelOutsideFanStatus
wo fan sts,wheelOutsideFanStatus
wheel out fan sts,wheelOutsideFanStatus
whl of sts,wheelOutsideFanStatus
whl out fan stat,wheelOutsideFanStatus
whl outfan status,wheelOutsideFanStatus
whl outfan sts,wheelOutsideFanStatus
outfan status,wheelOutsideFanStatus
wheel oa fan status,wheelOutsideFanStatus
oaf whl fan sts,wheelOutsideFanStatus
whl fan oa sts,wheelOutsideFanStatus
whl fan oa s,wheelOutsideFanStatus
wheel fan oa status,wheelOutsideFanStatus
whl oa fan sts,wheelOutsideFanStatus
wheel oaf sts,wheelOutsideFanStatus
whl oa fan status,wheelOutsideFanStatus
oaf whlfanstatus,wheelOutsideFanStatus
whloafs,wheelOutsideFanStatus
whl oaf s,wheelOutsideFanStatus
whl oa fan s,wheelOutsideFanStatus
whl oaf status,wheelOutsideFanStatus
whl ext fan sts,wheelOutsideFanStatus
whl ext fan status,wheelOutsideFanStatus
wheel fan status outside,wheelOutsideFanStatus
wheel fan status oa,wheelOutsideFanStatus
whl ext fan stat,wheelOutsideFanStatus
whl oa fan stat,wheelOutsideFanStatus
out air whl fan sts,wheelOutsideFanStatus
oa whl fan status,wheelOutsideFanStatus
wheel fan outside stat,wheelOutsideFanStatus
whl ofan s,wheelOutsideFanStatus
whl oafan status,wheelOutsideFanStatus
whl oa f s,wheelOutsideFanStatus
oa fan sts whl,wheelOutsideFanStatus
oa fan status wheel,wheelOutsideFanStatus
out wheel fan sts,wheelOutsideFanStatus
outside wheel fan status,wheelOutsideFanStatus
whl oa fan stat,wheelOutsideFanStatus
outside air wheel fan status,wheelOutsideFanStatus
whl outsidefan s,wheelOutsideFanStatus
oa whl fan sts,wheelOutsideFanStatus
oa whl fan stat,wheelOutsideFanStatus
wheel outside fan st,wheelOutsideFanStatus
wheel oaf spd,wheelOutsideFanSpeed
whl oa fan output,wheelOutsideFanSpeed
wheel oa fan speed,wheelOutsideFanSpeed
whl oa fan o,wheelOutsideFanSpeed
whl oa f output,wheelOutsideFanSpeed
whl oa fan output,wheelOutsideFanSpeed
wheel outside fan spd,wheelOutsideFanSpeed
wheel oa fan speed,wheelOutsideFanSpeed
whl ext fan o,wheelOutsideFanSpeed
whl ext fan output,wheelOutsideFanSpeed
whl outside fan speed,wheelOutsideFanSpeed
whl outside fan spd,wheelOutsideFanSpeed
whl outside fan spd,wheelOutsideFanSpeed
wheel outside fan output,wheelOutsideFanSpeed
whl oa fan o,wheelOutsideFanSpeed
whl ofan o,wheelOutsideFanSpeed
wheel outside fan o,wheelOutsideFanSpeed
oa whl fan output,wheelOutsideFanSpeed
oa whl fan spd,wheelOutsideFanSpeed
wheel fan speed oa,wheelOutsideFanSpeed
whl oa fan spd,wheelOutsideFanSpeed
wheel oa fan spd,wheelOutsideFanSpeed
whl oaf spd,wheelOutsideFanSpeed
wheel ofan spd,wheelOutsideFanSpeed
whl extfan output,wheelOutsideFanSpeed
oa whl fan speed,wheelOutsideFanSpeed
oa whl f spd,wheelOutsideFanSpeed
whl ext fan o,wheelOutsideFanSpeed
oa fan o whl,wheelOutsideFanSpeed
whl fan oa o,wheelOutsideFanSpeed
oa whl fan spd,wheelOutsideFanSpeed
whl oa fan out,wheelOutsideFanSpeed
whl oaf output,wheelOutsideFanSpeed
oa whl fan o,wheelOutsideFanSpeed
wheel ext fan speed,wheelOutsideFanSpeed
ext fan spd wheel,wheelOutsideFanSpeed
ext fan speed wheel,wheelOutsideFanSpeed
whl ext fan spd,wheelOutsideFanSpeed
oa fan output whl,wheelOutsideFanSpeed
oa fan spd whl,wheelOutsideFanSpeed
whl out fan output,wheelOutsideFanSpeed
whl out fan o,wheelOutsideFanSpeed
whl oaf spd,wheelOutsideFanSpeed
whl oa fan outspd,wheelOutsideFanSpeed
wheel oaf spd cmd,wheelOutsideFanSpeed
whl oafan cmd,wheelOutsideFanSpeed
oaf whl fan o,wheelOutsideFanSpeed
whl oa fan o,wheelOutsideFanSpeed
wheel fan outside speed,wheelOutsideFanSpeed
wheel fan spd oa,wheelOutsideFanSpeed
wheel oaf output spd,wheelOutsideFanSpeed
whl oa fan spd val,wheelOutsideFanSpeed
oa fan whl output,wheelOutsideFanSpeed
oa out fan whl spd,wheelOutsideFanSpeed
whl fan spd outside,wheelOutsideFanSpeed
oa ext fan output,wheelOutsideFanSpeed
whl out fan o,wheelOutsideFanSpeed
wheel oa fan runtime,wheelOutsideFanRuntime
wheel oaf rt,wheelOutsideFanRuntime
whl oa f rt,wheelOutsideFanRuntime
whl oa fan rt,wheelOutsideFanRuntime
whl out fan runtime,wheelOutsideFanRuntime
wheel outside fan rt,wheelOutsideFanRuntime
wheel outside fan rt,wheelOutsideFanRuntime
whl outside fan runtime,wheelOutsideFanRuntime
whl outside fan runtime,wheelOutsideFanRuntime
oa whl fan runtime,wheelOutsideFanRuntime
oa whl fan rt,wheelOutsideFanRuntime
whl oaf runtime,wheelOutsideFanRuntime
whl oafan rt,wheelOutsideFanRuntime
whl oaf rt,wheelOutsideFanRuntime
whl oaf rt,wheelOutsideFanRuntime
oa whl rt,wheelOutsideFanRuntime
oa fan rt whl,wheelOutsideFanRuntime
whl ext fan rt,wheelOutsideFanRuntime
whl ext fan runtime,wheelOutsideFanRuntime
wheel fan rt outside,wheelOutsideFanRuntime
whl oa fan rn tm,wheelOutsideFanRuntime
whl oa f rt,wheelOutsideFanRuntime
whl ofan runtime,wheelOutsideFanRuntime
oa fan runtime whl,wheelOutsideFanRuntime
whl outsidefan rt,wheelOutsideFanRuntime
wheel oa fan runtime,wheelOutsideFanRuntime
wheel outside fan run time,wheelOutsideFanRuntime
oa whl fan rn tm,wheelOutsideFanRuntime
whl oa run tm,wheelOutsideFanRuntime
whl oa run tm,wheelOutsideFanRuntime
whl oaf run tm,wheelOutsideFanRuntime
wheel outside rt,wheelOutsideFanRuntime
whl fan runtime oa,wheelOutsideFanRuntime
whl run time out fan,wheelOutsideFanRuntime
wheel oa fan run t,wheelOutsideFanRuntime
whl extfan rt,wheelOutsideFanRuntime
oa whl rt tm,wheelOutsideFanRuntime
whl out rt tm,wheelOutsideFanRuntime
oa fan runtime whl,wheelOutsideFanRuntime
whl fan runtime oa,wheelOutsideFanRuntime
whl outsidefan rt,wheelOutsideFanRuntime
ext fan rt wheel,wheelOutsideFanRuntime
oa whl rn time,wheelOutsideFanRuntime
whl rt tm oaf,wheelOutsideFanRuntime
whl oa fan on tm,wheelOutsideFanRuntime
whl oa oper tm,wheelOutsideFanRuntime
whl oaf runtime,wheelOutsideFanRuntime
wheel oa op time,wheelOutsideFanRuntime
wheel oafan op time,wheelOutsideFanRuntime
oa fan op time whl,wheelOutsideFanRuntime
whl oaf on tm,wheelOutsideFanRuntime
oa whl op tm,wheelOutsideFanRuntime
wheel oaf on time,wheelOutsideFanRuntime
whl ext fan run,wheelOutsideFanRuntime
wheel outside fan elapsed,wheelOutsideFanRuntime
outside fan wheel runtime,wheelOutsideFanRuntime
whl rt out fan,wheelOutsideFanRuntime
dehumification enable override,dehumidEnableOvr
dehumidification enable override,dehumidEnableOvr
dehum en ovr,dehumidEnableOvr
dehum en ovr,dehumidEnableOvr
dehum en ovr,dehumidEnableOvr
dehum en override,dehumidEnableOvr
dehumidifier enable ovr,dehumidEnableOvr
dehumidifier en ovr,dehumidEnableOvr
dehumidifier en ovr,dehumidEnableOvr
dehumid enable ovr,dehumidEnableOvr
dehumid en ovr,dehumidEnableOvr
dehumid en ovr,dehumidEnableOvr
dehumenableovr,dehumidEnableOvr
dehum enable override,dehumidEnableOvr
dehumenableovr,dehumidEnableOvr
dehumidenableoverride,dehumidEnableOvr
dehumoverrideenable,dehumidEnableOvr
dehum override enable,dehumidEnableOvr
dehum override enable,dehumidEnableOvr
dehumid ovr en,dehumidEnableOvr
dehum ovr en,dehumidEnableOvr
dehumovrenable,dehumidEnableOvr
dehum override en,dehumidEnableOvr
dehum ovr enable,dehumidEnableOvr
dehumid ovr enable,dehumidEnableOvr
dehumid enable override,dehumidEnableOvr
dehumidify enable override,dehumidEnableOvr
dehumidify enable override,dehumidEnableOvr
dehumid enable override,dehumidEnableOvr
dehumid enable override,dehumidEnableOvr
dehum enable ovr,dehumidEnableOvr
dehum enable ovr,dehumidEnableOvr
dehum en override,dehumidEnableOvr
dehum enable ovr,dehumidEnableOvr
dehumenableoverride,dehumidEnableOvr
dehum en ovr,dehumidEnableOvr
dehum en ovr,dehumidEnableOvr
dehumenable override,dehumidEnableOvr
dehum enable override,dehumidEnableOvr
dehum override,dehumidEnableOvr
dehumid override enable,dehumidEnableOvr
dehumid ovr en,dehumidEnableOvr
dehumid ovrride enable,dehumidEnableOvr
dehumidifier override enable,dehumidEnableOvr
dehumidifier enable override,dehumidEnableOvr
dehumoverride,dehumidEnableOvr
dehum control override,dehumidEnableOvr
dehumid control ovr,dehumidEnableOvr
dehum control override,dehumidEnableOvr
dehum control ovr,dehumidEnableOvr
dehumid ctrl ovr,dehumidEnableOvr
dehum ctrl ovr,dehumidEnableOvr
dehumidifier ctrl override,dehumidEnableOvr
dehum enable manual,dehumidEnableOvr
dehumid enable manual,dehumidEnableOvr
dehumid manual override,dehumidEnableOvr
dehum manual override,dehumidEnableOvr
dehumification command,dehumidifier
dehumidification command,dehumidifier
dehum cmd,dehumidifier
dehum cmd,dehumidifier
dehumcommand,dehumidifier
dehum command,dehumidifier
dehumidifier command,dehumidifier
dehumidifier command,dehumidifier
dehumidifier command,dehumidifier
dehumidifier cmd,dehumidifier
dehum enable,dehumidifier
dehum enable,dehumidifier
dehumidifier enable,dehumidifier
dehumid enable,dehumidifier
dehumid enable,dehumidifier
dehumidifier status,dehumidifier
dehumidifier status,dehumidifier
dehumidifier status,dehumidifier
dehum status,dehumidifier
dehum status,dehumidifier
dehum status,dehumidifier
dehumidification status,dehumidifier
dehumidification status,dehumidifier
dehumidification status,dehumidifier
dehumidify status,dehumidifier
dehumidify status,dehumidifier
dehumidify status,dehumidifier
dehumidifier ctrl,dehumidifier
dehumidifier ctrl,dehumidifier
dehumidifier ctrl,dehumidifier
dehumid ctrl,dehumidifier
dehumid ctrl,dehumidifier
dehumid ctrl,dehumidifier
dehum ctrl,dehumidifier
dehum ctrl,dehumidifier
dehum ctrl,dehumidifier
dehum cmd,dehumidifier
dehum cmd,dehumidifier
dehumcommand,dehumidifier
dehumidifier command,dehumidifier
dehumidifiercommand,dehumidifier
dehumidifier,dehumidifier
dehumidifier command,dehumidifier
dehumid command,dehumidifier
dehumid cmd,dehumidifier
dehumid cmd,dehumidifier
dehumidifier start,dehumidifier
dehumidifier start,dehumidifier
dehumidifier start,dehumidifier
dehum start,dehumidifier
dehum start,dehumidifier
dehumid start,dehumidifier
dehumid start,dehumidifier
dehumid on,dehumidifier
dehumid on,dehumidifier
dehumidifier on,dehumidifier
dehumidifier on,dehumidifier
dpr o,dischargeDamper
dmpr o,dischargeDamper
damper o,dischargeDamper
damper command,dischargeDamper
dmpr cmd,dischargeDamper
damper output,dischargeDamper
damper o,dischargeDamper
damper output,dischargeDamper
dis damper out,dischargeDamper
discharge damper,dischargeDamper
dischargeairdamper,dischargeDamper
discharge damper,dischargeDamper
discharge air damper,dischargeDamper
discharge dampr,dischargeDamper
disairdmpr,dischargeDamper
dis air dmpr,dischargeDamper
dis air dmpr,dischargeDamper
dis air dmpr,dischargeDamper
dis air damper,dischargeDamper
disair dpr,dischargeDamper
da dpr,dischargeDamper
da dmpr,dischargeDamper
sa dmpr,dischargeDamper
sa damper,dischargeDamper
sa damper cmd,dischargeDamper
sa damper output,dischargeDamper
supply damper,dischargeDamper
supplyairdmpr,dischargeDamper
supply air damper,dischargeDamper
supply air damper,dischargeDamper
supply damper cmd,dischargeDamper
s air dmpr,dischargeDamper
supply damper output,dischargeDamper
supply dmpr o,dischargeDamper
supply damper,dischargeDamper
supplydpr,dischargeDamper
dischdprcmd,dischargeDamper
dis damper pos,dischargeDamper
dis damper signal,dischargeDamper
discharge damper cmd,dischargeDamper
da dmpr o,dischargeDamper
da dmpr cmd,dischargeDamper
dis dpr out,dischargeDamper
dairdmpr,dischargeDamper
disch dmpr cmd,dischargeDamper
dis dmpr command,dischargeDamper
dis damper control,dischargeDamper
dair damper,dischargeDamper
sa dpr,dischargeDamper
sa dmpr output,dischargeDamper
sa dmpr pos,dischargeDamper
supairdmpr,dischargeDamper
sa damper cmd,dischargeDamper
da damper o,dischargeDamper
sup damper cmd,dischargeDamper
s air dpr,dischargeDamper
sa dmpr signal,dischargeDamper
supply air dampr cmd,dischargeDamper
sairdmpr,dischargeDamper
sa dmpr control,dischargeDamper
sa dmpr setpoint,dischargeDamper
supply dmpr ctrl,dischargeDamper
sa dpr out,dischargeDamper
s air dmpr,dischargeDamper
supply dmpr actuator,dischargeDamper
supply damper out,dischargeDamper
sa damper valve,dischargeDamper
discharge damper feedback,dischargeDamperFb
discharge dmpr fb,dischargeDamperFb
discharge damper pos,dischargeDamperFb
discharge damper position,dischargeDamperFb
discharge damper feedback,dischargeDamperFb
discharge damper fb,dischargeDamperFb
discharge damper fb,dischargeDamperFb
discharge damper fb,dischargeDamperFb
discharge dmpr feedback,dischargeDamperFb
discharge dmpr fb,dischargeDamperFb
discharge dmpr pos,dischargeDamperFb
discharge dmpr position,dischargeDamperFb
dis damper feedback,dischargeDamperFb
dis damper feedback,dischargeDamperFb
dis damper fb,dischargeDamperFb
dis damper fb,dischargeDamperFb
dis damper fb,dischargeDamperFb
dis damper feedback,dischargeDamperFb
dis dmpr fb,dischargeDamperFb
dis dmpr fb,dischargeDamperFb
dis dmpr feedback,dischargeDamperFb
dis dmpr feedback,dischargeDamperFb
dis dmpr pos,dischargeDamperFb
dis dmpr position,dischargeDamperFb
discharge damper fb,dischargeDamperFb
disch dampr fb,dischargeDamperFb
dis dmpr fb,dischargeDamperFb
discharge damper feedback,dischargeDamperFb
discharge damper feedback,dischargeDamperFb
dischargedamperfb,dischargeDamperFb
dischargedamperfeedback,dischargeDamperFb
disch dmpr fb,dischargeDamperFb
dch dampr fb,dischargeDamperFb
dch dmpr fb,dischargeDamperFb
dch dmpr fb,dischargeDamperFb
dch damper fb,dischargeDamperFb
dch damper fb,dischargeDamperFb
dch damper fb,dischargeDamperFb
dch damper feedback,dischargeDamperFb
dch damper feedback,dischargeDamperFb
dch dmpr feedback,dischargeDamperFb
discharge air damper fb,dischargeDamperFb
discharge air damper fb,dischargeDamperFb
discharge air damper fb,dischargeDamperFb
discharge air damper feedback,dischargeDamperFb
discharge air damper feedback,dischargeDamperFb
air damper discharge feedback,dischargeDamperFb
damper discharge fb,dischargeDamperFb
damper discharge feedback,dischargeDamperFb
discharge damper position,dischargeDamperFb
discharge damper position,dischargeDamperFb
economizer enable,econEnable
econo en,econEnable
econ enable cmd,econEnable
economizer enable command,econEnable
econ enable,econEnable
econ en,econEnable
econ enable,econEnable
econo enable,econEnable
econo enable,econEnable
econo enable,econEnable
econ enable,econEnable
econ cmd enable,econEnable
econ cmd enable,econEnable
econ cmd enable,econEnable
economizer cmd enable,econEnable
economizer cmd enable,econEnable
economizer enable,econEnable
economizer enable,econEnable
economizer enable cmd,econEnable
economizer enable cmd,econEnable
econ enable cmd,econEnable
econ enable cmd,econEnable
econo enable cmd,econEnable
econo enable cmd,econEnable
econ active,econEnable
econ active,econEnable
economizer active,econEnable
economizer active,econEnable
economizer status,econEnable
econ status,econEnable
econo status,econEnable
econ enabled,econEnable
econ enabled,econEnable
econ on,econEnable
econ on,econEnable
econ on,econEnable
econo on,econEnable
econo on,econEnable
econo on,econEnable
economizer on,econEnable
economizer on,econEnable
economizer on,econEnable
econ enable,econEnable
econ enable,econEnable
econ enable cmd,econEnable
econ cmd enable,econEnable
econo enable,econEnable
economizer enable,econEnable
economizer enable,econEnable
economizer enable cmd,econEnable
economizer enable command,econEnable
economizerenable,econEnable
econenable,econEnable
econ enable command,econEnable
enable economizer,econEnable
enable economizer,econEnable
enable economizer,econEnable
econ enable signal,econEnable
economizer enable signal,econEnable
economizer enable sp,econEnableSp
econ en setpoint,econEnableSp
economizer setpoint,econEnableSp
econo spt,econEnableSp
econ enable sp,econEnableSp
econ enable sp,econEnableSp
econ enable sp,econEnableSp
econo enable sp,econEnableSp
econo enable sp,econEnableSp
economizer enable sp,econEnableSp
economizer setpoint,econEnableSp
economizer sp,econEnableSp
economizer spt,econEnableSp
economizer sp,econEnableSp
econ sp,econEnableSp
econ sp,econEnableSp
econ spt,econEnableSp
econ setpoint,econEnableSp
econ setpoint,econEnableSp
econ setpoint,econEnableSp
econo sp,econEnableSp
econo setpoint,econEnableSp
econo setpoint,econEnableSp
econo setpoint,econEnableSp
econ enable setpoint,econEnableSp
economizer enable setpoint,econEnableSp
economizer enable setpoint,econEnableSp
economizer enable spt,econEnableSp
econ enable spt,econEnableSp
econ enable setpt,econEnableSp
econo enable spt,econEnableSp
economizer set pt,econEnableSp
economizer set pt,econEnableSp
economizer set point,econEnableSp
economizer set point,econEnableSp
econ set pt,econEnableSp
econ set pt,econEnableSp
econ set point,econEnableSp
econ set point,econEnableSp
econ enable sp,econEnableSp
economizer enable sp,econEnableSp
economizer sp,econEnableSp
econ sp,econEnableSp
econ spt,econEnableSp
econo spt,econEnableSp
economizer spt,econEnableSp
economizer setpoint,econEnableSp
econo setpoint,econEnableSp
economizer setpt,econEnableSp
econ enable setpoint,econEnableSp
econ enable setpt,econEnableSp
enable economizer sp,econEnableSp
enable economizer sp,econEnableSp
enable economizer sp,econEnableSp
enable econ sp,econEnableSp
enable econ sp,econEnableSp
enable econo sp,econEnableSp
enable econo sp,econEnableSp
econ point sp,econEnableSp
economizer point sp,econEnableSp
economizer status,econStatus
econ sts,econStatus
econo stat,econStatus
econstatus,econStatus
econ status,econStatus
econ status,econStatus
econ status,econStatus
econo status,econStatus
econo status,econStatus
econo status,econStatus
economizer stat,econStatus
economizer stat,econStatus
economizer sts,econStatus
economizer status,econStatus
economizer status,econStatus
economizer sts,econStatus
econ st,econStatus
econ st,econStatus
econo sts,econStatus
econo sts,econStatus
econo sts,econStatus
econ stat,econStatus
econ sts,econStatus
econ sts,econStatus
econsts,econStatus
econstat,econStatus
econ state,econStatus
econ state,econStatus
econ state,econStatus
economizer state,econStatus
economizer state,econStatus
economizer state,econStatus
econo state,econStatus
econo state,econStatus
econo state,econStatus
econ operational,econStatus
econ operational,econStatus
econ operational,econStatus
economizer operational,econStatus
economizer operational,econStatus
economizer operational,econStatus
econ mode,econStatus
econ mode,econStatus
econ mode,econStatus
economizer mode,econStatus
economizer mode,econStatus
economizer mode,econStatus
econ avail,econStatus
econ available,econStatus
economizer avail,econStatus
economizer available,econStatus
econ status,econStatus
economizer status,econStatus
econo status,econStatus
economizer status,econStatus
econ status,econStatus
econ sts,econStatus
econo sts,econStatus
economizer sts,econStatus
enable economizer status,econStatus
enable economizer status,econStatus
economizer mode,econMode
econ mode,econMode
econo mode,econMode
econ mode,econMode
econstate,econMode
economizer mode,econMode
econo mode,econMode
econ mode,econMode
econo mode,econMode
economode,econMode
econ state,econMode
econ state,econMode
economizer state,econMode
economizer state,econMode
econo state,econMode
econo state,econMode
econ oper mode,econMode
econ oper mode,econMode
econ oper mode,econMode
econ operation mode,econMode
econ operation mode,econMode
economizer operation mode,econMode
economizer operation mode,econMode
econ op mode,econMode
econ op mode,econMode
econo op mode,econMode
econo operation mode,econMode
econo operation mode,econMode
economizer op mode,econMode
economizer op mode,econMode
economizer op mode,econMode
econ control mode,econMode
econ control mode,econMode
economizer control mode,econMode
economizer control mode,econMode
econo control mode,econMode
econo control mode,econMode
econ run mode,econMode
econ run mode,econMode
economizer run mode,econMode
economizer run mode,econMode
econ logic mode,econMode
econ logic mode,econMode
economizer logic mode,econMode
economizer logic mode,econMode
econ seq mode,econMode
econ seq mode,econMode
economizer seq mode,econMode
economizer seq mode,econMode
econ step mode,econMode
econ step mode,econMode
economizer step mode,econMode
economizer step mode,econMode
econ mode,econMode
economizer mode,econMode
economizer mode,econMode
econo mode,econMode
econo mode,econMode
econ control mode,econMode
econ operation mode,econMode
emergency stop,emergencyStop
emerg stop,emergencyStop
emergencystop,emergencyStop
emergency stop,emergencyStop
emergency stop,emergencyStop
emerg stop,emergencyStop
e stop,emergencyStop
estop,emergencyStop
e stop,emergencyStop
e stop,emergencyStop
emergency stop,emergencyStop
emergency stop,emergencyStop
emergencystop,emergencyStop
emerg stop,emergencyStop
emerg stop,emergencyStop
emergstop,emergencyStop
e stop signal,emergencyStop
e stop signal,emergencyStop
emergency stop signal,emergencyStop
emergency stop signal,emergencyStop
emerg stop signal,emergencyStop
emergencystop signal,emergencyStop
emergency stop cmd,emergencyStop
emergency stop cmd,emergencyStop
emergency stop command,emergencyStop
emergency stop command,emergencyStop
e stop cmd,emergencyStop
e stop cmd,emergencyStop
estop cmd,emergencyStop
estop command,emergencyStop
estop signal,emergencyStop
estop signal,emergencyStop
e stop signal,emergencyStop
e stop command,emergencyStop
emerg cmd,emergencyStop
emerg cmd,emergencyStop
emergency shutdown,emergencyStop
emergency shutdown,emergencyStop
emergency shutdown,emergencyStop
emergency shutoff,emergencyStop
emergency shutoff,emergencyStop
emergency shutoff,emergencyStop
emerg shutdown,emergencyStop
emerg shutdown,emergencyStop
emerg shutdown,emergencyStop
emergency stop sw,emergencyStop
emergency stop switch,emergencyStop
emergency stop switch,emergencyStop
emerg stop sw,emergencyStop
emerg stop switch,emergencyStop
emerg stop switch,emergencyStop
shutdown emergency,emergencyStop
shutdown emergency,emergencyStop
stop emergency,emergencyStop
stop emergency,emergencyStop
stop emerg,emergencyStop
stop emerg,emergencyStop
e stop active,emergencyStop
emergency stop active,emergencyStop
emergency shutdown,emergencyShutdown
emerg shtdwn,emergencyShutdown
emergency shtdwn,emergencyShutdown
emergency shutdown,emergencyShutdown
emerg shutdown,emergencyShutdown
emerg shutdown,emergencyShutdown
emergency shutdn,emergencyShutdown
emergency shutdn,emergencyShutdown
emerg shutdn,emergencyShutdown
emerg shutdn,emergencyShutdown
emerg shutdown,emergencyShutdown
shutdown emergency,emergencyShutdown
shutdown emergency,emergencyShutdown
shutdown emergency,emergencyShutdown
shutdown emerg,emergencyShutdown
shutdown emerg,emergencyShutdown
shutdown emerg,emergencyShutdown
emergency shutdown cmd,emergencyShutdown
emergency shutdown cmd,emergencyShutdown
emergency shutdown cmd,emergencyShutdown
emerg shutdown cmd,emergencyShutdown
emerg shutdown cmd,emergencyShutdown
shutdown cmd emergency,emergencyShutdown
shutdown cmd emergency,emergencyShutdown
emergency shutdown signal,emergencyShutdown
emergency shutdown signal,emergencyShutdown
emerg shutdown signal,emergencyShutdown
shutdown emergency signal,emergencyShutdown
shutdown emergency signal,emergencyShutdown
emergency shtdn signal,emergencyShutdown
emergency shutdown signal,emergencyShutdown
emergency shutdown state,emergencyShutdown
emergency shutdown state,emergencyShutdown
emergency shutdown state,emergencyShutdown
shutdown mode emergency,emergencyShutdown
shutdown mode emergency,emergencyShutdown
emergency mode shutdown,emergencyShutdown
emergency mode shutdown,emergencyShutdown
shutdown emergency mode,emergencyShutdown
shutdown emergency mode,emergencyShutdown
shutdown emergency cmd,emergencyShutdown
shutdown emergency cmd,emergencyShutdown
emerg shutdown mode,emergencyShutdown
emerg shutdown mode,emergencyShutdown
emergency shutdown,emergencyShutdown
emergency shutdown,emergencyShutdown
emerg shutdwn,emergencyShutdown
emerg shutdown,emergencyShutdown
emerg shutdown,emergencyShutdown
emergency shtdwn,emergencyShutdown
emergency shtdwn,emergencyShutdown
shutdown emergency,emergencyShutdown
shutdown emergency,emergencyShutdown
shutdownemergency,emergencyShutdown
shutdown cmd emergency,emergencyShutdown
emergency cmd shutdown,emergencyShutdown
emergency stop shutdown,emergencyShutdown
shutdown due to emergency,emergencyShutdown
exhaust damper command,exhaustDamper
exh damper cmd,exhaustDamper
exh dmp cmd,exhaustDamper
exhaust damper cmd,exhaustDamper
exhaust damper cmd,exhaustDamper
exh damper cmd,exhaustDamper
exh damper cmd,exhaustDamper
exh dampr cmd,exhaustDamper
exh dmpr cmd,exhaustDamper
exh dmpr cmd,exhaustDamper
exhaust dmpr cmd,exhaustDamper
exhaust dmpr cmd,exhaustDamper
exhaust dmpr cmd,exhaustDamper
exhaust damper command,exhaustDamper
exh damper command,exhaustDamper
exh damper command,exhaustDamper
exhaust damper command,exhaustDamper
exhaust damper cmd,exhaustDamper
exh dmpr cmd,exhaustDamper
exh dmper cmd,exhaustDamper
exh dmpr command,exhaustDamper
exh damper command,exhaustDamper
ex damper cmd,exhaustDamper
ex damper cmd,exhaustDamper
ex dmpr cmd,exhaustDamper
exhaust cmd,exhaustDamper
cmd exhaust damper,exhaustDamper
cmd exh dmpr,exhaustDamper
cmd exh damper,exhaustDamper
cmd exh damper,exhaustDamper
command exhaust damper,exhaustDamper
command exhaust damper,exhaustDamper
exhaust air damper cmd,exhaustDamper
exh air dmpr cmd,exhaustDamper
exh air damper cmd,exhaustDamper
exh air dmpr cmd,exhaustDamper
exhaust air damper cmd,exhaustDamper
exhaust air dmpr cmd,exhaustDamper
exh damper cmd,exhaustDamper
exh dmpr cmd,exhaustDamper
exhaust damper cmd,exhaustDamper
exhaust dmpr cmd,exhaustDamper
exhaust damper cmd,exhaustDamper
exhaust dmpr cmd,exhaustDamper
exhaustdampercmd,exhaustDamper
exhd amp cmd,exhaustDamper
exd amp cmd,exhaustDamper
exhaust damper control,exhaustDamper
exh dmpr control,exhaustDamper
exh dmpr control,exhaustDamper
exhaust dmpr control,exhaustDamper
control exhaust damper,exhaustDamper
ctrl exhaust dmpr,exhaustDamper
ctrl exh damper,exhaustDamper
ctrl exh dmpr,exhaustDamper
exhaust dmpr ctrl,exhaustDamper
exh damper ctrl,exhaustDamper
exh dmpr ctrl,exhaustDamper
exhaust damper feedback,exhaustDamperFb
exh dmpr fb,exhaustDamperFb
exhaust damper status,exhaustDamperFb
exh damper sts,exhaustDamperFb
exhaust damper fb,exhaustDamperFb
exhaust damper fb,exhaustDamperFb
exh damper fb,exhaustDamperFb
exh damper feedback,exhaustDamperFb
exh damper feedback,exhaustDamperFb
exh dmpr feedback,exhaustDamperFb
exhaust dmpr feedback,exhaustDamperFb
exhaust dmpr fb,exhaustDamperFb
exh dmpr fb,exhaustDamperFb
exhaust dmpr fb,exhaustDamperFb
exh dmper fb,exhaustDamperFb
exhaust dmper fb,exhaustDamperFb
ex damper fb,exhaustDamperFb
ex dmpr fb,exhaustDamperFb
exhaust fb,exhaustDamperFb
exhaust pos,exhaustDamperFb
exhaust position,exhaustDamperFb
exhaust damper pos,exhaustDamperFb
exhaust damper pos,exhaustDamperFb
exh damper pos,exhaustDamperFb
exh damper pos,exhaustDamperFb
exh dmpr pos,exhaustDamperFb
exh dmpr pos,exhaustDamperFb
exhaust dmpr pos,exhaustDamperFb
exhaust dmpr pos,exhaustDamperFb
exhaust damper position,exhaustDamperFb
exh damper position,exhaustDamperFb
exh dmpr position,exhaustDamperFb
exh dmpr position,exhaustDamperFb
exh damper position,exhaustDamperFb
exhaust damper position,exhaustDamperFb
exh damper status,exhaustDamperFb
exhaust damper status,exhaustDamperFb
exhaust damper sts,exhaustDamperFb
exhaust dmpr sts,exhaustDamperFb
exh dmpr sts,exhaustDamperFb
exh dmpr status,exhaustDamperFb
exhaust dmpr status,exhaustDamperFb
exh dmper status,exhaustDamperFb
exhaust damper fb,exhaustDamperFb
exhaust dmpr fb,exhaustDamperFb
exh dmpr fb,exhaustDamperFb
exh damper fb,exhaustDamperFb
exh damper status,exhaustDamperFb
exhaust damper status,exhaustDamperFb
exh dmpr status,exhaustDamperFb
exhaust dmpr status,exhaustDamperFb
exh damper pos,exhaustDamperFb
exhaust damper pos,exhaustDamperFb
exh dmpr pos,exhaustDamperFb
exhaust dmpr pos,exhaustDamperFb
exhaust damper feedback,exhaustDamperFb
exhaust dmpr fb,exhaustDamperFb
exh damper fb,exhaustDamperFb
exh dmpr fb,exhaustDamperFb
exhaust damper override,exhaustDamperOvr
exh damper ovr,exhaustDamperOvr
exh dmpr ovr,exhaustDamperOvr
exh dmpr ovr,exhaustDamperOvr
exh damper ovr,exhaustDamperOvr
exhaust damper override,exhaustDamperOvr
exhaust dmpr override,exhaustDamperOvr
exhaust dmpr override,exhaustDamperOvr
exh dmper ovr,exhaustDamperOvr
exhaust dmper ovr,exhaustDamperOvr
exhaust damper override,exhaustDamperOvr
exh damper override,exhaustDamperOvr
exh damper ovr,exhaustDamperOvr
exhaust dmpr ovr,exhaustDamperOvr
ex damper ovr,exhaustDamperOvr
ex dmpr ovr,exhaustDamperOvr
ex dmpr ovr,exhaustDamperOvr
ex damper ovr,exhaustDamperOvr
ovr exhaust damper,exhaustDamperOvr
ovr exh dmpr,exhaustDamperOvr
override exhaust damper,exhaustDamperOvr
override exh dmpr,exhaustDamperOvr
cmd exhaust damper override,exhaustDamperOvr
cmd exh dmpr ovr,exhaustDamperOvr
manual exhaust damper,exhaustDamperOvr
manual exh dmpr,exhaustDamperOvr
manual override exhaust,exhaustDamperOvr
manual override exhaust damper,exhaustDamperOvr
exhaust damper manual,exhaustDamperOvr
exhaust dmpr manual,exhaustDamperOvr
exh damper manual,exhaustDamperOvr
exh dmpr manual,exhaustDamperOvr
manual exh damper ovr,exhaustDamperOvr
manual exh dmpr ovr,exhaustDamperOvr
manual ovr exhaust damper,exhaustDamperOvr
manual ovr exh dmpr,exhaustDamperOvr
exhaust damper ovr cmd,exhaustDamperOvr
exh dmpr override cmd,exhaustDamperOvr
exhaust dmpr override cmd,exhaustDamperOvr
override exhaust dmpr,exhaustDamperOvr
override exh damper,exhaustDamperOvr
exhaust damper ovr,exhaustDamperOvr
exh damper ovr,exhaustDamperOvr
exh dmpr ovr,exhaustDamperOvr
exhaust dmpr ovr,exhaustDamperOvr
exhaust damper override,exhaustDamperOvr
exh damper override,exhaustDamperOvr
exhaust dmpr override,exhaustDamperOvr
exh dmpr override,exhaustDamperOvr
ex dmpr override,exhaustDamperOvr
ex damper override,exhaustDamperOvr
exh ovr cmd,exhaustDamperOvr
exhaust ovr cmd,exhaustDamperOvr
exh ovr cmd,exhaustDamperOvr
exhaust ovr cmd,exhaustDamperOvr
exhaust dmpr ovr cmd,exhaustDamperOvr
exh dmpr ovr cmd,exhaustDamperOvr
freeze protection,freezeProtect
freeze pro,freezeProtect
frost protection,freezeProtect
frost prot,freezeProtect
freeze prot,freezeProtect
freezeprotection,freezeProtect
frostprotect,freezeProtect
frost protect,freezeProtect
freeze protect,freezeProtect
freeze protection mode,freezeProtect
freeze protection mode,freezeProtect
frost protection mode,freezeProtect
frost protection mode,freezeProtect
frost protect mode,freezeProtect
freeze prot mode,freezeProtect
freeze protection status,freezeProtect
freeze protection status,freezeProtect
freeze prot status,freezeProtect
frost prot status,freezeProtect
frost protection status,freezeProtect
freeze protection status,freezeProtect
frost protection status,freezeProtect
freeze protection mode,freezeProtect
frost protection mode,freezeProtect
freeze protect,freezeProtect
frost protect,freezeProtect
frz prot,freezeProtect
frz pro,freezeProtect
frz protection,freezeProtect
frz protect,freezeProtect
frz protect,freezeProtect
frz prot,freezeProtect
frz prot mode,freezeProtect
freeze prot,freezeProtect
freeze prot cmd,freezeProtect
frost prot cmd,freezeProtect
frz pro cmd,freezeProtect
freeze pro cmd,freezeProtect
freeze protection cmd,freezeProtect
frost protection cmd,freezeProtect
cmd freeze protection,freezeProtect
cmd frost prot,freezeProtect
cmd frz prot,freezeProtect
enable freeze protection,freezeProtect
enable frost protection,freezeProtect
enable frz protect,freezeProtect
enable frz pro,freezeProtect
freeze protect enable,freezeProtect
frost prot enable,freezeProtect
frz prot enable,freezeProtect
frz protect enable,freezeProtect
freeze protection,freezeProtect
frost protection,freezeProtect
frz protection,freezeProtect
freezeprotection,freezeProtect
frostprotect,freezeProtect
freeze prot,freezeProtect
freeze prot cmd,freezeProtect
freeze prot status,freezeProtect
frz pro status,freezeProtect
freeze protection setpoint,freezeProtectSp
freeze protection setpoint,freezeProtectSp
freeze prot sp,freezeProtectSp
freeze pro sp,freezeProtectSp
freeze sp,freezeProtectSp
frz prot sp,freezeProtectSp
frz pro sp,freezeProtectSp
frz sp,freezeProtectSp
frost protection setpoint,freezeProtectSp
frost prot sp,freezeProtectSp
frost pro sp,freezeProtectSp
frost sp,freezeProtectSp
frz protection sp,freezeProtectSp
freeze protect setpoint,freezeProtectSp
frost protect setpoint,freezeProtectSp
freeze protection spt,freezeProtectSp
frost protection spt,freezeProtectSp
frz protection spt,freezeProtectSp
freeze prot spt,freezeProtectSp
frz prot spt,freezeProtectSp
frz prot setpt,freezeProtectSp
freeze prot setpt,freezeProtectSp
frost prot setpt,freezeProtectSp
freeze spt,freezeProtectSp
frz spt,freezeProtectSp
frost spt,freezeProtectSp
freeze protection threshold,freezeProtectSp
frost protection threshold,freezeProtectSp
frz protection threshold,freezeProtectSp
freeze prot threshold,freezeProtectSp
frost prot threshold,freezeProtectSp
freeze set point,freezeProtectSp
frost set point,freezeProtectSp
frz set point,freezeProtectSp
freeze point sp,freezeProtectSp
frz point sp,freezeProtectSp
frost point sp,freezeProtectSp
freeze prot sp,freezeProtectSp
frost prot sp,freezeProtectSp
frz prot sp,freezeProtectSp
freeze pro sp,freezeProtectSp
frz pro sp,freezeProtectSp
freeze protection sp,freezeProtectSp
frost protection sp,freezeProtectSp
freeze sp,freezeProtectSp
frz sp,freezeProtectSp
frost sp,freezeProtectSp
freeze spt,freezeProtectSp
frz spt,freezeProtectSp
frost spt,freezeProtectSp
freezeprotect sp,freezeProtectSp
frostprotect sp,freezeProtectSp
freeze protect sp,freezeProtectSp
frost protect sp,freezeProtectSp
freeze temp setpoint,freezeProtectSp
frz temp sp,freezeProtectSp
frost temp sp,freezeProtectSp
freeze protection enable,freezeProtectEnable
freeze protection enable,freezeProtectEnable
freeze pro enable,freezeProtectEnable
freeze pro enable,freezeProtectEnable
frz prot enable,freezeProtectEnable
frz pro enable,freezeProtectEnable
frz pro enable,freezeProtectEnable
frost protection enable,freezeProtectEnable
frost protection enable,freezeProtectEnable
frost pro enable,freezeProtectEnable
frost pro enable,freezeProtectEnable
enable freeze protection,freezeProtectEnable
enable freeze pro,freezeProtectEnable
enable frz prot,freezeProtectEnable
enable frz pro,freezeProtectEnable
enable frost protection,freezeProtectEnable
enable frost pro,freezeProtectEnable
enable frost,freezeProtectEnable
enable frz,freezeProtectEnable
enable freeze,freezeProtectEnable
freeze protect enable,freezeProtectEnable
freeze protect en,freezeProtectEnable
frz protect enable,freezeProtectEnable
frost protect enable,freezeProtectEnable
enable freeze protect,freezeProtectEnable
enable frost protect,freezeProtectEnable
enable frz protect,freezeProtectEnable
enable frz prot,freezeProtectEnable
freeze protection enable,freezeProtectEnable
freeze pro enable,freezeProtectEnable
freeze prot enable,freezeProtectEnable
freeze pro enable cmd,freezeProtectEnable
freeze prot enable cmd,freezeProtectEnable
freeze enable,freezeProtectEnable
frz enable,freezeProtectEnable
frz pro enable,freezeProtectEnable
frz prot enable,freezeProtectEnable
frost pro enable,freezeProtectEnable
frost prot enable,freezeProtectEnable
frost enable,freezeProtectEnable
frostprotect enable,freezeProtectEnable
freezeprotect enable,freezeProtectEnable
frzprotect enable,freezeProtectEnable
freeze en,freezeProtectEnable
freezepro en,freezeProtectEnable
freeze prot en,freezeProtectEnable
frz prot en,freezeProtectEnable
frz pro en,freezeProtectEnable
frost prot en,freezeProtectEnable
frost pro en,freezeProtectEnable
freeze enable,freezeProtectEnable
frz enable,freezeProtectEnable
frost enable,freezeProtectEnable
freeze enable cmd,freezeProtectEnable
freeze prot enable cmd,freezeProtectEnable
frost prot enable cmd,freezeProtectEnable
frz pro enable cmd,freezeProtectEnable
en frz pro,freezeProtectEnable
en freeze prot,freezeProtectEnable
heat enable setpoint,heatingEnableSp
htg enable sp,heatingEnableSp
heating en spt,heatingEnableSp
heat enable sp,heatingEnableSp
heat en sp,heatingEnableSp
htg en spt,heatingEnableSp
htg en setpoint,heatingEnableSp
heating enable setpoint,heatingEnableSp
heating enable sp,heatingEnableSp
heat en setpoint,heatingEnableSp
htg en spt,heatingEnableSp
htg enable sp,heatingEnableSp
htg enable setpt,heatingEnableSp
heat enable setpt,heatingEnableSp
heating sp,heatingEnableSp
heating spt,heatingEnableSp
heat spt,heatingEnableSp
htg spt,heatingEnableSp
heat set point,heatingEnableSp
htg set point,heatingEnableSp
heating setpoint,heatingEnableSp
heating setpt,heatingEnableSp
htg setpt,heatingEnableSp
heat setpt,heatingEnableSp
heat sp,heatingEnableSp
heating sp,heatingEnableSp
heat enable,heatingEnableSp
htg enable,heatingEnableSp
heating enable spt,heatingEnableSp
heating enable sp,heatingEnableSp
heat en spt,heatingEnableSp
htg en setpoint,heatingEnableSp
enable heat setpoint,heatingEnableSp
enable htg setpoint,heatingEnableSp
enable heating sp,heatingEnableSp
enable heating setpt,heatingEnableSp
heat control sp,heatingEnableSp
htg control sp,heatingEnableSp
heating sp enable,heatingEnableSp
htg sp enable,heatingEnableSp
heat sp enable,heatingEnableSp
heating en sp,heatingEnableSp
heating sp cmd,heatingEnableSp
heating sp set,heatingEnableSp
htg enable point,heatingEnableSp
heat enable point,heatingEnableSp
htg point enable,heatingEnableSp
heat point enable,heatingEnableSp
heat sp cmd,heatingEnableSp
heat spt cmd,heatingEnableSp
htg spt cmd,heatingEnableSp
heating set point enable,heatingEnableSp
heat setpoint enable,heatingEnableSp
htg setpoint enable,heatingEnableSp
heating enable setpoint,heatingEnableSp
heating setpoint enable,heatingEnableSp
htg enable sp,heatingEnableSp
heat enable sp,heatingEnableSp
heating enable sp,heatingEnableSp
heat enable setpoint,heatingEnableSp
heating enable command,heatingEnable
heating enable command,heatingEnable
heating enable cmd,heatingEnable
heating enable cmd,heatingEnable
heating enablecmd,heatingEnable
heating cmd,heatingEnable
heating cmd,heatingEnable
heat enable command,heatingEnable
heat enable command,heatingEnable
heat enable cmd,heatingEnable
heat enable cmd,heatingEnable
heat enablecmd,heatingEnable
heat cmd,heatingEnable
heat cmd,heatingEnable
htg enable command,heatingEnable
htg enable command,heatingEnable
htg enable cmd,heatingEnable
htg enable cmd,heatingEnable
htg enablecmd,heatingEnable
htg cmd,heatingEnable
htg cmd,heatingEnable
htg en cmd,heatingEnable
htg en cmd,heatingEnable
htg en cmd,heatingEnable
htg enable cmd,heatingEnable
htg enable cmd,heatingEnable
heat enable cmd,heatingEnable
heating enable cmd,heatingEnable
heating command,heatingEnable
heat command,heatingEnable
htg command,heatingEnable
htg enbl cmd,heatingEnable
htg enbl command,heatingEnable
heating enbl cmd,heatingEnable
heating enbl command,heatingEnable
heat enbl cmd,heatingEnable
heat enbl command,heatingEnable
enable htg,heatingEnable
enable heat,heatingEnable
enable heating,heatingEnable
heating enable cmd,heatingEnable
heat enable cmd,heatingEnable
htg enable cmd,heatingEnable
cmd heating enable,heatingEnable
cmd htg enable,heatingEnable
cmd heat enable,heatingEnable
command heating enable,heatingEnable
command heat enable,heatingEnable
command htg enable,heatingEnable
start heating cmd,heatingEnable
start htg cmd,heatingEnable
enable htg mode,heatingEnable
enable heat mode,heatingEnable
htg mode enable cmd,heatingEnable
heat mode enable cmd,heatingEnable
heating on command,heatingEnable
heat on command,heatingEnable
turn on heating cmd,heatingEnable
turn on htg cmd,heatingEnable
heat start cmd,heatingEnable
htg start cmd,heatingEnable
heating status,heatingStatus
heating status,heatingStatus
heating sts,heatingStatus
heating sts,heatingStatus
heating stat,heatingStatus
heating stat,heatingStatus
heating stat,heatingStatus
heating stat,heatingStatus
htg status,heatingStatus
htg status,heatingStatus
htg sts,heatingStatus
htg sts,heatingStatus
htg stat,heatingStatus
htg stat,heatingStatus
htg status,heatingStatus
htgsts,heatingStatus
htgsts,heatingStatus
htg stat,heatingStatus
heat status,heatingStatus
heat status,heatingStatus
heat stat,heatingStatus
heat stat,heatingStatus
heat sts,heatingStatus
heat sts,heatingStatus
heat sts,heatingStatus
heat stat,heatingStatus
heat stat,heatingStatus
heat status,heatingStatus
heatsts,heatingStatus
heatingsts,heatingStatus
heating sts,heatingStatus
htg status,heatingStatus
htg status signal,heatingStatus
htg status flag,heatingStatus
htg status flag,heatingStatus
htg status sig,heatingStatus
heat status sig,heatingStatus
heating feedback,heatingStatus
heat feedback,heatingStatus
htg feedback,heatingStatus
heating fb,heatingStatus
heat fb,heatingStatus
htg fb,heatingStatus
heating pos,heatingStatus
heating position,heatingStatus
htg pos,heatingStatus
heat pos,heatingStatus
heating on status,heatingStatus
heating on status,heatingStatus
htg on status,heatingStatus
heat on status,heatingStatus
heating output status,heatingStatus
heat output status,heatingStatus
htg output status,heatingStatus
status htg,heatingStatus
status heat,heatingStatus
status heating,heatingStatus
heating enable status,heatingStatus
heating enabled status,heatingStatus
heating valve feedback,heatingValveFb
heating valve feedback,heatingValveFb
htg valve feedback,heatingValveFb
htg valve feedback,heatingValveFb
heat valve feedback,heatingValveFb
heat valve feedback,heatingValveFb
hw valve feedback,heatingValveFb
hw valve feedback,heatingValveFb
heating valve status,heatingValveFb
heating valve status,heatingValveFb
htg valve status,heatingValveFb
htg valve status,heatingValveFb
heat valve status,heatingValveFb
heat valve status,heatingValveFb
hw valve status,heatingValveFb
hw valve status,heatingValveFb
heating valve fb,heatingValveFb
htg valve fb,heatingValveFb
heat valve fb,heatingValveFb
hw valve fb,heatingValveFb
heating valve fb,heatingValveFb
htg valve fb,heatingValveFb
heat valve fb,heatingValveFb
hw valve fb,heatingValveFb
heating valve position,heatingValveFb
htg valve position,heatingValveFb
heat valve position,heatingValveFb
hw valve position,heatingValveFb
heating valve position,heatingValveFb
htg valve position,heatingValveFb
heat valve position,heatingValveFb
hw valve position,heatingValveFb
hw valve status,heatingValveFb
hw valve fb,heatingValveFb
hw valve status,heatingValveFb
hw valve fb,heatingValveFb
hw valve position,heatingValveFb
hw valve pos,heatingValveFb
hw valve fb,heatingValveFb
hw valve status,heatingValveFb
hw valve position,heatingValveFb
htg valve fb,heatingValveFb
htg valve status,heatingValveFb
htg valve position,heatingValveFb
heat valve fb,heatingValveFb
heat valve status,heatingValveFb
heat valve position,heatingValveFb
heating valve fb,heatingValveFb
heating valve status,heatingValveFb
heating valve pos,heatingValveFb
valve hw status,heatingValveFb
valve htg status,heatingValveFb
valve heat status,heatingValveFb
valve htg feedback,heatingValveFb
valve hw feedback,heatingValveFb
valve heat feedback,heatingValveFb
heating outlet valve fb,heatingValveFb
htg loop valve status,heatingValveFb
heat water valve status,heatingValveFb
humidifier command,humidifier
humidifier command,humidifier
humidifier cmd,humidifier
humidifier cmd,humidifier
humidifiercmd,humidifier
humidifier cmd,humidifier
humidifier cmd,humidifier
humidifier command,humidifier
humid cmd,humidifier
humid cmd,humidifier
cmd humidifier,humidifier
cmd humid,humidifier
humid on cmd,humidifier
humidifier on cmd,humidifier
humidifier on command,humidifier
humidifier enable cmd,humidifier
humidifier en cmd,humidifier
humidifier enable command,humidifier
humidifier en cmd,humidifier
humid en cmd,humidifier
humid en command,humidifier
humidifier start,humidifier
humid start,humidifier
humidifier start cmd,humidifier
humidifier start,humidifier
start humidifier cmd,humidifier
start humid cmd,humidifier
humidifier ctrl cmd,humidifier
humid ctrl cmd,humidifier
humidifier actuate,humidifier
humid actuate,humidifier
humidifier activate,humidifier
humid activate,humidifier
humidifier output cmd,humidifier
humidifier output cmd,humidifier
humid output cmd,humidifier
humidifier set cmd,humidifier
humid set cmd,humidifier
humidifier run cmd,humidifier
humid run cmd,humidifier
run humidifier cmd,humidifier
humidifier control command,humidifier
humidifier run command,humidifier
humid run command,humidifier
humidifier control,humidifier
humidifier control,humidifier
humid ctrl,humidifier
humid control cmd,humidifier
humidifier control cmd,humidifier
humidifier on cmd,humidifier
humidify cmd,humidifier
humidify command,humidifier
humidifier enable,humidifierEnable
humidifier enable,humidifierEnable
humidifier en,humidifierEnable
humidifier en,humidifierEnable
humidifier enable,humidifierEnable
humidifier enable,humidifierEnable
humidifier enable,humidifierEnable
humid en,humidifierEnable
humid en,humidifierEnable
humid enable,humidifierEnable
humid enable,humidifierEnable
humidifier enable cmd,humidifierEnable
humidifier enable cmd,humidifierEnable
humidifier enable cmd,humidifierEnable
humidifier en cmd,humidifierEnable
humidifier en cmd,humidifierEnable
humid en cmd,humidifierEnable
humid en cmd,humidifierEnable
humid enable cmd,humidifierEnable
enable humidifier,humidifierEnable
enable humidifier,humidifierEnable
en humidifier,humidifierEnable
en humidifier,humidifierEnable
humidifier switch,humidifierEnable
humidifier switch,humidifierEnable
humidifier power,humidifierEnable
humidifier power,humidifierEnable
humidifier on,humidifierEnable
humidifier on,humidifierEnable
humid on,humidifierEnable
humid on,humidifierEnable
humidifier enable signal,humidifierEnable
humidifier enable signal,humidifierEnable
humidifier en signal,humidifierEnable
enable humid,humidifierEnable
humidifier enable output,humidifierEnable
humidifier enable output,humidifierEnable
humidifier en,humidifierEnable
enable humidifier,humidifierEnable
enable humidifier,humidifierEnable
humid en,humidifierEnable
humid en,humidifierEnable
humidifier activation,humidifierEnable
humidifier activation,humidifierEnable
activate humidifier,humidifierEnable
activate humidifier,humidifierEnable
humidifier active,humidifierEnable
humidifier active,humidifierEnable
humidifier on flag,humidifierEnable
humidifier on status,humidifierEnable
humidifier start enable,humidifierEnable
start humidifier enable,humidifierEnable
humidifier cmd enable,humidifierEnable
humidifier en flag,humidifierEnable
humidifier on en,humidifierEnable
humidifier enable mode,humidifierEnable
humid enable,humidifierEnable
humidifier enbl,humidifierEnable
humidifier enable sp,humidifierEnableSp
humidifier enable sp,humidifierEnableSp
humidifier enable spt,humidifierEnableSp
humidifier enable spt,humidifierEnableSp
humidifier en sp,humidifierEnableSp
humidifier en sp,humidifierEnableSp
humidifier en spt,humidifierEnableSp
humidifier en spt,humidifierEnableSp
humid enable sp,humidifierEnableSp
humid enable sp,humidifierEnableSp
humid enable spt,humidifierEnableSp
humid enable spt,humidifierEnableSp
humid en sp,humidifierEnableSp
humid en sp,humidifierEnableSp
humid en spt,humidifierEnableSp
humid en spt,humidifierEnableSp
humidifier enable sp,humidifierEnableSp
humidifier enable sp,humidifierEnableSp
humidifier enable sp,humidifierEnableSp
humidifier enable setpoint,humidifierEnableSp
humidifier enable setpoint,humidifierEnableSp
humid enable setpoint,humidifierEnableSp
enable humidifier sp,humidifierEnableSp
enable humidifier sp,humidifierEnableSp
enable humidifier sp,humidifierEnableSp
enable humidifier sp,humidifierEnableSp
humidifier set enable sp,humidifierEnableSp
humidifier enable setpoint,humidifierEnableSp
humid enable setpoint,humidifierEnableSp
humidifier setpoint enable,humidifierEnableSp
humid setpoint enable,humidifierEnableSp
humidifier en setpoint,humidifierEnableSp
humidifier en setpoint,humidifierEnableSp
humid en setpoint,humidifierEnableSp
humid en setpoint,humidifierEnableSp
humidifier start sp,humidifierEnableSp
humidifier start sp,humidifierEnableSp
humid start sp,humidifierEnableSp
humid start sp,humidifierEnableSp
humidifier cmd sp,humidifierEnableSp
humidifier cmd sp,humidifierEnableSp
humid cmd sp,humidifierEnableSp
humid cmd sp,humidifierEnableSp
humidifier sp enable,humidifierEnableSp
humidifier sp enable,humidifierEnableSp
humidifier spt enable,humidifierEnableSp
humidifier spt enable,humidifierEnableSp
humidifier enablepoint,humidifierEnableSp
humidifier enable sp val,humidifierEnableSp
humidifier enable setpoint,humidifierEnableSp
humid enable setpoint,humidifierEnableSp
humidifier enable spt,humidifierEnableSp
humidifier enable spt,humidifierEnableSp
humidifier sp enable,humidifierEnableSp
sp humidifier enable,humidifierEnableSp
spt humidifier enable,humidifierEnableSp
humidifier enable value,humidifierEnableSp
humidifier enable setting,humidifierEnableSp
hvac mode,hvacMode
hvac mode,hvacMode
hvac mode,hvacMode
hvacmode,hvacMode
hvac mode,hvacMode
hvac mode,hvacMode
hvac mode cmd,hvacMode
hvac mode cmd,hvacMode
hvac mode cmd,hvacMode
hvacmode cmd,hvacMode
hvac mode command,hvacMode
hvac mode command,hvacMode
hvac mode command,hvacMode
cmd hvac mode,hvacMode
hvac cmd mode,hvacMode
hvac op mode,hvacMode
hvac op mode,hvacMode
hvac op mode,hvacMode
hvac operating mode,hvacMode
hvac operating mode,hvacMode
hvac operating mode,hvacMode
hvac operating mode,hvacMode
mode hvac,hvacMode
mode hvac,hvacMode
modehvac,hvacMode
hvac mode sel,hvacMode
hvac mode sel,hvacMode
hvac mode sel,hvacMode
hvac mode sel,hvacMode
hvac mode selection,hvacMode
hvac mode selection,hvacMode
hvac mode selection,hvacMode
select hvac mode,hvacMode
hvac current mode,hvacMode
current hvac mode,hvacMode
current hvac mode,hvacMode
curr hvac mode,hvacMode
curr hvac mode,hvacMode
mode selection hvac,hvacMode
mode select hvac,hvacMode
hvac mode active,hvacMode
hvac mode active,hvacMode
active hvac mode,hvacMode
hvac mode active,hvacMode
hvac mode status,hvacMode
hvac mode status,hvacMode
hvac mode status,hvacMode
hvac mode cmd input,hvacMode
hvac mode input,hvacMode
input hvac mode,hvacMode
hvac input mode,hvacMode
hvac mode command input,hvacMode
hvac mode option,hvacMode
hvac mode option,hvacMode
hvac option mode,hvacMode
hvac mode function,hvacMode
hvac function mode,hvacMode
function hvac mode,hvacMode
function mode hvac,hvacMode
hvac mode ovr,hvacModeOvr
hvac mode ovr,hvacModeOvr
hvac mode ovr,hvacModeOvr
hvac mode ovr,hvacModeOvr
hvac mode ovr,hvacModeOvr
hvac mode override,hvacModeOvr
hvac mode override,hvacModeOvr
hvac mode override,hvacModeOvr
hvac mode override,hvacModeOvr
override hvac mode,hvacModeOvr
override hvac mode,hvacModeOvr
ovr hvac mode,hvacModeOvr
ovr hvac mode,hvacModeOvr
manual hvac mode,hvacModeOvr
manual hvac mode,hvacModeOvr
hvac mode manual,hvacModeOvr
hvac mode manual,hvacModeOvr
hvac manual mode,hvacModeOvr
force hvac mode,hvacModeOvr
force hvac mode,hvacModeOvr
forced hvac mode,hvacModeOvr
forced hvac mode,hvacModeOvr
forced hvac mode,hvacModeOvr
bypass hvac mode,hvacModeOvr
bypass hvac mode,hvacModeOvr
hvac mode bypass,hvacModeOvr
hvac mode bypass,hvacModeOvr
hvac bypass mode,hvacModeOvr
hvac mode bypass,hvacModeOvr
manual mode hvac,hvacModeOvr
manual mode hvac,hvacModeOvr
manual mode hvac,hvacModeOvr
hvac override,hvacModeOvr
hvac override,hvacModeOvr
override hvac,hvacModeOvr
hvac override mode,hvacModeOvr
hvac mode ovr,hvacModeOvr
mode override hvac,hvacModeOvr
mode override hvac,hvacModeOvr
hvac mode force,hvacModeOvr
hvac mode force,hvacModeOvr
force mode hvac,hvacModeOvr
hvac forced mode,hvacModeOvr
hvac forced mode,hvacModeOvr
hvac override cmd,hvacModeOvr
hvac override cmd,hvacModeOvr
override cmd hvac,hvacModeOvr
override cmd hvac,hvacModeOvr
hvac mode override cmd,hvacModeOvr
hvac mode override cmd,hvacModeOvr
manual override hvac,hvacModeOvr
manual override hvac,hvacModeOvr
hvac mode manual ovr,hvacModeOvr
manual hvac mode cmd,hvacModeOvr
manual hvac mode cmd,hvacModeOvr
hvac mode forced,hvacModeOvr
hvac mode forced,hvacModeOvr
hvac manual mode input,hvacModeOvr
low limit alarm,lowLimitAlarm
low limit alarm,lowLimitAlarm
lo lim alm,lowLimitAlarm
lo limit alarm,lowLimitAlarm
low lim alarm,lowLimitAlarm
low limit alarm,lowLimitAlarm
low limit alarm,lowLimitAlarm
low limit alarm,lowLimitAlarm
lowlimit alarm,lowLimitAlarm
lowlimit alarm,lowLimitAlarm
lowlmt alarm,lowLimitAlarm
lowlmt alarm,lowLimitAlarm
low lim alarm,lowLimitAlarm
low lim alarm,lowLimitAlarm
low lim alm,lowLimitAlarm
low lim alm,lowLimitAlarm
lowtemp alarm,lowLimitAlarm
low temp alarm,lowLimitAlarm
low temp alm,lowLimitAlarm
low temp alarm,lowLimitAlarm
lo temp alm,lowLimitAlarm
lo temp alarm,lowLimitAlarm
lo temp alarm,lowLimitAlarm
lo temp alm,lowLimitAlarm
lo temp alrt,lowLimitAlarm
low temp alm,lowLimitAlarm
low temp alm,lowLimitAlarm
low temp alarm,lowLimitAlarm
lowtemp alarm,lowLimitAlarm
low temp alm,lowLimitAlarm
low temperature alarm,lowLimitAlarm
low temperature alarm,lowLimitAlarm
low temp alrt,lowLimitAlarm
low temp alert,lowLimitAlarm
lo temp alarm,lowLimitAlarm
lo temp alm,lowLimitAlarm
low temp trigger,lowLimitAlarm
lo temp trigger,lowLimitAlarm
low temp trig,lowLimitAlarm
low temp trig,lowLimitAlarm
low limit alrt,lowLimitAlarm
low limit alrt,lowLimitAlarm
lowlim alarm,lowLimitAlarm
lowlim alarm,lowLimitAlarm
low lmt alarm,lowLimitAlarm
low lmt alm,lowLimitAlarm
l l alarm,lowLimitAlarm
ll alarm,lowLimitAlarm
ll alarm,lowLimitAlarm
lowthreshold alarm,lowLimitAlarm
low threshold alarm,lowLimitAlarm
low thresh alm,lowLimitAlarm
low thresh alarm,lowLimitAlarm
lo thres alm,lowLimitAlarm
lo threshold alm,lowLimitAlarm
limit low alarm,lowLimitAlarm
alarm low limit,lowLimitAlarm
low temp lim alarm,lowLimitAlarm
low temp lmt alarm,lowLimitAlarm
high limit alarm,highLimitAlarm
high limit alarm,highLimitAlarm
hi lim alm,highLimitAlarm
hi limit alarm,highLimitAlarm
high lim alarm,highLimitAlarm
high limit alarm,highLimitAlarm
high limit alarm,highLimitAlarm
high limit alarm,highLimitAlarm
highlimit alarm,highLimitAlarm
highlimit alarm,highLimitAlarm
highlmt alarm,highLimitAlarm
highlmt alarm,highLimitAlarm
high lim alarm,highLimitAlarm
high lim alarm,highLimitAlarm
high lim alm,highLimitAlarm
high lim alm,highLimitAlarm
hightemp alarm,highLimitAlarm
high temp alarm,highLimitAlarm
high temp alm,highLimitAlarm
high temp alarm,highLimitAlarm
hi temp alm,highLimitAlarm
hi temp alarm,highLimitAlarm
hi temp alarm,highLimitAlarm
hi temp alm,highLimitAlarm
hi temp alrt,highLimitAlarm
high temp alm,highLimitAlarm
high temp alm,highLimitAlarm
high temp alarm,highLimitAlarm
hightemp alarm,highLimitAlarm
high temp alm,highLimitAlarm
high temperature alarm,highLimitAlarm
high temperature alarm,highLimitAlarm
high temp alrt,highLimitAlarm
high temp alert,highLimitAlarm
hi temp alarm,highLimitAlarm
hi temp alm,highLimitAlarm
high temp trigger,highLimitAlarm
hi temp trigger,highLimitAlarm
high temp trig,highLimitAlarm
high temp trig,highLimitAlarm
high limit alrt,highLimitAlarm
high limit alrt,highLimitAlarm
highlim alarm,highLimitAlarm
highlim alarm,highLimitAlarm
high lmt alarm,highLimitAlarm
high lmt alm,highLimitAlarm
h l alarm,highLimitAlarm
hl alarm,highLimitAlarm
hl alarm,highLimitAlarm
highthreshold alarm,highLimitAlarm
high threshold alarm,highLimitAlarm
high thresh alm,highLimitAlarm
high thresh alarm,highLimitAlarm
hi thres alm,highLimitAlarm
hi threshold alm,highLimitAlarm
limit high alarm,highLimitAlarm
alarm high limit,highLimitAlarm
high temp lim alarm,highLimitAlarm
high temp lmt alarm,highLimitAlarm
minimum oa damper command,minOutsideDamper
min outside air damper command,minOutsideDamper
min oa dmp cmd,minOutsideDamper
min oad cmd,minOutsideDamper
min oa dmpr cmd,minOutsideDamper
min oa damper cmd,minOutsideDamper
min outdoor air damper command,minOutsideDamper
minimum outdoor damper command,minOutsideDamper
minimum oas damper cmd,minOutsideDamper
min outside damper cmd,minOutsideDamper
min outside damper cmd,minOutsideDamper
min outside air damper cmd,minOutsideDamper
min outdoor damper cmd,minOutsideDamper
min oa dmpr command,minOutsideDamper
min o a damper cmd,minOutsideDamper
min oa dmp command,minOutsideDamper
min oa command,minOutsideDamper
min oa cmd,minOutsideDamper
min oa damper cmd,minOutsideDamper
min oa dmpr command,minOutsideDamper
min oa position cmd,minOutsideDamper
min oas pos cmd,minOutsideDamper
minimum oa pos command,minOutsideDamper
oa damper min cmd,minOutsideDamper
oa dmpr min cmd,minOutsideDamper
outside air damper min cmd,minOutsideDamper
min oa ctrl cmd,minOutsideDamper
min oac command,minOutsideDamper
minimum oa command,minOutsideDamper
minimum oa control,minOutsideDamper
minimum oa control,minOutsideDamper
min oa control,minOutsideDamper
minimum outside damper,minOutsideDamper
minimum outside damper,minOutsideDamper
min outside damper,minOutsideDamper
min oa damper cmd,minOutsideDamper
min oa damper command,minOutsideDamper
min oa flow damper cmd,minOutsideDamper
min oa flow damper command,minOutsideDamper
oa damper minimum command,minOutsideDamper
oa damper min command,minOutsideDamper
oa min damper cmd,minOutsideDamper
oa min dmpr cmd,minOutsideDamper
oa min damper command,minOutsideDamper
oa min dmpr cmd,minOutsideDamper
oa damper minimum control,minOutsideDamper
oa min damper ctrl,minOutsideDamper
oa damper ctrl min,minOutsideDamper
oa damper command min,minOutsideDamper
minimum outdoor air damper,minOutsideDamper
minimum o a damper command,minOutsideDamper
min outdoor air damper cmd,minOutsideDamper
min outdoor damper command,minOutsideDamper
minimum outdoor air dmpr cmd,minOutsideDamper
min oa,minOutsideDamper
min o acmd,minOutsideDamper
min oa dmpr cmd,minOutsideDamper
min oa damper command,minOutsideDamper
oa minimum damper,minOutsideDamper
min outside air damper feedback,minOutsideDamperFb
minimum oa damper fb,minOutsideDamperFb
min oa dmp fb,minOutsideDamperFb
min oad fb,minOutsideDamperFb
min oa dmpr fb,minOutsideDamperFb
min oa damper pos,minOutsideDamperFb
min outdoor air damper feedback,minOutsideDamperFb
minimum outdoor damper pos,minOutsideDamperFb
minimum oas damper position,minOutsideDamperFb
min outside damper fb,minOutsideDamperFb
min outside damper feedback,minOutsideDamperFb
min outside air damper position,minOutsideDamperFb
min outdoor damper position,minOutsideDamperFb
min oa dmpr feedback,minOutsideDamperFb
min o a damper fb,minOutsideDamperFb
min oa dmp position,minOutsideDamperFb
min oa feedback,minOutsideDamperFb
min oa fb,minOutsideDamperFb
min oa damper fb,minOutsideDamperFb
min oa dmpr feedback,minOutsideDamperFb
min oa position fb,minOutsideDamperFb
min oas pos fb,minOutsideDamperFb
minimum oa pos feedback,minOutsideDamperFb
oa damper min fb,minOutsideDamperFb
oa dmpr min feedback,minOutsideDamperFb
outside air damper min fb,minOutsideDamperFb
min oa ctrl fb,minOutsideDamperFb
min oac feedback,minOutsideDamperFb
minimum oa feedback,minOutsideDamperFb
minimum oa status,minOutsideDamperFb
minimum oa status,minOutsideDamperFb
min oa status,minOutsideDamperFb
minimum outside damper fb,minOutsideDamperFb
minimum outside damper fb,minOutsideDamperFb
min outside damper fb,minOutsideDamperFb
min oa damper fb,minOutsideDamperFb
min oa damper feedback,minOutsideDamperFb
min oa flow damper fb,minOutsideDamperFb
min oa flow damper feedback,minOutsideDamperFb
oa damper minimum feedback,minOutsideDamperFb
oa damper min status,minOutsideDamperFb
oa min damper fb,minOutsideDamperFb
oa min dmpr fb,minOutsideDamperFb
oa min damper feedback,minOutsideDamperFb
oa min dmpr pos,minOutsideDamperFb
oa damper minimum pos,minOutsideDamperFb
oa min damper fb,minOutsideDamperFb
oa damper fb min,minOutsideDamperFb
oa damper feedback min,minOutsideDamperFb
minimum outdoor air damper fb,minOutsideDamperFb
minimum o a damper feedback,minOutsideDamperFb
min outdoor air damper fb,minOutsideDamperFb
min outdoor damper fb,minOutsideDamperFb
minimum outdoor air dmpr pos,minOutsideDamperFb
min oa fb,minOutsideDamperFb
min oa dmpr fb,minOutsideDamperFb
min oa damper feedback,minOutsideDamperFb
oa minimum damper fb,minOutsideDamperFb
min oa dmpr status,minOutsideDamperFb
min outside air damper override,minOutsideDamperOvr
minimum oa damper ovr,minOutsideDamperOvr
min oa dmp ovr,minOutsideDamperOvr
min oad ovr,minOutsideDamperOvr
min oa dmpr override,minOutsideDamperOvr
min oa damper override,minOutsideDamperOvr
min outdoor air damper ovr,minOutsideDamperOvr
minimum outdoor damper override,minOutsideDamperOvr
minimum oas damper override,minOutsideDamperOvr
min outside damper ovr,minOutsideDamperOvr
min outside damper ovr,minOutsideDamperOvr
min outside air damper override,minOutsideDamperOvr
min outdoor damper override,minOutsideDamperOvr
min oa dmpr override,minOutsideDamperOvr
min o a damper ovr,minOutsideDamperOvr
min oa dmp override,minOutsideDamperOvr
min oa override,minOutsideDamperOvr
min oa ovr,minOutsideDamperOvr
min oa damper ovr,minOutsideDamperOvr
min oa dmpr override,minOutsideDamperOvr
min oa position ovr,minOutsideDamperOvr
min oas pos ovr,minOutsideDamperOvr
minimum oa pos override,minOutsideDamperOvr
oa damper min ovr,minOutsideDamperOvr
oa dmpr min ovr,minOutsideDamperOvr
outside air damper min ovr,minOutsideDamperOvr
min oa ctrl ovr,minOutsideDamperOvr
min oac ovr,minOutsideDamperOvr
minimum oa override,minOutsideDamperOvr
minimum oa override cmd,minOutsideDamperOvr
minimum oa override,minOutsideDamperOvr
min oa override cmd,minOutsideDamperOvr
minimum outside damper override,minOutsideDamperOvr
minimum outside damper ovr,minOutsideDamperOvr
min outside damper ovr,minOutsideDamperOvr
min oa damper ovr,minOutsideDamperOvr
min oa damper override,minOutsideDamperOvr
min oa flow damper ovr,minOutsideDamperOvr
min oa flow damper override,minOutsideDamperOvr
oa damper minimum override,minOutsideDamperOvr
oa damper min override,minOutsideDamperOvr
oa min damper ovr,minOutsideDamperOvr
oa min dmpr ovr,minOutsideDamperOvr
oa min damper ovr,minOutsideDamperOvr
oa min dmpr ovr,minOutsideDamperOvr
oa damper minimum ctrl override,minOutsideDamperOvr
oa min damper override,minOutsideDamperOvr
oa damper ovr min,minOutsideDamperOvr
oa damper override min,minOutsideDamperOvr
minimum outdoor air damper ovr,minOutsideDamperOvr
minimum o a damper ovr,minOutsideDamperOvr
min outdoor air damper ovr,minOutsideDamperOvr
min outdoor damper ovr,minOutsideDamperOvr
minimum outdoor air dmpr override,minOutsideDamperOvr
min oa ovr,minOutsideDamperOvr
min oa dmpr ovr,minOutsideDamperOvr
min oa damper override,minOutsideDamperOvr
oa minimum damper ovr,minOutsideDamperOvr
min oa dmpr override cmd,minOutsideDamperOvr
minimum oa damper sp,minOutsideDamperMinSp
min oa damper sp,minOutsideDamperMinSp
min oa dmp spt,minOutsideDamperMinSp
min oad spt,minOutsideDamperMinSp
min oa sp,minOutsideDamperMinSp
min oa setpoint,minOutsideDamperMinSp
min outside air damper setpoint,minOutsideDamperMinSp
min outside damper sp,minOutsideDamperMinSp
min outdoor air damper sp,minOutsideDamperMinSp
min oa damper spt,minOutsideDamperMinSp
min oa dmpr sp,minOutsideDamperMinSp
min outdoor air damper spt,minOutsideDamperMinSp
minimum outdoor damper setpoint,minOutsideDamperMinSp
min outside air damper sp,minOutsideDamperMinSp
minimum oa sp,minOutsideDamperMinSp
minimum oas damper spt,minOutsideDamperMinSp
min oa sp,minOutsideDamperMinSp
min oa setpoint,minOutsideDamperMinSp
min oa sp,minOutsideDamperMinSp
min oa damper setpt,minOutsideDamperMinSp
min oa setpt,minOutsideDamperMinSp
min oa spt,minOutsideDamperMinSp
min oa damper spt,minOutsideDamperMinSp
min oa flow setpoint,minOutsideDamperMinSp
oa damper min sp,minOutsideDamperMinSp
oa dmpr min spt,minOutsideDamperMinSp
oa damper minimum sp,minOutsideDamperMinSp
minimum oa position setpoint,minOutsideDamperMinSp
oa min dmpr spt,minOutsideDamperMinSp
oa min damper spt,minOutsideDamperMinSp
oa damper minimum setpoint,minOutsideDamperMinSp
oa damper min spt,minOutsideDamperMinSp
oa min damper setpoint,minOutsideDamperMinSp
oa min setpoint,minOutsideDamperMinSp
oa min spt,minOutsideDamperMinSp
oa min dmpr sp,minOutsideDamperMinSp
oa min damper sp,minOutsideDamperMinSp
min oa ctrl sp,minOutsideDamperMinSp
min oa pos spt,minOutsideDamperMinSp
minimum oa damper spt,minOutsideDamperMinSp
minimum outdoor air damper sp,minOutsideDamperMinSp
minimum o a damper sp,minOutsideDamperMinSp
min outdoor damper spt,minOutsideDamperMinSp
minimum outdoor air dmpr sp,minOutsideDamperMinSp
min oa dmpr spt,minOutsideDamperMinSp
min oa dmpr spt,minOutsideDamperMinSp
min oa damper sp,minOutsideDamperMinSp
oa minimum damper sp,minOutsideDamperMinSp
oa minimum damper spt,minOutsideDamperMinSp
minimum oa setpoint,minOutsideDamperMinSp
min oa flow spt,minOutsideDamperMinSp
oa damper spt min,minOutsideDamperMinSp
oa minimum spt,minOutsideDamperMinSp
oa minimum setpoint,minOutsideDamperMinSp
min oa spt cmd,minOutsideDamperMinSp
minimum oa dmpr sp,minOutsideDamperMinSp
min oa damper setpt,minOutsideDamperMinSp
oa damper minimum spt,minOutsideDamperMinSp
oa min flow spt,minOutsideDamperMinSp
oa dmpr min sp,minOutsideDamperMinSp
occupancy mode,occupancyMode
occ mode,occupancyMode
occupied mode,occupancyMode
occ mode,occupancyMode
occ mode,occupancyMode
occup mode,occupancyMode
occupancymode,occupancyMode
occupancy mode,occupancyMode
occmode,occupancyMode
occ mode,occupancyMode
occup mode status,occupancyMode
occupancy mode status,occupancyMode
occupancy status mode,occupancyMode
occ status mode,occupancyMode
mode occupancy,occupancyMode
occup sts mode,occupancyMode
occ stat mode,occupancyMode
occup status mode,occupancyMode
occupancy mode,occupancyMode
occup mode,occupancyMode
occmd status,occupancyMode
occmodestatus,occupancyMode
occupiedstatusmode,occupancyMode
mode occ,occupancyMode
occ mode status,occupancyMode
occ stat mode,occupancyMode
occ sts mode,occupancyMode
occ mode,occupancyMode
occup mode,occupancyMode
occ mode feedback,occupancyMode
occ md,occupancyMode
ocp mode,occupancyMode
occupancy md,occupancyMode
occup mode,occupancyMode
occupmd,occupancyMode
occup sts mode,occupancyMode
occupancystatusmode,occupancyMode
occup mod,occupancyMode
occ control mode,occupancyMode
occup control mode,occupancyMode
ocp mode,occupancyMode
occupancymd,occupancyMode
occupancy state mode,occupancyMode
occup state mode,occupancyMode
occ state mode,occupancyMode
mode occ status,occupancyMode
mode occupied,occupancyMode
mode occ stat,occupancyMode
occup status,occupancyMode
occ status,occupancyMode
occ control stat,occupancyMode
occ status mode,occupancyMode
occ state mode,occupancyMode
occupied state,occupancyMode
occupied stat,occupancyMode
occupied mode status,occupancyMode
occup mode feedback,occupancyMode
occ status feedback,occupancyMode
occup status feedback,occupancyMode
mode occ feedback,occupancyMode
occup mode stat,occupancyMode
occupancy mode override,occupancyModeOvr
occ mode ovr,occupancyModeOvr
occupied mode override,occupancyModeOvr
occ mode ovr,occupancyModeOvr
occ mode ovr,occupancyModeOvr
occup mode override,occupancyModeOvr
occupancymodeoverride,occupancyModeOvr
occupancy mode override,occupancyModeOvr
occmodeovr,occupancyModeOvr
occ mode ovr,occupancyModeOvr
occup mode ovr,occupancyModeOvr
occup override,occupancyModeOvr
occ mode override,occupancyModeOvr
occupancy ovr mode,occupancyModeOvr
occ ovr mode,occupancyModeOvr
mode occupancy ovr,occupancyModeOvr
occ ovr mode,occupancyModeOvr
occup status ovr,occupancyModeOvr
occupancy mode ovr,occupancyModeOvr
occupancy mode ovr,occupancyModeOvr
occup mode ovr,occupancyModeOvr
occmodovr,occupancyModeOvr
occ mode override stat,occupancyModeOvr
override occ mode,occupancyModeOvr
override occupancy mode,occupancyModeOvr
occ mode override,occupancyModeOvr
occupied mode ovr,occupancyModeOvr
occ sts ovr,occupancyModeOvr
occ mode ovr,occupancyModeOvr
occup mode ovr,occupancyModeOvr
occ mode manual,occupancyModeOvr
occup override status,occupancyModeOvr
manual occupancy mode,occupancyModeOvr
manual occ mode,occupancyModeOvr
occupancy override manual,occupancyModeOvr
manual mode occ,occupancyModeOvr
occup override mode,occupancyModeOvr
occ ovrd mode,occupancyModeOvr
ovr occ mode,occupancyModeOvr
occ ovr stat,occupancyModeOvr
occ mode ovrd,occupancyModeOvr
occ ovrd mode,occupancyModeOvr
ovr occ mode,occupancyModeOvr
override occ,occupancyModeOvr
manual override occ,occupancyModeOvr
ovrd occupancy mode,occupancyModeOvr
occup ovr stat,occupancyModeOvr
occupancy override,occupancyModeOvr
occ override mode,occupancyModeOvr
occ stat ovr,occupancyModeOvr
override occupancy,occupancyModeOvr
manual occ mode ovr,occupancyModeOvr
manual occ ovr,occupancyModeOvr
occ override,occupancyModeOvr
occ manual override,occupancyModeOvr
occ ovr status,occupancyModeOvr
occ override,occupancyModeOvr
ovr occ mode,occupancyModeOvr
ovrd occ status,occupancyModeOvr
occ manual mode,occupancyModeOvr
occupied cool sp,occupiedCoolSp
occupied cool setpoint,occupiedCoolSp
occ clg spt,occupiedCoolSp
occupied cool sp,occupiedCoolSp
occupied cool sp,occupiedCoolSp
occupied cooling setpoint,occupiedCoolSp
occ cool sp,occupiedCoolSp
occ cool setpoint,occupiedCoolSp
occupied clg spt,occupiedCoolSp
occupied clg sp,occupiedCoolSp
occupied clg sp,occupiedCoolSp
occ cooling sp,occupiedCoolSp
occ cool setpoint,occupiedCoolSp
occ cool setpt,occupiedCoolSp
occ clg sp,occupiedCoolSp
occ cool spt,occupiedCoolSp
occupied clg sp,occupiedCoolSp
occupied clg spt,occupiedCoolSp
occupied cooling sp,occupiedCoolSp
occ cool sp,occupiedCoolSp
occupied cool spt,occupiedCoolSp
occ cool setpt,occupiedCoolSp
occupied clg setpoint,occupiedCoolSp
occ clg setpt,occupiedCoolSp
occupied clg setpt,occupiedCoolSp
occupied cooling setpoint,occupiedCoolSp
occ cool sp setpoint,occupiedCoolSp
occupied cool spt,occupiedCoolSp
occ clg spt,occupiedCoolSp
occupied clg spt,occupiedCoolSp
occ clg setpoint,occupiedCoolSp
clg sp occ,occupiedCoolSp
cool setpoint occupied,occupiedCoolSp
clg setpoint occ,occupiedCoolSp
occupied clg spt setpoint,occupiedCoolSp
occ cool sp setpt,occupiedCoolSp
occ clg spt,occupiedCoolSp
occ cool spt,occupiedCoolSp
occ cooling setpoint,occupiedCoolSp
occ cool sp,occupiedCoolSp
occupied cool setpt,occupiedCoolSp
occupied cooling setpoint,occupiedCoolSp
occ cooling setpoint,occupiedCoolSp
occ cooling setpoint,occupiedCoolSp
occ cool spt,occupiedCoolSp
occupied cooling spt,occupiedCoolSp
occ clg sp spt,occupiedCoolSp
occupied clg sp spt,occupiedCoolSp
cool occ spt,occupiedCoolSp
clg setpoint occupied,occupiedCoolSp
cooling setpoint occ,occupiedCoolSp
occupied clg setpoint,occupiedCoolSp
occ cool setpoint,occupiedCoolSp
occ clg spt,occupiedCoolSp
cooling occupied spt,occupiedCoolSp
clg occ sp,occupiedCoolSp
occ clg setpoint,occupiedCoolSp
occupied clg setpoint,occupiedCoolSp
clg spt occ,occupiedCoolSp
cool occ setpoint,occupiedCoolSp
occupied heat sp,occupiedHeatSp
occupied heat setpoint,occupiedHeatSp
occ htg spt,occupiedHeatSp
occupied heat sp,occupiedHeatSp
occupied heat sp,occupiedHeatSp
occupied heating setpoint,occupiedHeatSp
occ heat sp,occupiedHeatSp
occ heat setpoint,occupiedHeatSp
occupied htg spt,occupiedHeatSp
occupied htg sp,occupiedHeatSp
occupied htg sp,occupiedHeatSp
occ heating sp,occupiedHeatSp
occ heat setpoint,occupiedHeatSp
occ heat setpt,occupiedHeatSp
occ htg sp,occupiedHeatSp
occ heat spt,occupiedHeatSp
occupied htg sp,occupiedHeatSp
occupied htg spt,occupiedHeatSp
occupied heating sp,occupiedHeatSp
occ heat sp,occupiedHeatSp
occupied heat spt,occupiedHeatSp
occ heat setpt,occupiedHeatSp
occupied htg setpoint,occupiedHeatSp
occ htg setpt,occupiedHeatSp
occupied htg setpt,occupiedHeatSp
occupied heating setpoint,occupiedHeatSp
occ heat sp setpoint,occupiedHeatSp
occupied heat spt,occupiedHeatSp
occupied htg spt,occupiedHeatSp
occ htg setpoint,occupiedHeatSp
htg sp occ,occupiedHeatSp
heat setpoint occupied,occupiedHeatSp
htg setpoint occ,occupiedHeatSp
occupied htg spt setpoint,occupiedHeatSp
occ heat sp setpt,occupiedHeatSp
occ htg spt,occupiedHeatSp
occ heat spt,occupiedHeatSp
occ heating setpoint,occupiedHeatSp
occ heat sp,occupiedHeatSp
occupied heat setpt,occupiedHeatSp
occupied heating setpoint,occupiedHeatSp
occ heating setpoint,occupiedHeatSp
occ heating setpoint,occupiedHeatSp
occ heat spt,occupiedHeatSp
occupied heating spt,occupiedHeatSp
occ htg sp spt,occupiedHeatSp
occupied htg sp spt,occupiedHeatSp
heat occ spt,occupiedHeatSp
htg setpoint occupied,occupiedHeatSp
heating setpoint occ,occupiedHeatSp
occupied htg setpoint,occupiedHeatSp
occ heat setpoint,occupiedHeatSp
occ htg spt,occupiedHeatSp
heating occupied spt,occupiedHeatSp
htg occ sp,occupiedHeatSp
occ htg setpoint,occupiedHeatSp
occupied htg setpoint,occupiedHeatSp
htg spt occ,occupiedHeatSp
heat occ setpoint,occupiedHeatSp
occupied cool sp local,occupiedCoolSpLocal
occupied cool sp local,occupiedCoolSpLocal
occupied cool sp local,occupiedCoolSpLocal
occ cool sp local,occupiedCoolSpLocal
occ clg spt local,occupiedCoolSpLocal
occupied clg sp local,occupiedCoolSpLocal
occupied cooling setpoint local,occupiedCoolSpLocal
occupied cooling sp local,occupiedCoolSpLocal
occupied clg spt local,occupiedCoolSpLocal
occupied cooling setpoint local,occupiedCoolSpLocal
occupied cool sp loc,occupiedCoolSpLocal
occ cooling setpoint local,occupiedCoolSpLocal
occupied clg spt local,occupiedCoolSpLocal
occupied clg setpoint local,occupiedCoolSpLocal
occ cool sp local,occupiedCoolSpLocal
occ cool setpoint local,occupiedCoolSpLocal
occ clg spt local,occupiedCoolSpLocal
occ clg sp local,occupiedCoolSpLocal
occ cool sp local,occupiedCoolSpLocal
occ clg setpoint local,occupiedCoolSpLocal
occ clg sp loc,occupiedCoolSpLocal
occupied clg setpt local,occupiedCoolSpLocal
occupied clg sp local,occupiedCoolSpLocal
occupied clg setpt local,occupiedCoolSpLocal
occupied cool setpoint local,occupiedCoolSpLocal
occupied clg sp loc,occupiedCoolSpLocal
occupied cool setpoint local,occupiedCoolSpLocal
occupied cooling setpoint local,occupiedCoolSpLocal
cooling occupied sp local,occupiedCoolSpLocal
cooling setpoint occ local,occupiedCoolSpLocal
occ cooling sp local,occupiedCoolSpLocal
occ cooling sp local,occupiedCoolSpLocal
occupied cooling sp local,occupiedCoolSpLocal
occupied cool spt local,occupiedCoolSpLocal
clg occ sp local,occupiedCoolSpLocal
cool occ spt local,occupiedCoolSpLocal
occupied clg setpoint local,occupiedCoolSpLocal
occ cooling spt local,occupiedCoolSpLocal
occ clg setpt local,occupiedCoolSpLocal
occ cool spt local,occupiedCoolSpLocal
occupied cooling spt local,occupiedCoolSpLocal
occ clg sp setpoint local,occupiedCoolSpLocal
cool setpoint occupied local,occupiedCoolSpLocal
occ clg spt setpt local,occupiedCoolSpLocal
occ clg sp cmd local,occupiedCoolSpLocal
occ clg sp feedback local,occupiedCoolSpLocal
occupied clg sp point local,occupiedCoolSpLocal
occupied cooling sp point local,occupiedCoolSpLocal
occupied clg point sp local,occupiedCoolSpLocal
occupied clg set pt local,occupiedCoolSpLocal
occupied cool set pt local,occupiedCoolSpLocal
occupied cooling pt local,occupiedCoolSpLocal
cool spt local occ,occupiedCoolSpLocal
occupied cool sp loc,occupiedCoolSpLocal
occ cool pt sp local,occupiedCoolSpLocal
occ clg pt sp local,occupiedCoolSpLocal
occ cool sp local,occupiedCoolSpLocal
occupied clg point set local,occupiedCoolSpLocal
clg spt local occ,occupiedCoolSpLocal
occupied heat sp local,occupiedHeatSpLocal
occupied heat sp local,occupiedHeatSpLocal
occupied heat sp local,occupiedHeatSpLocal
occ heat sp local,occupiedHeatSpLocal
occ htg spt local,occupiedHeatSpLocal
occupied htg sp local,occupiedHeatSpLocal
occupied heating setpoint local,occupiedHeatSpLocal
occupied heating sp local,occupiedHeatSpLocal
occupied htg spt local,occupiedHeatSpLocal
occupied heating setpoint local,occupiedHeatSpLocal
occupied heat sp loc,occupiedHeatSpLocal
occ heating setpoint local,occupiedHeatSpLocal
occupied htg spt local,occupiedHeatSpLocal
occupied htg setpoint local,occupiedHeatSpLocal
occ heat sp local,occupiedHeatSpLocal
occ heat setpoint local,occupiedHeatSpLocal
occ htg spt local,occupiedHeatSpLocal
occ htg sp local,occupiedHeatSpLocal
occ heat sp local,occupiedHeatSpLocal
occ htg setpoint local,occupiedHeatSpLocal
occ htg sp loc,occupiedHeatSpLocal
occupied htg setpt local,occupiedHeatSpLocal
occupied htg sp local,occupiedHeatSpLocal
occupied htg setpt local,occupiedHeatSpLocal
occupied heat setpoint local,occupiedHeatSpLocal
occupied htg sp loc,occupiedHeatSpLocal
occupied heat setpoint local,occupiedHeatSpLocal
occupied heating setpoint local,occupiedHeatSpLocal
heating occupied sp local,occupiedHeatSpLocal
heating setpoint occ local,occupiedHeatSpLocal
occ heating sp local,occupiedHeatSpLocal
occ heating sp local,occupiedHeatSpLocal
occupied heating sp local,occupiedHeatSpLocal
occupied heat spt local,occupiedHeatSpLocal
htg occ sp local,occupiedHeatSpLocal
heat occ spt local,occupiedHeatSpLocal
occupied htg setpoint local,occupiedHeatSpLocal
occ heating spt local,occupiedHeatSpLocal
occ htg setpt local,occupiedHeatSpLocal
occ heat spt local,occupiedHeatSpLocal
occupied heating spt local,occupiedHeatSpLocal
occ htg sp setpoint local,occupiedHeatSpLocal
heat setpoint occupied local,occupiedHeatSpLocal
occ htg spt setpt local,occupiedHeatSpLocal
occ htg sp cmd local,occupiedHeatSpLocal
occ htg sp feedback local,occupiedHeatSpLocal
occupied htg sp point local,occupiedHeatSpLocal
occupied heating sp point local,occupiedHeatSpLocal
occupied htg point sp local,occupiedHeatSpLocal
occupied htg set pt local,occupiedHeatSpLocal
occupied heat set pt local,occupiedHeatSpLocal
occupied heating pt local,occupiedHeatSpLocal
heat spt local occ,occupiedHeatSpLocal
occupied heat sp loc,occupiedHeatSpLocal
occ heat pt sp local,occupiedHeatSpLocal
occ htg pt sp local,occupiedHeatSpLocal
occ heat sp local,occupiedHeatSpLocal
occupied htg point set local,occupiedHeatSpLocal
htg spt local occ,occupiedHeatSpLocal
occupied heat sp offset,occupiedHeatSpOffset
occupied heat sp offset,occupiedHeatSpOffset
occupied heat sp offset,occupiedHeatSpOffset
occ heat sp offset,occupiedHeatSpOffset
occ htg spt offset,occupiedHeatSpOffset
occupied htg sp offset,occupiedHeatSpOffset
occupied heating setpoint offset,occupiedHeatSpOffset
occupied heating sp offset,occupiedHeatSpOffset
occupied htg spt offset,occupiedHeatSpOffset
occupied heating setpoint offset,occupiedHeatSpOffset
occupied heat sp adj,occupiedHeatSpOffset
occ heating setpoint offset,occupiedHeatSpOffset
occupied htg spt offset,occupiedHeatSpOffset
occupied htg setpoint offset,occupiedHeatSpOffset
occ heat sp offset,occupiedHeatSpOffset
occ heat setpoint offset,occupiedHeatSpOffset
occ htg spt offset,occupiedHeatSpOffset
occ htg sp offset,occupiedHeatSpOffset
occ heat sp offset,occupiedHeatSpOffset
occ htg setpoint offset,occupiedHeatSpOffset
occ htg sp adj,occupiedHeatSpOffset
occupied htg setpt offset,occupiedHeatSpOffset
occupied htg sp offset,occupiedHeatSpOffset
occupied htg setpt offset,occupiedHeatSpOffset
occupied heat setpoint offset,occupiedHeatSpOffset
occupied htg sp adj,occupiedHeatSpOffset
occupied heat setpoint offset,occupiedHeatSpOffset
occupied heating setpoint offset,occupiedHeatSpOffset
heating occupied sp offset,occupiedHeatSpOffset
heating setpoint occ offset,occupiedHeatSpOffset
occ heating sp offset,occupiedHeatSpOffset
occ heating sp offset,occupiedHeatSpOffset
occupied heating sp offset,occupiedHeatSpOffset
occupied heat spt offset,occupiedHeatSpOffset
htg occ sp offset,occupiedHeatSpOffset
heat occ spt offset,occupiedHeatSpOffset
occupied htg setpoint offset,occupiedHeatSpOffset
occ heating spt offset,occupiedHeatSpOffset
occ htg setpt offset,occupiedHeatSpOffset
occ heat spt offset,occupiedHeatSpOffset
occupied heating spt offset,occupiedHeatSpOffset
occ htg sp setpoint offset,occupiedHeatSpOffset
heat setpoint occupied offset,occupiedHeatSpOffset
occ htg spt setpt offset,occupiedHeatSpOffset
occ htg sp delta,occupiedHeatSpOffset
occupied htg sp adj offset,occupiedHeatSpOffset
occupied heating sp delta,occupiedHeatSpOffset
occupied htg point sp offset,occupiedHeatSpOffset
occupied htg set pt offset,occupiedHeatSpOffset
occupied heat set pt offset,occupiedHeatSpOffset
occupied heating offset,occupiedHeatSpOffset
heat spt offset occ,occupiedHeatSpOffset
occupied heat sp offset,occupiedHeatSpOffset
occ heat pt sp offset,occupiedHeatSpOffset
occ htg pt sp offset,occupiedHeatSpOffset
occ heat sp offset,occupiedHeatSpOffset
occupied htg point set offset,occupiedHeatSpOffset
htg spt offset occ,occupiedHeatSpOffset
htg sp offset occ,occupiedHeatSpOffset
occupied cool sp offset,occupiedCoolSpOffset
occupied cool sp offset,occupiedCoolSpOffset
occupied cool sp offset,occupiedCoolSpOffset
occ cool sp offset,occupiedCoolSpOffset
occ clg spt offset,occupiedCoolSpOffset
occupied clg sp offset,occupiedCoolSpOffset
occupied cooling setpoint offset,occupiedCoolSpOffset
occupied cooling sp offset,occupiedCoolSpOffset
occupied clg spt offset,occupiedCoolSpOffset
occupied cooling setpoint offset,occupiedCoolSpOffset
occupied cool sp adj,occupiedCoolSpOffset
occ cooling setpoint offset,occupiedCoolSpOffset
occupied clg spt offset,occupiedCoolSpOffset
occupied clg setpoint offset,occupiedCoolSpOffset
occ cool sp offset,occupiedCoolSpOffset
occ cool setpoint offset,occupiedCoolSpOffset
occ clg spt offset,occupiedCoolSpOffset
occ clg sp offset,occupiedCoolSpOffset
occ cool sp offset,occupiedCoolSpOffset
occ clg setpoint offset,occupiedCoolSpOffset
occ clg sp adj,occupiedCoolSpOffset
occupied clg setpt offset,occupiedCoolSpOffset
occupied clg sp offset,occupiedCoolSpOffset
occupied clg setpt offset,occupiedCoolSpOffset
occupied cool setpoint offset,occupiedCoolSpOffset
occupied clg sp adj,occupiedCoolSpOffset
occupied cool setpoint offset,occupiedCoolSpOffset
occupied cooling setpoint offset,occupiedCoolSpOffset
cooling occupied sp offset,occupiedCoolSpOffset
cooling setpoint occ offset,occupiedCoolSpOffset
occ cooling sp offset,occupiedCoolSpOffset
occ cooling sp offset,occupiedCoolSpOffset
occupied cooling sp offset,occupiedCoolSpOffset
occupied cool spt offset,occupiedCoolSpOffset
clg occ sp offset,occupiedCoolSpOffset
cool occ spt offset,occupiedCoolSpOffset
occupied clg setpoint offset,occupiedCoolSpOffset
occ cooling spt offset,occupiedCoolSpOffset
occ clg setpt offset,occupiedCoolSpOffset
occ cool spt offset,occupiedCoolSpOffset
occupied cooling spt offset,occupiedCoolSpOffset
occ clg sp setpoint offset,occupiedCoolSpOffset
cool setpoint occupied offset,occupiedCoolSpOffset
occ clg spt setpt offset,occupiedCoolSpOffset
occ clg sp delta,occupiedCoolSpOffset
occupied clg sp adj offset,occupiedCoolSpOffset
occupied cooling sp delta,occupiedCoolSpOffset
occupied clg point sp offset,occupiedCoolSpOffset
occupied clg set pt offset,occupiedCoolSpOffset
occupied cool set pt offset,occupiedCoolSpOffset
occupied cooling offset,occupiedCoolSpOffset
cool spt offset occ,occupiedCoolSpOffset
occupied cool sp offset,occupiedCoolSpOffset
occ cool pt sp offset,occupiedCoolSpOffset
occ clg pt sp offset,occupiedCoolSpOffset
occ cool sp offset,occupiedCoolSpOffset
occupied clg point set offset,occupiedCoolSpOffset
clg spt offset occ,occupiedCoolSpOffset
clg sp offset occ,occupiedCoolSpOffset
blg press sp,buildingPressureSp
bldg press sp,buildingPressureSp
bldg pressure setpoint,buildingPressureSp
bldg press sptp,buildingPressureSp
buildingpressuresetpoint,buildingPressureSp
blg press spt,buildingPressureSp
bldg press setpt,buildingPressureSp
bldg pressure sp,buildingPressureSp
bldg press sp,buildingPressureSp
bldg press spt,buildingPressureSp
bldg press setpoint,buildingPressureSp
bldg press sp,buildingPressureSp
bldg pres sp,buildingPressureSp
bldg pres spt,buildingPressureSp
bldg press spt,buildingPressureSp
blg press setpt,buildingPressureSp
blg prs spt,buildingPressureSp
building pressure sp,buildingPressureSp
bldg press sp,buildingPressureSp
blg press sp,buildingPressureSp
building press sp,buildingPressureSp
building pressure setpoint,buildingPressureSp
bldg prs setpt,buildingPressureSp
bldg prs sp,buildingPressureSp
bld pressure sp,buildingPressureSp
bld pressure sp,buildingPressureSp
bldg psp,buildingPressureSp
blgprssp,buildingPressureSp
blg prs sp,buildingPressureSp
blg prsspt,buildingPressureSp
bldg setpoint pressure,buildingPressureSp
bldg prs sp,buildingPressureSp
building prs sp,buildingPressureSp
building sp pressure,buildingPressureSp
bldg prs setpoint,buildingPressureSp
building press setpt,buildingPressureSp
bldg pressure setpoint,buildingPressureSp
building press setpt,buildingPressureSp
blg press sptp,buildingPressureSp
building sp pressure,buildingPressureSp
bldg sp press,buildingPressureSp
bld sp pressure,buildingPressureSp
bldg pressure setpoint,buildingPressureSp
building pressure setpt,buildingPressureSp
bldg press spt,buildingPressureSp
bldg prssp,buildingPressureSp
blg psetpt,buildingPressureSp
blg psp,buildingPressureSp
bldg prs setpt,buildingPressureSp
bldgprsspt,buildingPressureSp
bldg set pressure,buildingPressureSp
bld press sp,buildingPressureSp
bldg sp prs,buildingPressureSp
bldgprssp,buildingPressureSp
bld sp prs,buildingPressureSp
building pres sp,buildingPressureSp
building pressure spt,buildingPressureSp
bldg press spt,buildingPressureSp
blg pr sp,buildingPressureSp
bldg setpoint pressure,buildingPressureSp
cd dmpr,coldDeckDamper
cold deck dmpr,coldDeckDamper
cd damper,coldDeckDamper
cold deck damper,coldDeckDamper
colddeckdamper,coldDeckDamper
cold deck dmpr,coldDeckDamper
cold deck dmpr,coldDeckDamper
cd damper,coldDeckDamper
cd damper,coldDeckDamper
cold deck dmpr,coldDeckDamper
cddmpr,coldDeckDamper
cold dk dmpr,coldDeckDamper
cold deck dmpr,coldDeckDamper
cold deck damper,coldDeckDamper
cold deck damper cmd,coldDeckDamper
cold deck dmpr,coldDeckDamper
cd dmpr,coldDeckDamper
cd dmpr pos,coldDeckDamper
cold deck act,coldDeckDamper
cold dk dmpr,coldDeckDamper
cdk dmpr,coldDeckDamper
cdk damper,coldDeckDamper
cold deck actuator,coldDeckDamper
cold deck dmpr pos,coldDeckDamper
cdk dmpr,coldDeckDamper
cdk damper,coldDeckDamper
cold deck valve,coldDeckDamper
cold deck air damper,coldDeckDamper
cold deck output,coldDeckDamper
colddeck dmpr,coldDeckDamper
colddeck damper,coldDeckDamper
cdk dmpr pos,coldDeckDamper
cdk dmpr output,coldDeckDamper
cold dk dmpr,coldDeckDamper
cold deck pos,coldDeckDamper
cd dmpr act,coldDeckDamper
cdk dmpr signal,coldDeckDamper
cold dk dampr,coldDeckDamper
cd deck damper,coldDeckDamper
cd deck dmpr,coldDeckDamper
cold deck damper,coldDeckDamper
cold deck damper pos,coldDeckDamper
cold deck dmpr output,coldDeckDamper
cd deck damper,coldDeckDamper
cd dmpr act,coldDeckDamper
cold deck dmpr cmd,coldDeckDamper
cold deck dmpr signal,coldDeckDamper
cold deck actuator,coldDeckDamper
cd dk dampr,coldDeckDamper
cdk dmpr cmd,coldDeckDamper
cd dmpr cmd,coldDeckDamper
cold deck dmpr cmd,coldDeckDamper
cold deck output,coldDeckDamper
cold deck damper signal,coldDeckDamper
cd actuator,coldDeckDamper
cdk output,coldDeckDamper
cold deck valve cmd,coldDeckDamper
cold deck control damper,coldDeckDamper
cd dmpr feedback,coldDeckDamperFb
cd dmpr fdbk,coldDeckDamperFb
cold deck damper status,coldDeckDamperFb
cddmpr sts,coldDeckDamperFb
cd dmpr sts,coldDeckDamperFb
cd dmpr fb,coldDeckDamperFb
cd dmpr status,coldDeckDamperFb
cd dmpr fbk,coldDeckDamperFb
cold deck damper fb,coldDeckDamperFb
cold deck damper feedback,coldDeckDamperFb
cold deck dmpr status,coldDeckDamperFb
cold deck dmpr fb,coldDeckDamperFb
colddeck damper fbk,coldDeckDamperFb
cold deck fb,coldDeckDamperFb
cold deck damper fb,coldDeckDamperFb
cd dk dmpr fb,coldDeckDamperFb
cdk dmpr sts,coldDeckDamperFb
cd dmpr pos fbk,coldDeckDamperFb
cdk dmpr feedback,coldDeckDamperFb
colddeck dmpr fb,coldDeckDamperFb
colddeckdmprfb,coldDeckDamperFb
cold deck output fb,coldDeckDamperFb
cdk dmpr fb,coldDeckDamperFb
cd dmpr pos fbk,coldDeckDamperFb
cold deck dmpr status,coldDeckDamperFb
cold deck feedback,coldDeckDamperFb
cold deck damper status,coldDeckDamperFb
cold deck position fb,coldDeckDamperFb
cold deck actuator fb,coldDeckDamperFb
colddeck fb,coldDeckDamperFb
cold deck fdbk,coldDeckDamperFb
cold deck fdbk,coldDeckDamperFb
cd dmpr pos status,coldDeckDamperFb
cd dmpr position fb,coldDeckDamperFb
cd dmpr fb,coldDeckDamperFb
cd dmpr return,coldDeckDamperFb
cold deck damper pos,coldDeckDamperFb
cdk damper fb,coldDeckDamperFb
cold deck fan fb,coldDeckDamperFb
cdk fb,coldDeckDamperFb
cold deck ret pos,coldDeckDamperFb
cdk dmpr stat,coldDeckDamperFb
cd dmpr fb,coldDeckDamperFb
cd dmpr return,coldDeckDamperFb
colddeck fdbk,coldDeckDamperFb
cold deck ret,coldDeckDamperFb
cdk fdbk,coldDeckDamperFb
cd dmpr fdbk,coldDeckDamperFb
colddeck return,coldDeckDamperFb
cdk dmpr status,coldDeckDamperFb
colddeck signal fb,coldDeckDamperFb
cdk position feedback,coldDeckDamperFb
cold deck dm fb,coldDeckDamperFb
cdk return feedback,coldDeckDamperFb
cd dmpr fbk signal,coldDeckDamperFb
colddeck dmpr signal,coldDeckDamperFb
cold deck fb signal,coldDeckDamperFb
colddeck output feedback,coldDeckDamperFb
cd dmpr stat,coldDeckDamperFb
cold deck status,coldDeckDamperFb
cd dis flow,coldDeckDischargeFlow
cold deck dsch flo,coldDeckDischargeFlow
cd discharge air flow,coldDeckDischargeFlow
cd dis flo,coldDeckDischargeFlow
cd disch flow,coldDeckDischargeFlow
colddeck discharge flow,coldDeckDischargeFlow
cold deck discharge flow,coldDeckDischargeFlow
cold deck air flow,coldDeckDischargeFlow
cold deck flow,coldDeckDischargeFlow
cd disch flow,coldDeckDischargeFlow
cd dis air flow,coldDeckDischargeFlow
cd discharge flow,coldDeckDischargeFlow
cd discharge flow,coldDeckDischargeFlow
cd dis air flow,coldDeckDischargeFlow
cold deck dis air flow,coldDeckDischargeFlow
cold deck dis flo,coldDeckDischargeFlow
cd dsc flow,coldDeckDischargeFlow
cd dis flo,coldDeckDischargeFlow
cd disch air flow,coldDeckDischargeFlow
cold deck air flow,coldDeckDischargeFlow
cd dis airflow,coldDeckDischargeFlow
cd discharge flow,coldDeckDischargeFlow
cd dis f,coldDeckDischargeFlow
cold deck air flow,coldDeckDischargeFlow
cd air flow,coldDeckDischargeFlow
cd disch flo,coldDeckDischargeFlow
cd flow out,coldDeckDischargeFlow
colddeck airflow,coldDeckDischargeFlow
cd flow,coldDeckDischargeFlow
cd out air flow,coldDeckDischargeFlow
cd output flow,coldDeckDischargeFlow
colddeck output air,coldDeckDischargeFlow
cd outflow,coldDeckDischargeFlow
cold deck out air,coldDeckDischargeFlow
cd dchg flow,coldDeckDischargeFlow
cold deck out flow,coldDeckDischargeFlow
cold deck disch flow,coldDeckDischargeFlow
cd dis out,coldDeckDischargeFlow
cd flow,coldDeckDischargeFlow
cdaf,coldDeckDischargeFlow
cd aflow,coldDeckDischargeFlow
cold deck dis air flow,coldDeckDischargeFlow
cold deck af,coldDeckDischargeFlow
cd af,coldDeckDischargeFlow
cd airflow,coldDeckDischargeFlow
cd dis f,coldDeckDischargeFlow
cold deck flow out,coldDeckDischargeFlow
cold deck flow out,coldDeckDischargeFlow
cd dis flo sensor,coldDeckDischargeFlow
cold deck discharge air flow,coldDeckDischargeFlow
colddeckflow,coldDeckDischargeFlow
cd d airflow,coldDeckDischargeFlow
cd flow sensor,coldDeckDischargeFlow
colddeck af,coldDeckDischargeFlow
cd deck af,coldDeckDischargeFlow
cold deck daf,coldDeckDischargeFlow
cold deck sply flow,coldDeckDischargeFlow
cold deck out airflow,coldDeckDischargeFlow
cold deck out af,coldDeckDischargeFlow
cd disch air flow,coldDeckDischargeFlow
cd dis h,coldDeckDischargeHumidity
cd dis hum,coldDeckDischargeHumidity
cd dis humidity,coldDeckDischargeHumidity
cd dis air humidity,coldDeckDischargeHumidity
cold deck discharge humidity,coldDeckDischargeHumidity
cold deck discharge humidity,coldDeckDischargeHumidity
cd disch hum,coldDeckDischargeHumidity
cold deck hum,coldDeckDischargeHumidity
cold deck air humidity,coldDeckDischargeHumidity
cold deck humidity,coldDeckDischargeHumidity
cd dis humidity,coldDeckDischargeHumidity
cd disch humidity,coldDeckDischargeHumidity
cold deck dis hum,coldDeckDischargeHumidity
cold deck dis hum,coldDeckDischargeHumidity
cd dis hum,coldDeckDischargeHumidity
cold deck air humidity,coldDeckDischargeHumidity
cd hum disch,coldDeckDischargeHumidity
cd air humidity,coldDeckDischargeHumidity
cd dis h,coldDeckDischargeHumidity
cd dis hum,coldDeckDischargeHumidity
cold deck rh,coldDeckDischargeHumidity
cd disch rh,coldDeckDischargeHumidity
cold deck discharge rh,coldDeckDischargeHumidity
cd rh disch,coldDeckDischargeHumidity
cd disch rh,coldDeckDischargeHumidity
cold deck rh,coldDeckDischargeHumidity
cd deck hum,coldDeckDischargeHumidity
cd air humidity,coldDeckDischargeHumidity
cold deck humidity,coldDeckDischargeHumidity
cd dis air rh,coldDeckDischargeHumidity
cd discharge air humidity,coldDeckDischargeHumidity
cd air rh,coldDeckDischargeHumidity
cd hum dis,coldDeckDischargeHumidity
cold deck disch humidity,coldDeckDischargeHumidity
cold deck air hum,coldDeckDischargeHumidity
cd out air hum,coldDeckDischargeHumidity
cd dis rh sensor,coldDeckDischargeHumidity
cd rh discharge,coldDeckDischargeHumidity
cold deck rh,coldDeckDischargeHumidity
cd rh,coldDeckDischargeHumidity
cd rh out,coldDeckDischargeHumidity
colddeck rh,coldDeckDischargeHumidity
cd deck rh,coldDeckDischargeHumidity
cd discharge hum sensor,coldDeckDischargeHumidity
colddeck out rh,coldDeckDischargeHumidity
cold deck discharge rh,coldDeckDischargeHumidity
cd disch rh,coldDeckDischargeHumidity
cd dis rh,coldDeckDischargeHumidity
cold deck hum out,coldDeckDischargeHumidity
cd humidity,coldDeckDischargeHumidity
cold deck out humidity,coldDeckDischargeHumidity
cd out hum,coldDeckDischargeHumidity
cold deck rh sensor,coldDeckDischargeHumidity
cold deck dis rh,coldDeckDischargeHumidity
cd dis humidity,coldDeckDischargeHumidity
cd hum out,coldDeckDischargeHumidity
colddeck air rh,coldDeckDischargeHumidity
cd air hum,coldDeckDischargeHumidity
cold deck dsch hum,coldDeckDischargeHumidity
cold deck output humidity,coldDeckDischargeHumidity
cd dis p,coldDeckDischargePressure
cd dis pressure,coldDeckDischargePressure
cd dis air pressure,coldDeckDischargePressure
cold deck discharge pressure,coldDeckDischargePressure
cold deck discharge pressure,coldDeckDischargePressure
cd dis press,coldDeckDischargePressure
cd disch pressure,coldDeckDischargePressure
cd dis pr,coldDeckDischargePressure
cd disch p,coldDeckDischargePressure
cd dis p,coldDeckDischargePressure
cd dis p,coldDeckDischargePressure
cold deck pressure,coldDeckDischargePressure
cold deck out pressure,coldDeckDischargePressure
cd dis pressure,coldDeckDischargePressure
cold deck air pressure,coldDeckDischargePressure
cd disch prs,coldDeckDischargePressure
cd dis duct pressure,coldDeckDischargePressure
cd disch pr,coldDeckDischargePressure
cold deck dis pressure,coldDeckDischargePressure
cd prs disch,coldDeckDischargePressure
cd duct dis p,coldDeckDischargePressure
cold deck pressure out,coldDeckDischargePressure
cdk dis p,coldDeckDischargePressure
colddeck disch pressure,coldDeckDischargePressure
cold deck disch pr,coldDeckDischargePressure
cd deck pr,coldDeckDischargePressure
cd discharge duct pr,coldDeckDischargePressure
cd air pr dis,coldDeckDischargePressure
colddeck dis air pressure,coldDeckDischargePressure
cd out p,coldDeckDischargePressure
cold deck out air pressure,coldDeckDischargePressure
cdk dis p,coldDeckDischargePressure
cdk dis p,coldDeckDischargePressure
cold deck disch press,coldDeckDischargePressure
cd dis air pr,coldDeckDischargePressure
colddeck dis pr,coldDeckDischargePressure
cold deck static pressure,coldDeckDischargePressure
cold deck pressure sensor,coldDeckDischargePressure
cd dis static,coldDeckDischargePressure
cd dis st press,coldDeckDischargePressure
cd dis prs,coldDeckDischargePressure
cold deck out pressure,coldDeckDischargePressure
colddeck outlet pressure,coldDeckDischargePressure
cd dis p sensor,coldDeckDischargePressure
cd dis pres,coldDeckDischargePressure
colddeck duct pressure,coldDeckDischargePressure
colddeck output pressure,coldDeckDischargePressure
cd pressure out,coldDeckDischargePressure
colddeck prs,coldDeckDischargePressure
cdk disch prs,coldDeckDischargePressure
cold deck output pressure,coldDeckDischargePressure
cd deck pressure,coldDeckDischargePressure
colddeck air pr,coldDeckDischargePressure
cd dis p signal,coldDeckDischargePressure
cold deck duct pr,coldDeckDischargePressure
cold deck outlet pr,coldDeckDischargePressure
cdk dis pr sensor,coldDeckDischargePressure
cd discharge prs,coldDeckDischargePressure
cd dis pr val,coldDeckDischargePressure
cold deck air pr out,coldDeckDischargePressure
saf sts,dischargeFanStatus
sa s,dischargeFanStatus
sa f st s,dischargeFanStatus
saf s,dischargeFanStatus
supply fan status,dischargeFanStatus
supply fan sts,dischargeFanStatus
sup fan sts,dischargeFanStatus
sup fan sts,dischargeFanStatus
supply fan status,dischargeFanStatus
dis air fan status,dischargeFanStatus
dis air fan status,dischargeFanStatus
dis air fan sts,dischargeFanStatus
dis air fan sts,dischargeFanStatus
discharge air fan status,dischargeFanStatus
discharge fan status,dischargeFanStatus
discharge fan sts,dischargeFanStatus
discharge fan status,dischargeFanStatus
dis fan sts,dischargeFanStatus
dis fan sts,dischargeFanStatus
dis fan stat,dischargeFanStatus
sa fan sts,dischargeFanStatus
sa fan sts,dischargeFanStatus
safansts,dischargeFanStatus
sa fan status,dischargeFanStatus
sa fan sts,dischargeFanStatus
saf status,dischargeFanStatus
sup fan status,dischargeFanStatus
supply fan stat,dischargeFanStatus
sf status,dischargeFanStatus
sf sts,dischargeFanStatus
supplyfan sts,dischargeFanStatus
supply fan status,dischargeFanStatus
supply fan sts,dischargeFanStatus
supply air fan status,dischargeFanStatus
sa fan s,dischargeFanStatus
supply fan on stat,dischargeFanStatus
saf output status,dischargeFanStatus
sa fan status,dischargeFanStatus
sfan status,dischargeFanStatus
supply fan run,dischargeFanStatus
supply fan stat,dischargeFanStatus
supplyfanstatus,dischargeFanStatus
sfan stat,dischargeFanStatus
disch fan sts,dischargeFanStatus
discharge air fan status,dischargeFanStatus
dischfan status,dischargeFanStatus
disch fan status,dischargeFanStatus
disch fan stat,dischargeFanStatus
disch fan sts,dischargeFanStatus
disch fan s,dischargeFanStatus
dis airfan sts,dischargeFanStatus
supply fan feedback,dischargeFanStatus
supplyfan on status,dischargeFanStatus
supply fan on,dischargeFanStatus
saf stat,dischargeFanStatus
saf status point,dischargeFanStatus
disch fan sts,dischargeFanStatus
discharge fan status,dischargeFanStatus
sa fan status,dischargeFanStatus
dis fan status,dischargeFanStatus
supplyfan op status,dischargeFanStatus
supply fan state,dischargeFanStatus
supply air fan status,dischargeFanStatus
discharge fan proof,dischargeFanStatus
saf cmd,dischargeFanEnable
supply air fan,dischargeFanEnable
discharge air fan,dischargeFanEnable
sup air fan,dischargeFanEnable
saf c,dischargeFanEnable
supply fan cmd,dischargeFanEnable
sup fan command,dischargeFanEnable
dis air fan cmd,dischargeFanEnable
discharge fan command,dischargeFanEnable
daf cmd,dischargeFanEnable
saf ena,dischargeFanEnable
discharge fan ss,dischargeFanEnable
supply fan cmd,dischargeFanEnable
supply fan cmd,dischargeFanEnable
sup fan cmd,dischargeFanEnable
supfan cmd,dischargeFanEnable
sf cmd,dischargeFanEnable
saf cmd,dischargeFanEnable
saf cm,dischargeFanEnable
safan cmd,dischargeFanEnable
supply fan enable,dischargeFanEnable
sf start,dischargeFanEnable
sf cmd,dischargeFanEnable
sf enable,dischargeFanEnable
sup fan c,dischargeFanEnable
supply fan ena,dischargeFanEnable
sf cmnd,dischargeFanEnable
saf enable,dischargeFanEnable
supply fan ss,dischargeFanEnable
supfan enable,dischargeFanEnable
supply fan on cmd,dischargeFanEnable
sa fan start stop,dischargeFanEnable
discharge fan enable,dischargeFanEnable
discharge fan start stop,dischargeFanEnable
discharge fan start,dischargeFanEnable
dis fan cmd,dischargeFanEnable
disch fan cmd,dischargeFanEnable
dis fan cmd,dischargeFanEnable
dis fan enable,dischargeFanEnable
disch fan c,dischargeFanEnable
discharge fan start,dischargeFanEnable
disch fan cmd,dischargeFanEnable
disch fan cmd,dischargeFanEnable
disch fan command,dischargeFanEnable
disch fan c,dischargeFanEnable
disch fan ena,dischargeFanEnable
dis fan command,dischargeFanEnable
dis fan enable,dischargeFanEnable
dis fan ss,dischargeFanEnable
daf ss,dischargeFanEnable
daf enable,dischargeFanEnable
daf c,dischargeFanEnable
daf command,dischargeFanEnable
dis fan on,dischargeFanEnable
sf enable,dischargeFanEnable
supply fan run cmd,dischargeFanEnable
sf cmd sig,dischargeFanEnable
sf on cmnd,dischargeFanEnable
sf cmd sig,dischargeFanEnable
sf on cmd,dischargeFanEnable
sa fan c,dischargeFanEnable
sa fan cmd,dischargeFanEnable
safan cmd,dischargeFanEnable
sup fan enable,dischargeFanEnable
supply fan ctrl,dischargeFanEnable
supply fan start,dischargeFanEnable
saf control,dischargeFanEnable
supply fan start,dischargeFanEnable
saf ctrl,dischargeFanEnable
sfan cmd,dischargeFanEnable
supply fan switch,dischargeFanEnable
dis fan switch,dischargeFanEnable
disch fan ctrl,dischargeFanEnable
daf ena,dischargeFanEnable
disch fan start,dischargeFanEnable
daf enable,dischargeFanEnable
daf on cmd,dischargeFanEnable
daf ss cmd,dischargeFanEnable
dis fan ctrl,dischargeFanEnable
discharge fan enable cmd,dischargeFanEnable
cmd discharge fan,dischargeFanEnable
supply air fan cmd,dischargeFanEnable
supply air fan control,dischargeFanEnable
supply fan ctl sig,dischargeFanEnable
safan command,dischargeFanEnable
saf cmd out,dischargeFanEnable
sa fan,dischargeFanEnable
da fan,dischargeFanEnable
sa flow sp,dischargeFlowSp
saflow sp,dischargeFlowSp
sa flow sp,dischargeFlowSp
saf flow sp,dischargeFlowSp
saf flow sp,dischargeFlowSp
saf flow setpoint,dischargeFlowSp
saf flow setpt,dischargeFlowSp
saf cfm sp,dischargeFlowSp
saf cfm setpt,dischargeFlowSp
saf airflow sp,dischargeFlowSp
saf flow spt,dischargeFlowSp
saf flow target,dischargeFlowSp
saf flow reference,dischargeFlowSp
supply flow sp,dischargeFlowSp
supply flow sp,dischargeFlowSp
supply air flow sp,dischargeFlowSp
supply air flow sp,dischargeFlowSp
supply air cfm sp,dischargeFlowSp
supply air cfm sp,dischargeFlowSp
supply fan flow sp,dischargeFlowSp
sup fan flow sp,dischargeFlowSp
supply a flow sp,dischargeFlowSp
supply cfm sp,dischargeFlowSp
supairflow sp,dischargeFlowSp
supplyflow setpoint,dischargeFlowSp
sf flow sp,dischargeFlowSp
sfan flow sp,dischargeFlowSp
s fan flow sp,dischargeFlowSp
daf flow sp,dischargeFlowSp
da flow sp,dischargeFlowSp
daf cfm sp,dischargeFlowSp
daf flow setpoint,dischargeFlowSp
disch fan flow sp,dischargeFlowSp
disch flow sp,dischargeFlowSp
disch flow setpt,dischargeFlowSp
discharge flow sp,dischargeFlowSp
discharge airflow sp,dischargeFlowSp
discharge cfm sp,dischargeFlowSp
dis air flow sp,dischargeFlowSp
dis air cfm sp,dischargeFlowSp
discharge flow sp,dischargeFlowSp
discharge flow sp,dischargeFlowSp
discharge air flow sp,dischargeFlowSp
discharge air cfm sp,dischargeFlowSp
dis fan cfm sp,dischargeFlowSp
fan supply flow sp,dischargeFlowSp
supplyfan flow sp,dischargeFlowSp
fan airflow sp saf,dischargeFlowSp
fan flowrate sp saf,dischargeFlowSp
airflow supply sp,dischargeFlowSp
supply air flow rate sp,dischargeFlowSp
supply air flowrate sp,dischargeFlowSp
cfm sp supply,dischargeFlowSp
cfm sp disch,dischargeFlowSp
cfm out sp supply,dischargeFlowSp
cfm target supply,dischargeFlowSp
cfm setpoint supply,dischargeFlowSp
supply airflow target,dischargeFlowSp
supply cfm target,dischargeFlowSp
fan flow cmd cfm sp,dischargeFlowSp
fan cfm command sp,dischargeFlowSp
sup fan flow setpoint,dischargeFlowSp
supply cfm spt,dischargeFlowSp
fan output cfm ref sa,dischargeFlowSp
cfm request sa,dischargeFlowSp
pid flow sp supply fan,dischargeFlowSp
sa flow sts,dischargeFlowStatus
sa flow status,dischargeFlowStatus
sa flow sts,dischargeFlowStatus
supply air flow status,dischargeFlowStatus
supply airflow status,dischargeFlowStatus
supply flo sts,dischargeFlowStatus
supply flo status,dischargeFlowStatus
sup air flow sts,dischargeFlowStatus
sa flo stat,dischargeFlowStatus
supply fan airflow status,dischargeFlowStatus
dis airflow status,dischargeFlowStatus
discharge air flow status,dischargeFlowStatus
da flow status,dischargeFlowStatus
da flo sts,dischargeFlowStatus
da flow sts,dischargeFlowStatus
dis air flo sts,dischargeFlowStatus
dis air flow status,dischargeFlowStatus
dis airflow sts,dischargeFlowStatus
da flow sts,dischargeFlowStatus
supply flow state,dischargeFlowStatus
sa flow feedback,dischargeFlowStatus
supply flow status,dischargeFlowStatus
supply flow stat,dischargeFlowStatus
supply flow mon,dischargeFlowStatus
supply air flow fb,dischargeFlowStatus
sa flo fb,dischargeFlowStatus
supply flo status,dischargeFlowStatus
sup air flo stat,dischargeFlowStatus
supply airflow feedback,dischargeFlowStatus
supply flow signal,dischargeFlowStatus
sa flow feedback,dischargeFlowStatus
sa flow monitor,dischargeFlowStatus
sup air flow state,dischargeFlowStatus
saf flow fb,dischargeFlowStatus
saflo fb,dischargeFlowStatus
sa flo stat,dischargeFlowStatus
dis airflow fb,dischargeFlowStatus
da flow feedback,dischargeFlowStatus
supply air flow fb,dischargeFlowStatus
dairflowstat,dischargeFlowStatus
da flow state,dischargeFlowStatus
supply air flow status fb,dischargeFlowStatus
supply air flow fbk,dischargeFlowStatus
supply airflow fbk,dischargeFlowStatus
sa flow state,dischargeFlowStatus
discharge air flow fb,dischargeFlowStatus
sa airflow fb,dischargeFlowStatus
sup airflow feedback,dischargeFlowStatus
dis flo state,dischargeFlowStatus
supply air monitored flow,dischargeFlowStatus
sup flow fb,dischargeFlowStatus
supp flow stat,dischargeFlowStatus
supair flow status,dischargeFlowStatus
saf flo fb,dischargeFlowStatus
sa flo rpt,dischargeFlowStatus
supply flow rpt,dischargeFlowStatus
supplyflowsts,dischargeFlowStatus
discharge flow sensor status,dischargeFlowStatus
sup flo monitor,dischargeFlowStatus
supply flow fdbk,dischargeFlowStatus
da flow mon,dischargeFlowStatus
sa h,dischargeHumidity
sa hum,dischargeHumidity
sa humidity,dischargeHumidity
supply air humidity,dischargeHumidity
supply air humidity,dischargeHumidity
supply hum,dischargeHumidity
sup air hum,dischargeHumidity
supply humidity,dischargeHumidity
supair hum,dischargeHumidity
dis air humidity,dischargeHumidity
discharge air humidity,dischargeHumidity
da hum,dischargeHumidity
da hum,dischargeHumidity
da h,dischargeHumidity
da humidity,dischargeHumidity
da air humidity,dischargeHumidity
dis humidity,dischargeHumidity
dis hum,dischargeHumidity
da hum sensor,dischargeHumidity
supply air humidity,dischargeHumidity
supply humidity,dischargeHumidity
supply air rh,dischargeHumidity
sa rh,dischargeHumidity
sa rh,dischargeHumidity
sa rh sensor,dischargeHumidity
supply air rh,dischargeHumidity
supply rh,dischargeHumidity
supply air rh,dischargeHumidity
supplyairhum,dischargeHumidity
sup air humidity,dischargeHumidity
sa rh,dischargeHumidity
sa hum sensor,dischargeHumidity
sup rh,dischargeHumidity
sup rh,dischargeHumidity
da rh,dischargeHumidity
da rh,dischargeHumidity
dair hum,dischargeHumidity
dis air rh,dischargeHumidity
discharge rh,dischargeHumidity
dis rh sensor,dischargeHumidity
da rh sensor,dischargeHumidity
da humd,dischargeHumidity
da rh out,dischargeHumidity
discharge air rh,dischargeHumidity
dair rh,dischargeHumidity
dis rh,dischargeHumidity
supply rh sensor,dischargeHumidity
sa rh out,dischargeHumidity
sa humidity sensor,dischargeHumidity
sa hum out,dischargeHumidity
sa humd out,dischargeHumidity
supply air hum sensor,dischargeHumidity
sup air rh,dischargeHumidity
da rh sensor,dischargeHumidity
sa rh feedback,dischargeHumidity
sa rh fb,dischargeHumidity
saf rh,dischargeHumidity
sa rh mon,dischargeHumidity
supply air hum sensor,dischargeHumidity
sa hum sp,dischargeHumiditySp
sa hum sp,dischargeHumiditySp
sa humidity setpoint,dischargeHumiditySp
sa h sp,dischargeHumiditySp
supply air humidity sp,dischargeHumiditySp
supply air humidity sp,dischargeHumiditySp
supply hum sp,dischargeHumiditySp
supply humidity sp,dischargeHumiditySp
sup air hum sp,dischargeHumiditySp
supairhumsp,dischargeHumiditySp
supair hum sp,dischargeHumiditySp
supply rh setpoint,dischargeHumiditySp
supply air rh sp,dischargeHumiditySp
supply air hum sp,dischargeHumiditySp
sa rh sp,dischargeHumiditySp
sa rh sp,dischargeHumiditySp
sa rh setpt,dischargeHumiditySp
sa hum setpt,dischargeHumiditySp
sa humd sp,dischargeHumiditySp
sa humidity setpt,dischargeHumiditySp
supply humidity setpoint,dischargeHumiditySp
supply air rh sp,dischargeHumiditySp
supply air rh setpt,dischargeHumiditySp
supply rh sp,dischargeHumiditySp
supply rh sp,dischargeHumiditySp
sup rh sp,dischargeHumiditySp
da hum sp,dischargeHumiditySp
da humidity setpoint,dischargeHumiditySp
da air humidity sp,dischargeHumiditySp
dis air humidity sp,dischargeHumiditySp
dis humidity sp,dischargeHumiditySp
dis rh sp,dischargeHumiditySp
discharge rh sp,dischargeHumiditySp
discharge air humidity setpoint,dischargeHumiditySp
discharge rh setpoint,dischargeHumiditySp
sa rh setpoint,dischargeHumiditySp
sa humid sp,dischargeHumiditySp
sa rh target,dischargeHumiditySp
supply air humidity setpt,dischargeHumiditySp
supairrhsetpoint,dischargeHumiditySp
sa hum spt,dischargeHumiditySp
sa rh setpt,dischargeHumiditySp
supply air humidity reference,dischargeHumiditySp
sa hum ref,dischargeHumiditySp
supply humidity target,dischargeHumiditySp
rh sa sp,dischargeHumiditySp
rh supply sp,dischargeHumiditySp
supair humidity target,dischargeHumiditySp
supply hum setpt,dischargeHumiditySp
sup humidity sp,dischargeHumiditySp
sa rh s,dischargeHumiditySp
sa rh cmd,dischargeHumiditySp
discharge hum sp,dischargeHumiditySp
disch air rh sp,dischargeHumiditySp
dis rh setpt,dischargeHumiditySp
supply rh setpt,dischargeHumiditySp
da rh sp,dischargeHumiditySp
supply air rh setpoint,dischargeHumiditySp
sa rh reference,dischargeHumiditySp
disch iso dmpr,dischargeIsoDamper
discharge iso damper,dischargeIsoDamper
discharge iso dmpr,dischargeIsoDamper
discharge iso damper,dischargeIsoDamper
discharge iso dmpr,dischargeIsoDamper
discharge isolation damper,dischargeIsoDamper
disch isolation dmpr,dischargeIsoDamper
da iso damper,dischargeIsoDamper
da iso dmpr,dischargeIsoDamper
dis air iso dmpr,dischargeIsoDamper
da isolation damper,dischargeIsoDamper
da iso dmpr,dischargeIsoDamper
disch iso damper,dischargeIsoDamper
dis iso dmpr,dischargeIsoDamper
dis isolation damper,dischargeIsoDamper
dis iso dmpr,dischargeIsoDamper
dis iso dmpr cmd,dischargeIsoDamper
dis iso damper,dischargeIsoDamper
dis iso dmpr,dischargeIsoDamper
dis iso damper,dischargeIsoDamper
da iso cmd,dischargeIsoDamper
da isod,dischargeIsoDamper
discharge isodamper,dischargeIsoDamper
iso dmpr disch,dischargeIsoDamper
iso dmpr disch,dischargeIsoDamper
iso damper da,dischargeIsoDamper
disch iso,dischargeIsoDamper
disch iso air damper,dischargeIsoDamper
iso damper disch,dischargeIsoDamper
iso dmpr sa,dischargeIsoDamper
supply iso dmpr,dischargeIsoDamper
supply iso damper,dischargeIsoDamper
supply iso dmpr,dischargeIsoDamper
sup iso dmpr,dischargeIsoDamper
supply iso dmpr,dischargeIsoDamper
supply iso dmpr cmd,dischargeIsoDamper
supply iso dmpr signal,dischargeIsoDamper
sa iso damper,dischargeIsoDamper
sa iso dmpr,dischargeIsoDamper
sa iso dmpr,dischargeIsoDamper
sa iso damper,dischargeIsoDamper
supply iso damper,dischargeIsoDamper
sa iso cmd,dischargeIsoDamper
sa isolation damper,dischargeIsoDamper
iso dmpr supply,dischargeIsoDamper
iso air dmpr da,dischargeIsoDamper
sa iso d,dischargeIsoDamper
iso damper sa,dischargeIsoDamper
sa isod,dischargeIsoDamper
supply air iso dmpr,dischargeIsoDamper
supply air iso damper,dischargeIsoDamper
supply iso dmpr act,dischargeIsoDamper
da iso dmpr act,dischargeIsoDamper
dis iso dmpr cmd,dischargeIsoDamper
disch iso dmpr cmd,dischargeIsoDamper
iso discharge dmpr,dischargeIsoDamper
cmd disch iso dmpr,dischargeIsoDamper
da iso dmpr out,dischargeIsoDamper
iso dmpr out da,dischargeIsoDamper
da enth,dischargeEnthalpy
da enthalpy,dischargeEnthalpy
disch enth,dischargeEnthalpy
disch enthalpy,dischargeEnthalpy
discharge enthalpy,dischargeEnthalpy
discharge air enthalpy,dischargeEnthalpy
dis air enthalpy,dischargeEnthalpy
dis enthalpy,dischargeEnthalpy
supply enthalpy,dischargeEnthalpy
supply enth,dischargeEnthalpy
sup enth,dischargeEnthalpy
supply enthalpy,dischargeEnthalpy
sa enth,dischargeEnthalpy
sa enthalpy,dischargeEnthalpy
supply air enthalpy,dischargeEnthalpy
supply air enthalpy,dischargeEnthalpy
supply enthalpy sensor,dischargeEnthalpy
supply air enth,dischargeEnthalpy
sup air enth,dischargeEnthalpy
sa air enthalpy,dischargeEnthalpy
supply air enth,dischargeEnthalpy
sa enth sensor,dischargeEnthalpy
supply enth sensor,dischargeEnthalpy
da enth,dischargeEnthalpy
dair enth,dischargeEnthalpy
disch air enthalpy,dischargeEnthalpy
dis enthalpy,dischargeEnthalpy
enth disch,dischargeEnthalpy
enthalpy discharge air,dischargeEnthalpy
da en th,dischargeEnthalpy
supply enth,dischargeEnthalpy
enth sa,dischargeEnthalpy
supp enthalpy,dischargeEnthalpy
sup air enthalpy,dischargeEnthalpy
sa enthalpy sensor,dischargeEnthalpy
sa en th,dischargeEnthalpy
supply air enth,dischargeEnthalpy
dis air enthalpy,dischargeEnthalpy
enthalpy sa,dischargeEnthalpy
enthalpy supply air,dischargeEnthalpy
da enthalpy sensor,dischargeEnthalpy
dis enthalpy sensor,dischargeEnthalpy
discharge enth sensor,dischargeEnthalpy
enth dis air,dischargeEnthalpy
da en sensor,dischargeEnthalpy
sup enth,dischargeEnthalpy
supply enth out,dischargeEnthalpy
sair enth,dischargeEnthalpy
sa enthalpy sensor,dischargeEnthalpy
dis air enth,dischargeEnthalpy
dis enthalpy out,dischargeEnthalpy
sa enthalpy out,dischargeEnthalpy
sa enth out,dischargeEnthalpy
sup air en th,dischargeEnthalpy
sup enthalpy sensor,dischargeEnthalpy
supply air enthalpy sensor,dischargeEnthalpy
discharge air enth,dischargeEnthalpy
sa static,dischargePressure
discharge air static,dischargePressure
static,dischargePressure
sa static,dischargePressure
supply air static pressure,dischargePressure
supply air static pressure,dischargePressure
sa static pressure,dischargePressure
sa stat p,dischargePressure
supply static press,dischargePressure
supply air pressure,dischargePressure
sa stat press,dischargePressure
sa press,dischargePressure
sa press,dischargePressure
supply air press,dischargePressure
supply air static,dischargePressure
supply static,dischargePressure
supply static pressure,dischargePressure
sup static,dischargePressure
supp stat pres,dischargePressure
supp static press,dischargePressure
sair static,dischargePressure
supply dsp,dischargePressure
supply press out,dischargePressure
da static,dischargePressure
da static,dischargePressure
discharge air static press,dischargePressure
dis air static press,dischargePressure
dis air static,dischargePressure
dischargestatic,dischargePressure
discharge static,dischargePressure
discharge air pressure,dischargePressure
discharge pressure,dischargePressure
disch pressure,dischargePressure
disch press,dischargePressure
da stat p,dischargePressure
da stat press,dischargePressure
da static pressure,dischargePressure
da press,dischargePressure
da press,dischargePressure
dis air press,dischargePressure
dis air static pressure,dischargePressure
dis air stat,dischargePressure
dis air stat p,dischargePressure
dis air press,dischargePressure
disch air static,dischargePressure
disch static pres,dischargePressure
dis static p,dischargePressure
dis static,dischargePressure
dis air press sensor,dischargePressure
da stat press fb,dischargePressure
discharge air stat press,dischargePressure
da static prs,dischargePressure
da stat pres,dischargePressure
sa static prs,dischargePressure
sa stat pres,dischargePressure
sa static prs,dischargePressure
sa stat press fb,dischargePressure
sa stat pressure sensor,dischargePressure
sa air pressure,dischargePressure
supply air pressure,dischargePressure
supply static sensor,dischargePressure
supp static prs,dischargePressure
discharge press sensor,dischargePressure
sa stat press out,dischargePressure
supply duct static,dischargePressure
supply air pressure out,dischargePressure
supply press fb,dischargePressure
da press sensor,dischargePressure
disch stat press out,dischargePressure
sa static press sensor,dischargePressure
da stat press out,dischargePressure
supply duct press,dischargePressure
supply damper pressure,dischargePressure
supply air stat sensor,dischargePressure
discharge stat prs,dischargePressure
duct static pressure,dischargePressure
duct stat press,dischargePressure
ductstatic,dischargePressure
sa static sp,dischargePressureSp
sa static sp,dischargePressureSp
supply air static pressure sp,dischargePressureSp
supply air static pressure sp,dischargePressureSp
sa stat p sp,dischargePressureSp
sa press sp,dischargePressureSp
sa press sp,dischargePressureSp
supply static press sp,dischargePressureSp
supply air press sp,dischargePressureSp
supply static sp,dischargePressureSp
supply air static sp,dischargePressureSp
sup static pressure sp,dischargePressureSp
supply pressure setpoint,dischargePressureSp
supply stat sp,dischargePressureSp
supply static pressure sp,dischargePressureSp
sup static sp,dischargePressureSp
supply air press sp,dischargePressureSp
sa static sp,dischargePressureSp
sa stat pres sp,dischargePressureSp
supply air stat sp,dischargePressureSp
supp static pressure setpt,dischargePressureSp
sa static pressure sp,dischargePressureSp
sa stat sp,dischargePressureSp
supply sp static,dischargePressureSp
sa pressure setpoint,dischargePressureSp
supply air stat setpoint,dischargePressureSp
supply duct static sp,dischargePressureSp
sa stat setpt,dischargePressureSp
supply stat pressure sp,dischargePressureSp
sair static sp,dischargePressureSp
sa static setpoint,dischargePressureSp
suppress sp,dischargePressureSp
supply dsp sp,dischargePressureSp
sa p sp,dischargePressureSp
supply air sp pressure,dischargePressureSp
discharge air static sp,dischargePressureSp
dis air static sp,dischargePressureSp
da static sp,dischargePressureSp
da static sp,dischargePressureSp
da stat sp,dischargePressureSp
dis static pressure sp,dischargePressureSp
da pressure sp,dischargePressureSp
da press sp,dischargePressureSp
da press sp,dischargePressureSp
da stat press sp,dischargePressureSp
dair stat sp,dischargePressureSp
dis stat sp,dischargePressureSp
dis stat p sp,dischargePressureSp
discharge stat press sp,dischargePressureSp
dis air press sp,dischargePressureSp
da stat setpt,dischargePressureSp
disch pressure setpoint,dischargePressureSp
disch static sp,dischargePressureSp
disch stat pres sp,dischargePressureSp
discharge air press sp,dischargePressureSp
discharge press setpt,dischargePressureSp
dis stat setpoint,dischargePressureSp
da pressure setpt,dischargePressureSp
supply stat press setpt,dischargePressureSp
sa stat pressure target,dischargePressureSp
stat pressure cmd,dischargePressureSp
supply stat target,dischargePressureSp
supply pressure target,dischargePressureSp
supply air pressure target,dischargePressureSp
sa static hi sp,dischargePressureHiSp
sa stat hi sp,dischargePressureHiSp
sa press high sp,dischargePressureHiSp
sa press hi sp,dischargePressureHiSp
sa static high sp,dischargePressureHiSp
supply air static pressure hi sp,dischargePressureHiSp
supply air static hi sp,dischargePressureHiSp
supply air hi stat press sp,dischargePressureHiSp
sup static press hi sp,dischargePressureHiSp
supply stat press hi sp,dischargePressureHiSp
supply air pressure hi sp,dischargePressureHiSp
suppressure hi sp,dischargePressureHiSp
sa hi pres sp,dischargePressureHiSp
sa hi pressure sp,dischargePressureHiSp
sa stat pressure hi sp,dischargePressureHiSp
sa high static sp,dischargePressureHiSp
sa high static sp,dischargePressureHiSp
high supply static sp,dischargePressureHiSp
sa hi static setpoint,dischargePressureHiSp
supply stat pressure hi limit,dischargePressureHiSp
sa hi sp,dischargePressureHiSp
sa static limit sp,dischargePressureHiSp
sa stat press limit,dischargePressureHiSp
supply static press limit,dischargePressureHiSp
supply static hi sp,dischargePressureHiSp
supply stat hi sp,dischargePressureHiSp
sa hi p limit,dischargePressureHiSp
sa hi p target,dischargePressureHiSp
disch pressure hi sp,dischargePressureHiSp
discharge air pressure hi sp,dischargePressureHiSp
discharge press hi sp,dischargePressureHiSp
dis air hi sp,dischargePressureHiSp
da static hi sp,dischargePressureHiSp
da press hi sp,dischargePressureHiSp
da stat high sp,dischargePressureHiSp
da hi pres sp,dischargePressureHiSp
da high static sp,dischargePressureHiSp
da hi static setpt,dischargePressureHiSp
dis stat hi sp,dischargePressureHiSp
disch air hi press sp,dischargePressureHiSp
disch stat press hi sp,dischargePressureHiSp
da press limit sp,dischargePressureHiSp
high discharge pressure setpt,dischargePressureHiSp
high static supply limit,dischargePressureHiSp
supply stat p high alarm,dischargePressureHiSp
sa stat p hi limit,dischargePressureHiSp
sup stat press hi,dischargePressureHiSp
sa stat hi limit,dischargePressureHiSp
sa p hi limit,dischargePressureHiSp
supply air static hi setpoint,dischargePressureHiSp
supply static limit,dischargePressureHiSp
static pressure high setpoint,dischargePressureHiSp
high static pressure threshold,dischargePressureHiSp
static press high limit sp,dischargePressureHiSp
static hi alarm sp sa,dischargePressureHiSp
static pressure hi alarm setpt,dischargePressureHiSp
supply air static hi thresh,dischargePressureHiSp
sa static lo sp,dischargePressureLoSp
sa stat lo sp,dischargePressureLoSp
sa press low sp,dischargePressureLoSp
sa press lo sp,dischargePressureLoSp
sa static low sp,dischargePressureLoSp
supply air static pressure lo sp,dischargePressureLoSp
supply air static lo sp,dischargePressureLoSp
supply air lo stat press sp,dischargePressureLoSp
sup static press lo sp,dischargePressureLoSp
supply stat press lo sp,dischargePressureLoSp
supply air pressure lo sp,dischargePressureLoSp
suppressure lo sp,dischargePressureLoSp
sa lo pres sp,dischargePressureLoSp
sa lo pressure sp,dischargePressureLoSp
sa stat pressure lo sp,dischargePressureLoSp
sa low static sp,dischargePressureLoSp
sa low static sp,dischargePressureLoSp
low supply static sp,dischargePressureLoSp
sa lo static setpoint,dischargePressureLoSp
supply stat pressure lo limit,dischargePressureLoSp
sa lo sp,dischargePressureLoSp
sa static min sp,dischargePressureLoSp
sa stat press min,dischargePressureLoSp
supply static press min,dischargePressureLoSp
supply static lo sp,dischargePressureLoSp
supply stat lo sp,dischargePressureLoSp
sa lo p limit,dischargePressureLoSp
sa lo p target,dischargePressureLoSp
disch pressure lo sp,dischargePressureLoSp
discharge air pressure lo sp,dischargePressureLoSp
discharge press lo sp,dischargePressureLoSp
dis air lo sp,dischargePressureLoSp
da static lo sp,dischargePressureLoSp
da press lo sp,dischargePressureLoSp
da stat low sp,dischargePressureLoSp
da lo pres sp,dischargePressureLoSp
da low static sp,dischargePressureLoSp
da lo static setpt,dischargePressureLoSp
dis stat lo sp,dischargePressureLoSp
disch air lo press sp,dischargePressureLoSp
disch stat press lo sp,dischargePressureLoSp
da press min sp,dischargePressureLoSp
low discharge pressure setpt,dischargePressureLoSp
low static supply limit,dischargePressureLoSp
supply stat p low alarm,dischargePressureLoSp
sa stat p lo limit,dischargePressureLoSp
sup stat press lo,dischargePressureLoSp
sa stat lo limit,dischargePressureLoSp
sa p lo limit,dischargePressureLoSp
supply air static lo setpoint,dischargePressureLoSp
supply static min,dischargePressureLoSp
static pressure low setpoint,dischargePressureLoSp
low static pressure threshold,dischargePressureLoSp
static press low limit sp,dischargePressureLoSp
static lo alarm sp sa,dischargePressureLoSp
static pressure lo alarm setpt,dischargePressureLoSp
supply air static lo thresh,dischargePressureLoSp
low stat sp supply air,dischargePressureLoSp
sa low limit static sp,dischargePressureLoSp
sa min static pressure,dischargePressureLoSp
sa smk dmpr,dischargeSmokeDamper
sa smoke damper,dischargeSmokeDamper
supply smoke damper,dischargeSmokeDamper
supply air smoke damper,dischargeSmokeDamper
sa smoke dmpr,dischargeSmokeDamper
sa smk dmpr,dischargeSmokeDamper
sa smk damper,dischargeSmokeDamper
supply smoke dmpr,dischargeSmokeDamper
supply smoke damper,dischargeSmokeDamper
sup smoke dmpr,dischargeSmokeDamper
supply smoke dmpr cmd,dischargeSmokeDamper
supply air smoke damper,dischargeSmokeDamper
sair smoke damper,dischargeSmokeDamper
sa smk cmd,dischargeSmokeDamper
sa smk cmd,dischargeSmokeDamper
sa smk c,dischargeSmokeDamper
sa smk control,dischargeSmokeDamper
supply smoke damper cmd,dischargeSmokeDamper
supply air smoke dmpr,dischargeSmokeDamper
supply smoke damper cmd,dischargeSmokeDamper
dis smoke damper,dischargeSmokeDamper
dis smoke damper,dischargeSmokeDamper
disch smoke dmpr,dischargeSmokeDamper
disch smk dmpr,dischargeSmokeDamper
disch smoke damper,dischargeSmokeDamper
discharge smoke damper,dischargeSmokeDamper
disch smk dmpr,dischargeSmokeDamper
dis air smoke dmpr,dischargeSmokeDamper
da smoke damper,dischargeSmokeDamper
da smk dmpr,dischargeSmokeDamper
da smoke damper,dischargeSmokeDamper
da smk dmpr,dischargeSmokeDamper
da smk cmd,dischargeSmokeDamper
da smk command,dischargeSmokeDamper
da smk damper,dischargeSmokeDamper
dis air smk dmpr,dischargeSmokeDamper
dis smoke dmpr cmd,dischargeSmokeDamper
dis smoke dmpr act,dischargeSmokeDamper
dis smoke air dmpr,dischargeSmokeDamper
discharge smoke dmpr,dischargeSmokeDamper
dis smoke dmper,dischargeSmokeDamper
dmpr smoke sa,dischargeSmokeDamper
supply dmpr smoke,dischargeSmokeDamper
sa damper smoke,dischargeSmokeDamper
supply smoke dmpr control,dischargeSmokeDamper
supply smoke air dmpr,dischargeSmokeDamper
sa smk ctrl,dischargeSmokeDamper
supply smoke dmpr output,dischargeSmokeDamper
supply smoke dmpr sig,dischargeSmokeDamper
supply air smoke damper,dischargeSmokeDamper
sa dmpr smoke,dischargeSmokeDamper
smoke damper supply air,dischargeSmokeDamper
sa smk act,dischargeSmokeDamper
supply smoke dmpr,dischargeSmokeDamper
supply smoke air dmpr cmd,dischargeSmokeDamper
sa smk out,dischargeSmokeDamper
da smoke damper out,dischargeSmokeDamper
sair smk dmpr,dischargeSmokeDamper
sa smoke dmpr cmd,dischargeSmokeDamper
sa smk sig,dischargeSmokeDamper
supply smoke damper cmd,dischargeSmokeDamper
dis smoke dmpr output,dischargeSmokeDamper
discharge smoke damper cmd,dischargeSmokeDamper
sa smk dmpr fb,dischargeSmokeDamperFb
sa smoke damper fb,dischargeSmokeDamperFb
sa smk fb,dischargeSmokeDamperFb
supply smoke damper fb,dischargeSmokeDamperFb
supply air smoke damper fb,dischargeSmokeDamperFb
sup smoke dmpr fb,dischargeSmokeDamperFb
sa smoke dmpr fb,dischargeSmokeDamperFb
sair smoke damper fb,dischargeSmokeDamperFb
supply smoke dmpr fb,dischargeSmokeDamperFb
supply smoke damper fb,dischargeSmokeDamperFb
supply smoke dmpr feedback,dischargeSmokeDamperFb
supply smoke dmpr status,dischargeSmokeDamperFb
supply smoke dmpr pos,dischargeSmokeDamperFb
sa smk pos,dischargeSmokeDamperFb
sa smk damper fb,dischargeSmokeDamperFb
sa smoke dmpr fb,dischargeSmokeDamperFb
supply smoke dmpr fb,dischargeSmokeDamperFb
supply smoke air dmpr fb,dischargeSmokeDamperFb
supply smoke dmpr feedback,dischargeSmokeDamperFb
sa smk damper pos,dischargeSmokeDamperFb
sa smk dmpr fdbk,dischargeSmokeDamperFb
sa smk feedback,dischargeSmokeDamperFb
supply smoke damper fbk,dischargeSmokeDamperFb
smoke damper fb sa,dischargeSmokeDamperFb
supply air smoke damper fb,dischargeSmokeDamperFb
discharge smoke damper fb,dischargeSmokeDamperFb
dis smoke dmpr fb,dischargeSmokeDamperFb
dis smoke dmper fb,dischargeSmokeDamperFb
dis smoke damper fb,dischargeSmokeDamperFb
disch smk dmpr fb,dischargeSmokeDamperFb
discharge air smoke damper fb,dischargeSmokeDamperFb
disch smk dmpr fb,dischargeSmokeDamperFb
disch smoke dmpr fb,dischargeSmokeDamperFb
dis air smk dmpr fb,dischargeSmokeDamperFb
da smoke damper fb,dischargeSmokeDamperFb
da smk dmpr fb,dischargeSmokeDamperFb
da smk fb,dischargeSmokeDamperFb
da smk damper pos,dischargeSmokeDamperFb
da smoke damper pos,dischargeSmokeDamperFb
da smk position,dischargeSmokeDamperFb
da smk dmpr fdbk,dischargeSmokeDamperFb
da smoke dmpr feedback,dischargeSmokeDamperFb
da smoke dmpr status,dischargeSmokeDamperFb
discharge smoke damper fb,dischargeSmokeDamperFb
disch smoke damper fdbk,dischargeSmokeDamperFb
discharge smoke dmpr fbk,dischargeSmokeDamperFb
dis smoke dmpr signal,dischargeSmokeDamperFb
dis smoke dmpr feedback,dischargeSmokeDamperFb
smoke dmpr status dis,dischargeSmokeDamperFb
discharge smoke dmpr fbk,dischargeSmokeDamperFb
supply smoke dmpr position,dischargeSmokeDamperFb
supply smoke dmpr feedback,dischargeSmokeDamperFb
sa smk fb pos,dischargeSmokeDamperFb
sa smoke fb,dischargeSmokeDamperFb
sa smk fb signal,dischargeSmokeDamperFb
sa smk fdbk out,dischargeSmokeDamperFb
sa smk damper signal,dischargeSmokeDamperFb
sair smk damper fb,dischargeSmokeDamperFb
sa smk dmpr pos fb,dischargeSmokeDamperFb
sa smk dmpr out fb,dischargeSmokeDamperFb
smoke damper fbk supply,dischargeSmokeDamperFb
smoke dmpr fb sa,dischargeSmokeDamperFb
sa smoke damper fbk,dischargeSmokeDamperFb
sa smoke alarm,dischargeSmokeAlarm
sa smoke alarm,dischargeSmokeAlarm
sa smk alarm,dischargeSmokeAlarm
sa smk alm,dischargeSmokeAlarm
sa smoke alm,dischargeSmokeAlarm
supply smoke alarm,dischargeSmokeAlarm
supply smoke alarm,dischargeSmokeAlarm
supply air smoke alarm,dischargeSmokeAlarm
sair smoke alarm,dischargeSmokeAlarm
supply air alarm smoke,dischargeSmokeAlarm
supply smoke alm,dischargeSmokeAlarm
supply smoke alarm,dischargeSmokeAlarm
supply smk alm,dischargeSmokeAlarm
smoke alarm sa,dischargeSmokeAlarm
supply smoke detector alarm,dischargeSmokeAlarm
sa smk det alarm,dischargeSmokeAlarm
supply air smk alarm,dischargeSmokeAlarm
supply smoke alm,dischargeSmokeAlarm
supply air smoke det alarm,dischargeSmokeAlarm
supply air smoke det status,dischargeSmokeAlarm
sa smk detect alarm,dischargeSmokeAlarm
supply air smk detect alarm,dischargeSmokeAlarm
supply smoke status,dischargeSmokeAlarm
sa smk fault,dischargeSmokeAlarm
sa smoke detect alarm,dischargeSmokeAlarm
dis smoke alarm,dischargeSmokeAlarm
disch smoke alarm,dischargeSmokeAlarm
dis smoke alarm,dischargeSmokeAlarm
dis smoke alm,dischargeSmokeAlarm
discharge smoke alarm,dischargeSmokeAlarm
disch smoke alm,dischargeSmokeAlarm
disch smoke alarm,dischargeSmokeAlarm
dis air smoke alarm,dischargeSmokeAlarm
dis air smk alarm,dischargeSmokeAlarm
dis smk alm,dischargeSmokeAlarm
discharge air smoke alarm,dischargeSmokeAlarm
discharge air smoke alarm,dischargeSmokeAlarm
disch smk alarm,dischargeSmokeAlarm
da smoke alarm,dischargeSmokeAlarm
da smk alm,dischargeSmokeAlarm
da smoke alm,dischargeSmokeAlarm
da smoke alarm,dischargeSmokeAlarm
da air smoke alarm,dischargeSmokeAlarm
dis air smoke alm,dischargeSmokeAlarm
disch smoke detector alarm,dischargeSmokeAlarm
disch smk det alarm,dischargeSmokeAlarm
smoke detect alarm discharge,dischargeSmokeAlarm
smoke alarm sa,dischargeSmokeAlarm
smoke alarm supply,dischargeSmokeAlarm
supply smoke alarm signal,dischargeSmokeAlarm
sa smoke alarm status,dischargeSmokeAlarm
sa smoke alarm signal,dischargeSmokeAlarm
smoke alarm sa,dischargeSmokeAlarm
supply smk alarm signal,dischargeSmokeAlarm
sa smk alarm signal,dischargeSmokeAlarm
sa smoke alm out,dischargeSmokeAlarm
supply smk alm status,dischargeSmokeAlarm
smoke alarm discharge air,dischargeSmokeAlarm
sa t,dischargeTemp
sa temp,dischargeTemp
sa temp,dischargeTemp
supply air temp,dischargeTemp
supply air temp,dischargeTemp
sa air temp,dischargeTemp
sa air t,dischargeTemp
sair temp,dischargeTemp
supplyairtemp,dischargeTemp
supply air t,dischargeTemp
supply air temp,dischargeTemp
supply temp,dischargeTemp
sup temp,dischargeTemp
supply temp,dischargeTemp
sup air temp,dischargeTemp
sa temp,dischargeTemp
sa temp,dischargeTemp
supply air temperature,dischargeTemp
supply temp sensor,dischargeTemp
supply air temp,dischargeTemp
sa temp sensor,dischargeTemp
sa temp sensor,dischargeTemp
sair t,dischargeTemp
supply air t,dischargeTemp
supply t,dischargeTemp
supply temp sensor,dischargeTemp
supply temp sensor,dischargeTemp
supair temp,dischargeTemp
supply temp,dischargeTemp
supply air temp,dischargeTemp
sup temp sensor,dischargeTemp
supply air temp sensor,dischargeTemp
sa temp out,dischargeTemp
sa t out,dischargeTemp
sa output temp,dischargeTemp
sa temp meas,dischargeTemp
sa temp fb,dischargeTemp
supply air temp out,dischargeTemp
sa temperature,dischargeTemp
sa temp feedback,dischargeTemp
sa t signal,dischargeTemp
sa temp val,dischargeTemp
da t,dischargeTemp
da temp,dischargeTemp
da temp,dischargeTemp
dis air temp,dischargeTemp
discharge temp,dischargeTemp
dis temp,dischargeTemp
dis air temperature,dischargeTemp
discharge air temp,dischargeTemp
discharge air temp,dischargeTemp
disch temp,dischargeTemp
disch temp,dischargeTemp
discharge temp,dischargeTemp
discharge air temp,dischargeTemp
disch t,dischargeTemp
dis temp,dischargeTemp
disch air t,dischargeTemp
dis air t,dischargeTemp
dair temp,dischargeTemp
da temp sensor,dischargeTemp
discharge t,dischargeTemp
da output temp,dischargeTemp
disch temp sensor,dischargeTemp
da temp sensor,dischargeTemp
dis temp out,dischargeTemp
da temp out,dischargeTemp
dis air temp out,dischargeTemp
sa dis temp,dischargeTemp
temp supply air,dischargeTemp
supp temp,dischargeTemp
supply air tmp,dischargeTemp
sup air t,dischargeTemp
sup t out,dischargeTemp
discharge air temperature,dischargeTemp
sa t c max sp,dischargeTempCoolMaxSp
sa temp clg hi sp,dischargeTempCoolMaxSp
sa cool max sp,dischargeTempCoolMaxSp
sa cool max temp,dischargeTempCoolMaxSp
supply air temp cool max sp,dischargeTempCoolMaxSp
supply air temp max clg sp,dischargeTempCoolMaxSp
supply air cooling max sp,dischargeTempCoolMaxSp
sa clg max temp sp,dischargeTempCoolMaxSp
sa clg max sp,dischargeTempCoolMaxSp
supply clg hi limit,dischargeTempCoolMaxSp
supply temp clg hi sp,dischargeTempCoolMaxSp
supply temp max cool,dischargeTempCoolMaxSp
supply max cool sp,dischargeTempCoolMaxSp
sa temp hi limit clg,dischargeTempCoolMaxSp
supply cool max temp setpoint,dischargeTempCoolMaxSp
sa t cool max sp,dischargeTempCoolMaxSp
sa temp clg max sp,dischargeTempCoolMaxSp
sa cool temp limit,dischargeTempCoolMaxSp
supply air max clg temp,dischargeTempCoolMaxSp
sa clg temp hi sp,dischargeTempCoolMaxSp
sup temp max clg,dischargeTempCoolMaxSp
sa t clg max,dischargeTempCoolMaxSp
supply air temp cool limit,dischargeTempCoolMaxSp
supair clg max sp,dischargeTempCoolMaxSp
dis air cool max sp,dischargeTempCoolMaxSp
discharge cool temp max sp,dischargeTempCoolMaxSp
discharge air cooling max sp,dischargeTempCoolMaxSp
disch air temp hi clg sp,dischargeTempCoolMaxSp
da cool max temp sp,dischargeTempCoolMaxSp
da clg max sp,dischargeTempCoolMaxSp
da temp cool hi sp,dischargeTempCoolMaxSp
da temp high cool sp,dischargeTempCoolMaxSp
da temp clg hi sp,dischargeTempCoolMaxSp
da cool hi sp,dischargeTempCoolMaxSp
dis air hi clg sp,dischargeTempCoolMaxSp
discharge air cool max setpoint,dischargeTempCoolMaxSp
disch clg max sp,dischargeTempCoolMaxSp
disch cool temp hi sp,dischargeTempCoolMaxSp
discharge cool hi sp,dischargeTempCoolMaxSp
sa hi clg sp,dischargeTempCoolMaxSp
sa temp clg limit hi,dischargeTempCoolMaxSp
supply temp cool high limit,dischargeTempCoolMaxSp
supply clg high limit sp,dischargeTempCoolMaxSp
sa cooling temp high sp,dischargeTempCoolMaxSp
supply cool temp ceiling,dischargeTempCoolMaxSp
sup temp cool cutoff,dischargeTempCoolMaxSp
supair cool max,dischargeTempCoolMaxSp
sa cooling max temp,dischargeTempCoolMaxSp
supply temp cool max,dischargeTempCoolMaxSp
sup temp hi clg,dischargeTempCoolMaxSp
supply air cooling hi limit,dischargeTempCoolMaxSp
supply cool max limit temp,dischargeTempCoolMaxSp
cooling discharge max sp,dischargeTempCoolMaxSp
cooling max temp supply air,dischargeTempCoolMaxSp
sa t c min sp,dischargeTempCoolMinSp
sa temp clg lo sp,dischargeTempCoolMinSp
sa cool min sp,dischargeTempCoolMinSp
sa cool min temp,dischargeTempCoolMinSp
supply air temp cool min sp,dischargeTempCoolMinSp
supply air temp min clg sp,dischargeTempCoolMinSp
supply air cooling min sp,dischargeTempCoolMinSp
sa clg min temp sp,dischargeTempCoolMinSp
sa clg min sp,dischargeTempCoolMinSp
supply clg lo limit,dischargeTempCoolMinSp
supply temp clg lo sp,dischargeTempCoolMinSp
supply temp min cool,dischargeTempCoolMinSp
supply min cool sp,dischargeTempCoolMinSp
sa temp lo limit clg,dischargeTempCoolMinSp
supply cool min temp setpoint,dischargeTempCoolMinSp
sa t cool min sp,dischargeTempCoolMinSp
sa temp clg min sp,dischargeTempCoolMinSp
sa cool temp min,dischargeTempCoolMinSp
supply air min clg temp,dischargeTempCoolMinSp
sa clg temp lo sp,dischargeTempCoolMinSp
sup temp min clg,dischargeTempCoolMinSp
sa t clg min,dischargeTempCoolMinSp
supply air temp cool low limit,dischargeTempCoolMinSp
supair clg min sp,dischargeTempCoolMinSp
dis air cool min sp,dischargeTempCoolMinSp
discharge cool temp min sp,dischargeTempCoolMinSp
discharge air cooling min sp,dischargeTempCoolMinSp
disch air temp lo clg sp,dischargeTempCoolMinSp
da cool min temp sp,dischargeTempCoolMinSp
da clg min sp,dischargeTempCoolMinSp
da temp cool lo sp,dischargeTempCoolMinSp
da temp low cool sp,dischargeTempCoolMinSp
da temp clg lo sp,dischargeTempCoolMinSp
da cool lo sp,dischargeTempCoolMinSp
dis air lo clg sp,dischargeTempCoolMinSp
discharge air cool min setpoint,dischargeTempCoolMinSp
disch clg min sp,dischargeTempCoolMinSp
disch cool temp lo sp,dischargeTempCoolMinSp
discharge cool lo sp,dischargeTempCoolMinSp
sa lo clg sp,dischargeTempCoolMinSp
sa temp clg limit lo,dischargeTempCoolMinSp
supply temp cool low limit,dischargeTempCoolMinSp
supply clg low limit sp,dischargeTempCoolMinSp
sa cooling temp low sp,dischargeTempCoolMinSp
supply cool temp floor,dischargeTempCoolMinSp
sup temp cool floor,dischargeTempCoolMinSp
supair cool min,dischargeTempCoolMinSp
sa cooling min temp,dischargeTempCoolMinSp
supply temp cool min,dischargeTempCoolMinSp
sup temp lo clg,dischargeTempCoolMinSp
supply air cooling lo limit,dischargeTempCoolMinSp
supply cool min limit temp,dischargeTempCoolMinSp
cooling discharge min sp,dischargeTempCoolMinSp
cooling min temp supply air,dischargeTempCoolMinSp
sa temp cool min lmt,dischargeTempCoolMinSp
supply temp clg lo limit,dischargeTempCoolMinSp
sup air temp min cool,dischargeTempCoolMinSp
sa cool min limit,dischargeTempCoolMinSp
sup temp clg min sp,dischargeTempCoolMinSp
supply air min clg setpt,dischargeTempCoolMinSp
sa clg sp min,dischargeTempCoolMinSp
supply cooling min limit,dischargeTempCoolMinSp
sa t c sp,dischargeTempCoolSp
sa cool sp,dischargeTempCoolSp
sa temp clg sp,dischargeTempCoolSp
supply air temp cool sp,dischargeTempCoolSp
supply air temp clg sp,dischargeTempCoolSp
supply clg sp,dischargeTempCoolSp
sa clg sp,dischargeTempCoolSp
sa clg temp sp,dischargeTempCoolSp
sa clg setpt,dischargeTempCoolSp
sa cool temp sp,dischargeTempCoolSp
sa temp clg sp,dischargeTempCoolSp
sa temp sp clg,dischargeTempCoolSp
supply temp clg sp,dischargeTempCoolSp
supply air temp clg sp,dischargeTempCoolSp
supply air cooling sp,dischargeTempCoolSp
supply air clg sp,dischargeTempCoolSp
sa clg temp setpt,dischargeTempCoolSp
sa temp clg setpoint,dischargeTempCoolSp
sa clg sp temp,dischargeTempCoolSp
supply cooling temp setpoint,dischargeTempCoolSp
supply clg temp sp,dischargeTempCoolSp
sup temp clg sp,dischargeTempCoolSp
sa temp setpt clg,dischargeTempCoolSp
sair temp clg sp,dischargeTempCoolSp
supply temp cooling setpt,dischargeTempCoolSp
sa temp cool setpt,dischargeTempCoolSp
supply air cool setpoint,dischargeTempCoolSp
sa temp sp cooling,dischargeTempCoolSp
sa temp clg target,dischargeTempCoolSp
sa cool target temp,dischargeTempCoolSp
sa clg control temp,dischargeTempCoolSp
sa cooling sp,dischargeTempCoolSp
sa cool ctrl temp,dischargeTempCoolSp
supply clg ctrl temp,dischargeTempCoolSp
supply clg setpoint,dischargeTempCoolSp
discharge air cooling sp,dischargeTempCoolSp
discharge air cool sp,dischargeTempCoolSp
dis air temp cool sp,dischargeTempCoolSp
disch clg temp sp,dischargeTempCoolSp
da clg temp sp,dischargeTempCoolSp
da cool temp sp,dischargeTempCoolSp
da temp clg sp,dischargeTempCoolSp
da cool sp,dischargeTempCoolSp
da temp clg sp,dischargeTempCoolSp
disch temp clg sp,dischargeTempCoolSp
discharge temp clg sp,dischargeTempCoolSp
discharge air temp clg sp,dischargeTempCoolSp
discharge air clg setpt,dischargeTempCoolSp
disch clg sp,dischargeTempCoolSp
sa temp clg cmd,dischargeTempCoolSp
sa temp clg ctrl,dischargeTempCoolSp
supply cool control sp,dischargeTempCoolSp
sa temp cooling cmd,dischargeTempCoolSp
supply clg setpoint,dischargeTempCoolSp
supair cool sp,dischargeTempCoolSp
sa clg temp ctrl,dischargeTempCoolSp
sa cool temp setpoint,dischargeTempCoolSp
supply temp clg setpoint,dischargeTempCoolSp
clg sa temp setpoint,dischargeTempCoolSp
supply air cooling target,dischargeTempCoolSp
sup temp cool sp,dischargeTempCoolSp
supair clg sp,dischargeTempCoolSp
sa t dehumid sp,dischargeTempDehumidSp
sa dehumid sp,dischargeTempDehumidSp
sa dehum temp sp,dischargeTempDehumidSp
supply air temp dehumid sp,dischargeTempDehumidSp
supply air temp dehumid sp,dischargeTempDehumidSp
sa dehum sp,dischargeTempDehumidSp
sa dehum setpoint,dischargeTempDehumidSp
sa temp dehum sp,dischargeTempDehumidSp
supply air dehumid temp setpoint,dischargeTempDehumidSp
sa temp sp dehum,dischargeTempDehumidSp
sa dehum t sp,dischargeTempDehumidSp
supply dehumid temp sp,dischargeTempDehumidSp
supply temp dehumid sp,dischargeTempDehumidSp
supply temp dehum sp,dischargeTempDehumidSp
sup dehum temp sp,dischargeTempDehumidSp
supply dehumid sp,dischargeTempDehumidSp
supply dehumid sp,dischargeTempDehumidSp
sa temp dehumidify sp,dischargeTempDehumidSp
supply temp dehumidify sp,dischargeTempDehumidSp
sa temp dehumid sp,dischargeTempDehumidSp
supply dehumid temp sp,dischargeTempDehumidSp
sa dehum cmd sp,dischargeTempDehumidSp
supply air dehumidify sp,dischargeTempDehumidSp
sup dehum sp,dischargeTempDehumidSp
sa temp dehumidification sp,dischargeTempDehumidSp
supply temp dehum sp,dischargeTempDehumidSp
supply air temp dehum setpoint,dischargeTempDehumidSp
discharge temp dehumid sp,dischargeTempDehumidSp
dis air temp dehum sp,dischargeTempDehumidSp
disch temp dehum sp,dischargeTempDehumidSp
discharge dehum temp sp,dischargeTempDehumidSp
discharge air temp dehumid sp,dischargeTempDehumidSp
da dehum sp,dischargeTempDehumidSp
da t dehum sp,dischargeTempDehumidSp
da temp dehum sp,dischargeTempDehumidSp
disch dehumid temp sp,dischargeTempDehumidSp
disch dehum sp,dischargeTempDehumidSp
disch temp dehumidification sp,dischargeTempDehumidSp
discharge air dehumid temp sp,dischargeTempDehumidSp
discharge dehum temp sp,dischargeTempDehumidSp
dehumidification dis temp sp,dischargeTempDehumidSp
dehumid discharge temp sp,dischargeTempDehumidSp
dehum sa temp sp,dischargeTempDehumidSp
dehum supply temp sp,dischargeTempDehumidSp
sa temp dehum ctrl sp,dischargeTempDehumidSp
sa temp dehum setpoint,dischargeTempDehumidSp
sa dehumidification temp setpoint,dischargeTempDehumidSp
sa temp ctrl dehum,dischargeTempDehumidSp
sa temp sp dehumidification,dischargeTempDehumidSp
supply temp ctrl dehumid,dischargeTempDehumidSp
supply dehum setpt,dischargeTempDehumidSp
supply air dehum setpt,dischargeTempDehumidSp
sa temp sp dh,dischargeTempDehumidSp
sa dh temp setpt,dischargeTempDehumidSp
sa dh t sp,dischargeTempDehumidSp
sa dehum temp ctrl sp,dischargeTempDehumidSp
sa t fault,dischargeTempFault
sa temp fault,dischargeTempFault
sa temp fault,dischargeTempFault
supply air temp fault,dischargeTempFault
supply air temp fault,dischargeTempFault
sa temp sensor fault,dischargeTempFault
sa t fail,dischargeTempFault
sa temp fail,dischargeTempFault
sa temp failure,dischargeTempFault
sa t flt,dischargeTempFault
sa temperature fault,dischargeTempFault
sa temp sensor error,dischargeTempFault
sup temp fault,dischargeTempFault
supply temp fault,dischargeTempFault
supply t fault,dischargeTempFault
supply temp fail,dischargeTempFault
sup temp fail,dischargeTempFault
supply temp sensor fail,dischargeTempFault
supply air temp sensor fault,dischargeTempFault
supply temp failure,dischargeTempFault
supply temp fault,dischargeTempFault
supply temp sensor fault,dischargeTempFault
supply air temp sensor fail,dischargeTempFault
disch temp fault,dischargeTempFault
disch temp fault,dischargeTempFault
dis temp fault,dischargeTempFault
dis temp fail,dischargeTempFault
discharge air temp fault,dischargeTempFault
dis air temp fault,dischargeTempFault
disch temp sensor fault,dischargeTempFault
discharge temp fault,dischargeTempFault
da temp fault,dischargeTempFault
da temp fault,dischargeTempFault
da t fault,dischargeTempFault
da temp fail,dischargeTempFault
da temp sensor fault,dischargeTempFault
da temp error,dischargeTempFault
dair temp fault,dischargeTempFault
da temp sensor error,dischargeTempFault
discharge temp sensor fail,dischargeTempFault
sa temp sensor fail,dischargeTempFault
sa temp sensor fault out,dischargeTempFault
supair temp fault,dischargeTempFault
sair temp failure,dischargeTempFault
supply air temp sensor flt,dischargeTempFault
sa temp sensor failure,dischargeTempFault
sa temp sensor fail ind,dischargeTempFault
sup temp failure ind,dischargeTempFault
da temp sensor fail,dischargeTempFault
da temp sensor failure,dischargeTempFault
dis temp sensor fail,dischargeTempFault
dis temp sensor error,dischargeTempFault
sa temp feedback fail,dischargeTempFault
disch air temp failure,dischargeTempFault
dis air temp sensor fail,dischargeTempFault
da temp feedback fault,dischargeTempFault
sup temp feedback fault,dischargeTempFault
sair temp error,dischargeTempFault
supply air t fault,dischargeTempFault
sa t fail ind,dischargeTempFault
supply temp error,dischargeTempFault
sa t hi htg sp,dischargeTempHeatMaxSp
sa temp heat hi sp,dischargeTempHeatMaxSp
sa heat max sp,dischargeTempHeatMaxSp
sa heat max temp,dischargeTempHeatMaxSp
supply air temp heat max sp,dischargeTempHeatMaxSp
supply air temp max htg sp,dischargeTempHeatMaxSp
supply air heating max sp,dischargeTempHeatMaxSp
sa htg max temp sp,dischargeTempHeatMaxSp
sa htg max sp,dischargeTempHeatMaxSp
supply htg hi limit,dischargeTempHeatMaxSp
supply temp htg hi sp,dischargeTempHeatMaxSp
supply temp max heat,dischargeTempHeatMaxSp
supply max heat sp,dischargeTempHeatMaxSp
sa temp hi limit htg,dischargeTempHeatMaxSp
supply heat max temp setpoint,dischargeTempHeatMaxSp
sa t heat max sp,dischargeTempHeatMaxSp
sa temp htg max sp,dischargeTempHeatMaxSp
sa heat temp limit,dischargeTempHeatMaxSp
supply air max htg temp,dischargeTempHeatMaxSp
sa htg temp hi sp,dischargeTempHeatMaxSp
sup temp max htg,dischargeTempHeatMaxSp
sa t htg max,dischargeTempHeatMaxSp
supply air temp heat limit,dischargeTempHeatMaxSp
supair htg max sp,dischargeTempHeatMaxSp
dis air heat max sp,dischargeTempHeatMaxSp
discharge heat temp max sp,dischargeTempHeatMaxSp
discharge air heating max sp,dischargeTempHeatMaxSp
disch air temp hi htg sp,dischargeTempHeatMaxSp
da heat max temp sp,dischargeTempHeatMaxSp
da htg max sp,dischargeTempHeatMaxSp
da temp heat hi sp,dischargeTempHeatMaxSp
da temp htg hi sp,dischargeTempHeatMaxSp
da temp heat hi sp,dischargeTempHeatMaxSp
da heat hi sp,dischargeTempHeatMaxSp
dis air hi htg sp,dischargeTempHeatMaxSp
discharge air heat max setpoint,dischargeTempHeatMaxSp
disch htg max sp,dischargeTempHeatMaxSp
disch heat temp hi sp,dischargeTempHeatMaxSp
discharge heat hi sp,dischargeTempHeatMaxSp
sa hi htg sp,dischargeTempHeatMaxSp
sa temp htg limit hi,dischargeTempHeatMaxSp
supply temp heat high limit,dischargeTempHeatMaxSp
supply htg high limit sp,dischargeTempHeatMaxSp
sa heating temp high sp,dischargeTempHeatMaxSp
supply heat temp ceiling,dischargeTempHeatMaxSp
sup temp heat cutoff,dischargeTempHeatMaxSp
supair heat max,dischargeTempHeatMaxSp
sa heating max temp,dischargeTempHeatMaxSp
supply temp heat max,dischargeTempHeatMaxSp
sup temp hi htg,dischargeTempHeatMaxSp
supply air heating hi limit,dischargeTempHeatMaxSp
supply heat max limit temp,dischargeTempHeatMaxSp
heating discharge max sp,dischargeTempHeatMaxSp
heating max temp supply air,dischargeTempHeatMaxSp
sa temp heat max lmt,dischargeTempHeatMaxSp
supply temp htg hi limit,dischargeTempHeatMaxSp
sup air temp max heat,dischargeTempHeatMaxSp
sa heat max limit,dischargeTempHeatMaxSp
sup temp htg max sp,dischargeTempHeatMaxSp
supply air max htg setpt,dischargeTempHeatMaxSp
sa htg sp max,dischargeTempHeatMaxSp
supply heating max limit,dischargeTempHeatMaxSp
sa temp htg high lmt,dischargeTempHeatMaxSp
sa t lo htg sp,dischargeTempHeatMinSp
sa temp heat lo sp,dischargeTempHeatMinSp
sa heat min sp,dischargeTempHeatMinSp
sa heat min temp,dischargeTempHeatMinSp
supply air temp heat min sp,dischargeTempHeatMinSp
supply air temp min htg sp,dischargeTempHeatMinSp
supply air heating min sp,dischargeTempHeatMinSp
sa htg min temp sp,dischargeTempHeatMinSp
sa htg min sp,dischargeTempHeatMinSp
supply htg lo limit,dischargeTempHeatMinSp
supply temp htg lo sp,dischargeTempHeatMinSp
supply temp min heat,dischargeTempHeatMinSp
supply min heat sp,dischargeTempHeatMinSp
sa temp lo limit htg,dischargeTempHeatMinSp
supply heat min temp setpoint,dischargeTempHeatMinSp
sa t heat min sp,dischargeTempHeatMinSp
sa temp htg min sp,dischargeTempHeatMinSp
sa heat temp min,dischargeTempHeatMinSp
supply air min htg temp,dischargeTempHeatMinSp
sa htg temp lo sp,dischargeTempHeatMinSp
sup temp min htg,dischargeTempHeatMinSp
sa t htg min,dischargeTempHeatMinSp
supply air temp heat low limit,dischargeTempHeatMinSp
supair htg min sp,dischargeTempHeatMinSp
dis air heat min sp,dischargeTempHeatMinSp
discharge heat temp min sp,dischargeTempHeatMinSp
discharge air heating min sp,dischargeTempHeatMinSp
disch air temp lo htg sp,dischargeTempHeatMinSp
da heat min temp sp,dischargeTempHeatMinSp
da htg min sp,dischargeTempHeatMinSp
da temp heat lo sp,dischargeTempHeatMinSp
da temp htg lo sp,dischargeTempHeatMinSp
da temp heat lo sp,dischargeTempHeatMinSp
da heat lo sp,dischargeTempHeatMinSp
dis air lo htg sp,dischargeTempHeatMinSp
discharge air heat min setpoint,dischargeTempHeatMinSp
disch htg min sp,dischargeTempHeatMinSp
disch heat temp lo sp,dischargeTempHeatMinSp
discharge heat lo sp,dischargeTempHeatMinSp
sa lo htg sp,dischargeTempHeatMinSp
sa temp htg limit lo,dischargeTempHeatMinSp
supply temp heat low limit,dischargeTempHeatMinSp
supply htg low limit sp,dischargeTempHeatMinSp
sa heating temp low sp,dischargeTempHeatMinSp
supply heat temp floor,dischargeTempHeatMinSp
sup temp heat floor,dischargeTempHeatMinSp
supair heat min,dischargeTempHeatMinSp
sa heating min temp,dischargeTempHeatMinSp
supply temp heat min,dischargeTempHeatMinSp
sup temp lo htg,dischargeTempHeatMinSp
supply air heating lo limit,dischargeTempHeatMinSp
supply heat min limit temp,dischargeTempHeatMinSp
heating discharge min sp,dischargeTempHeatMinSp
heating min temp supply air,dischargeTempHeatMinSp
sa temp heat min lmt,dischargeTempHeatMinSp
supply temp htg lo limit,dischargeTempHeatMinSp
sup air temp min heat,dischargeTempHeatMinSp
sa heat min limit,dischargeTempHeatMinSp
sup temp htg min sp,dischargeTempHeatMinSp
supply air min htg setpt,dischargeTempHeatMinSp
sa htg sp min,dischargeTempHeatMinSp
supply heating min limit,dischargeTempHeatMinSp
sa temp htg low lmt,dischargeTempHeatMinSp
sa t h sp,dischargeTempHeatSp
sa temp htg sp,dischargeTempHeatSp
sa heat sp,dischargeTempHeatSp
sa heat temp sp,dischargeTempHeatSp
supply air temp heat sp,dischargeTempHeatSp
supply air temp htg sp,dischargeTempHeatSp
supply air heating sp,dischargeTempHeatSp
sa htg temp sp,dischargeTempHeatSp
sa htg sp,dischargeTempHeatSp
supply temp htg sp,dischargeTempHeatSp
supply air temp htg sp,dischargeTempHeatSp
sup temp htg sp,dischargeTempHeatSp
supply air heat sp,dischargeTempHeatSp
supply air ht sp,dischargeTempHeatSp
sa temp htg sp,dischargeTempHeatSp
sa temp sp htg,dischargeTempHeatSp
supply heating temp setpoint,dischargeTempHeatSp
supply heat sp,dischargeTempHeatSp
supply htg sp,dischargeTempHeatSp
supply temp sp htg,dischargeTempHeatSp
supply temp heat setpt,dischargeTempHeatSp
supply air temp heat setpoint,dischargeTempHeatSp
sa temp setpt htg,dischargeTempHeatSp
sair temp htg sp,dischargeTempHeatSp
sa t htg setpt,dischargeTempHeatSp
sa temp heating sp,dischargeTempHeatSp
sa htg setpt,dischargeTempHeatSp
sa heat temp setpoint,dischargeTempHeatSp
supair htg sp,dischargeTempHeatSp
sa htg temp setpoint,dischargeTempHeatSp
sup temp heat sp,dischargeTempHeatSp
supply heat sp,dischargeTempHeatSp
supply air heat temp sp,dischargeTempHeatSp
sup temp setpt heat,dischargeTempHeatSp
supply temp ht sp,dischargeTempHeatSp
discharge air heating sp,dischargeTempHeatSp
discharge air heat sp,dischargeTempHeatSp
dis air temp heat sp,dischargeTempHeatSp
disch htg temp sp,dischargeTempHeatSp
da htg temp sp,dischargeTempHeatSp
da heat temp sp,dischargeTempHeatSp
da temp htg sp,dischargeTempHeatSp
da heat sp,dischargeTempHeatSp
da temp htg sp,dischargeTempHeatSp
disch temp htg sp,dischargeTempHeatSp
discharge temp htg sp,dischargeTempHeatSp
discharge air temp htg sp,dischargeTempHeatSp
discharge air ht setpt,dischargeTempHeatSp
disch htg sp,dischargeTempHeatSp
sa temp htg cmd,dischargeTempHeatSp
sa temp htg ctrl,dischargeTempHeatSp
supply heat control sp,dischargeTempHeatSp
sa temp heating cmd,dischargeTempHeatSp
supply htg setpoint,dischargeTempHeatSp
supair heat sp,dischargeTempHeatSp
sa htg temp ctrl,dischargeTempHeatSp
sa heat temp setpoint,dischargeTempHeatSp
supply temp htg setpoint,dischargeTempHeatSp
htg sa temp setpoint,dischargeTempHeatSp
supply air heating target,dischargeTempHeatSp
sup temp heat cmd sp,dischargeTempHeatSp
supair htg temp cmd,dischargeTempHeatSp
supply air htg sp,dischargeTempHeatSp
htg discharge sp,dischargeTempHeatSp
supply temp heating target,dischargeTempHeatSp
sa t hi alm,dischargeTempHiAlarm
sa temp high alarm,dischargeTempHiAlarm
sa temp hi alarm,dischargeTempHiAlarm
sa high temp alarm,dischargeTempHiAlarm
sa temp hi alm,dischargeTempHiAlarm
sa temp high alm,dischargeTempHiAlarm
supply air temp hi alarm,dischargeTempHiAlarm
supply air temp hi alarm,dischargeTempHiAlarm
sup temp hi alm,dischargeTempHiAlarm
sup temp hi alarm,dischargeTempHiAlarm
supply temp high alarm,dischargeTempHiAlarm
supply temp hi alarm,dischargeTempHiAlarm
supply high temp alarm,dischargeTempHiAlarm
supply temp high alarm,dischargeTempHiAlarm
sa temperature high alarm,dischargeTempHiAlarm
sa t hi alarm,dischargeTempHiAlarm
sa high temp alm,dischargeTempHiAlarm
sair temp hi alarm,dischargeTempHiAlarm
sair temp hi alm,dischargeTempHiAlarm
supply temp hi limit alm,dischargeTempHiAlarm
sa temp exceeds high,dischargeTempHiAlarm
sa temp over limit,dischargeTempHiAlarm
sa temp gt hi sp,dischargeTempHiAlarm
supply air temp exceeds high,dischargeTempHiAlarm
sup temp gt limit,dischargeTempHiAlarm
sup temp exceed hi,dischargeTempHiAlarm
sup temp over,dischargeTempHiAlarm
sup temp hl alm,dischargeTempHiAlarm
sa temp high limit alarm,dischargeTempHiAlarm
discharge air temp hi alarm,dischargeTempHiAlarm
dis air temp hi alarm,dischargeTempHiAlarm
dis temp hi alarm,dischargeTempHiAlarm
disch temp hi alm,dischargeTempHiAlarm
da temp hi alm,dischargeTempHiAlarm
da temp hi alarm,dischargeTempHiAlarm
da high temp alarm,dischargeTempHiAlarm
da high temp alm,dischargeTempHiAlarm
da temp exceeds hi sp,dischargeTempHiAlarm
da temp gt limit,dischargeTempHiAlarm
da t hi alarm,dischargeTempHiAlarm
da temp hi alm,dischargeTempHiAlarm
disch temp high alarm,dischargeTempHiAlarm
disch temp hi alarm,dischargeTempHiAlarm
discharge temp hi alarm,dischargeTempHiAlarm
discharge temp high alarm,dischargeTempHiAlarm
discharge air temp exceeded,dischargeTempHiAlarm
disch air temp above high,dischargeTempHiAlarm
discharge temp over hi sp,dischargeTempHiAlarm
disch temp above hi limit,dischargeTempHiAlarm
supair temp high alarm,dischargeTempHiAlarm
supair temp over limit,dischargeTempHiAlarm
supply temp alm hi,dischargeTempHiAlarm
sa hi limit exceeded,dischargeTempHiAlarm
supply temp hi exceeded,dischargeTempHiAlarm
sa temp max exceeded,dischargeTempHiAlarm
sup temp max alarm,dischargeTempHiAlarm
sup temp max exceeded,dischargeTempHiAlarm
sa temp oversp,dischargeTempHiAlarm
sup temp oversp,dischargeTempHiAlarm
supply air temp hi fault,dischargeTempHiAlarm
sa temp hi threshold exceeded,dischargeTempHiAlarm
sup temp limit exceeded,dischargeTempHiAlarm
supply temp clg hi alm,dischargeTempHiAlarm
sa t hi sp,dischargeTempHiSp
sa temp high sp,dischargeTempHiSp
sa temp hi sp,dischargeTempHiSp
sa high temp sp,dischargeTempHiSp
supply air temp hi sp,dischargeTempHiSp
supply air temp hi sp,dischargeTempHiSp
supply air high temp sp,dischargeTempHiSp
sa hi temp setpoint,dischargeTempHiSp
sa temp hi limit sp,dischargeTempHiSp
sa temp hi setpoint,dischargeTempHiSp
sa temp setpt hi,dischargeTempHiSp
sa hi limit sp,dischargeTempHiSp
sair temp hi sp,dischargeTempHiSp
sa temperature high sp,dischargeTempHiSp
sup temp hi sp,dischargeTempHiSp
supply temp hi sp,dischargeTempHiSp
sup temp high sp,dischargeTempHiSp
supply temp high setpoint,dischargeTempHiSp
sup temp hi setpt,dischargeTempHiSp
supply high temp sp,dischargeTempHiSp
supply temp hi setpoint,dischargeTempHiSp
sup temp setpt hi,dischargeTempHiSp
supply temp hi limit,dischargeTempHiSp
sa temp max sp,dischargeTempHiSp
sa t max sp,dischargeTempHiSp
sa temp sp high,dischargeTempHiSp
sa high limit sp,dischargeTempHiSp
sup temp sp high,dischargeTempHiSp
sa temp hi bound,dischargeTempHiSp
supply air hi temp limit sp,dischargeTempHiSp
supply temp upper limit sp,dischargeTempHiSp
discharge air temp hi sp,dischargeTempHiSp
dis air temp hi sp,dischargeTempHiSp
disch air temp hi sp,dischargeTempHiSp
dis temp hi sp,dischargeTempHiSp
da temp hi sp,dischargeTempHiSp
da high temp sp,dischargeTempHiSp
da temp high sp,dischargeTempHiSp
da temp sp hi,dischargeTempHiSp
da t hi sp,dischargeTempHiSp
disch temp hi sp,dischargeTempHiSp
discharge temp hi sp,dischargeTempHiSp
discharge temp high sp,dischargeTempHiSp
discharge hi temp setpoint,dischargeTempHiSp
dis temp high limit sp,dischargeTempHiSp
supair temp high sp,dischargeTempHiSp
supply temp high control sp,dischargeTempHiSp
sa temp limit high,dischargeTempHiSp
sa temp upper bound,dischargeTempHiSp
supply temp ceiling sp,dischargeTempHiSp
sup temp high setpt,dischargeTempHiSp
sa temp ctrl hi,dischargeTempHiSp
supply temp ctrl hi,dischargeTempHiSp
sa temp htg hi sp,dischargeTempHiSp
supply air max temp sp,dischargeTempHiSp
supply temp ceiling limit,dischargeTempHiSp
htg sa temp max sp,dischargeTempHiSp
sup temp clg hi limit,dischargeTempHiSp
sa temperature cutoff sp,dischargeTempHiSp
supply temp oversetpoint,dischargeTempHiSp
sa clg temp hi limit,dischargeTempHiSp
supply temp high threshold,dischargeTempHiSp
sa t lo alm,dischargeTempLoAlarm
sa temp low alarm,dischargeTempLoAlarm
sa temp lo alarm,dischargeTempLoAlarm
sa low temp alarm,dischargeTempLoAlarm
sa temp lo alm,dischargeTempLoAlarm
sa temp low alm,dischargeTempLoAlarm
supply air temp lo alarm,dischargeTempLoAlarm
supply air temp lo alarm,dischargeTempLoAlarm
sup temp lo alm,dischargeTempLoAlarm
sup temp lo alarm,dischargeTempLoAlarm
supply temp low alarm,dischargeTempLoAlarm
supply temp lo alarm,dischargeTempLoAlarm
supply low temp alarm,dischargeTempLoAlarm
supply temp low alarm,dischargeTempLoAlarm
sa temperature low alarm,dischargeTempLoAlarm
sa t lo alarm,dischargeTempLoAlarm
sa low temp alm,dischargeTempLoAlarm
sair temp lo alarm,dischargeTempLoAlarm
sair temp lo alm,dischargeTempLoAlarm
supply temp lo limit alm,dischargeTempLoAlarm
sa temp below limit,dischargeTempLoAlarm
sa temp lt lo sp,dischargeTempLoAlarm
supply air temp below low,dischargeTempLoAlarm
sup temp lt limit,dischargeTempLoAlarm
sup temp under,dischargeTempLoAlarm
sup temp ll alm,dischargeTempLoAlarm
sa temp low limit alarm,dischargeTempLoAlarm
discharge air temp lo alarm,dischargeTempLoAlarm
dis air temp lo alarm,dischargeTempLoAlarm
dis temp lo alarm,dischargeTempLoAlarm
disch temp lo alm,dischargeTempLoAlarm
da temp lo alm,dischargeTempLoAlarm
da temp lo alarm,dischargeTempLoAlarm
da low temp alarm,dischargeTempLoAlarm
da low temp alm,dischargeTempLoAlarm
da temp below limit,dischargeTempLoAlarm
da temp lt sp,dischargeTempLoAlarm
da t lo alarm,dischargeTempLoAlarm
da temp lo alm,dischargeTempLoAlarm
disch temp low alarm,dischargeTempLoAlarm
disch temp lo alarm,dischargeTempLoAlarm
discharge temp lo alarm,dischargeTempLoAlarm
discharge temp low alarm,dischargeTempLoAlarm
discharge air temp below limit,dischargeTempLoAlarm
disch air temp below low,dischargeTempLoAlarm
discharge temp under lo sp,dischargeTempLoAlarm
disch temp below lo limit,dischargeTempLoAlarm
supair temp low alarm,dischargeTempLoAlarm
supair temp below limit,dischargeTempLoAlarm
supply temp alm lo,dischargeTempLoAlarm
sa lo limit exceeded,dischargeTempLoAlarm
supply temp lo exceeded,dischargeTempLoAlarm
sa temp min exceeded,dischargeTempLoAlarm
sup temp min alarm,dischargeTempLoAlarm
sup temp min exceeded,dischargeTempLoAlarm
sa temp undersp,dischargeTempLoAlarm
sup temp undersp,dischargeTempLoAlarm
supply air temp lo fault,dischargeTempLoAlarm
sa temp lo threshold exceeded,dischargeTempLoAlarm
sup temp limit below,dischargeTempLoAlarm
supply temp htg lo alm,dischargeTempLoAlarm
sa t lo sp,dischargeTempLoSp
sa temp low sp,dischargeTempLoSp
sa temp lo sp,dischargeTempLoSp
sa low temp sp,dischargeTempLoSp
supply air temp lo sp,dischargeTempLoSp
supply air temp lo sp,dischargeTempLoSp
supply air low temp sp,dischargeTempLoSp
sa lo temp setpoint,dischargeTempLoSp
sa temp lo limit sp,dischargeTempLoSp
sa temp lo setpoint,dischargeTempLoSp
sa temp setpt lo,dischargeTempLoSp
sa lo limit sp,dischargeTempLoSp
sair temp lo sp,dischargeTempLoSp
sa temperature low sp,dischargeTempLoSp
sup temp lo sp,dischargeTempLoSp
supply temp lo sp,dischargeTempLoSp
sup temp low sp,dischargeTempLoSp
supply temp low setpoint,dischargeTempLoSp
sup temp lo setpt,dischargeTempLoSp
supply low temp sp,dischargeTempLoSp
supply temp lo setpoint,dischargeTempLoSp
sup temp setpt lo,dischargeTempLoSp
supply temp lo limit,dischargeTempLoSp
sa temp min sp,dischargeTempLoSp
sa t min sp,dischargeTempLoSp
sa temp sp low,dischargeTempLoSp
sa low limit sp,dischargeTempLoSp
sup temp sp low,dischargeTempLoSp
sa temp lo bound,dischargeTempLoSp
supply air lo temp limit sp,dischargeTempLoSp
supply temp lower limit sp,dischargeTempLoSp
discharge air temp lo sp,dischargeTempLoSp
dis air temp lo sp,dischargeTempLoSp
disch air temp lo sp,dischargeTempLoSp
dis temp lo sp,dischargeTempLoSp
da temp lo sp,dischargeTempLoSp
da low temp sp,dischargeTempLoSp
da temp low sp,dischargeTempLoSp
da temp sp lo,dischargeTempLoSp
da t lo sp,dischargeTempLoSp
disch temp lo sp,dischargeTempLoSp
discharge temp lo sp,dischargeTempLoSp
discharge temp low sp,dischargeTempLoSp
discharge lo temp setpoint,dischargeTempLoSp
dis temp low limit sp,dischargeTempLoSp
supair temp low sp,dischargeTempLoSp
supply temp low control sp,dischargeTempLoSp
sa temp limit low,dischargeTempLoSp
sa temp lower bound,dischargeTempLoSp
supply temp floor sp,dischargeTempLoSp
sup temp low setpt,dischargeTempLoSp
sa temp ctrl lo,dischargeTempLoSp
supply temp ctrl lo,dischargeTempLoSp
sa temp clg lo sp,dischargeTempLoSp
supply air min temp sp,dischargeTempLoSp
supply temp floor limit,dischargeTempLoSp
clg sa temp min sp,dischargeTempLoSp
sup temp clg lo limit,dischargeTempLoSp
sa temperature cutoff lo sp,dischargeTempLoSp
supply temp undersetpoint,dischargeTempLoSp
sa htg temp lo limit,dischargeTempLoSp
supply temp low threshold,dischargeTempLoSp
chw o,coolingValve
cooling valve,coolingValve
clg valve,coolingValve
chw output,coolingValve
chw output,coolingValve
chilled water output,coolingValve
chw valve,coolingValve
chw vlv,coolingValve
chw vlv cmd,coolingValve
chw valve,coolingValve
chw valve cmd,coolingValve
chw cmd,coolingValve
chw cmd,coolingValve
chw valve,coolingValve
chw valve,coolingValve
chw valv,coolingValve
chw vlv,coolingValve
chw vlv,coolingValve
chilled water valve,coolingValve
chilled water valve,coolingValve
chilled water vlv,coolingValve
chilled water vlv,coolingValve
chilled w valve,coolingValve
chilled water valve,coolingValve
chilled water vlv,coolingValve
chilledwatervlv,coolingValve
chillwtr vlv,coolingValve
chillwtr valve,coolingValve
cw valve,coolingValve
cw vlv,coolingValve
cw vlv,coolingValve
cw valve cmd,coolingValve
cooling valve cmd,coolingValve
cooling valve,coolingValve
cooling vlv,coolingValve
cool valve,coolingValve
cool valve,coolingValve
cool valv,coolingValve
cool vlv,coolingValve
cooling vlv,coolingValve
cool vlv cmd,coolingValve
cool valve output,coolingValve
chw v,coolingValve
chw v,coolingValve
chw valve cmd,coolingValve
chwvalve,coolingValve
chw ctrl,coolingValve
chwctrl,coolingValve
chw pos,coolingValve
chw pos cmd,coolingValve
chw dmp valve,coolingValve
chw out,coolingValve
chw dmp vlv,coolingValve
chw cntrl valve,coolingValve
chw control,coolingValve
chillwtr out,coolingValve
chillwater valve,coolingValve
chilled water ctrl vlv,coolingValve
cool valve output,coolingValve
cool valve position,coolingValve
cooling valve control,coolingValve
cool valve ctrl,coolingValve
cooling control valve,coolingValve
chw valve ctrl,coolingValve
chw vlv output,coolingValve
chilled valve,coolingValve
chwact,coolingValve
chw act,coolingValve
chw actuator,coolingValve
chw cool vlv,coolingValve
chwcoolingvlv,coolingValve
chw control valve,coolingValve
chilled water control,coolingValve
chwvalvectrl,coolingValve
chw output cmd,coolingValve
clg vlv,coolingValve
chw pos,coolingValveFb
chw pos,coolingValveFb
chw vlv pos,coolingValveFb
chw valve pos,coolingValveFb
chw vlv fb,coolingValveFb
chw valve fb,coolingValveFb
chw pos fb,coolingValveFb
chw valve position,coolingValveFb
chw valve position fb,coolingValveFb
chw vlv position,coolingValveFb
chw vlv pos fb,coolingValveFb
chw valve pos,coolingValveFb
chw valve fdbk,coolingValveFb
chw valve fb,coolingValveFb
chw vlv fb,coolingValveFb
chw valve fb,coolingValveFb
chw valve pos,coolingValveFb
chw valve fdbk,coolingValveFb
chw vlv pos,coolingValveFb
chw vlv fb,coolingValveFb
chw valve position,coolingValveFb
chw valve feedback,coolingValveFb
chw valve status,coolingValveFb
chw valve pos,coolingValveFb
chw valve pos fb,coolingValveFb
chw valve output fb,coolingValveFb
chilled water valve pos,coolingValveFb
chilled water valve fdbk,coolingValveFb
chilled water vlv fb,coolingValveFb
chilled wtr vlv fb,coolingValveFb
chilled wtr vlv pos,coolingValveFb
chilled water valve pos,coolingValveFb
chilled water valve fb,coolingValveFb
chilled wtr valve fdbk,coolingValveFb
chilled water valve position,coolingValveFb
chilled water valve status,coolingValveFb
chilled water valve feedback,coolingValveFb
chilled water vlv fb,coolingValveFb
chw fdbk,coolingValveFb
chw feedback,coolingValveFb
chw fb,coolingValveFb
chw fdbk,coolingValveFb
chw fb pos,coolingValveFb
chw pos fb,coolingValveFb
chw fb position,coolingValveFb
chw vlv fdbk,coolingValveFb
chw vlv feedback,coolingValveFb
chw output fb,coolingValveFb
chw pos out,coolingValveFb
chw valve out fb,coolingValveFb
chw actuator fb,coolingValveFb
chw actuator fdbk,coolingValveFb
chw act fb,coolingValveFb
chw act pos fb,coolingValveFb
chw pos status,coolingValveFb
chw cmd fb,coolingValveFb
chw ctrl fb,coolingValveFb
cooling valve fb,coolingValveFb
cooling valve feedback,coolingValveFb
cooling valve fdbk,coolingValveFb
cooling valve fb,coolingValveFb
cool valve fb,coolingValveFb
cool valve position,coolingValveFb
cooling valve position,coolingValveFb
cooling valve position,coolingValveFb
cooling valve pos,coolingValveFb
cool valve fdbk,coolingValveFb
cooling vlv fb,coolingValveFb
chw status,coolingStatus
chw sts,coolingStatus
chwsts,coolingStatus
chw sys status,coolingStatus
chw active,coolingStatus
chw on,coolingStatus
chw enabled,coolingStatus
chw enable status,coolingStatus
chw enable fb,coolingStatus
chw system status,coolingStatus
chw operating,coolingStatus
chw operational,coolingStatus
chw active status,coolingStatus
chw running,coolingStatus
chw online,coolingStatus
chw status fb,coolingStatus
chw cooling active,coolingStatus
chw cooling fb,coolingStatus
chw cooling on,coolingStatus
chw enable ind,coolingStatus
chw ena,coolingStatus
chw op sts,coolingStatus
chw stat,coolingStatus
chw enbl,coolingStatus
chw run fb,coolingStatus
chillwater sts,coolingStatus
chillwater status,coolingStatus
chillwtr status,coolingStatus
chilled water status,coolingStatus
chilled water active,coolingStatus
chilledwatersts,coolingStatus
chw sys running,coolingStatus
chw feedback status,coolingStatus
chw enable state,coolingStatus
chw status signal,coolingStatus
chilled water status,coolingStatus
chilled water sts,coolingStatus
chilled water running,coolingStatus
chilled water cooling status,coolingStatus
cooling status,coolingStatus
cool status,coolingStatus
cool sts,coolingStatus
cooling active,coolingStatus
cooling enabled,coolingStatus
cooling on,coolingStatus
cooling state,coolingStatus
cooling system status,coolingStatus
cooling output status,coolingStatus
cooling status,coolingStatus
cooling status fb,coolingStatus
cooling feedback,coolingStatus
cooling status signal,coolingStatus
cool status feedback,coolingStatus
cool enable status,coolingStatus
cooling mode status,coolingStatus
cool enable fb,coolingStatus
cool status,coolingStatus
cooling fb,coolingStatus
cooling ena,coolingStatus
cooling on fb,coolingStatus
cooling act,coolingStatus
cooling active fb,coolingStatus
cool online,coolingStatus
cooling status fb,coolingStatus
cooling sys status,coolingStatus
cool state,coolingStatus
cooling on status,coolingStatus
cooling feedback status,coolingStatus
cool operational,coolingStatus
amp,current
amps,current
amperage,current
amperes,current
cur,current
curr,current
current,current
current rms,current
a rms,current
ac current,current
current ac,current
line current,current
elec current,current
electrical current,current
elec cur,current
elec curr,current
a phase,current
phase current,current
l1 current,current
l2 current,current
l3 current,current
l1 amps,current
l2 amps,current
l3 amps,current
l1 cur,current
l2 cur,current
l3 cur,current
motor current,current
fan current,current
pump current,current
compressor current,current
supplyfan current,current
current measurement,current
ac current meas,current
cur meas,current
actual current,current
true current,current
realtime current,current
mtr curr,current
mtr amps,current
amp draw,current
current draw,current
current monitor,current
current usage,current
load current,current
equip current,current
unit current,current
electrical load,current
a measured,current
amp feedback,current
current fb,current
curr fb,current
current sense,current
current sensor,current
ac amps,current
ac amperage,current
ac amps meas,current
mtr current,current
actual amperage,current
l1 current meas,current
current input,current
current read,current
amp input,current
amp sensor,current
a sensor,current
amp signal,current
amp r,current
amp mtr,current
dcamp,currentDC
dcamps,currentDC
dc amp,currentDC
dc amps,currentDC
dc current,currentDC
current dc,currentDC
dc cur,currentDC
dc curr,currentDC
dccurr,currentDC
dccurrent,currentDC
dc amperage,currentDC
dcamperage,currentDC
dc a,currentDC
dc a rms,currentDC
dc mtr cur,currentDC
dc load current,currentDC
dc output current,currentDC
dc in current,currentDC
dc out cur,currentDC
dc in cur,currentDC
dccurrent,currentDC
dc cur meas,currentDC
dc curr fb,currentDC
dc current fb,currentDC
dc current sensor,currentDC
dc cur sensor,currentDC
dc a sensor,currentDC
dc current signal,currentDC
dc amp feedback,currentDC
dc amp fb,currentDC
dc current meas,currentDC
dc cur measured,currentDC
dc a measured,currentDC
dc amp reading,currentDC
dc current reading,currentDC
dc current monitor,currentDC
dc amp monitor,currentDC
dc load monitor,currentDC
battery current,currentDC
batt current,currentDC
pv current,currentDC
solar current,currentDC
array current,currentDC
dc bus current,currentDC
dc load cur,currentDC
dc feed current,currentDC
dc vfd cur,currentDC
dc drive current,currentDC
dc pwr current,currentDC
dc power current,currentDC
dc ctrl current,currentDC
dc elec current,currentDC
dc cable current,currentDC
dc fan cur,currentDC
dc pump cur,currentDC
dc motor current,currentDC
dc curr monitor,currentDC
dc acq current,currentDC
dcio cur,currentDC
dc amp in,currentDC
dc amp out,currentDC
dc cur input,currentDC
dc cur output,currentDC
dc i,currentDC
dci,currentDC
dcmeas cur,currentDC
dc current avg,currentDC
dc current actual,currentDC
current phase a,currentPhaseA
current phase a,currentPhaseA
current phase a,currentPhaseA
current phase a,currentPhaseA
current phase a,currentPhaseA
current phase a,currentPhaseA
cur phase a,currentPhaseA
cur phase a,currentPhaseA
cur pha,currentPhaseA
curpha,currentPhaseA
cur pa,currentPhaseA
cur a,currentPhaseA
current a,currentPhaseA
curr a,currentPhaseA
current a,currentPhaseA
current a,currentPhaseA
phase a current,currentPhaseA
phase a current,currentPhaseA
phase a current,currentPhaseA
phase a current,currentPhaseA
phase a current,currentPhaseA
phase a current,currentPhaseA
phase a current,currentPhaseA
phase a current,currentPhaseA
phase a current,currentPhaseA
current phase a,currentPhaseA
phase aamps,currentPhaseA
phase aamps,currentPhaseA
phase a amps,currentPhaseA
phase a amps,currentPhaseA
phase a amps,currentPhaseA
amps phase a,currentPhaseA
amps phase a,currentPhaseA
amps a,currentPhaseA
amp phase a,currentPhaseA
amp phase a,currentPhaseA
amp phase a,currentPhaseA
amp phase a,currentPhaseA
a amps,currentPhaseA
a current,currentPhaseA
a current,currentPhaseA
acurr,currentPhaseA
ia,currentPhaseA
i a,currentPhaseA
i a,currentPhaseA
i phase a,currentPhaseA
phase ai,currentPhaseA
phase a i,currentPhaseA
i phase a,currentPhaseA
i amp,currentPhaseA
i amp phase,currentPhaseA
iphase a,currentPhaseA
pha cur,currentPhaseA
pha curr,currentPhaseA
pha i,currentPhaseA
pha amps,currentPhaseA
pha current,currentPhaseA
pha curr,currentPhaseA
l1 current,currentPhaseA
line current,currentPhaseA
l1 curr,currentPhaseA
l1 i,currentPhaseA
line i,currentPhaseA
phase current,currentPhaseA
ph current,currentPhaseA
ph i,currentPhaseA
phase i,currentPhaseA
phase a i,currentPhaseA
phs a current,currentPhaseA
phs a cur,currentPhaseA
current phase a max,currentPhaseAMax
current phase amax,currentPhaseAMax
current phase a maximum,currentPhaseAMax
current phase a max,currentPhaseAMax
current phase a maximum,currentPhaseAMax
current phase a max,currentPhaseAMax
current phase amax,currentPhaseAMax
current phase a max,currentPhaseAMax
current phase a max,currentPhaseAMax
current phase a maximum,currentPhaseAMax
current phase a max,currentPhaseAMax
current phase a maximum,currentPhaseAMax
cur phase a max,currentPhaseAMax
cur phase amax,currentPhaseAMax
cur phase a max,currentPhaseAMax
cur pha max,currentPhaseAMax
cur pha a max,currentPhaseAMax
cur a max,currentPhaseAMax
curr a max,currentPhaseAMax
current a max,currentPhaseAMax
current a max,currentPhaseAMax
current a max,currentPhaseAMax
phase a current max,currentPhaseAMax
phase a current max,currentPhaseAMax
phase a current maximum,currentPhaseAMax
phase a current max,currentPhaseAMax
phase acurrentmax,currentPhaseAMax
phase a current max,currentPhaseAMax
phase a current max,currentPhaseAMax
phase a current max,currentPhaseAMax
phase a current max,currentPhaseAMax
phase a current max,currentPhaseAMax
phase a current max,currentPhaseAMax
phase a current max,currentPhaseAMax
current phase a max,currentPhaseAMax
phase aamps max,currentPhaseAMax
phase aamps max,currentPhaseAMax
phase a amps max,currentPhaseAMax
phase a amps max,currentPhaseAMax
phase a amps max,currentPhaseAMax
amps phase a max,currentPhaseAMax
amps phase a max,currentPhaseAMax
amps amax,currentPhaseAMax
amp phase a max,currentPhaseAMax
amp phase a max,currentPhaseAMax
amp phase a max,currentPhaseAMax
a amps max,currentPhaseAMax
a current max,currentPhaseAMax
a current max,currentPhaseAMax
acurr max,currentPhaseAMax
ia max,currentPhaseAMax
i a max,currentPhaseAMax
i a max,currentPhaseAMax
i phase a max,currentPhaseAMax
phase a imax,currentPhaseAMax
phase a i max,currentPhaseAMax
i phase a max,currentPhaseAMax
i amp max,currentPhaseAMax
i amp phase max,currentPhaseAMax
iphase a max,currentPhaseAMax
pha cur max,currentPhaseAMax
pha curr max,currentPhaseAMax
pha i max,currentPhaseAMax
pha amps max,currentPhaseAMax
pha current max,currentPhaseAMax
pha curr max,currentPhaseAMax
l1 current max,currentPhaseAMax
line current max,currentPhaseAMax
l1 curr max,currentPhaseAMax
l1 i max,currentPhaseAMax
line i max,currentPhaseAMax
phase current max,currentPhaseAMax
ph currentmax,currentPhaseAMax
ph i max,currentPhaseAMax
phase i max,currentPhaseAMax
phase a i max,currentPhaseAMax
phs a current max,currentPhaseAMax
phs a cur max,currentPhaseAMax
current phase b,currentPhaseB
current phase b,currentPhaseB
current phase b,currentPhaseB
current phase b,currentPhaseB
current phase b,currentPhaseB
current phase b,currentPhaseB
cur phase b,currentPhaseB
cur phase b,currentPhaseB
cur phb,currentPhaseB
curphb,currentPhaseB
cur pb,currentPhaseB
cur b,currentPhaseB
current b,currentPhaseB
curr b,currentPhaseB
current b,currentPhaseB
current b,currentPhaseB
phase b current,currentPhaseB
phase b current,currentPhaseB
phase b current,currentPhaseB
phase b current,currentPhaseB
phase b current,currentPhaseB
phase b current,currentPhaseB
phase b current,currentPhaseB
phase b current,currentPhaseB
phase b current,currentPhaseB
current phase b,currentPhaseB
phase bamps,currentPhaseB
phase bamps,currentPhaseB
phase b amps,currentPhaseB
phase b amps,currentPhaseB
phase b amps,currentPhaseB
amps phase b,currentPhaseB
amps phase b,currentPhaseB
amps b,currentPhaseB
amp phase b,currentPhaseB
amp phase b,currentPhaseB
amp phase b,currentPhaseB
amp phase b,currentPhaseB
b amps,currentPhaseB
b current,currentPhaseB
b current,currentPhaseB
bcurr,currentPhaseB
ib,currentPhaseB
i b,currentPhaseB
i b,currentPhaseB
i phase b,currentPhaseB
phase bi,currentPhaseB
phase b i,currentPhaseB
i phase b,currentPhaseB
i bamp,currentPhaseB
i bamp phase,currentPhaseB
iphase b,currentPhaseB
phb cur,currentPhaseB
phb curr,currentPhaseB
phb i,currentPhaseB
phb amps,currentPhaseB
phb current,currentPhaseB
phb curr,currentPhaseB
l2 current,currentPhaseB
line current,currentPhaseB
l2 curr,currentPhaseB
l2 i,currentPhaseB
line i,currentPhaseB
phase current,currentPhaseB
ph current,currentPhaseB
ph i,currentPhaseB
phase i,currentPhaseB
phase b i,currentPhaseB
phs b current,currentPhaseB
phs b cur,currentPhaseB
current phase b max,currentPhaseBMax
current phase bmax,currentPhaseBMax
current phase b maximum,currentPhaseBMax
current phase b max,currentPhaseBMax
current phase b maximum,currentPhaseBMax
current phase b max,currentPhaseBMax
current phase bmax,currentPhaseBMax
current phase b max,currentPhaseBMax
current phase b max,currentPhaseBMax
current phase b maximum,currentPhaseBMax
current phase b max,currentPhaseBMax
current phase b maximum,currentPhaseBMax
cur phase b max,currentPhaseBMax
cur phase bmax,currentPhaseBMax
cur phase b max,currentPhaseBMax
cur phb max,currentPhaseBMax
cur phb max,currentPhaseBMax
cur b max,currentPhaseBMax
curr b max,currentPhaseBMax
current b max,currentPhaseBMax
current b max,currentPhaseBMax
current b max,currentPhaseBMax
phase b current max,currentPhaseBMax
phase b current max,currentPhaseBMax
phase b current maximum,currentPhaseBMax
phase b current max,currentPhaseBMax
phase bcurrentmax,currentPhaseBMax
phase b current max,currentPhaseBMax
phase b current max,currentPhaseBMax
phase b current max,currentPhaseBMax
phase b current max,currentPhaseBMax
phase b current max,currentPhaseBMax
phase b current max,currentPhaseBMax
phase b current max,currentPhaseBMax
current phase b max,currentPhaseBMax
phase bamps max,currentPhaseBMax
phase bamps max,currentPhaseBMax
phase b amps max,currentPhaseBMax
phase b amps max,currentPhaseBMax
phase b amps max,currentPhaseBMax
amps phase b max,currentPhaseBMax
amps phase b max,currentPhaseBMax
amps bmax,currentPhaseBMax
amp phase b max,currentPhaseBMax
amp phase b max,currentPhaseBMax
amp phase b max,currentPhaseBMax
b amps max,currentPhaseBMax
b current max,currentPhaseBMax
b current max,currentPhaseBMax
bcurr max,currentPhaseBMax
ib max,currentPhaseBMax
i b max,currentPhaseBMax
i b max,currentPhaseBMax
i phase b max,currentPhaseBMax
phase b imax,currentPhaseBMax
phase b i max,currentPhaseBMax
i phase b max,currentPhaseBMax
i bamp max,currentPhaseBMax
i bamp phase max,currentPhaseBMax
iphase b max,currentPhaseBMax
phb cur max,currentPhaseBMax
phb curr max,currentPhaseBMax
phb i max,currentPhaseBMax
phb amps max,currentPhaseBMax
phb current max,currentPhaseBMax
phb curr max,currentPhaseBMax
l2 current max,currentPhaseBMax
line current max,currentPhaseBMax
l2 curr max,currentPhaseBMax
l2 i max,currentPhaseBMax
line i max,currentPhaseBMax
phase current max,currentPhaseBMax
ph currentmax,currentPhaseBMax
ph i max,currentPhaseBMax
phase i max,currentPhaseBMax
phase b i max,currentPhaseBMax
phs b current max,currentPhaseBMax
phs b cur max,currentPhaseBMax
current phase c,currentPhaseC
current phase c,currentPhaseC
current phase c,currentPhaseC
current phase c,currentPhaseC
current phase c,currentPhaseC
current phase c,currentPhaseC
cur phase c,currentPhaseC
cur phase c,currentPhaseC
cur phc,currentPhaseC
curphc,currentPhaseC
cur pc,currentPhaseC
cur c,currentPhaseC
current c,currentPhaseC
curr c,currentPhaseC
current c,currentPhaseC
current c,currentPhaseC
phase c current,currentPhaseC
phase c current,currentPhaseC
phase c current,currentPhaseC
phase c current,currentPhaseC
phase c current,currentPhaseC
phase c current,currentPhaseC
phase c current,currentPhaseC
phase c current,currentPhaseC
phase c current,currentPhaseC
current phase c,currentPhaseC
phase camps,currentPhaseC
phase camps,currentPhaseC
phase c amps,currentPhaseC
phase c amps,currentPhaseC
phase c amps,currentPhaseC
amps phase c,currentPhaseC
amps phase c,currentPhaseC
amps c,currentPhaseC
amp phase c,currentPhaseC
amp phase c,currentPhaseC
amp phase c,currentPhaseC
amp phase c,currentPhaseC
c amps,currentPhaseC
c current,currentPhaseC
c current,currentPhaseC
ccurr,currentPhaseC
ic,currentPhaseC
i c,currentPhaseC
i c,currentPhaseC
i phase c,currentPhaseC
phase ci,currentPhaseC
phase c i,currentPhaseC
i phase c,currentPhaseC
i camp,currentPhaseC
i camp phase,currentPhaseC
iphase c,currentPhaseC
phc cur,currentPhaseC
phc curr,currentPhaseC
phc i,currentPhaseC
phc amps,currentPhaseC
phc current,currentPhaseC
phc curr,currentPhaseC
l3 current,currentPhaseC
line current,currentPhaseC
l3 curr,currentPhaseC
l3 i,currentPhaseC
line i,currentPhaseC
phase current,currentPhaseC
ph current,currentPhaseC
ph i,currentPhaseC
phase i,currentPhaseC
phase c i,currentPhaseC
phs c current,currentPhaseC
phs c cur,currentPhaseC
current phase c max,currentPhaseCMax
current phase cmax,currentPhaseCMax
current phase c maximum,currentPhaseCMax
current phase c max,currentPhaseCMax
current phase c maximum,currentPhaseCMax
current phase c max,currentPhaseCMax
current phase cmax,currentPhaseCMax
current phase c max,currentPhaseCMax
current phase c max,currentPhaseCMax
current phase c maximum,currentPhaseCMax
current phase c max,currentPhaseCMax
current phase c maximum,currentPhaseCMax
cur phase c max,currentPhaseCMax
cur phase cmax,currentPhaseCMax
cur phase c max,currentPhaseCMax
cur phc max,currentPhaseCMax
cur phc max,currentPhaseCMax
cur c max,currentPhaseCMax
curr c max,currentPhaseCMax
current c max,currentPhaseCMax
current c max,currentPhaseCMax
current c max,currentPhaseCMax
phase c current max,currentPhaseCMax
phase c current max,currentPhaseCMax
phase c current maximum,currentPhaseCMax
phase c current max,currentPhaseCMax
phase ccurrentmax,currentPhaseCMax
phase c current max,currentPhaseCMax
phase c current max,currentPhaseCMax
phase c current max,currentPhaseCMax
phase c current max,currentPhaseCMax
phase c current max,currentPhaseCMax
phase c current max,currentPhaseCMax
phase c current max,currentPhaseCMax
current phase c max,currentPhaseCMax
phase camps max,currentPhaseCMax
phase camps max,currentPhaseCMax
phase c amps max,currentPhaseCMax
phase c amps max,currentPhaseCMax
phase c amps max,currentPhaseCMax
amps phase c max,currentPhaseCMax
amps phase c max,currentPhaseCMax
amps cmax,currentPhaseCMax
amp phase c max,currentPhaseCMax
amp phase c max,currentPhaseCMax
amp phase c max,currentPhaseCMax
c amps max,currentPhaseCMax
c current max,currentPhaseCMax
c current max,currentPhaseCMax
ccurr max,currentPhaseCMax
ic max,currentPhaseCMax
i c max,currentPhaseCMax
i c max,currentPhaseCMax
i phase c max,currentPhaseCMax
phase c imax,currentPhaseCMax
phase c i max,currentPhaseCMax
i phase c max,currentPhaseCMax
i camp max,currentPhaseCMax
i camp phase max,currentPhaseCMax
iphase c max,currentPhaseCMax
phc cur max,currentPhaseCMax
phc curr max,currentPhaseCMax
phc i max,currentPhaseCMax
phc amps max,currentPhaseCMax
phc current max,currentPhaseCMax
phc curr max,currentPhaseCMax
l3 current max,currentPhaseCMax
line current max,currentPhaseCMax
l3 curr max,currentPhaseCMax
l3 i max,currentPhaseCMax
line i max,currentPhaseCMax
phase current max,currentPhaseCMax
ph currentmax,currentPhaseCMax
ph i max,currentPhaseCMax
phase i max,currentPhaseCMax
phase c i max,currentPhaseCMax
phs c current max,currentPhaseCMax
phs c cur max,currentPhaseCMax
dehumid demand,dehumidDemand
dehumid demand,dehumidDemand
dehumid demand,dehumidDemand
dehumid demand,dehumidDemand
dehum demand,dehumidDemand
dehum dmd,dehumidDemand
dehum dmd,dehumidDemand
dehum dmd,dehumidDemand
dehum o,dehumidDemand
dehum o,dehumidDemand
dehumidification dmd,dehumidDemand
dehumidification dmd,dehumidDemand
dehumidification demand,dehumidDemand
dehumidification demand,dehumidDemand
dehumidification demand,dehumidDemand
dehum percentage,dehumidDemand
dehum percentage,dehumidDemand
dehum percentage,dehumidDemand
dehum pct,dehumidDemand
dehum pct,dehumidDemand
dehum pct,dehumidDemand
dehumid demand,dehumidDemand
dehumid demand,dehumidDemand
dehumidify demand,dehumidDemand
dehumidify demand,dehumidDemand
dehumidify demand,dehumidDemand
dehum req,dehumidDemand
dehum req,dehumidDemand
dehum req,dehumidDemand
dehumid req,dehumidDemand
dehumid req,dehumidDemand
dehumid req,dehumidDemand
dehum output,dehumidDemand
dehum output,dehumidDemand
dehum output,dehumidDemand
dehum out,dehumidDemand
dehum out,dehumidDemand
dehum out,dehumidDemand
dehmd demand,dehumidDemand
dehmd demand,dehumidDemand
dehmd demand,dehumidDemand
dehmd demand,dehumidDemand
dehum ctl,dehumidDemand
dehum ctl,dehumidDemand
dehum ctl,dehumidDemand
dehumid ctr,dehumidDemand
dehumid ctr,dehumidDemand
dehumid ctr,dehumidDemand
dehum val,dehumidDemand
dehum val,dehumidDemand
dehum val,dehumidDemand
dehumid value,dehumidDemand
dehumid value,dehumidDemand
dehumid value,dehumidDemand
dehumidifier demand,dehumidDemand
dehumidifier demand,dehumidDemand
dehumidifier demand,dehumidDemand
dehumidifier demand,dehumidDemand
dehumd demand,dehumidDemand
dehumd demand,dehumidDemand
dehumd demand,dehumidDemand
dehumidifier alarm,dehumidifierAlarm
dehumidifier alarm,dehumidifierAlarm
dehumidifier alarm,dehumidifierAlarm
dehumidifier alarm,dehumidifierAlarm
dehum alarm,dehumidifierAlarm
dehum alarm,dehumidifierAlarm
dehum alarm,dehumidifierAlarm
dehum alm,dehumidifierAlarm
dehum alm,dehumidifierAlarm
dehum alm,dehumidifierAlarm
dehum alm,dehumidifierAlarm
dehumalm,dehumidifierAlarm
dehumalm,dehumidifierAlarm
dehum alarm,dehumidifierAlarm
dehum alarm,dehumidifierAlarm
dehumid alm,dehumidifierAlarm
dehumid alm,dehumidifierAlarm
dehumid alm,dehumidifierAlarm
dehumid alm,dehumidifierAlarm
dehumidalm,dehumidifierAlarm
dehumidalarm,dehumidifierAlarm
dehumidifier alm,dehumidifierAlarm
dehumidifier alm,dehumidifierAlarm
dehumidifier alm,dehumidifierAlarm
dehumidifier alm,dehumidifierAlarm
dehumidifieralarm,dehumidifierAlarm
dhum alm,dehumidifierAlarm
dhumalm,dehumidifierAlarm
dhum alm,dehumidifierAlarm
dhum alarm,dehumidifierAlarm
dhum alarm,dehumidifierAlarm
dhum alarm,dehumidifierAlarm
dhum alarm,dehumidifierAlarm
dehumid alarm,dehumidifierAlarm
dehumid alarm,dehumidifierAlarm
dehumid alarm,dehumidifierAlarm
dehumid alarm,dehumidifierAlarm
alm dehumidifier,dehumidifierAlarm
alm dehumidifier,dehumidifierAlarm
almdehumidifier,dehumidifierAlarm
alm dehum,dehumidifierAlarm
alm dehum,dehumidifierAlarm
almdehum,dehumidifierAlarm
dehumidifier alarm,dehumidifierAlarm
dehumidifier alarm,dehumidifierAlarm
dehum alarm,dehumidifierAlarm
dehum alarm,dehumidifierAlarm
dehumid alarm,dehumidifierAlarm
dehumid alarm,dehumidifierAlarm
de humidifier alarm,dehumidifierAlarm
de humidifier alarm,dehumidifierAlarm
de humidifier alarm,dehumidifierAlarm
dehumidifier alm,dehumidifierAlarm
dehumidifier alm,dehumidifierAlarm
dehumidifier alm,dehumidifierAlarm
dehumidifier alm,dehumidifierAlarm
dehum alrm,dehumidifierAlarm
dehum alrm,dehumidifierAlarm
dehum alrm,dehumidifierAlarm
dehumid alrm,dehumidifierAlarm
dehumid alrm,dehumidifierAlarm
dehumid alrm,dehumidifierAlarm
dehumidifier alrm,dehumidifierAlarm
dehumidifier alrm,dehumidifierAlarm
dehumidifier alrm,dehumidifierAlarm
dhum alrm,dehumidifierAlarm
dhum alrm,dehumidifierAlarm
dhum alrm,dehumidifierAlarm
dehumidifier fault,dehumidifierFault
dehumidifier fault,dehumidifierFault
dehumidifier fault,dehumidifierFault
dehumidifier fault,dehumidifierFault
dehum fault,dehumidifierFault
dehum fault,dehumidifierFault
dehum fault,dehumidifierFault
dehum flt,dehumidifierFault
dehum flt,dehumidifierFault
dehum flt,dehumidifierFault
dehum flt,dehumidifierFault
dehumfault,dehumidifierFault
dehumfault,dehumidifierFault
dehum fault,dehumidifierFault
dehum fault,dehumidifierFault
dehum fault,dehumidifierFault
dehum fault,dehumidifierFault
dehumid flt,dehumidifierFault
dehumid flt,dehumidifierFault
dehumid flt,dehumidifierFault
dehumid flt,dehumidifierFault
dehumidfault,dehumidifierFault
dehumidfault,dehumidifierFault
dehumid fault,dehumidifierFault
dehumid fault,dehumidifierFault
dehumid fault,dehumidifierFault
dehumid fault,dehumidifierFault
dehumidifier flt,dehumidifierFault
dehumidifier flt,dehumidifierFault
dehumidifier flt,dehumidifierFault
dehumidifier flt,dehumidifierFault
dehumidifierfault,dehumidifierFault
dehumidifierfault,dehumidifierFault
dehumidifier fault,dehumidifierFault
dehumidifier fault,dehumidifierFault
dehumidifier fault,dehumidifierFault
dehumidifier fault,dehumidifierFault
dhum flt,dehumidifierFault
dhum flt,dehumidifierFault
dhum flt,dehumidifierFault
dhum flt,dehumidifierFault
dhumflt,dehumidifierFault
dhumflt,dehumidifierFault
dhum fault,dehumidifierFault
dhum fault,dehumidifierFault
dhum fault,dehumidifierFault
dhum fault,dehumidifierFault
dehum flt fault,dehumidifierFault
dehum flt fault,dehumidifierFault
dehum flt fault,dehumidifierFault
dehumid flt fault,dehumidifierFault
dehumid flt fault,dehumidifierFault
dehumid flt fault,dehumidifierFault
dehumidifier flt fault,dehumidifierFault
dehumidifier flt fault,dehumidifierFault
dehumidifier flt fault,dehumidifierFault
dehumidifier fault,dehumidifierFault
dehumidifier fault,dehumidifierFault
dehum fault,dehumidifierFault
dehum fault,dehumidifierFault
dehumid fault,dehumidifierFault
dehumid fault,dehumidifierFault
dehumidifier fault,dehumidifierFault
dehumidifierfault,dehumidifierFault
dehum flt,dehumidifierFault
dehum flt fault,dehumidifierFault
dehumid flt fault,dehumidifierFault
dehumidifier flt fault,dehumidifierFault
dhum fault,dehumidifierFault
dhum flt,dehumidifierFault
dhum flt fault,dehumidifierFault
phs cdehum flt,dehumidifierFault
phsc dehum flt,dehumidifierFault
phsc dehum flt,dehumidifierFault
dehumidifier runtime,dehumidifierRuntime
dehumidifier runtime,dehumidifierRuntime
dehumidifier runtime,dehumidifierRuntime
dehumidifier runtime,dehumidifierRuntime
dehum runtime,dehumidifierRuntime
dehum runtime,dehumidifierRuntime
dehum runtime,dehumidifierRuntime
dehum rt,dehumidifierRuntime
dehum run,dehumidifierRuntime
dehum rt,dehumidifierRuntime
dehum run,dehumidifierRuntime
dehumrun,dehumidifierRuntime
dehumrun,dehumidifierRuntime
dehum runtime,dehumidifierRuntime
dehum runtime,dehumidifierRuntime
dehumid rt,dehumidifierRuntime
dehumid run,dehumidifierRuntime
dehumid rt,dehumidifierRuntime
dehumid run,dehumidifierRuntime
dehumidrun,dehumidifierRuntime
dehumidrun,dehumidifierRuntime
dehumid runtime,dehumidifierRuntime
dehumidifier rt,dehumidifierRuntime
dehumidifier rt,dehumidifierRuntime
dehumidifier run,dehumidifierRuntime
dehumidifier run,dehumidifierRuntime
dehumidifierrun,dehumidifierRuntime
dehumidifierrun,dehumidifierRuntime
dehumidifier runtime,dehumidifierRuntime
dehumidifier runtime,dehumidifierRuntime
dehumidifier runtime,dehumidifierRuntime
dehumidifier runtime,dehumidifierRuntime
dehumidifier runtime,dehumidifierRuntime
deh rt,dehumidifierRuntime
deh run,dehumidifierRuntime
deh rt,dehumidifierRuntime
deh run,dehumidifierRuntime
dehrun,dehumidifierRuntime
dehrun,dehumidifierRuntime
deh runtime,dehumidifierRuntime
deh runtime,dehumidifierRuntime
deh runtime,dehumidifierRuntime
deh runtime,dehumidifierRuntime
dhum rt,dehumidifierRuntime
dhum run,dehumidifierRuntime
dhum rt,dehumidifierRuntime
dhum run,dehumidifierRuntime
dhumrun,dehumidifierRuntime
dhumrun,dehumidifierRuntime
dhum runtime,dehumidifierRuntime
dehum run,dehumidifierRuntime
dehum run,dehumidifierRuntime
dehum run,dehumidifierRuntime
dehmd rt,dehumidifierRuntime
dehmd run,dehumidifierRuntime
dehmd rt,dehumidifierRuntime
dehmd run,dehumidifierRuntime
dehmd runtime,dehumidifierRuntime
dehumid run,dehumidifierRuntime
dehumid run,dehumidifierRuntime
dehumid run,dehumidifierRuntime
dehumd rt,dehumidifierRuntime
dehumd run,dehumidifierRuntime
dehumd rt,dehumidifierRuntime
dehumd run,dehumidifierRuntime
dehumd runtime,dehumidifierRuntime
dehumidifier status,dehumidifierStatus
dehumidifier status,dehumidifierStatus
dehumidifier status,dehumidifierStatus
dehumidifier status,dehumidifierStatus
dehum status,dehumidifierStatus
dehum status,dehumidifierStatus
dehum status,dehumidifierStatus
dehum sts,dehumidifierStatus
dehum sts,dehumidifierStatus
dehum sts,dehumidifierStatus
dehum sts,dehumidifierStatus
dehumstatus,dehumidifierStatus
dehumstatus,dehumidifierStatus
dehum status,dehumidifierStatus
dehum status,dehumidifierStatus
dehum status,dehumidifierStatus
dehum status,dehumidifierStatus
dehumid sts,dehumidifierStatus
dehumid sts,dehumidifierStatus
dehumid sts,dehumidifierStatus
dehumid sts,dehumidifierStatus
dehumidstatus,dehumidifierStatus
dehumidstatus,dehumidifierStatus
dehumidifier sts,dehumidifierStatus
dehumidifier sts,dehumidifierStatus
dehumidifier sts,dehumidifierStatus
dehumidifier sts,dehumidifierStatus
dehumidifier sts,dehumidifierStatus
dehumidifier sts,dehumidifierStatus
dehum sts,dehumidifierStatus
dehum sts,dehumidifierStatus
dehumifier status,dehumidifierStatus
dehumifier status,dehumidifierStatus
dehumifier sts,dehumidifierStatus
dehumifier sts,dehumidifierStatus
dhum sts,dehumidifierStatus
dhum sts,dehumidifierStatus
dhum sts,dehumidifierStatus
dhum sts,dehumidifierStatus
dhumst,dehumidifierStatus
dhumst,dehumidifierStatus
dhum status,dehumidifierStatus
dhum status,dehumidifierStatus
dhum status,dehumidifierStatus
dhum status,dehumidifierStatus
demidifier sts,dehumidifierStatus
demidifier sts,dehumidifierStatus
demidifier sts,dehumidifierStatus
demidifier sts,dehumidifierStatus
dehumifer sts,dehumidifierStatus
dehumifer sts,dehumidifierStatus
deh sts,dehumidifierStatus
deh sts,dehumidifierStatus
deh sts,dehumidifierStatus
deh sts,dehumidifierStatus
deh status,dehumidifierStatus
deh status,dehumidifierStatus
deh status,dehumidifierStatus
deh status,dehumidifierStatus
dehumid status,dehumidifierStatus
dehumid status,dehumidifierStatus
dehumid status,dehumidifierStatus
dehumidifier stat,dehumidifierStatus
dehumidifier stat,dehumidifierStatus
dehum stat,dehumidifierStatus
dehum stat,dehumidifierStatus
dehumid sp,dehumidSp
dehumid sp,dehumidSp
dehumid sp,dehumidSp
dehumid sp,dehumidSp
dehum sp,dehumidSp
dehum sp,dehumidSp
dehum sp,dehumidSp
dehum sp,dehumidSp
dehum sp,dehumidSp
dehumsp,dehumidSp
dehumsp,dehumidSp
dehumidification setpoint,dehumidSp
dehumidification setpoint,dehumidSp
dehumidification setpoint,dehumidSp
dehumidification setpoint,dehumidSp
dehumidification sp,dehumidSp
dehumidification sp,dehumidSp
dehumidify setpoint,dehumidSp
dehumidify setpoint,dehumidSp
dehumidify setpoint,dehumidSp
dehumidify sp,dehumidSp
dehumidify sp,dehumidSp
dehumidify sp,dehumidSp
space hum spt,dehumidSp
space hum spt,dehumidSp
space hum spt,dehumidSp
space hum spt,dehumidSp
space hum setpt,dehumidSp
space hum setpt,dehumidSp
space hum setpt,dehumidSp
space hum setpt,dehumidSp
zone hum sp,dehumidSp
zone hum sp,dehumidSp
zone hum sp,dehumidSp
zone hum sp,dehumidSp
zone hum sp,dehumidSp
znhumsp,dehumidSp
znhumsp,dehumidSp
zn hum sp,dehumidSp
zn hum sp,dehumidSp
zone dehum sp,dehumidSp
zone dehum sp,dehumidSp
zone dehum sp,dehumidSp
zn dehum sp,dehumidSp
zn dehum sp,dehumidSp
dehum setpoint,dehumidSp
dehum setpoint,dehumidSp
dehum setpoint,dehumidSp
dehum setpt,dehumidSp
dehum setpt,dehumidSp
dehum setpt,dehumidSp
dehum setpt,dehumidSp
dehum setpt,dehumidSp
dhum sp,dehumidSp
dhum sp,dehumidSp
dhumsp,dehumidSp
dhum sp,dehumidSp
dhumsp,dehumidSp
dehumid spt,dehumidSp
dehumid spt,dehumidSp
dehumid spt,dehumidSp
dehumid spt,dehumidSp
dehumid spt,dehumidSp
dhum spt,dehumidSp
dhum spt,dehumidSp
dhum spt,dehumidSp
dhum spt,dehumidSp
dehumid hum setpoint,dehumidSp
dehumid hum setpoint,dehumidSp
dehumid hum setpoint,dehumidSp
disch co2,dischargeCO2
discharge co2,dischargeCO2
disch co2 sensor,dischargeCO2
discharge co2 sensor,dischargeCO2
disch co2 level,dischargeCO2
disch co2 meas,dischargeCO2
disch co2 ppm,dischargeCO2
disch co2 reading,dischargeCO2
da co2,dischargeCO2
da co2,dischargeCO2
da co2 sensor,dischargeCO2
da co2 level,dischargeCO2
da co2 meas,dischargeCO2
da co2 ppm,dischargeCO2
dair co2,dischargeCO2
discharge air co2,dischargeCO2
disch air co2,dischargeCO2
disch air co2 ppm,dischargeCO2
disch air co2 meas,dischargeCO2
disch air co2 level,dischargeCO2
discharge air co2 ppm,dischargeCO2
discharge air co2 level,dischargeCO2
disch co2,dischargeCO2
disch air co2,dischargeCO2
discharge air co2,dischargeCO2
discharge air co2,dischargeCO2
dis air co2,dischargeCO2
da co2 ppm,dischargeCO2
da co2 reading,dischargeCO2
dis air co2 lvl,dischargeCO2
supply co2,dischargeCO2
sup co2,dischargeCO2
sa co2,dischargeCO2
sa co2 sensor,dischargeCO2
sa co2 ppm,dischargeCO2
sa co2,dischargeCO2
supply air co2,dischargeCO2
supply air co2,dischargeCO2
supply air co2,dischargeCO2
supply air co2 level,dischargeCO2
supply air co2 lvl,dischargeCO2
supply air co2 reading,dischargeCO2
supply air co2 sensor,dischargeCO2
supply air co2,dischargeCO2
supply co2 level,dischargeCO2
sup co2 ppm,dischargeCO2
supplyair co2,dischargeCO2
sa co2 meas,dischargeCO2
sa co2 level,dischargeCO2
sa co2 val,dischargeCO2
supply co2 sensor,dischargeCO2
supply co2 ppm,dischargeCO2
co2 sa,dischargeCO2
co2 sup,dischargeCO2
co2 disch,dischargeCO2
co2 da,dischargeCO2
co2 supplyair,dischargeCO2
co2 sa sensor,dischargeCO2
co2 outlet air,dischargeCO2
supplyco2,dischargeCO2
dischco2,dischargeCO2
dischargeco2,dischargeCO2
co2 sa ppm,dischargeCO2
co2 discharge ppm,dischargeCO2
dair co2 sensor,dischargeCO2
dair co2 ppm,dischargeCO2
co2 outlet,dischargeCO2
disch dehumid sp,dischargeDehumidSp
discharge dehumid sp,dischargeDehumidSp
disch dehumidification sp,dischargeDehumidSp
disch dehum sp,dischargeDehumidSp
disch dehumid setpt,dischargeDehumidSp
disch dehumid spt,dischargeDehumidSp
disch dehum spt,dischargeDehumidSp
disch dehum setpoint,dischargeDehumidSp
discharge dehumidification setpoint,dischargeDehumidSp
da dehumid sp,dischargeDehumidSp
da dehum sp,dischargeDehumidSp
da dehum sp,dischargeDehumidSp
da dehum setpoint,dischargeDehumidSp
da dehum spt,dischargeDehumidSp
dair dehumid sp,dischargeDehumidSp
dis air dehumid sp,dischargeDehumidSp
disch dehum sp cmd,dischargeDehumidSp
disch dehum ctrl sp,dischargeDehumidSp
disch dehumidification cmd sp,dischargeDehumidSp
discharge dehumid sp,dischargeDehumidSp
disch dehumid sp,dischargeDehumidSp
discharge dehumid sp,dischargeDehumidSp
discharge dehumidification sp,dischargeDehumidSp
discharge air dehumid sp,dischargeDehumidSp
dis air dehumid sp,dischargeDehumidSp
dis air dehum spt,dischargeDehumidSp
dair dehum sp,dischargeDehumidSp
dair dehumid sp,dischargeDehumidSp
da dehum cmd sp,dischargeDehumidSp
disch air dehumid sp,dischargeDehumidSp
disch air dehumid spt,dischargeDehumidSp
discharge dehumidification sp,dischargeDehumidSp
sa dehumid sp,dischargeDehumidSp
sa dehum sp,dischargeDehumidSp
sa dehumid setpoint,dischargeDehumidSp
supply dehumid sp,dischargeDehumidSp
supply dehum sp,dischargeDehumidSp
supply dehumid sp,dischargeDehumidSp
supply dehum setpoint,dischargeDehumidSp
sup dehum sp,dischargeDehumidSp
sup dehumid sp,dischargeDehumidSp
sup dehum setpoint,dischargeDehumidSp
supply dehumid sp,dischargeDehumidSp
supply dehum spt,dischargeDehumidSp
sup air dehumid sp,dischargeDehumidSp
sup air dehum sp,dischargeDehumidSp
sair dehumidification sp,dischargeDehumidSp
sair dehumid ctrl sp,dischargeDehumidSp
sa dehum cmd sp,dischargeDehumidSp
dehumid setpoint discharge,dischargeDehumidSp
dehumid sp disch air,dischargeDehumidSp
dehumid setpoint discharge,dischargeDehumidSp
dehum ctrl sp discharge,dischargeDehumidSp
dis air dehumid setpoint,dischargeDehumidSp
dehumidification discharge sp,dischargeDehumidSp
dair dehumid ctrl spt,dischargeDehumidSp
disch dehumid ctl sp,dischargeDehumidSp
discharge air dehum sp,dischargeDehumidSp
disch sa dehum sp,dischargeDehumidSp
disch sa dehumid spt,dischargeDehumidSp
disch sa dehumid setpoint,dischargeDehumidSp
disch dewpoint,dischargeDewpoint
discharge dewpoint,dischargeDewpoint
disch dew pt,dischargeDewpoint
disch dpt,dischargeDewpoint
disch dew,dischargeDewpoint
disch dwpt,dischargeDewpoint
discharge dpt,dischargeDewpoint
discharge dwpt,dischargeDewpoint
da dewpoint,dischargeDewpoint
dair dewpoint,dischargeDewpoint
dair dwpt,dischargeDewpoint
dair dew pt,dischargeDewpoint
dair dpt,dischargeDewpoint
discharge air dewpoint,dischargeDewpoint
discharge air dpt,dischargeDewpoint
disch dpt sensor,dischargeDewpoint
disch dpt meas,dischargeDewpoint
disch dpt val,dischargeDewpoint
disch dpt feedback,dischargeDewpoint
disch dpt read,dischargeDewpoint
disch dpt actual,dischargeDewpoint
disch dpt output,dischargeDewpoint
disch dewpoint,dischargeDewpoint
discharge dewpoint,dischargeDewpoint
disch dewpoint,dischargeDewpoint
discharge air dewpoint,dischargeDewpoint
dis air dpt,dischargeDewpoint
supply dewpoint,dischargeDewpoint
supply air dewpoint,dischargeDewpoint
supply air dewpoint,dischargeDewpoint
sup dewpoint,dischargeDewpoint
sup dew pt,dischargeDewpoint
sup dpt,dischargeDewpoint
sa dewpoint,dischargeDewpoint
sa dpt,dischargeDewpoint
sa dwpt,dischargeDewpoint
supply dewpoint,dischargeDewpoint
supply dpt,dischargeDewpoint
supply dwpt,dischargeDewpoint
supply dew pt,dischargeDewpoint
supply dewpt,dischargeDewpoint
sa dew pt,dischargeDewpoint
sair dewpoint,dischargeDewpoint
sair dpt,dischargeDewpoint
supply dewpoint temp,dischargeDewpoint
supply dew point temp,dischargeDewpoint
discharge dewpoint temp,dischargeDewpoint
dew point discharge,dischargeDewpoint
dewpoint discharge air,dischargeDewpoint
discharge air dewpoint,dischargeDewpoint
dis air dewpoint,dischargeDewpoint
supply air dpt,dischargeDewpoint
supply air dew pt,dischargeDewpoint
supply air dewpt,dischargeDewpoint
sup air dpt,dischargeDewpoint
sa dpt sensor,dischargeDewpoint
sa dpt meas,dischargeDewpoint
sa dpt value,dischargeDewpoint
sup air dpt reading,dischargeDewpoint
supply dpt feedback,dischargeDewpoint
supply dpt feedback,dischargeDewpoint
supply dpt sensor,dischargeDewpoint
supply dpt meas,dischargeDewpoint
disch dewpoint hi alarm,dischargeDewpointHiAlarm
disch dew pt hi alarm,dischargeDewpointHiAlarm
disch dew hi alm,dischargeDewpointHiAlarm
discharge dewpoint hi alarm,dischargeDewpointHiAlarm
discharge dew hi alarm,dischargeDewpointHiAlarm
disch dewpoint high alarm,dischargeDewpointHiAlarm
disch dpt high alarm,dischargeDewpointHiAlarm
disch dpt hi alm,dischargeDewpointHiAlarm
disch dpt hi limit,dischargeDewpointHiAlarm
disch dpt hi alarm,dischargeDewpointHiAlarm
discharge dpt hi alarm,dischargeDewpointHiAlarm
discharge dpt hi alert,dischargeDewpointHiAlarm
da dewpoint hi alarm,dischargeDewpointHiAlarm
dair dewpoint hi alarm,dischargeDewpointHiAlarm
dair dpt hi alm,dischargeDewpointHiAlarm
dair dpt hi limit,dischargeDewpointHiAlarm
disch dewpoint alarm high,dischargeDewpointHiAlarm
disch dpt alarm hi,dischargeDewpointHiAlarm
discharge air dewpoint hi alarm,dischargeDewpointHiAlarm
discharge dewpoint hi alarm,dischargeDewpointHiAlarm
disch dewpoint hi alarm,dischargeDewpointHiAlarm
discharge dewpoint high alarm,dischargeDewpointHiAlarm
dis air dpt hi alm,dischargeDewpointHiAlarm
dis air dpt hi alarm,dischargeDewpointHiAlarm
dis air dewpoint high alarm,dischargeDewpointHiAlarm
dis air dpt alert hi,dischargeDewpointHiAlarm
supply dewpoint hi alarm,dischargeDewpointHiAlarm
supply air dewpoint hi alarm,dischargeDewpointHiAlarm
supply dewpoint alarm hi,dischargeDewpointHiAlarm
supply air dpt hi limit,dischargeDewpointHiAlarm
supply air dpt high alarm,dischargeDewpointHiAlarm
sup dewpoint hi alarm,dischargeDewpointHiAlarm
sup dpt hi alm,dischargeDewpointHiAlarm
sup dpt hi limit,dischargeDewpointHiAlarm
supply dew hi alarm,dischargeDewpointHiAlarm
supply dpt hi alarm,dischargeDewpointHiAlarm
supply dpt alm hi,dischargeDewpointHiAlarm
supplyair dpt hi alarm,dischargeDewpointHiAlarm
sup air dpt hi alm,dischargeDewpointHiAlarm
sup air dpt hi limit,dischargeDewpointHiAlarm
sa dpt hi alm,dischargeDewpointHiAlarm
sair dpt hi alarm,dischargeDewpointHiAlarm
sair dew hi alarm,dischargeDewpointHiAlarm
sa dpt alarm hi,dischargeDewpointHiAlarm
dewpoint high alarm discharge,dischargeDewpointHiAlarm
high dewpoint discharge alarm,dischargeDewpointHiAlarm
discharge dewpoint high alarm,dischargeDewpointHiAlarm
disch air dewpoint hi alarm,dischargeDewpointHiAlarm
disch air dpt alarm high,dischargeDewpointHiAlarm
dewpoint disch high,dischargeDewpointHiAlarm
hi alarm discharge dpt,dischargeDewpointHiAlarm
hi alert discharge dew,dischargeDewpointHiAlarm
alarm hi dpt discharge,dischargeDewpointHiAlarm
alarm hi discharge dewpoint,dischargeDewpointHiAlarm
discharge dpt hi thresh,dischargeDewpointHiAlarm
disch dpt over limit,dischargeDewpointHiAlarm
dpt hi alm disch,dischargeDewpointHiAlarm
discharge dewpoint alarm hi,dischargeDewpointHiAlarm
disch dpt hi,dischargeDewpointHiAlarm
supply dpt high alarm,dischargeDewpointHiAlarm
disch dewpoint hi sp,dischargeDewpointHiSp
discharge dewpoint hi sp,dischargeDewpointHiSp
disch dew pt hi sp,dischargeDewpointHiSp
disch dew hi sp,dischargeDewpointHiSp
disch dpt hi sp,dischargeDewpointHiSp
disch dpt hi setpoint,dischargeDewpointHiSp
disch dpt hi spt,dischargeDewpointHiSp
discharge dew hi setpoint,dischargeDewpointHiSp
discharge dpt hi limit,dischargeDewpointHiSp
disch dpt high sp,dischargeDewpointHiSp
discharge dpt hi spt,dischargeDewpointHiSp
da dewpoint hi sp,dischargeDewpointHiSp
dair dewpoint hi sp,dischargeDewpointHiSp
dair dpt hi setpoint,dischargeDewpointHiSp
dair dpt hi spt,dischargeDewpointHiSp
dair dpt hi lim,dischargeDewpointHiSp
da dpt hi sp,dischargeDewpointHiSp
disch dpt hi lim,dischargeDewpointHiSp
disch dpt hi threshold,dischargeDewpointHiSp
disch dpt limit high,dischargeDewpointHiSp
discharge dewpoint hi sp,dischargeDewpointHiSp
disch dewpoint hi sp,dischargeDewpointHiSp
discharge dewpoint hi limit,dischargeDewpointHiSp
discharge air dewpoint high sp,dischargeDewpointHiSp
discharge air dpt hi setpoint,dischargeDewpointHiSp
dis air dpt hi spt,dischargeDewpointHiSp
supply dewpoint hi sp,dischargeDewpointHiSp
supply air dewpoint hi sp,dischargeDewpointHiSp
supply dewpoint hi setpoint,dischargeDewpointHiSp
supply air dpt hi limit,dischargeDewpointHiSp
supply air dpt hi sp,dischargeDewpointHiSp
sup dewpoint hi sp,dischargeDewpointHiSp
sup dpt hi spt,dischargeDewpointHiSp
sup dpt hi limit,dischargeDewpointHiSp
supply dew hi spt,dischargeDewpointHiSp
supply dpt hi sp,dischargeDewpointHiSp
supply dpt hi spt,dischargeDewpointHiSp
sup air dpt hi sp,dischargeDewpointHiSp
sa dpt hi spt,dischargeDewpointHiSp
sair dpt hi sp,dischargeDewpointHiSp
sair dew hi spt,dischargeDewpointHiSp
sa dpt hi limit,dischargeDewpointHiSp
dewpoint high sp discharge,dischargeDewpointHiSp
high dewpoint sp discharge,dischargeDewpointHiSp
discharge dewpoint limit high,dischargeDewpointHiSp
disch air dewpoint high limit,dischargeDewpointHiSp
disch air dpt sp high,dischargeDewpointHiSp
dewpoint disch high sp,dischargeDewpointHiSp
hi sp discharge dpt,dischargeDewpointHiSp
hi limit discharge dew,dischargeDewpointHiSp
sp hi discharge dewpoint,dischargeDewpointHiSp
sp hi dpt discharge,dischargeDewpointHiSp
discharge dpt hi thresh,dischargeDewpointHiSp
disch dpt over limit sp,dischargeDewpointHiSp
dpt hi spt disch,dischargeDewpointHiSp
hi spt disch dpt,dischargeDewpointHiSp
supply dpt high sp,dischargeDewpointHiSp
supplyair dpt high limit,dischargeDewpointHiSp
supplyair dpt hi setpt,dischargeDewpointHiSp
sup dpt hi setpoint,dischargeDewpointHiSp
sa dpt setpoint hi,dischargeDewpointHiSp
disch dewpoint lo sp,dischargeDewpointLoSp
discharge dewpoint lo sp,dischargeDewpointLoSp
disch dew pt lo sp,dischargeDewpointLoSp
disch dpt lo sp,dischargeDewpointLoSp
disch dpt lo setpoint,dischargeDewpointLoSp
disch dpt lo spt,dischargeDewpointLoSp
discharge dpt lo limit,dischargeDewpointLoSp
discharge dpt lo spt,dischargeDewpointLoSp
discharge dew lo setpoint,dischargeDewpointLoSp
discharge air dewpoint lo sp,dischargeDewpointLoSp
da dewpoint lo sp,dischargeDewpointLoSp
dair dewpoint lo sp,dischargeDewpointLoSp
dair dpt lo setpoint,dischargeDewpointLoSp
dair dpt lo spt,dischargeDewpointLoSp
dair dpt lo lim,dischargeDewpointLoSp
da dpt lo sp,dischargeDewpointLoSp
disch dpt lo lim,dischargeDewpointLoSp
disch dpt lo threshold,dischargeDewpointLoSp
disch dpt limit low,dischargeDewpointLoSp
discharge dewpoint lo sp,dischargeDewpointLoSp
disch dewpoint lo sp,dischargeDewpointLoSp
discharge dewpoint lo limit,dischargeDewpointLoSp
discharge air dewpoint low sp,dischargeDewpointLoSp
discharge air dpt lo setpoint,dischargeDewpointLoSp
dis air dpt lo spt,dischargeDewpointLoSp
supply dewpoint lo sp,dischargeDewpointLoSp
supply air dewpoint lo sp,dischargeDewpointLoSp
supply dewpoint lo setpoint,dischargeDewpointLoSp
supply air dpt lo limit,dischargeDewpointLoSp
supply air dpt lo sp,dischargeDewpointLoSp
sup dewpoint lo sp,dischargeDewpointLoSp
sup dpt lo spt,dischargeDewpointLoSp
sup dpt lo limit,dischargeDewpointLoSp
supply dew lo spt,dischargeDewpointLoSp
supply dpt lo sp,dischargeDewpointLoSp
supply dpt lo spt,dischargeDewpointLoSp
sup air dpt lo sp,dischargeDewpointLoSp
sa dpt lo spt,dischargeDewpointLoSp
sair dpt lo sp,dischargeDewpointLoSp
sair dew lo spt,dischargeDewpointLoSp
sa dpt lo limit,dischargeDewpointLoSp
dewpoint low sp discharge,dischargeDewpointLoSp
low dewpoint sp discharge,dischargeDewpointLoSp
discharge dewpoint limit low,dischargeDewpointLoSp
disch air dewpoint low limit,dischargeDewpointLoSp
disch air dpt sp low,dischargeDewpointLoSp
dewpoint disch low sp,dischargeDewpointLoSp
lo sp discharge dpt,dischargeDewpointLoSp
lo limit discharge dew,dischargeDewpointLoSp
sp lo discharge dewpoint,dischargeDewpointLoSp
sp lo dpt discharge,dischargeDewpointLoSp
discharge dpt lo thresh,dischargeDewpointLoSp
disch dpt under limit sp,dischargeDewpointLoSp
dpt lo spt disch,dischargeDewpointLoSp
lo spt disch dpt,dischargeDewpointLoSp
supply dpt low sp,dischargeDewpointLoSp
supplyair dpt low limit,dischargeDewpointLoSp
supplyair dpt lo setpt,dischargeDewpointLoSp
sup dpt lo setpoint,dischargeDewpointLoSp
sa dpt setpoint lo,dischargeDewpointLoSp
supply dpt min limit,dischargeDewpointLoSp
sup dpt min spt,dischargeDewpointLoSp
supply air dpt min sp,dischargeDewpointLoSp
disch dpt min sp,dischargeDewpointLoSp
dair dpt low spt,dischargeDewpointLoSp
disch dewpoint sp,dischargeDewpointSp
discharge dewpoint sp,dischargeDewpointSp
disch dew pt sp,dischargeDewpointSp
disch dew sp,dischargeDewpointSp
disch dpt sp,dischargeDewpointSp
disch dpt setpoint,dischargeDewpointSp
disch dpt spt,dischargeDewpointSp
discharge dpt spt,dischargeDewpointSp
discharge dpt setpoint,dischargeDewpointSp
da dewpoint sp,dischargeDewpointSp
dair dewpoint sp,dischargeDewpointSp
dair dpt sp,dischargeDewpointSp
dair dpt spt,dischargeDewpointSp
dair dpt setpoint,dischargeDewpointSp
da dpt sp,dischargeDewpointSp
da dpt setpoint,dischargeDewpointSp
disch dpt cmd sp,dischargeDewpointSp
disch dpt ctrl sp,dischargeDewpointSp
discharge dpt control sp,dischargeDewpointSp
discharge dewpoint sp,dischargeDewpointSp
disch dewpoint sp,dischargeDewpointSp
discharge dewpoint setpoint,dischargeDewpointSp
discharge air dewpoint sp,dischargeDewpointSp
dis air dpt spt,dischargeDewpointSp
dis air dpt setpoint,dischargeDewpointSp
supply dewpoint sp,dischargeDewpointSp
supply air dewpoint sp,dischargeDewpointSp
supply dewpoint setpoint,dischargeDewpointSp
supply air dpt limit,dischargeDewpointSp
supply air dpt sp,dischargeDewpointSp
sup dewpoint sp,dischargeDewpointSp
sup dpt spt,dischargeDewpointSp
sup dpt setpoint,dischargeDewpointSp
supply dew spt,dischargeDewpointSp
supply dpt sp,dischargeDewpointSp
supply dpt spt,dischargeDewpointSp
sup air dpt sp,dischargeDewpointSp
sa dpt spt,dischargeDewpointSp
sair dpt sp,dischargeDewpointSp
sair dew spt,dischargeDewpointSp
sa dpt limit,dischargeDewpointSp
dewpoint sp discharge,dischargeDewpointSp
setpoint dewpoint discharge,dischargeDewpointSp
discharge dewpoint setpoint,dischargeDewpointSp
disch air dewpoint sp,dischargeDewpointSp
disch air dpt setpoint,dischargeDewpointSp
dewpoint disch sp,dischargeDewpointSp
sp discharge dpt,dischargeDewpointSp
limit discharge dew,dischargeDewpointSp
ctrl sp discharge dewpoint,dischargeDewpointSp
sp dpt discharge,dischargeDewpointSp
discharge dpt thresh sp,dischargeDewpointSp
disch dpt setpoint cmd,dischargeDewpointSp
dpt spt disch,dischargeDewpointSp
ctrl sp disch dpt,dischargeDewpointSp
supply dpt ctrl sp,dischargeDewpointSp
supplyair dpt limit,dischargeDewpointSp
supplyair dpt setpt,dischargeDewpointSp
sup dpt setpoint cmd,dischargeDewpointSp
sa dpt ctrl sp,dischargeDewpointSp
supply dpt target,dischargeDewpointSp
supply air dpt control sp,dischargeDewpointSp
discharge dpt ctrl,dischargeDewpointSp
disch enthalpy sp,dischargeEnthalpySp
discharge enthalpy sp,dischargeEnthalpySp
disch enth sp,dischargeEnthalpySp
disch enthalpy spt,dischargeEnthalpySp
disch enth spt,dischargeEnthalpySp
disch enthalpy setpoint,dischargeEnthalpySp
disch enth setpoint,dischargeEnthalpySp
discharge enthalpy spt,dischargeEnthalpySp
discharge enth spt,dischargeEnthalpySp
da enthalpy sp,dischargeEnthalpySp
da enthalpy setpoint,dischargeEnthalpySp
dair enthalpy sp,dischargeEnthalpySp
dair enth spt,dischargeEnthalpySp
dair enth setpoint,dischargeEnthalpySp
da enth spt,dischargeEnthalpySp
disch enthalpy ctrl sp,dischargeEnthalpySp
disch enthalpy cmd sp,dischargeEnthalpySp
discharge enthalpy target,dischargeEnthalpySp
discharge enthalpy sp,dischargeEnthalpySp
disch enthalpy sp,dischargeEnthalpySp
discharge enthalpy sp,dischargeEnthalpySp
discharge air enthalpy sp,dischargeEnthalpySp
dis air enthalpy sp,dischargeEnthalpySp
dis air enthalpy setpoint,dischargeEnthalpySp
supply enthalpy sp,dischargeEnthalpySp
supply air enthalpy sp,dischargeEnthalpySp
supply enthalpy setpoint,dischargeEnthalpySp
supply air enthalpy sp,dischargeEnthalpySp
supply air enthalpy setpoint,dischargeEnthalpySp
sup enthalpy sp,dischargeEnthalpySp
sup enth spt,dischargeEnthalpySp
sup enth setpoint,dischargeEnthalpySp
supply enth spt,dischargeEnthalpySp
supply enthalpy sp,dischargeEnthalpySp
supply enthalpy spt,dischargeEnthalpySp
sup air enthalpy sp,dischargeEnthalpySp
sa enth spt,dischargeEnthalpySp
sa enthalpy sp,dischargeEnthalpySp
sa enth limit,dischargeEnthalpySp
sair enth spt,dischargeEnthalpySp
enthalpy sp discharge,dischargeEnthalpySp
setpoint discharge enthalpy,dischargeEnthalpySp
discharge air enthalpy sp,dischargeEnthalpySp
disch air enthalpy setpoint,dischargeEnthalpySp
dis air enthalpy spt,dischargeEnthalpySp
enthalpy disch sp,dischargeEnthalpySp
enthalpy sp sa,dischargeEnthalpySp
sp discharge enthalpy,dischargeEnthalpySp
ctrl sp discharge enthalpy,dischargeEnthalpySp
cmd sp discharge enthalpy,dischargeEnthalpySp
discharge enth thresh sp,dischargeEnthalpySp
disch enthalpy target sp,dischargeEnthalpySp
enth spt disch,dischargeEnthalpySp
ctrl sp disch enth,dischargeEnthalpySp
supply enthalpy ctrl sp,dischargeEnthalpySp
supplyair enthalpy limit,dischargeEnthalpySp
supplyair enthalpy setpt,dischargeEnthalpySp
sup enthalpy setpoint cmd,dischargeEnthalpySp
sa enthalpy ctrl sp,dischargeEnthalpySp
supply enthalpy target,dischargeEnthalpySp
supply enth limit,dischargeEnthalpySp
sup air enth spt,dischargeEnthalpySp
dair enthalpy limit,dischargeEnthalpySp
saf alm,dischargeFanAlarm
saf alm,dischargeFanAlarm
saf alarm,dischargeFanAlarm
sa fan alarm,dischargeFanAlarm
sa fan alm,dischargeFanAlarm
sa fan alarm,dischargeFanAlarm
sa fan alm,dischargeFanAlarm
sup air fan alarm,dischargeFanAlarm
sup air fan alm,dischargeFanAlarm
supairfanalm,dischargeFanAlarm
supairfanalarm,dischargeFanAlarm
supplyfanalarm,dischargeFanAlarm
supplyfanalm,dischargeFanAlarm
supply fan alm,dischargeFanAlarm
supply fan alarm,dischargeFanAlarm
sup fan alarm,dischargeFanAlarm
sup fan alm,dischargeFanAlarm
sup f alarm,dischargeFanAlarm
supply air fan alarm,dischargeFanAlarm
supp air fan alarm,dischargeFanAlarm
sup air fan alm,dischargeFanAlarm
sup fan alm,dischargeFanAlarm
sup fan alarm,dischargeFanAlarm
sup f alarm,dischargeFanAlarm
sup air alm,dischargeFanAlarm
supply air fan alarm,dischargeFanAlarm
supply air fan alm,dischargeFanAlarm
supply air alm,dischargeFanAlarm
supairfan alarm,dischargeFanAlarm
dis air fan alarm,dischargeFanAlarm
dis air fan alm,dischargeFanAlarm
dis air fan alarm,dischargeFanAlarm
dis air f alm,dischargeFanAlarm
disairfanalarm,dischargeFanAlarm
disairfanalm,dischargeFanAlarm
dis fan alarm,dischargeFanAlarm
dis fan alm,dischargeFanAlarm
dis f alm,dischargeFanAlarm
discharge fan alarm,dischargeFanAlarm
discharge fan alarm,dischargeFanAlarm
discharge fan alm,dischargeFanAlarm
discharge air fan alarm,dischargeFanAlarm
dis air fan status alarm,dischargeFanAlarm
da fan alarm,dischargeFanAlarm
da fan alm,dischargeFanAlarm
da fan alarm,dischargeFanAlarm
da fan alm,dischargeFanAlarm
da f alarm,dischargeFanAlarm
da fan alarm,dischargeFanAlarm
safanalarm,dischargeFanAlarm
sfanalm,dischargeFanAlarm
s fan alarm,dischargeFanAlarm
sf alarm,dischargeFanAlarm
s fan alm,dischargeFanAlarm
sf alm,dischargeFanAlarm
sf alm,dischargeFanAlarm
s f alarm,dischargeFanAlarm
sa f alarm,dischargeFanAlarm
sa fanalm,dischargeFanAlarm
sa f alm,dischargeFanAlarm
saf alarm,dischargeFanAlarm
sfa alarm,dischargeFanAlarm
sfa alarm,dischargeFanAlarm
sup f alm,dischargeFanAlarm
discharge fan alarm,dischargeFanAlarm
discharge fan alm,dischargeFanAlarm
dfanalm,dischargeFanAlarm
d fan alm,dischargeFanAlarm
saf alm rst,dischargeFanAlarmReset
saf alm rst,dischargeFanAlarmReset
saf alarm reset,dischargeFanAlarmReset
sa fan alarm rst,dischargeFanAlarmReset
sa fan alm rst,dischargeFanAlarmReset
sa fan alarm rst,dischargeFanAlarmReset
sa fan rst,dischargeFanAlarmReset
supply fan alarm reset,dischargeFanAlarmReset
supply fan rst,dischargeFanAlarmReset
sup fan alm reset,dischargeFanAlarmReset
supairfanalmreset,dischargeFanAlarmReset
supairfanreset,dischargeFanAlarmReset
supplyfanreset,dischargeFanAlarmReset
supplyfanalarmreset,dischargeFanAlarmReset
supply fan alm rst,dischargeFanAlarmReset
sup fan rst,dischargeFanAlarmReset
sup fan alm rst,dischargeFanAlarmReset
supply air fan rst,dischargeFanAlarmReset
supply air fan alarm reset,dischargeFanAlarmReset
sup air fan reset,dischargeFanAlarmReset
sup fan rst,dischargeFanAlarmReset
sup fan alarm reset,dischargeFanAlarmReset
sup f alarm rst,dischargeFanAlarmReset
supply air fan alarm reset,dischargeFanAlarmReset
supply air fan rst,dischargeFanAlarmReset
dis fan alm reset,dischargeFanAlarmReset
dis air fan rst,dischargeFanAlarmReset
dis air fan alm rst,dischargeFanAlarmReset
dis air f alm rst,dischargeFanAlarmReset
disairfanreset,dischargeFanAlarmReset
disairfanalarmreset,dischargeFanAlarmReset
dis fan rst,dischargeFanAlarmReset
dis fan alm rst,dischargeFanAlarmReset
discharge fan alarm reset,dischargeFanAlarmReset
discharge fan alarm reset,dischargeFanAlarmReset
discharge fan rst,dischargeFanAlarmReset
discharge air fan alarm reset,dischargeFanAlarmReset
dis air fan reset,dischargeFanAlarmReset
da fan alm reset,dischargeFanAlarmReset
da fan rst,dischargeFanAlarmReset
da fan alm rst,dischargeFanAlarmReset
dfanreset,dischargeFanAlarmReset
d fan alm rst,dischargeFanAlarmReset
dafanalarmreset,dischargeFanAlarmReset
da fan alm reset,dischargeFanAlarmReset
safanreset,dischargeFanAlarmReset
s fan rst,dischargeFanAlarmReset
sf alm rst,dischargeFanAlarmReset
sf alarm reset,dischargeFanAlarmReset
s fan alm rst,dischargeFanAlarmReset
sfa alm rst,dischargeFanAlarmReset
sfa alarm reset,dischargeFanAlarmReset
sa f alm rst,dischargeFanAlarmReset
sup fan alm rst cmd,dischargeFanAlarmReset
saf reset,dischargeFanAlarmReset
sf alm reset cmd,dischargeFanAlarmReset
fan alm rst dis,dischargeFanAlarmReset
disch fan alarm reset,dischargeFanAlarmReset
disch fan rst,dischargeFanAlarmReset
discharge fan reset cmd,dischargeFanAlarmReset
discharge fan alm reset,dischargeFanAlarmReset
disch fan alm rst,dischargeFanAlarmReset
discharge air fan reset,dischargeFanAlarmReset
reset sa fan alm,dischargeFanAlarmReset
reset sa fan alarm,dischargeFanAlarmReset
disch fan reset btn,dischargeFanAlarmReset
da fan reset,dischargeFanAlarmReset
discharge fan bypass,dischargeFanBypass
disch fan bypass,dischargeFanBypass
disch fan byp,dischargeFanBypass
disch fan byp mode,dischargeFanBypass
disch fan byp status,dischargeFanBypass
disch fan byp ena,dischargeFanBypass
disch fan manual bypass,dischargeFanBypass
dis fan byp,dischargeFanBypass
dis air fan bypass,dischargeFanBypass
discharge air fan bypass,dischargeFanBypass
da fan bypass,dischargeFanBypass
dair fan bypass,dischargeFanBypass
dis fan bypass,dischargeFanBypass
discharge fan bypass,dischargeFanBypass
discharge fan bypass,dischargeFanBypass
dis air fan bypass,dischargeFanBypass
dis air fan byp,dischargeFanBypass
dis air byp,dischargeFanBypass
supply fan bypass,dischargeFanBypass
supply air fan bypass,dischargeFanBypass
supply air fan bypass,dischargeFanBypass
supply fan byp,dischargeFanBypass
supply fan bypass,dischargeFanBypass
sup fan byp,dischargeFanBypass
sup fan bypass mode,dischargeFanBypass
sup fan byp status,dischargeFanBypass
sup fan man byp,dischargeFanBypass
sup air fan bypass,dischargeFanBypass
supairfanbyp,dischargeFanBypass
supairfanbypass,dischargeFanBypass
sa fan bypass,dischargeFanBypass
sa fan byp,dischargeFanBypass
saf byp,dischargeFanBypass
saf bypass,dischargeFanBypass
saf byp sts,dischargeFanBypass
saf byp en,dischargeFanBypass
saf byp cmd,dischargeFanBypass
saf byp mode,dischargeFanBypass
sa fan bypass mode,dischargeFanBypass
sa fan byp cmd,dischargeFanBypass
s fan bypass,dischargeFanBypass
sf byp,dischargeFanBypass
sfan bypass,dischargeFanBypass
sfanbyp,dischargeFanBypass
sf bypass cmd,dischargeFanBypass
s fan byp,dischargeFanBypass
sfan byp,dischargeFanBypass
fan bypass disch,dischargeFanBypass
fan byp discharge,dischargeFanBypass
fanbyp dis,dischargeFanBypass
fanbypass sa,dischargeFanBypass
fan byp sa,dischargeFanBypass
fan bypass cmd disch,dischargeFanBypass
discharge fan bypass cmd,dischargeFanBypass
discharge fan byp mode,dischargeFanBypass
discharge fan byp ena,dischargeFanBypass
discharge fan byp stat,dischargeFanBypass
dischargefanbyp,dischargeFanBypass
bypass safan,dischargeFanBypass
bypass disch fan,dischargeFanBypass
bypass supply fan,dischargeFanBypass
bypass mode sa,dischargeFanBypass
bypass sa cmd,dischargeFanBypass
manual bypass saf,dischargeFanBypass
saf local bypass,dischargeFanBypass
discharge fan current,dischargeFanCurrent
disch fan current,dischargeFanCurrent
disch fan amps,dischargeFanCurrent
disch fan a,dischargeFanCurrent
discharge fan amps,dischargeFanCurrent
discharge fan a,dischargeFanCurrent
da fan amps,dischargeFanCurrent
da fan current,dischargeFanCurrent
disch air fan current,dischargeFanCurrent
disch air fan amps,dischargeFanCurrent
dis fan cur,dischargeFanCurrent
dis fan i,dischargeFanCurrent
dis fan current,dischargeFanCurrent
dis fan amps,dischargeFanCurrent
dis air fan a,dischargeFanCurrent
dis air fan cur,dischargeFanCurrent
dis air fan i,dischargeFanCurrent
discharge fan current,dischargeFanCurrent
discharge fan current,dischargeFanCurrent
discharge fan amps,dischargeFanCurrent
dis fan ampdraw,dischargeFanCurrent
dis fan amp,dischargeFanCurrent
dair fan current,dischargeFanCurrent
dair fan amps,dischargeFanCurrent
dair fan a,dischargeFanCurrent
supply fan current,dischargeFanCurrent
sup fan cur,dischargeFanCurrent
sup fan amps,dischargeFanCurrent
sup fan a,dischargeFanCurrent
sup air fan amps,dischargeFanCurrent
sup air fan current,dischargeFanCurrent
sa fan current,dischargeFanCurrent
saf current,dischargeFanCurrent
saf amps,dischargeFanCurrent
saf cur,dischargeFanCurrent
saf a,dischargeFanCurrent
sa fan a,dischargeFanCurrent
sa fan cur,dischargeFanCurrent
sa fan amp,dischargeFanCurrent
sa fan ampdraw,dischargeFanCurrent
sa fan i,dischargeFanCurrent
supply fan current,dischargeFanCurrent
supply air fan current,dischargeFanCurrent
supply air fan amps,dischargeFanCurrent
supply air fan a,dischargeFanCurrent
sup air fan cur,dischargeFanCurrent
sup fan i,dischargeFanCurrent
s fan current,dischargeFanCurrent
sfan current,dischargeFanCurrent
sfan amps,dischargeFanCurrent
sfan cur,dischargeFanCurrent
sf i,dischargeFanCurrent
fan a disch,dischargeFanCurrent
fan current disch,dischargeFanCurrent
fan amps sa,dischargeFanCurrent
fan i sa,dischargeFanCurrent
fan load amps sa,dischargeFanCurrent
discharge fan i,dischargeFanCurrent
discharge fan load a,dischargeFanCurrent
fan draw amps disch,dischargeFanCurrent
disch fan rms a,dischargeFanCurrent
disch fan phase a,dischargeFanCurrent
disch fan phase amps,dischargeFanCurrent
fan power current disch,dischargeFanCurrent
disch fan mtr current,dischargeFanCurrent
dfan current,dischargeFanCurrent
dfan amps,dischargeFanCurrent
saf vfd alm,dischargeFanDriveAlarm
saf vfd alm,dischargeFanDriveAlarm
saf vfd alarm,dischargeFanDriveAlarm
saf drive alm,dischargeFanDriveAlarm
saf drive alarm,dischargeFanDriveAlarm
sa fan drive alarm,dischargeFanDriveAlarm
sa fan drive alm,dischargeFanDriveAlarm
sa fan vfd alm,dischargeFanDriveAlarm
sa fan drive alm,dischargeFanDriveAlarm
saf drive ind,dischargeFanDriveAlarm
saf vfd alarm indicator,dischargeFanDriveAlarm
supply fan drive alarm,dischargeFanDriveAlarm
supply fan vfd alarm,dischargeFanDriveAlarm
supply fan drive alarm,dischargeFanDriveAlarm
supply fan vfd alarm,dischargeFanDriveAlarm
sup fan vfd alm,dischargeFanDriveAlarm
supply fan drive alarm,dischargeFanDriveAlarm
supply fan vfd alarm,dischargeFanDriveAlarm
supairfanvfdalm,dischargeFanDriveAlarm
supairfan drive alarm,dischargeFanDriveAlarm
supplyairfanvfdalarm,dischargeFanDriveAlarm
supplyairfanalm drive,dischargeFanDriveAlarm
sa vfd alarm,dischargeFanDriveAlarm
saf vfd alarm cmd,dischargeFanDriveAlarm
saf drive alm,dischargeFanDriveAlarm
daf vfd alarm,dischargeFanDriveAlarm
daf drive alm,dischargeFanDriveAlarm
daf drive alm,dischargeFanDriveAlarm
da fan vfd alm,dischargeFanDriveAlarm
da fan drive alm,dischargeFanDriveAlarm
disch fan vfd alm,dischargeFanDriveAlarm
discharge fan vfd alarm,dischargeFanDriveAlarm
discharge fan vfd alarm,dischargeFanDriveAlarm
discharge fan drive alarm,dischargeFanDriveAlarm
discharge fan drive alarm,dischargeFanDriveAlarm
dis fan drive alarm,dischargeFanDriveAlarm
dis fan vfd alarm,dischargeFanDriveAlarm
dis fan drive alarm,dischargeFanDriveAlarm
dis air fan drive alm,dischargeFanDriveAlarm
disch fan drive alm,dischargeFanDriveAlarm
disch fan inverter alm,dischargeFanDriveAlarm
discharge fan inverter alarm,dischargeFanDriveAlarm
disch fan drive ind,dischargeFanDriveAlarm
fan drive alarm sa,dischargeFanDriveAlarm
fan vfd alarm sa,dischargeFanDriveAlarm
fan drive alarm disch,dischargeFanDriveAlarm
drive alm saf,dischargeFanDriveAlarm
drive alm sa fan,dischargeFanDriveAlarm
drive alarm discharge,dischargeFanDriveAlarm
drive alarm sa,dischargeFanDriveAlarm
dfan vfd alarm,dischargeFanDriveAlarm
dfan drive alm,dischargeFanDriveAlarm
dfan inverter alm,dischargeFanDriveAlarm
s fan drive alarm,dischargeFanDriveAlarm
s fan vfd alm,dischargeFanDriveAlarm
sf vfd alm,dischargeFanDriveAlarm
sf drive alm,dischargeFanDriveAlarm
sfan vfd alarm,dischargeFanDriveAlarm
sfan drive alm,dischargeFanDriveAlarm
fan inverter alarm sa,dischargeFanDriveAlarm
saf inverter alm,dischargeFanDriveAlarm
saf vfd alarm ind,dischargeFanDriveAlarm
drive alarm indicator sa,dischargeFanDriveAlarm
drive alarm output disch,dischargeFanDriveAlarm
discharge fan drive alarm,dischargeFanDriveAlarm
drive alarm output saf,dischargeFanDriveAlarm
drive alarm sa cmd,dischargeFanDriveAlarm
drive alm dafan,dischargeFanDriveAlarm
saf kwh,dischargeFanEnergy
saf energy,dischargeFanEnergy
saf energy kwh,dischargeFanEnergy
sa fan kwh,dischargeFanEnergy
sa fan kwh,dischargeFanEnergy
saf energy use,dischargeFanEnergy
saf energy accum,dischargeFanEnergy
saf total energy,dischargeFanEnergy
saf energy reg,dischargeFanEnergy
saf energy meter,dischargeFanEnergy
saf energy measured,dischargeFanEnergy
saf kilo watt hours,dischargeFanEnergy
saf energy consumed,dischargeFanEnergy
supply fan energy,dischargeFanEnergy
supply fan k wh,dischargeFanEnergy
supply air fan energy,dischargeFanEnergy
supply air fan kwh,dischargeFanEnergy
sup fan kwh,dischargeFanEnergy
sup fan energy use,dischargeFanEnergy
sup fan energy total,dischargeFanEnergy
sup fan energy,dischargeFanEnergy
supairfan kwh,dischargeFanEnergy
supplyfan energy,dischargeFanEnergy
supairfan energy,dischargeFanEnergy
sa fan energy total,dischargeFanEnergy
sa fan energy kwh,dischargeFanEnergy
sa fan total energy,dischargeFanEnergy
saf total kwh,dischargeFanEnergy
da fan kwh,dischargeFanEnergy
dair fan kwh,dischargeFanEnergy
da fan energy,dischargeFanEnergy
da fan energy accum,dischargeFanEnergy
discharge fan kwh,dischargeFanEnergy
disch fan kwh,dischargeFanEnergy
disch fan energy use,dischargeFanEnergy
disch fan energy,dischargeFanEnergy
disch fan energy kwh,dischargeFanEnergy
disch fan total kwh,dischargeFanEnergy
disch fan total energy,dischargeFanEnergy
discharge fan energy acc,dischargeFanEnergy
discharge fan energy total,dischargeFanEnergy
dis fan energy,dischargeFanEnergy
dis fan kwh,dischargeFanEnergy
dis fan energy total,dischargeFanEnergy
discharge fan energy,dischargeFanEnergy
discharge fan energy,dischargeFanEnergy
discharge fan k wh,dischargeFanEnergy
dis air fan kwh,dischargeFanEnergy
dis air fan energy,dischargeFanEnergy
dfan kwh,dischargeFanEnergy
dfan energy,dischargeFanEnergy
dfan energy use,dischargeFanEnergy
dfan energy acc,dischargeFanEnergy
dfan total kwh,dischargeFanEnergy
sfan energy,dischargeFanEnergy
sf kwh,dischargeFanEnergy
s fan kwh,dischargeFanEnergy
s fan energy use,dischargeFanEnergy
fan energy disch,dischargeFanEnergy
fan energy accum dis,dischargeFanEnergy
fan energy register sa,dischargeFanEnergy
fan kwh sa,dischargeFanEnergy
fan kwh disch,dischargeFanEnergy
fan kwh acc disch,dischargeFanEnergy
fan energy use disch,dischargeFanEnergy
fan total energy sa,dischargeFanEnergy
fan energy consumed sa,dischargeFanEnergy
saf energy read,dischargeFanEnergy
saf energy meter kwh,dischargeFanEnergy
saf fault,dischargeFanFault
saf fault,dischargeFanFault
sa fan flt,dischargeFanFault
saf flt,dischargeFanFault
saf flt,dischargeFanFault
saf fan fault,dischargeFanFault
sa fan fault,dischargeFanFault
sa fan flt,dischargeFanFault
sa fan flt,dischargeFanFault
sa fan fault,dischargeFanFault
supply fan fault,dischargeFanFault
supply fan flt,dischargeFanFault
sup fan flt,dischargeFanFault
supairfanflt,dischargeFanFault
supplyfanflt,dischargeFanFault
supairfanfault,dischargeFanFault
supply fan fault,dischargeFanFault
supply fan flt,dischargeFanFault
sup fan fault,dischargeFanFault
sup fan flt,dischargeFanFault
sf fault,dischargeFanFault
sf flt,dischargeFanFault
s fan flt,dischargeFanFault
s fan fault,dischargeFanFault
sfan flt,dischargeFanFault
sfan fault,dischargeFanFault
sf fault,dischargeFanFault
sa flt,dischargeFanFault
sa fanflt,dischargeFanFault
saf flt ind,dischargeFanFault
sa fanflt,dischargeFanFault
saf flt ind,dischargeFanFault
da fan fault,dischargeFanFault
da fan flt,dischargeFanFault
da fan flt,dischargeFanFault
da fan fault,dischargeFanFault
daf flt,dischargeFanFault
daf fault,dischargeFanFault
disch fan fault,dischargeFanFault
disch fan flt,dischargeFanFault
discharge fan fault,dischargeFanFault
discharge fan flt,dischargeFanFault
discharge fan fault,dischargeFanFault
discharge fan fault,dischargeFanFault
dis fan fault,dischargeFanFault
dis fan flt,dischargeFanFault
disairfanflt,dischargeFanFault
disch fan fault ind,dischargeFanFault
disch fan fault signal,dischargeFanFault
disch fan fault flag,dischargeFanFault
discharge fan tripped,dischargeFanFault
discharge fan faulted,dischargeFanFault
fan fault disch,dischargeFanFault
fan flt disch,dischargeFanFault
fan fault sa,dischargeFanFault
fan fault supply,dischargeFanFault
fan flt sa,dischargeFanFault
fan flt supply,dischargeFanFault
disch fan flt sig,dischargeFanFault
disch fan flt fb,dischargeFanFault
disch fan flt status,dischargeFanFault
disch fan flt out,dischargeFanFault
disch fan flt bit,dischargeFanFault
fanfault supply,dischargeFanFault
fault sa fan,dischargeFanFault
fault disch fan,dischargeFanFault
flt sa fan,dischargeFanFault
flt disch fan,dischargeFanFault
saf fault code,dischargeFanFaultCode
saf fault code,dischargeFanFaultCode
saf flt code,dischargeFanFaultCode
saf flt code,dischargeFanFaultCode
saf flt id,dischargeFanFaultCode
saf flt num,dischargeFanFaultCode
sa fan fault code,dischargeFanFaultCode
sa fan flt code,dischargeFanFaultCode
sa fan flt code,dischargeFanFaultCode
sa fan fault code,dischargeFanFaultCode
saf flt number,dischargeFanFaultCode
saf fault identifier,dischargeFanFaultCode
sup fan fault code,dischargeFanFaultCode
sup fan flt code,dischargeFanFaultCode
sup fan err code,dischargeFanFaultCode
sup fan alm code,dischargeFanFaultCode
sup fan diag code,dischargeFanFaultCode
supply fan fault code,dischargeFanFaultCode
supply fan error code,dischargeFanFaultCode
supply fan fault num,dischargeFanFaultCode
supplyairfan fault code,dischargeFanFaultCode
supply fan fault code,dischargeFanFaultCode
supply fan error code,dischargeFanFaultCode
supply fan fault code,dischargeFanFaultCode
supply fan error code,dischargeFanFaultCode
sf fault code,dischargeFanFaultCode
s fan fault code,dischargeFanFaultCode
sfan fault code,dischargeFanFaultCode
sfan error code,dischargeFanFaultCode
sfan flt code,dischargeFanFaultCode
daf fault code,dischargeFanFaultCode
daf flt code,dischargeFanFaultCode
da fan fault code,dischargeFanFaultCode
da fan flt code,dischargeFanFaultCode
disch fan fault code,dischargeFanFaultCode
disch fan flt code,dischargeFanFaultCode
disch fan error code,dischargeFanFaultCode
disch fan alm code,dischargeFanFaultCode
disch fan diag code,dischargeFanFaultCode
discharge fan fault code,dischargeFanFaultCode
discharge fan flt code,dischargeFanFaultCode
discharge fan error code,dischargeFanFaultCode
discharge fan alarm code,dischargeFanFaultCode
discharge fan code out,dischargeFanFaultCode
discharge fan code num,dischargeFanFaultCode
disch fan flt ref,dischargeFanFaultCode
dis fan fault code,dischargeFanFaultCode
dis fan error code,dischargeFanFaultCode
dis fan diag code,dischargeFanFaultCode
discharge fan fault code,dischargeFanFaultCode
discharge fan fault code,dischargeFanFaultCode
fan fault code sa,dischargeFanFaultCode
fan error code sa,dischargeFanFaultCode
fan alarm code disch,dischargeFanFaultCode
fan flt ref disch,dischargeFanFaultCode
fan diag number sa,dischargeFanFaultCode
fan flt no supply,dischargeFanFaultCode
flt code disch fan,dischargeFanFaultCode
fault code supply fan,dischargeFanFaultCode
fault code sa fan,dischargeFanFaultCode
flt id supply fan,dischargeFanFaultCode
drive fault code sa,dischargeFanFaultCode
inverter fault code sa,dischargeFanFaultCode
vfd fault code saf,dischargeFanFaultCode
vfd error code saf,dischargeFanFaultCode
saf fault rst,dischargeFanFaultReset
saf fault reset,dischargeFanFaultReset
saf flt reset,dischargeFanFaultReset
saf flt rst,dischargeFanFaultReset
sa fan fault rst,dischargeFanFaultReset
sa fan flt rst,dischargeFanFaultReset
sa fan flt reset,dischargeFanFaultReset
sa fan fault reset,dischargeFanFaultReset
sup fan flt rst,dischargeFanFaultReset
sup fan fault rst,dischargeFanFaultReset
supply fan fault rst,dischargeFanFaultReset
supply fan fault reset,dischargeFanFaultReset
supairfan fault reset,dischargeFanFaultReset
supply fan fault reset,dischargeFanFaultReset
supply fan fault reset,dischargeFanFaultReset
supply fan flt reset,dischargeFanFaultReset
saf flt rst cmd,dischargeFanFaultReset
saf flt reset cmd,dischargeFanFaultReset
saf flt clear,dischargeFanFaultReset
saf fault clear,dischargeFanFaultReset
saf reset flt,dischargeFanFaultReset
saf clear fault,dischargeFanFaultReset
sf fault reset,dischargeFanFaultReset
sfan flt reset,dischargeFanFaultReset
sf flt rst,dischargeFanFaultReset
s fan flt rst,dischargeFanFaultReset
s fan fault reset,dischargeFanFaultReset
sfan fault reset,dischargeFanFaultReset
daf fault reset,dischargeFanFaultReset
da fan fault rst,dischargeFanFaultReset
daf flt reset,dischargeFanFaultReset
da fan flt rst,dischargeFanFaultReset
disch fan flt rst,dischargeFanFaultReset
disch fan fault reset,dischargeFanFaultReset
disch fan reset flt,dischargeFanFaultReset
discharge fan flt reset,dischargeFanFaultReset
discharge fan fault reset,dischargeFanFaultReset
discharge fan fault rst,dischargeFanFaultReset
discharge fan fault reset,dischargeFanFaultReset
dis fan fault reset,dischargeFanFaultReset
dis fan flt reset,dischargeFanFaultReset
dis fan reset,dischargeFanFaultReset
discharge fan reset,dischargeFanFaultReset
disch fan rst cmd,dischargeFanFaultReset
disch flt reset cmd,dischargeFanFaultReset
disch fault reset cmd,dischargeFanFaultReset
fan flt reset sa,dischargeFanFaultReset
fan fault reset disch,dischargeFanFaultReset
fan rst flt sa,dischargeFanFaultReset
fan reset fault supply,dischargeFanFaultReset
fan rst disch fault,dischargeFanFaultReset
flt reset sa fan,dischargeFanFaultReset
fault reset discharge fan,dischargeFanFaultReset
reset disch fan flt,dischargeFanFaultReset
clear disch fan flt,dischargeFanFaultReset
reset sa fan flt,dischargeFanFaultReset
reset sf fault,dischargeFanFaultReset
fan clear fault sa,dischargeFanFaultReset
reset fan fault sa,dischargeFanFaultReset
vfd reset saf,dischargeFanFaultReset
drive flt rst sa,dischargeFanFaultReset
inverter flt rst supply,dischargeFanFaultReset
saf fault reset signal,dischargeFanFaultReset
saf flt rst output,dischargeFanFaultReset
fault reset command saf,dischargeFanFaultReset
saf freq,dischargeFanFrequency
saf freq,dischargeFanFrequency
sa fan freq,dischargeFanFrequency
sa fan freq,dischargeFanFrequency
saf frequency,dischargeFanFrequency
sa frequency,dischargeFanFrequency
saf output freq,dischargeFanFrequency
saf vfd freq,dischargeFanFrequency
saf drive freq,dischargeFanFrequency
saf motor freq,dischargeFanFrequency
supply fan frequency,dischargeFanFrequency
supply fan frequency,dischargeFanFrequency
supply fan hz,dischargeFanFrequency
supply fan hz,dischargeFanFrequency
supplyairfan freq,dischargeFanFrequency
supairfan hz,dischargeFanFrequency
sup fan freq,dischargeFanFrequency
sup fan output freq,dischargeFanFrequency
sup fan vfd freq,dischargeFanFrequency
sup fan drive hz,dischargeFanFrequency
sa fan hz,dischargeFanFrequency
saf hz,dischargeFanFrequency
sf hz,dischargeFanFrequency
s fan hz,dischargeFanFrequency
s fan freq,dischargeFanFrequency
sfan frequency,dischargeFanFrequency
sfan hz,dischargeFanFrequency
daf freq,dischargeFanFrequency
daf hz,dischargeFanFrequency
da fan freq,dischargeFanFrequency
da fan hz,dischargeFanFrequency
disch fan freq,dischargeFanFrequency
disch fan hz,dischargeFanFrequency
discharge fan freq,dischargeFanFrequency
discharge fan hz,dischargeFanFrequency
disch fan output freq,dischargeFanFrequency
discharge fan output hz,dischargeFanFrequency
dis fan frequency,dischargeFanFrequency
dis fan hz,dischargeFanFrequency
dis fan vfd freq,dischargeFanFrequency
discharge fan frequency,dischargeFanFrequency
discharge fan hz,dischargeFanFrequency
dis fan drive freq,dischargeFanFrequency
disch fan motor hz,dischargeFanFrequency
disch fan speed hz,dischargeFanFrequency
fan freq sa,dischargeFanFrequency
fan hz sa,dischargeFanFrequency
fan output freq disch,dischargeFanFrequency
fan freq output sa,dischargeFanFrequency
fan freq cmd disch,dischargeFanFrequency
fan vfd hz sa,dischargeFanFrequency
fan vfd freq sup,dischargeFanFrequency
mtr freq saf,dischargeFanFrequency
motor freq saf,dischargeFanFrequency
motor hz disch,dischargeFanFrequency
motor output hz sa,dischargeFanFrequency
hz sa fan,dischargeFanFrequency
hz output sup fan,dischargeFanFrequency
output freq sa,dischargeFanFrequency
output hz sup fan,dischargeFanFrequency
vfdfreq sa,dischargeFanFrequency
vfdfreq disch fan,dischargeFanFrequency
vfd output hz saf,dischargeFanFrequency
vfd output freq sup,dischargeFanFrequency
vfd hz sa fan,dischargeFanFrequency
drive hz sa,dischargeFanFrequency
drive output freq saf,dischargeFanFrequency
drive output hz disch,dischargeFanFrequency
saf hand,dischargeFanHandMode
saf hand mode,dischargeFanHandMode
saf hand mode,dischargeFanHandMode
saf hoa hand,dischargeFanHandMode
saf manual,dischargeFanHandMode
saf manual mode,dischargeFanHandMode
saf local mode,dischargeFanHandMode
saf hoa local,dischargeFanHandMode
saf hoa hand,dischargeFanHandMode
sa fan hand mode,dischargeFanHandMode
sa fan hand,dischargeFanHandMode
sa fan hand mode,dischargeFanHandMode
sa fan manual,dischargeFanHandMode
sa fan local mode,dischargeFanHandMode
supply fan hand mode,dischargeFanHandMode
supply fan manual,dischargeFanHandMode
supplyairfan hoa hand,dischargeFanHandMode
supairfan manual mode,dischargeFanHandMode
sup fan hoa hand,dischargeFanHandMode
sup fan manual mode,dischargeFanHandMode
supply fan hand mode,dischargeFanHandMode
supply fan hand mode,dischargeFanHandMode
supply fan manual,dischargeFanHandMode
supply fan manual mode,dischargeFanHandMode
supply fan manual,dischargeFanHandMode
sf hand mode,dischargeFanHandMode
s fan hand mode,dischargeFanHandMode
s fan hand,dischargeFanHandMode
sfan hand mode,dischargeFanHandMode
sfan manual,dischargeFanHandMode
sf hand,dischargeFanHandMode
daf hand,dischargeFanHandMode
daf hand mode,dischargeFanHandMode
da fan hand mode,dischargeFanHandMode
da fan manual,dischargeFanHandMode
disch fan hand mode,dischargeFanHandMode
disch fan manual mode,dischargeFanHandMode
disch fan hoa hand,dischargeFanHandMode
disch fan manual,dischargeFanHandMode
disch fan local,dischargeFanHandMode
disch fan local mode,dischargeFanHandMode
discharge fan hand mode,dischargeFanHandMode
discharge fan manual,dischargeFanHandMode
discharge fan hoa hand,dischargeFanHandMode
discharge fan local mode,dischargeFanHandMode
discharge fan hand mode,dischargeFanHandMode
discharge fan hand mode,dischargeFanHandMode
discharge fan manual mode,dischargeFanHandMode
dis fan manual mode,dischargeFanHandMode
dis fan hand mode,dischargeFanHandMode
dis fan hoa hand,dischargeFanHandMode
fan hoa hand sa,dischargeFanHandMode
fan manual mode sa,dischargeFanHandMode
fan hoa local supply,dischargeFanHandMode
fan local mode sa,dischargeFanHandMode
fan local sa,dischargeFanHandMode
fan mode hand disch,dischargeFanHandMode
hand mode supply fan,dischargeFanHandMode
manual mode disch fan,dischargeFanHandMode
manual sa fan,dischargeFanHandMode
hoa hand output saf,dischargeFanHandMode
vfd hand mode saf,dischargeFanHandMode
vfd manual mode saf,dischargeFanHandMode
vfd local mode sa,dischargeFanHandMode
vfd mode hand disch,dischargeFanHandMode
local cmd mode saf,dischargeFanHandMode
drive hand mode saf,dischargeFanHandMode
saf motor temp,dischargeFanMotorTemp
saf motor temp,dischargeFanMotorTemp
sa fan motor temp,dischargeFanMotorTemp
sa fan motor temp,dischargeFanMotorTemp
saf mtr temp,dischargeFanMotorTemp
saf mtr temp,dischargeFanMotorTemp
saf motor temp f,dischargeFanMotorTemp
saf motor temp c,dischargeFanMotorTemp
saf drive motor temp,dischargeFanMotorTemp
saf motor temperature,dischargeFanMotorTemp
sa fan temp motor,dischargeFanMotorTemp
sa fan motor temperature,dischargeFanMotorTemp
sup fan motor temp,dischargeFanMotorTemp
sup fan temp motor,dischargeFanMotorTemp
supply fan mtr temp,dischargeFanMotorTemp
sup fan motor temperature,dischargeFanMotorTemp
supairfan motor temp,dischargeFanMotorTemp
supplyairfan temp motor,dischargeFanMotorTemp
supply fan motor temp,dischargeFanMotorTemp
supply fan motor temp,dischargeFanMotorTemp
supply fan motor temperature,dischargeFanMotorTemp
sf motor temp,dischargeFanMotorTemp
sf mtr temp,dischargeFanMotorTemp
s fan motor temp,dischargeFanMotorTemp
s fan motor temp,dischargeFanMotorTemp
sfan mtr temp,dischargeFanMotorTemp
sfan motor temp,dischargeFanMotorTemp
sfan temp motor,dischargeFanMotorTemp
daf motor temp,dischargeFanMotorTemp
daf motor temp,dischargeFanMotorTemp
da fan motor temp,dischargeFanMotorTemp
da fan mtr temp,dischargeFanMotorTemp
daf mtr temp,dischargeFanMotorTemp
disch fan motor temp,dischargeFanMotorTemp
disch fan temp motor,dischargeFanMotorTemp
discharge fan mtr temp,dischargeFanMotorTemp
discharge fan motor temp,dischargeFanMotorTemp
discharge fan motor temperature,dischargeFanMotorTemp
disch fan motor temperature,dischargeFanMotorTemp
dis fan motor temp,dischargeFanMotorTemp
dis fan mtr temp,dischargeFanMotorTemp
dis fan motor temperature,dischargeFanMotorTemp
discharge fan motor temp,dischargeFanMotorTemp
discharge fan motor temp,dischargeFanMotorTemp
mtr temp saf,dischargeFanMotorTemp
motor temp sa fan,dischargeFanMotorTemp
motor temp disch,dischargeFanMotorTemp
motor temp output saf,dischargeFanMotorTemp
fan motor temp sa,dischargeFanMotorTemp
fan motor temperature sa,dischargeFanMotorTemp
fan motor temp disch,dischargeFanMotorTemp
fan temp motor disch,dischargeFanMotorTemp
fan temp disch mtr,dischargeFanMotorTemp
motor thermal saf,dischargeFanMotorTemp
mtr heat sa fan,dischargeFanMotorTemp
sa fan heat temp,dischargeFanMotorTemp
drive motor temp saf,dischargeFanMotorTemp
drive temp output disch,dischargeFanMotorTemp
vfd motor temp saf,dischargeFanMotorTemp
vfd output temp saf,dischargeFanMotorTemp
inv motor temp saf,dischargeFanMotorTemp
motor heat saf,dischargeFanMotorTemp
saf runtime,dischargeFanRuntime
saf runtime,dischargeFanRuntime
saf run time,dischargeFanRuntime
saf run tm,dischargeFanRuntime
saf run tm,dischargeFanRuntime
sa fan runtime,dischargeFanRuntime
sa fan runtime,dischargeFanRuntime
sa fan run hours,dischargeFanRuntime
sa fan runhrs,dischargeFanRuntime
sa fan oper hrs,dischargeFanRuntime
saf op hrs,dischargeFanRuntime
saf run hours,dischargeFanRuntime
sup fan runtime,dischargeFanRuntime
supply fan runtime,dischargeFanRuntime
supply fan run hrs,dischargeFanRuntime
sup fan oper hrs,dischargeFanRuntime
supply fan runtime,dischargeFanRuntime
supply fan runtime,dischargeFanRuntime
supply fan run time,dischargeFanRuntime
sf runtime,dischargeFanRuntime
s fan runtime,dischargeFanRuntime
s fan runhrs,dischargeFanRuntime
sfan runtime,dischargeFanRuntime
sfan run hours,dischargeFanRuntime
sfan run tm,dischargeFanRuntime
daf runtime,dischargeFanRuntime
daf run tm,dischargeFanRuntime
daf run hrs,dischargeFanRuntime
da fan runtime,dischargeFanRuntime
da fan run hours,dischargeFanRuntime
disch fan runtime,dischargeFanRuntime
disch fan run tm,dischargeFanRuntime
disch fan run hrs,dischargeFanRuntime
disch fan oper hrs,dischargeFanRuntime
discharge fan runtime,dischargeFanRuntime
discharge fan run hours,dischargeFanRuntime
discharge fan run tm,dischargeFanRuntime
dis fan runtime,dischargeFanRuntime
dis fan run tm,dischargeFanRuntime
dis fan run time,dischargeFanRuntime
dis fan oper hrs,dischargeFanRuntime
discharge fan runtime,dischargeFanRuntime
discharge fan runtime,dischargeFanRuntime
discharge fan run hours,dischargeFanRuntime
fan runtime sa,dischargeFanRuntime
fan run tm sup,dischargeFanRuntime
fan run hours sa,dischargeFanRuntime
fan operation hours disch,dischargeFanRuntime
fan accum runtime sa,dischargeFanRuntime
fan hour meter sa,dischargeFanRuntime
run hours supply fan,dischargeFanRuntime
op hrs sup fan,dischargeFanRuntime
run hrs disch fan,dischargeFanRuntime
accum run tm sa,dischargeFanRuntime
runtime counter sa fan,dischargeFanRuntime
fan op hr meter sa,dischargeFanRuntime
disch fan time on,dischargeFanRuntime
disch fan accum time,dischargeFanRuntime
total runtime saf,dischargeFanRuntime
total run hrs supply fan,dischargeFanRuntime
supply fan total runtime,dischargeFanRuntime
saf runtime hours,dischargeFanRuntime
fan run duration sa,dischargeFanRuntime
operating hours disch fan,dischargeFanRuntime
saf o,dischargeFanSpeed
saf output,dischargeFanSpeed
saf out,dischargeFanSpeed
saf speed,dischargeFanSpeed
saf spd,dischargeFanSpeed
saf fan spd,dischargeFanSpeed
saf fan spd,dischargeFanSpeed
sa fan spd,dischargeFanSpeed
sa fan speed,dischargeFanSpeed
sa fan speed,dischargeFanSpeed
sa fan output,dischargeFanSpeed
sa fan out,dischargeFanSpeed
sa fan out,dischargeFanSpeed
supply fan speed,dischargeFanSpeed
supply fan speed,dischargeFanSpeed
supply fan output,dischargeFanSpeed
supply fan output,dischargeFanSpeed
sup fan out,dischargeFanSpeed
sup fan o,dischargeFanSpeed
sup fan output,dischargeFanSpeed
supply fan spd,dischargeFanSpeed
supply fan speed,dischargeFanSpeed
supplyairfan spd,dischargeFanSpeed
supairfan output,dischargeFanSpeed
supairfan speed,dischargeFanSpeed
supply fan cmd pct,dischargeFanSpeed
supply fan output pct,dischargeFanSpeed
supply fan vfd out,dischargeFanSpeed
supply fan hz,dischargeFanSpeed
sup fan hz,dischargeFanSpeed
supply fan freq,dischargeFanSpeed
sf o,dischargeFanSpeed
sf output,dischargeFanSpeed
sf out,dischargeFanSpeed
sf spd,dischargeFanSpeed
sf speed,dischargeFanSpeed
sfan output,dischargeFanSpeed
sfan speed,dischargeFanSpeed
sfan spd,dischargeFanSpeed
sfan out,dischargeFanSpeed
s fan o,dischargeFanSpeed
s fan spd,dischargeFanSpeed
s fan output,dischargeFanSpeed
s fan speed,dischargeFanSpeed
daf o,dischargeFanSpeed
daf output,dischargeFanSpeed
da fan out,dischargeFanSpeed
da fan spd,dischargeFanSpeed
da fan spd,dischargeFanSpeed
da fan out,dischargeFanSpeed
da fan output,dischargeFanSpeed
disch fan spd,dischargeFanSpeed
disch fan speed,dischargeFanSpeed
disch fan output,dischargeFanSpeed
discharge fan spd,dischargeFanSpeed
discharge fan output,dischargeFanSpeed
discharge fan speed,dischargeFanSpeed
dis fan output,dischargeFanSpeed
dis fan speed,dischargeFanSpeed
discharge fan output,dischargeFanSpeed
discharge fan speed,dischargeFanSpeed
discharge fan output,dischargeFanSpeed
dis fan spd,dischargeFanSpeed
dis fan cmd,dischargeFanSpeed
discharge fan cmd,dischargeFanSpeed
sup air fn speed,dischargeFanSpeed
supply fan out,dischargeFanSpeed
fan output supply,dischargeFanSpeed
fan speed output sa,dischargeFanSpeed
fan spd cmd discharge,dischargeFanSpeed
fan vfd output sa,dischargeFanSpeed
vfd out saf,dischargeFanSpeed
vfd output pct sa,dischargeFanSpeed
vfd out speed saf,dischargeFanSpeed
fan output cmd sa,dischargeFanSpeed
mtr output sup fan,dischargeFanSpeed
supply fan cmd output,dischargeFanSpeed
fan cmd pct sa,dischargeFanSpeed
fan cmd output disch,dischargeFanSpeed
supplyfan vfd output,dischargeFanSpeed
saf spd fb,dischargeFanSpeedFb
saf spd fdbk,dischargeFanSpeedFb
saf spd fb,dischargeFanSpeedFb
saf speed fb,dischargeFanSpeedFb
saf output fb,dischargeFanSpeedFb
saf fan spd fdbk,dischargeFanSpeedFb
saf fan feedback,dischargeFanSpeedFb
sa fan spd fb,dischargeFanSpeedFb
sa fan output fb,dischargeFanSpeedFb
sa fan speed fb,dischargeFanSpeedFb
sa fan speed fdbk,dischargeFanSpeedFb
supply fan speed fb,dischargeFanSpeedFb
supply fan speed fb,dischargeFanSpeedFb
supply fan output fb,dischargeFanSpeedFb
supply fan output feedback,dischargeFanSpeedFb
sup fan spd fb,dischargeFanSpeedFb
sup fan speed fb,dischargeFanSpeedFb
sup fan output fb,dischargeFanSpeedFb
sup fan fb,dischargeFanSpeedFb
supply fan spd fb,dischargeFanSpeedFb
supplyairfan fb,dischargeFanSpeedFb
supairfan output fb,dischargeFanSpeedFb
supply fan hz fb,dischargeFanSpeedFb
supply fan freq fb,dischargeFanSpeedFb
supplyfan vfd fb,dischargeFanSpeedFb
supplyfan vfd speed fb,dischargeFanSpeedFb
sf spd fb,dischargeFanSpeedFb
sf output fb,dischargeFanSpeedFb
sf speed fb,dischargeFanSpeedFb
s fan speed fb,dischargeFanSpeedFb
sfan speed fb,dischargeFanSpeedFb
sfan out fb,dischargeFanSpeedFb
s fan output fb,dischargeFanSpeedFb
daf spd fb,dischargeFanSpeedFb
daf output fb,dischargeFanSpeedFb
daf fb,dischargeFanSpeedFb
da fan speed fb,dischargeFanSpeedFb
da fan fb,dischargeFanSpeedFb
da fan fdbk,dischargeFanSpeedFb
disch fan spd fb,dischargeFanSpeedFb
disch fan speed fb,dischargeFanSpeedFb
disch fan output fb,dischargeFanSpeedFb
disch fan feedback,dischargeFanSpeedFb
discharge fan speed fb,dischargeFanSpeedFb
discharge fan fb,dischargeFanSpeedFb
dis fan speed fb,dischargeFanSpeedFb
dis fan output fb,dischargeFanSpeedFb
dis fan feedback,dischargeFanSpeedFb
discharge fan speed fb,dischargeFanSpeedFb
discharge fan speed fb,dischargeFanSpeedFb
discharge fan output fb,dischargeFanSpeedFb
fan speed feedback sa,dischargeFanSpeedFb
fan feedback output sa,dischargeFanSpeedFb
fan actual speed sa,dischargeFanSpeedFb
fan fb discharge,dischargeFanSpeedFb
fan vfd speed feedback,dischargeFanSpeedFb
fan out fb discharge,dischargeFanSpeedFb
fan vfd fb sa,dischargeFanSpeedFb
fan hz feedback sa,dischargeFanSpeedFb
fan speed monitor sa,dischargeFanSpeedFb
fan output fb disch,dischargeFanSpeedFb
output feedback supply fan,dischargeFanSpeedFb
actual output saf,dischargeFanSpeedFb
actual speed saf,dischargeFanSpeedFb
actual fan output saf,dischargeFanSpeedFb
vfd speed fb saf,dischargeFanSpeedFb
vfd output fb saf,dischargeFanSpeedFb
vfd actual output saf,dischargeFanSpeedFb
vfd hz fb supply fan,dischargeFanSpeedFb
motor output fb saf,dischargeFanSpeedFb
supply fan speed actual,dischargeFanSpeedFb
saf fan actual spd,dischargeFanSpeedFb
saf fan monitor fb,dischargeFanSpeedFb
saf spd sp,dischargeFanSpeedSp
saf spd sp,dischargeFanSpeedSp
saf speed sp,dischargeFanSpeedSp
saf fan sp sp,dischargeFanSpeedSp
sa fan spd sp,dischargeFanSpeedSp
sa fan speed sp,dischargeFanSpeedSp
saf output sp,dischargeFanSpeedSp
saf o sp,dischargeFanSpeedSp
sa fan o sp,dischargeFanSpeedSp
supply fan speed sp,dischargeFanSpeedSp
supply fan speed sp,dischargeFanSpeedSp
supply fan output sp,dischargeFanSpeedSp
supply fan output sp,dischargeFanSpeedSp
sup fan output sp,dischargeFanSpeedSp
sup fan speed sp,dischargeFanSpeedSp
sup fan spd sp,dischargeFanSpeedSp
supply fan spd sp,dischargeFanSpeedSp
supply fan speed setpt,dischargeFanSpeedSp
sup fan cmd sp,dischargeFanSpeedSp
supairfan output sp,dischargeFanSpeedSp
supply fan out sp,dischargeFanSpeedSp
sf speed sp,dischargeFanSpeedSp
sf spd sp,dischargeFanSpeedSp
sf o sp,dischargeFanSpeedSp
s fan output sp,dischargeFanSpeedSp
s fan spd sp,dischargeFanSpeedSp
s fan spd setpoint,dischargeFanSpeedSp
daf speed sp,dischargeFanSpeedSp
daf spd sp,dischargeFanSpeedSp
da fan sp sp,dischargeFanSpeedSp
da fan output sp,dischargeFanSpeedSp
da fan speed setpt,dischargeFanSpeedSp
disch fan spd sp,dischargeFanSpeedSp
disch fan speed sp,dischargeFanSpeedSp
disch fan output sp,dischargeFanSpeedSp
disch fan setpt spd,dischargeFanSpeedSp
discharge fan spd sp,dischargeFanSpeedSp
discharge fan speed sp,dischargeFanSpeedSp
discharge fan output sp,dischargeFanSpeedSp
dis fan speed sp,dischargeFanSpeedSp
dis fan output sp,dischargeFanSpeedSp
discharge fan speed sp,dischargeFanSpeedSp
discharge fan speed sp,dischargeFanSpeedSp
discharge fan output sp,dischargeFanSpeedSp
fan speed setpoint sa,dischargeFanSpeedSp
fan output sp discharge,dischargeFanSpeedSp
fan output setpt supply,dischargeFanSpeedSp
fan output cmd sp sa,dischargeFanSpeedSp
fan spd setpoint sa,dischargeFanSpeedSp
fan vfd spd setpt,dischargeFanSpeedSp
fan cmd output sp sa,dischargeFanSpeedSp
vfd spd sp sa,dischargeFanSpeedSp
vfd output setpoint sup,dischargeFanSpeedSp
vfd speed target saf,dischargeFanSpeedSp
vfd output sp disch fan,dischargeFanSpeedSp
s fan ctrl output sp,dischargeFanSpeedSp
fan speed control sp,dischargeFanSpeedSp
pid output sp supply fan,dischargeFanSpeedSp
sp sup fan output,dischargeFanSpeedSp
commanded speed sp supply,dischargeFanSpeedSp
fan output ref sp sa,dischargeFanSpeedSp
fan target output sa,dischargeFanSpeedSp
sf cmd output sp,dischargeFanSpeedSp
saf vfd speed sp,dischargeFanSpeedSp
saf ctrl spd setpoint,dischargeFanSpeedSp
saf o setpoint,dischargeFanSpeedSp
sup fan drive output sp,dischargeFanSpeedSp
vfd speed setpt saf,dischargeFanSpeedSp
saf v,dischargeFanVoltage
saf voltage,dischargeFanVoltage
saf voltage,dischargeFanVoltage
saf volts,dischargeFanVoltage
saf volts,dischargeFanVoltage
saf fan voltage,dischargeFanVoltage
sa fan v,dischargeFanVoltage
sa fan voltage,dischargeFanVoltage
sa fan volts,dischargeFanVoltage
sa fan v,dischargeFanVoltage
saf motor voltage,dischargeFanVoltage
saf pwr voltage,dischargeFanVoltage
sup fan voltage,dischargeFanVoltage
supply fan v,dischargeFanVoltage
supply fan voltage,dischargeFanVoltage
supairfan v,dischargeFanVoltage
supply fan voltage,dischargeFanVoltage
supply fan voltage,dischargeFanVoltage
supply fan volts,dischargeFanVoltage
supply fan volts,dischargeFanVoltage
sup fan volts,dischargeFanVoltage
sup fan voltage,dischargeFanVoltage
supply fan mtr v,dischargeFanVoltage
supply fan motor voltage,dischargeFanVoltage
sf voltage,dischargeFanVoltage
sf volts,dischargeFanVoltage
sfan voltage,dischargeFanVoltage
sfan volts,dischargeFanVoltage
s fan v,dischargeFanVoltage
s fan voltage,dischargeFanVoltage
s fan v,dischargeFanVoltage
s fan voltage,dischargeFanVoltage
daf v,dischargeFanVoltage
daf voltage,dischargeFanVoltage
da fan voltage,dischargeFanVoltage
da fan volts,dischargeFanVoltage
da fan v,dischargeFanVoltage
daf motor voltage,dischargeFanVoltage
disch fan voltage,dischargeFanVoltage
disch fan volts,dischargeFanVoltage
discharge fan voltage,dischargeFanVoltage
discharge fan volts,dischargeFanVoltage
dis fan voltage,dischargeFanVoltage
dis fan volts,dischargeFanVoltage
discharge fan voltage,dischargeFanVoltage
discharge fan voltage,dischargeFanVoltage
discharge fan volts,dischargeFanVoltage
fan voltage output saf,dischargeFanVoltage
fan input voltage sa,dischargeFanVoltage
fan motor voltage sa,dischargeFanVoltage
motor voltage saf,dischargeFanVoltage
motor v saf,dischargeFanVoltage
fan motor input v sa,dischargeFanVoltage
fan volt supply,dischargeFanVoltage
vfd output voltage sa,dischargeFanVoltage
vfd voltage saf,dischargeFanVoltage
vfd out volts sup fan,dischargeFanVoltage
drive voltage output saf,dischargeFanVoltage
sup fan line voltage,dischargeFanVoltage
sup fan phase voltage,dischargeFanVoltage
sup fan ph v,dischargeFanVoltage
saf phase voltage,dischargeFanVoltage
voltage saf,dischargeFanVoltage
line voltage supply fan,dischargeFanVoltage
phase voltage supply fan,dischargeFanVoltage
vfd alm,driveAlarm
vfd alm,driveAlarm
vfd alarm,driveAlarm
vfd alarm,driveAlarm
vfd alrm,driveAlarm
vfd alm signal,driveAlarm
vfd alm status,driveAlarm
vfd alarm ind,driveAlarm
vfd alm output,driveAlarm
vfd alm cond,driveAlarm
vfd alm active,driveAlarm
vfd alm on,driveAlarm
vfd alarm triggered,driveAlarm
vfd alarm state,driveAlarm
vfd alarm condition,driveAlarm
vfd active alarm,driveAlarm
vfd alm tripped,driveAlarm
vfd alm mon,driveAlarm
vfd alm fb,driveAlarm
vfd alm state,driveAlarm
vfd alm code,driveAlarm
vfd alm feedback,driveAlarm
vfd alm output status,driveAlarm
vfd alm status fb,driveAlarm
vfd alm indicator,driveAlarm
vfd alm in,driveAlarm
vfd alarm in,driveAlarm
vfd alarm input,driveAlarm
vfd alm contact,driveAlarm
vfd alm di,driveAlarm
vfd alm relay,driveAlarm
vfd alarm digital,driveAlarm
vfd alarm tag,driveAlarm
drive alm,driveAlarm
drive alm,driveAlarm
drive alarm,driveAlarm
drive alarm,driveAlarm
drv alarm,driveAlarm
drv alm,driveAlarm
drv alm signal,driveAlarm
drv alm status,driveAlarm
drv alm output,driveAlarm
drv alm active,driveAlarm
drv alm condition,driveAlarm
drv alarm mon,driveAlarm
drv alarm tripped,driveAlarm
drv alm on,driveAlarm
drive alm tripped,driveAlarm
drive alarm triggered,driveAlarm
drive alarm state,driveAlarm
drive alm code,driveAlarm
drive alm feedback,driveAlarm
drive alarm signal,driveAlarm
drive alarm status,driveAlarm
drive alarm status fb,driveAlarm
drive alarm contact,driveAlarm
drive alm input,driveAlarm
drive alm relay,driveAlarm
drive alarm ind,driveAlarm
drive alarm input,driveAlarm
drive alarm in,driveAlarm
vfd alm,driveAlarm
vfd alarm,driveAlarm
econ disable sp,econDisableSp
econ dis sp,econDisableSp
econ off sp,econDisableSp
econ offsetpoint,econDisableSp
econ off setpoint,econDisableSp
economizer disable sp,econDisableSp
economizer off sp,econDisableSp
economizer shutdown sp,econDisableSp
economizer lockout sp,econDisableSp
econ lockout sp,econDisableSp
economizer inhibit sp,econDisableSp
econ inhibit sp,econDisableSp
econ disable setpt,econDisableSp
econ off s,econDisableSp
econ disab spt,econDisableSp
econ dis setpoint,econDisableSp
disable econ sp,econDisableSp
econ lock sp,econDisableSp
econ off spt,econDisableSp
oa econ disable sp,econDisableSp
outair economizer disable sp,econDisableSp
econ enable false sp,econDisableSp
economizer enable off sp,econDisableSp
economizer off cond sp,econDisableSp
econ offlimit,econDisableSp
econ disable limit,econDisableSp
econ off condition sp,econDisableSp
econ disable threshold,econDisableSp
econ shutoff setpoint,econDisableSp
econ off threshold,econDisableSp
econ mode disable sp,econDisableSp
econ disallow sp,econDisableSp
econ stop sp,econDisableSp
econ override disable sp,econDisableSp
econ disable trigger sp,econDisableSp
econ disable trip sp,econDisableSp
econ disabled by setpoint,econDisableSp
econ bypass sp,econDisableSp
disable oa econ sp,econDisableSp
disable econ condition sp,econDisableSp
econ sp disable cond,econDisableSp
econ disable ctl sp,econDisableSp
disable econ control sp,econDisableSp
econ state disable sp,econDisableSp
econ disable ctrl sp,econDisableSp
no econ sp,econDisableSp
no economizer sp,econDisableSp
inactive econ sp,econDisableSp
oa econ off sp,econDisableSp
econ lockout temp sp,econDisableSp
econ disable hum sp,econDisableSp
econ disable enthalpy sp,econDisableSp
economizer inactive sp,econDisableSp
econ dis energy sp,econDisableSp
econ disable if sp,econDisableSp
econ off setting,econDisableSp
econ disable ctrl setpoint,econDisableSp
econ disa spt,econDisableSp
econ airflow disable sp,econDisableSp
econ dis limit sp,econDisableSp
econ disable setting,econDisableSp
econ dis trigger sp,econDisableSp
econ ctrl dis sp,econDisableSp
econ cond disable sp,econDisableSp
econ enable dewpoint sp,econEnableDewpointSp
econ en dpt sp,econEnableDewpointSp
econ dp enable sp,econEnableDewpointSp
econ dpt enable sp,econEnableDewpointSp
econ dp sp,econEnableDewpointSp
economizer enable dp sp,econEnableDewpointSp
econ enable dpt sp,econEnableDewpointSp
economizer en dpt sp,econEnableDewpointSp
econ dp on sp,econEnableDewpointSp
econ dp enable setpoint,econEnableDewpointSp
econ enable setpoint dpt,econEnableDewpointSp
dewpoint econ enable sp,econEnableDewpointSp
dp econ en sp,econEnableDewpointSp
dpt econ enable sp,econEnableDewpointSp
dpt enable economizer sp,econEnableDewpointSp
oa dpt enable econ sp,econEnableDewpointSp
oa dewpoint enable econ sp,econEnableDewpointSp
oa dpt econ enable sp,econEnableDewpointSp
oa dpt econ on sp,econEnableDewpointSp
econ enable dp setpt,econEnableDewpointSp
econ enable dpt setpt,econEnableDewpointSp
econ enable dp threshold,econEnableDewpointSp
econ dp trigger sp,econEnableDewpointSp
econ dp start sp,econEnableDewpointSp
econ dpt en thresh,econEnableDewpointSp
dewpoint threshold econ sp,econEnableDewpointSp
econ enable dewpt spt,econEnableDewpointSp
econ dewpoint on sp,econEnableDewpointSp
dewpoint econ on sp,econEnableDewpointSp
econ dewpt enab sp,econEnableDewpointSp
enab econ dpt sp,econEnableDewpointSp
eco enb dpt sp,econEnableDewpointSp
enable econ dp sp,econEnableDewpointSp
enable econ dpt setpoint,econEnableDewpointSp
econ enable oa dp sp,econEnableDewpointSp
econ enable oa dpt sp,econEnableDewpointSp
enable econ oa dpt sp,econEnableDewpointSp
econ dp limit enable,econEnableDewpointSp
econ dp spt on,econEnableDewpointSp
econ dpt threshold,econEnableDewpointSp
econ enable sat dpt sp,econEnableDewpointSp
econ en dpt set,econEnableDewpointSp
oa dpt enable setpoint,econEnableDewpointSp
oa dewpoint trigger econ,econEnableDewpointSp
econ en oadp sp,econEnableDewpointSp
econ en oadewpt sp,econEnableDewpointSp
enable econ via dp,econEnableDewpointSp
econ dpt enable spt,econEnableDewpointSp
dpt threshold econ enab,econEnableDewpointSp
econ eb dpt limit,econEnableDewpointSp
dpt enab econ setpt,econEnableDewpointSp
dpt on econ enable,econEnableDewpointSp
econ trigger on dpt,econEnableDewpointSp
econ ena dpt ref,econEnableDewpointSp
econ enable trigger dpt,econEnableDewpointSp
econ dewpoint on limit,econEnableDewpointSp
econ en dewpoint,econEnableDewpointSp
enable economizer dpt,econEnableDewpointSp
eco on dpt sp,econEnableDewpointSp
enable econ if dp,econEnableDewpointSp
econ activate dpt sp,econEnableDewpointSp
dpt sat econ enable,econEnableDewpointSp
econ enable enthalpy sp,econEnableEnthalpySp
econ en enth sp,econEnableEnthalpySp
econ enth enable sp,econEnableEnthalpySp
econ enthalpy enable sp,econEnableEnthalpySp
econ enthalpy sp,econEnableEnthalpySp
econ en th sp,econEnableEnthalpySp
econ enthalpy setpoint,econEnableEnthalpySp
economizer enthalpy enable sp,econEnableEnthalpySp
economizer en enthalpy sp,econEnableEnthalpySp
econ enable enth setpoint,econEnableEnthalpySp
econ enable h sp,econEnableEnthalpySp
econ enthalpy threshold,econEnableEnthalpySp
econ enthalpy trigger sp,econEnableEnthalpySp
econ enable enthalpy limit,econEnableEnthalpySp
enable econ enth sp,econEnableEnthalpySp
econ enth spt,econEnableEnthalpySp
econ en enth setpt,econEnableEnthalpySp
enthalpy enable econ sp,econEnableEnthalpySp
enable econ if enthalpy,econEnableEnthalpySp
econ enthalpy on sp,econEnableEnthalpySp
enable economizer enthalpy,econEnableEnthalpySp
oa enthalpy enable econ sp,econEnableEnthalpySp
oa enth enable sp,econEnableEnthalpySp
oa enth econ sp,econEnableEnthalpySp
oa enthalpy trigger sp,econEnableEnthalpySp
econ oa enthalpy enable sp,econEnableEnthalpySp
econ oa h en sp,econEnableEnthalpySp
econ enable oa enth sp,econEnableEnthalpySp
econ enable oa h sp,econEnableEnthalpySp
enable enthalpy economizer sp,econEnableEnthalpySp
econ enable enp sp,econEnableEnthalpySp
econ on enthalpy sp,econEnableEnthalpySp
econ en h on sp,econEnableEnthalpySp
enthalpy on econ sp,econEnableEnthalpySp
econ h on cond sp,econEnableEnthalpySp
enth enbl sp,econEnableEnthalpySp
h enable econ sp,econEnableEnthalpySp
enthalpy econ enable limit,econEnableEnthalpySp
econ enth threshold,econEnableEnthalpySp
econ h enable setpt,econEnableEnthalpySp
econ enth enable set,econEnableEnthalpySp
econ enth trigger,econEnableEnthalpySp
eco en h limit,econEnableEnthalpySp
econ start enthalpy sp,econEnableEnthalpySp
econ enthalpy on limit,econEnableEnthalpySp
econ activate on enth,econEnableEnthalpySp
enthalpy enable limit econ,econEnableEnthalpySp
enth threshold for econ,econEnableEnthalpySp
econ enthalpy setpt on,econEnableEnthalpySp
enthalpy limit for economizer,econEnableEnthalpySp
econ h trigger sp,econEnableEnthalpySp
eco h activate sp,econEnableEnthalpySp
econ enable if enthalpy ok,econEnableEnthalpySp
enthalpy en spt,econEnableEnthalpySp
oa hum enthalpy en sp,econEnableEnthalpySp
oa h enth ena spt,econEnableEnthalpySp
enable econ hum enth sp,econEnableEnthalpySp
oa enth limit econ enable,econEnableEnthalpySp
econ en oa enth,econEnableEnthalpySp
econ cond enth enable sp,econEnableEnthalpySp
enthalpy trigger economizer,econEnableEnthalpySp
energy,energy
total energy,energy
energy usage,energy
energy use,energy
energy consumption,energy
energy consump,energy
energy total,energy
total energy use,energy
total energy usage,energy
total kwh,energy
kwh total,energy
kwh accum,energy
kwh accumulated,energy
kwh used,energy
kwh meter,energy
metered kwh,energy
kwh energy,energy
k wh,energy
kw h,energy
energy kwh,energy
electrical energy,energy
elec energy total,energy
elec usage,energy
electric usage,energy
electric consumption,energy
kw hex energy,energy
kw total used,energy
power consumption,energy
mtr kwh,energy
meter energy,energy
meter kwh total,energy
mtrd kwh,energy
accum energy,energy
accumulated energy,energy
energy accum,energy
energy acc,energy
total consumed energy,energy
consumed energy,energy
used energy,energy
system energy use,energy
hvac energy,energy
chiller energy,energy
fan energy,energy
pump energy,energy
heating energy,energy
cooling energy,energy
lighting energy,energy
unit energy,energy
zone energy,energy
air handler energy,energy
energy totalized,energy
bas energy use,energy
mmbtu used,energy
btu total,energy
btu used,energy
energy mmbtu,energy
mmbtu accum,energy
energy btu,energy
btu accumulated,energy
btu consumption,energy
btu usage,energy
therms used,energy
therm energy,energy
kj used,energy
kilojoules total,energy
kj energy use,energy
kilojoule consumption,energy
energy kj,energy
wh used,energy
wh total,energy
watt hour consumption,energy
energy wh,energy
energy consumption total,energy
electrical total kwh,energy
daily kwh total,energy
energy sum,energy
totalized energy,energy
net energy,energy
net usage,energy
bms energy use,energy
ctrl energy mon,energy
apparent energy,energyApparent
app energy,energyApparent
app enrgy,energyApparent
energy apparent,energyApparent
total apparent energy,energyApparent
apparent kvah,energyApparent
kvah total,energyApparent
kvah used,energyApparent
kvah accumulated,energyApparent
kvah consumption,energyApparent
kvah meter,energyApparent
apparent kva hrs,energyApparent
kvah energy,energyApparent
apparent power energy,energyApparent
accum apparent energy,energyApparent
apparent energy accum,energyApparent
app energy acc,energyApparent
kvah energy total,energyApparent
kvah accum,energyApparent
app power total energy,energyApparent
app energy total,energyApparent
apparent energy total,energyApparent
total kvah energy,energyApparent
kvah mtr,energyApparent
mtr kvah,energyApparent
metered kvah,energyApparent
apparent energy mtr,energyApparent
apparent mtr energy,energyApparent
meter kvah total,energyApparent
mtr app energy,energyApparent
apparent electrical energy,energyApparent
elec apparent energy,energyApparent
apparent energy use,energyApparent
apparent usage,energyApparent
app usage,energyApparent
kva hr total,energyApparent
apparent power total,energyApparent
total kva hrs,energyApparent
kva hours total,energyApparent
app energy metered,energyApparent
apparent power accum,energyApparent
app energy consumed,energyApparent
app energy sum,energyApparent
apparent energy mon,energyApparent
apparent energy kvah,energyApparent
apparent capacity used,energyApparent
kvah tracked,energyApparent
kvah read,energyApparent
kvah counter,energyApparent
kvah index,energyApparent
apparent mtr kvah,energyApparent
accum app kvah,energyApparent
kvah val,energyApparent
app enr used,energyApparent
kvah totalized,energyApparent
apparent total enrgy,energyApparent
kvah meter read,energyApparent
metered app energy,energyApparent
energy kvah accum,energyApparent
energy acc apparent,energyApparent
acc kvah,energyApparent
kva hr accumulated,energyApparent
app enr used total,energyApparent
app energy output,energyApparent
reactive energy,energyReactive
reac energy,energyReactive
energy reactive,energyReactive
total reactive energy,energyReactive
kvarh total,energyReactive
kvarh used,energyReactive
kvarh accumulated,energyReactive
kvarh consumption,energyReactive
kvarh energy,energyReactive
reactive kvarh,energyReactive
kvarh meter,energyReactive
kvarh accum,energyReactive
kvarh val,energyReactive
energy kvarh,energyReactive
kvar energy,energyReactive
accum reactive energy,energyReactive
reac energy accum,energyReactive
reac energy total,energyReactive
reactive power energy,energyReactive
kvarh read,energyReactive
kvarh counter,energyReactive
kvarh index,energyReactive
kvarh tracked,energyReactive
reactive electrical energy,energyReactive
elec reactive energy,energyReactive
mtr kvarh,energyReactive
meter kvarh total,energyReactive
metered kvarh,energyReactive
reactive energy meter,energyReactive
metered reactive energy,energyReactive
reactive energy acc,energyReactive
reactive energy use,energyReactive
reactive usage,energyReactive
reactive energy total,energyReactive
reactive kvar hrs,energyReactive
total kvarh,energyReactive
reactive pwr accum,energyReactive
reactive pwr total energy,energyReactive
kvarh meter read,energyReactive
kvarh output,energyReactive
kvarh mtr energy,energyReactive
kvarh consumed,energyReactive
energy acc reactive,energyReactive
energy reactive accum,energyReactive
kvar hours total,energyReactive
total kvar hrs,energyReactive
reac energy sum,energyReactive
reactive power accumulated,energyReactive
kvarh monitor,energyReactive
reactive energy feedback,energyReactive
reac energy output,energyReactive
reactive energy feed,energyReactive
kvarh measured,energyReactive
reactive total energy,energyReactive
kvar accumulated,energyReactive
reactive energy flow,energyReactive
energy from kvarh,energyReactive
accum kvarh,energyReactive
kvarh value,energyReactive
reactive energy mtr,energyReactive
reactive pwr monitor,energyReactive
meter kvarh reading,energyReactive
kvar usage total,energyReactive
energy kvar acc,energyReactive
kvar energy accumulated,energyReactive
reac pwr consumed,energyReactive
kvar energy tracked,energyReactive
reactive pwr enrgy,energyReactive
energy recovery mode,energyRecoveryMode
enrgy recovery mode,energyRecoveryMode
energy rec mode,energyRecoveryMode
energy recov mode,energyRecoveryMode
er mode,energyRecoveryMode
er mode,energyRecoveryMode
en rec mode,energyRecoveryMode
en recovery mode,energyRecoveryMode
enrg rec mode,energyRecoveryMode
en recovery state,energyRecoveryMode
energy rec state,energyRecoveryMode
recovery mode,energyRecoveryMode
recovery state,energyRecoveryMode
rec mode,energyRecoveryMode
recov mode,energyRecoveryMode
enrgy rec state,energyRecoveryMode
rec operation mode,energyRecoveryMode
recovery operating mode,energyRecoveryMode
er op mode,energyRecoveryMode
er operation mode,energyRecoveryMode
en rec ctrl mode,energyRecoveryMode
energy rec ctrl mode,energyRecoveryMode
energy recovery active mode,energyRecoveryMode
en rec active mode,energyRecoveryMode
recover mode status,energyRecoveryMode
er status mode,energyRecoveryMode
er current mode,energyRecoveryMode
wheel recovery mode,energyRecoveryMode
wheel energy mode,energyRecoveryMode
wheel rec mode,energyRecoveryMode
hrw mode,energyRecoveryMode
hrw state,energyRecoveryMode
hrw op mode,energyRecoveryMode
enrgy rec wheel mode,energyRecoveryMode
heat rec mode,energyRecoveryMode
heat recovery mode,energyRecoveryMode
hr mode,energyRecoveryMode
hr operation mode,energyRecoveryMode
exhaust heat rec mode,energyRecoveryMode
exhaust rec mode,energyRecoveryMode
supply heat rec mode,energyRecoveryMode
supply rec mode,energyRecoveryMode
hrw operating state,energyRecoveryMode
wheel op mode,energyRecoveryMode
wheel mode state,energyRecoveryMode
enrgy rec sys mode,energyRecoveryMode
enrg recovery mode state,energyRecoveryMode
recovery mech mode,energyRecoveryMode
enrgy rec state mode,energyRecoveryMode
hrv operation mode,energyRecoveryMode
erv operation mode,energyRecoveryMode
erv mode,energyRecoveryMode
hrv mode,energyRecoveryMode
energy xfer mode,energyRecoveryMode
xfer recovery mode,energyRecoveryMode
air to air recovery mode,energyRecoveryMode
energy reclaim mode,energyRecoveryMode
energy reuse mode,energyRecoveryMode
enrg recovery status,energyRecoveryMode
evap bypass flow gpm,evapBypassFlow
evap bypass gpm,evapBypassFlow
evap byp gpm,evapBypassFlow
evaporator bypass gpm,evapBypassFlow
evap bypass water flow,evapBypassFlow
evap bypass flowrate gpm,evapBypassFlow
bypass evap gpm,evapBypassFlow
water bypass flow evap,evapBypassFlow
evap coil bypass gpm,evapBypassFlow
evaporator bypass water flow,evapBypassFlow
gpm evap bypass,evapBypassFlow
evap bypass h2 o flow,evapBypassFlow
evap bypass wtr flow,evapBypassFlow
evap bypass h2 o gpm,evapBypassFlow
bypass water flow evap,evapBypassFlow
evap bypass loop flow,evapBypassFlow
evap bypass line gpm,evapBypassFlow
evaporator byp gpm,evapBypassFlow
evap bypass pipe flow,evapBypassFlow
flow evap bypass gpm,evapBypassFlow
bypass gpm around evap,evapBypassFlow
gpm bypass around evap,evapBypassFlow
water bypass gpm,evapBypassFlow
evap bypass water loop gpm,evapBypassFlow
coil bypass gpm,evapBypassFlow
bypass wtr flow coil,evapBypassFlow
bypass gpm coil,evapBypassFlow
gpm bypass coil,evapBypassFlow
evap bypass gpm sensor,evapBypassFlow
bypass gpm sensor evap,evapBypassFlow
bypass water gpm flow,evapBypassFlow
h2 o bypass gpm,evapBypassFlow
evap gpm bypass branch,evapBypassFlow
bypass gpm measured evap,evapBypassFlow
bypass flowrate evap gpm,evapBypassFlow
evap bypass flow meas gpm,evapBypassFlow
gpm reading bypass evap,evapBypassFlow
bypass flow gpm through evap,evapBypassFlow
gpm flow bypass around evap,evapBypassFlow
flow meter bypass evap,evapBypassFlow
bypass h2 o meter evap,evapBypassFlow
gpm sensor bypass loop,evapBypassFlow
water bypass meter evap,evapBypassFlow
evap bypass line flow mtr,evapBypassFlow
coil bypass line gpm,evapBypassFlow
evap bypass water flowrate,evapBypassFlow
evap bypass flowmtr,evapBypassFlow
bypass water loop gpm,evapBypassFlow
wtr bypass flowrate evap,evapBypassFlow
evap bypass gpm feedback,evapBypassFlow
evap bypass h2 o sensor,evapBypassFlow
bypass water flow sensor,evapBypassFlow
bypass h2 o flowrate,evapBypassFlow
water bypass monitor evap,evapBypassFlow
evaporator bypass line gpm,evapBypassFlow
gpm evap wtr bypass,evapBypassFlow
flowrate bypass cooling water,evapBypassFlow
chw bypass gpm around coil,evapBypassFlow
gpm bypass branch cooling,evapBypassFlow
gpm byp evap coil,evapBypassFlow
evap bypl gpm,evapBypassFlow
evap bypass flow sp,evapBypassFlowSp
evap bypass flow sp,evapBypassFlowSp
evap byp flow sp,evapBypassFlowSp
evaporator bypass flow sp,evapBypassFlowSp
evap bypass gpm sp,evapBypassFlowSp
evap bypass setpoint gpm,evapBypassFlowSp
evap bypass flow setpoint,evapBypassFlowSp
bypass evap flow sp,evapBypassFlowSp
bypass gpm setpoint evap,evapBypassFlowSp
gpm evap bypass sp,evapBypassFlowSp
evap bypass target flow,evapBypassFlowSp
evap bypass water flow sp,evapBypassFlowSp
evap bypass flowrate sp,evapBypassFlowSp
bypass gpm target evap,evapBypassFlowSp
evap coil bypass gpm sp,evapBypassFlowSp
evap bypass control flow,evapBypassFlowSp
evap bypass loop flow sp,evapBypassFlowSp
evap bypass line gpm sp,evapBypassFlowSp
flow evap bypass setpoint,evapBypassFlowSp
bypass flowrate evap sp,evapBypassFlowSp
gpm bypass evap sp,evapBypassFlowSp
evap bypass circ flow sp,evapBypassFlowSp
bypass water flow sp evap,evapBypassFlowSp
evaporator bypass setpt,evapBypassFlowSp
evap bypass gpm target,evapBypassFlowSp
evap bypass wtr setpoint,evapBypassFlowSp
bypass loop flow sp,evapBypassFlowSp
flowrate bypass around evap sp,evapBypassFlowSp
evap bypass flow setpt,evapBypassFlowSp
setpoint evap bypass flow,evapBypassFlowSp
evap bypass flow ctl sp,evapBypassFlowSp
sp evap bypass flow,evapBypassFlowSp
evaporator bypass gpm target,evapBypassFlowSp
bypass stream flow sp evap,evapBypassFlowSp
evap bypass flow ctrl sp,evapBypassFlowSp
bypass flow target evap,evapBypassFlowSp
evap bypass gpm setpt,evapBypassFlowSp
target evap bypass gpm,evapBypassFlowSp
evap bypass setpt gpm,evapBypassFlowSp
water bypass flow setpt evap,evapBypassFlowSp
evap bypass target gpm,evapBypassFlowSp
bypass flow sp coil,evapBypassFlowSp
evap bypass wtr flow sp,evapBypassFlowSp
evap bypass flow spt,evapBypassFlowSp
evap bypass flow ctl spt,evapBypassFlowSp
gpm target evap bypass,evapBypassFlowSp
bypass line flow sp evap,evapBypassFlowSp
evap bypass flow desired,evapBypassFlowSp
coil bypass flow setpoint,evapBypassFlowSp
evap bypass wtr loop sp,evapBypassFlowSp
evap bypass flw sp,evapBypassFlowSp
water bypass gpm sp evap,evapBypassFlowSp
bypass gpm sp,evapBypassFlowSp
bypass evap flowrate sp,evapBypassFlowSp
gpm bypass target sp,evapBypassFlowSp
flow gpm setpoint bypass evap,evapBypassFlowSp
evap flow bypass target,evapBypassFlowSp
flow target evap bypass,evapBypassFlowSp
evap byp gpm ctl sp,evapBypassFlowSp
evap bypass wtr flowrate sp,evapBypassFlowSp
sp wtr bypass evap,evapBypassFlowSp
bypass circuit gpm sp,evapBypassFlowSp
evap bypl flow spt,evapBypassFlowSp
evap bypass temp,evapBypassTemp
evap bypass temp,evapBypassTemp
evap byp temp,evapBypassTemp
evaporator bypass temp,evapBypassTemp
bypass temp evap,evapBypassTemp
bypass temperature evap,evapBypassTemp
evap bypass temperature,evapBypassTemp
temp evap bypass,evapBypassTemp
evap byp temperature,evapBypassTemp
evap byp t,evapBypassTemp
evaporator byp t,evapBypassTemp
bypass line temp evap,evapBypassTemp
evap bypass line temp,evapBypassTemp
evap byp temp sensor,evapBypassTemp
evaporator bypass t sensor,evapBypassTemp
evap bypass temp meas,evapBypassTemp
measured evap bypass temp,evapBypassTemp
evap bypass temp feedback,evapBypassTemp
evap bypass t fb,evapBypassTemp
evap bypass temperature feedback,evapBypassTemp
bypass stream temp evap,evapBypassTemp
bypass flow temp around evap,evapBypassTemp
bypass temp measured evap,evapBypassTemp
evap coil bypass temp,evapBypassTemp
coil bypass temp,evapBypassTemp
temp bypass around coil,evapBypassTemp
temp bypass evap loop,evapBypassTemp
evap temp bypass,evapBypassTemp
temp byp evap,evapBypassTemp
evap byp temp read,evapBypassTemp
evap byp t read,evapBypassTemp
bypass t evaporator,evapBypassTemp
evap byp temp sensor loc,evapBypassTemp
t bypass evap,evapBypassTemp
temp sensor evap bypass,evapBypassTemp
evap bypass line temperature,evapBypassTemp
temp evap byp,evapBypassTemp
evap bypass t measured,evapBypassTemp
bypass temperature coil,evapBypassTemp
bypass t coil,evapBypassTemp
evap bypass return temp,evapBypassTemp
return temp bypass evap,evapBypassTemp
temp reading bypass line,evapBypassTemp
temp monitor evap bypass,evapBypassTemp
evap bypass zone temp,evapBypassTemp
evap t bypass flow,evapBypassTemp
temp sensor bypass stream,evapBypassTemp
bypass t feedback,evapBypassTemp
t bypass line coil,evapBypassTemp
water temp evap bypass,evapBypassTemp
air temp evap bypass,evapBypassTemp
evap byp temp monitor,evapBypassTemp
evap byp t flow sensor,evapBypassTemp
bypass t return loop,evapBypassTemp
bypass temp downstream evap,evapBypassTemp
bypass t inlet evap,evapBypassTemp
temperature bypass flow evap,evapBypassTemp
coil bypass flow temperature,evapBypassTemp
bypass temperature return path,evapBypassTemp
t bypass loop around evap,evapBypassTemp
ea fan sts,exhaustFanStatus
exf sts,exhaustFanStatus
exhaust f sts,exhaustFanStatus
ex fan status,exhaustFanStatus
ex fan status,exhaustFanStatus
exhaustfanstatus,exhaustFanStatus
exhaust fan status,exhaustFanStatus
ex fan sts,exhaustFanStatus
exfan sts,exhaustFanStatus
exfanstatus,exhaustFanStatus
ex fan sts,exhaustFanStatus
ex fanstat,exhaustFanStatus
exhaust f sts,exhaustFanStatus
exf status,exhaustFanStatus
exfan stat,exhaustFanStatus
exh fan status,exhaustFanStatus
exhaust stat,exhaustFanStatus
exh fan stat,exhaustFanStatus
efan status,exhaustFanStatus
ef status,exhaustFanStatus
exhaust fan sts,exhaustFanStatus
exf run status,exhaustFanStatus
exhaust fan running,exhaustFanStatus
exhaust operation status,exhaustFanStatus
exf operational status,exhaustFanStatus
efan run status,exhaustFanStatus
exfan running,exhaustFanStatus
ex fan state,exhaustFanStatus
exfan state,exhaustFanStatus
exhaust fan run,exhaustFanStatus
exh fan running,exhaustFanStatus
exhaust status,exhaustFanStatus
exhaust fan output status,exhaustFanStatus
exhst fan status,exhaustFanStatus
exht fan sts,exhaustFanStatus
ea fan status,exhaustFanStatus
ea fan sts,exhaustFanStatus
ea fan status,exhaustFanStatus
ea fan sts,exhaustFanStatus
exf fan sts,exhaustFanStatus
exh fan sts,exhaustFanStatus
exfan running status,exhaustFanStatus
ex fan run status,exhaustFanStatus
efan sts,exhaustFanStatus
efanstate,exhaustFanStatus
exhst fan run,exhaustFanStatus
exfan status,exhaustFanStatus
efn sts,exhaustFanStatus
exf state,exhaustFanStatus
exfan current status,exhaustFanStatus
exhaust status feedback,exhaustFanStatus
exhaust running state,exhaustFanStatus
exh fan status fb,exhaustFanStatus
exhaust state ind,exhaustFanStatus
exh fan feedback,exhaustFanStatus
exf feedback,exhaustFanStatus
exf st,exhaustFanStatus
exhst fan sts,exhaustFanStatus
exhaust sts,exhaustFanStatus
efnstatus,exhaustFanStatus
exhaust state,exhaustFanStatus
exh status,exhaustFanStatus
exhaust indicator,exhaustFanStatus
exhaust operation,exhaustFanStatus
exh fan signal,exhaustFanStatus
exh fan op status,exhaustFanStatus
exhaust fan enable,exhaustFanEnable
ea fan cmd,exhaustFanEnable
ex fan cmd,exhaustFanEnable
ex air fan command,exhaustFanEnable
exhaust fan,exhaustFanEnable
exhaust fan,exhaustFanEnable
exfan,exhaustFanEnable
ex fan,exhaustFanEnable
exhaust fan enable,exhaustFanEnable
ex fan,exhaustFanEnable
exf cmd,exhaustFanEnable
exfan cmd,exhaustFanEnable
exh fan cmd,exhaustFanEnable
exfan cmd,exhaustFanEnable
ex fan command,exhaustFanEnable
exhaust cmd,exhaustFanEnable
exhaust fan cmd,exhaustFanEnable
exhaustfan cmd,exhaustFanEnable
ex fan ctrl,exhaustFanEnable
exhaust ctrl,exhaustFanEnable
exf ctrl,exhaustFanEnable
exhaust fan command,exhaustFanEnable
efan cmd,exhaustFanEnable
exfan ctrl,exhaustFanEnable
exhaust fan ctrl,exhaustFanEnable
exf control,exhaustFanEnable
exh fan control,exhaustFanEnable
exhaust control,exhaustFanEnable
eaf cmd,exhaustFanEnable
ea fan cmd,exhaustFanEnable
ea fan cmd,exhaustFanEnable
exf ena,exhaustFanEnable
exhaust enable,exhaustFanEnable
exf enable,exhaustFanEnable
exhaust enable,exhaustFanEnable
exhaustfan enable,exhaustFanEnable
exhaust air fan cmd,exhaustFanEnable
exhaustairfan,exhaustFanEnable
exhaust air fan,exhaustFanEnable
exhaustair cmd,exhaustFanEnable
exfan enable,exhaustFanEnable
exh fan ena,exhaustFanEnable
exfan command,exhaustFanEnable
exfan on,exhaustFanEnable
exfan switch,exhaustFanEnable
exf cmd signal,exhaustFanEnable
exfan sig,exhaustFanEnable
exfan start stop,exhaustFanEnable
exhaustfan on,exhaustFanEnable
exfanstart,exhaustFanEnable
exfanstartstop,exhaustFanEnable
exf start,exhaustFanEnable
exh fan start,exhaustFanEnable
exf cmd point,exhaustFanEnable
exf start cmd,exhaustFanEnable
exfanruncmd,exhaustFanEnable
exhaust activate,exhaustFanEnable
exhaust fan enable control,exhaustFanEnable
exhst fan cmd,exhaustFanEnable
efn cmd,exhaustFanEnable
exf cmd,exhaustFanEnable
exf cmd,exhaustFanEnable
exhaust main cmd,exhaustFanEnable
exf mode,exhaustFanEnable
exhst control,exhaustFanEnable
exhaust ctrl,exhaustFanEnable
exf alm,exhaustFanAlarm
exfan alm,exhaustFanAlarm
exhaust fan enable alm,exhaustFanAlarm
exhaust fan alarm,exhaustFanAlarm
exhaust fan alarm,exhaustFanAlarm
exh fan alarm,exhaustFanAlarm
ex fan alarm,exhaustFanAlarm
ex fan alarm,exhaustFanAlarm
ea fan alarm,exhaustFanAlarm
ex fan alarm,exhaustFanAlarm
exf alarm,exhaustFanAlarm
exfan alarm,exhaustFanAlarm
exhaust alarm,exhaustFanAlarm
exhst fan alarm,exhaustFanAlarm
exhaust fan alm,exhaustFanAlarm
exh fan alm,exhaustFanAlarm
exf alm,exhaustFanAlarm
ea fan alm,exhaustFanAlarm
ea fan alarm,exhaustFanAlarm
exh fan alm,exhaustFanAlarm
exhaust air fan alarm,exhaustFanAlarm
exf alarm signal,exhaustFanAlarm
exhaust alarm signal,exhaustFanAlarm
exhaust alarm status,exhaustFanAlarm
exfan alarm state,exhaustFanAlarm
exhaust fan enable alarm status,exhaustFanAlarm
exfan alarm sig,exhaustFanAlarm
exh fan alarm ind,exhaustFanAlarm
exf alarm indicator,exhaustFanAlarm
exf alarm feedback,exhaustFanAlarm
exhaustfan alm,exhaustFanAlarm
exh fan alarm state,exhaustFanAlarm
exf alarm state,exhaustFanAlarm
exfan alarm active,exhaustFanAlarm
exhaustfan alarm active,exhaustFanAlarm
exh alarm status,exhaustFanAlarm
ex fan alarm,exhaustFanAlarm
efan alarm,exhaustFanAlarm
exfan alm signal,exhaustFanAlarm
exhst alarm,exhaustFanAlarm
exh fan alarm status,exhaustFanAlarm
exhstfan alarm,exhaustFanAlarm
efan alarm,exhaustFanAlarm
exh fan alarm signal,exhaustFanAlarm
ex fan alm sig,exhaustFanAlarm
exfan alarm contact,exhaustFanAlarm
exfan alarm input,exhaustFanAlarm
exfan alarm detected,exhaustFanAlarm
exf alm sts,exhaustFanAlarm
exhaust alarm triggered,exhaustFanAlarm
exhaust alert,exhaustFanAlarm
exhaust alarm flag,exhaustFanAlarm
exhaust ind alarm,exhaustFanAlarm
exfan alarm output,exhaustFanAlarm
exh fan alm feedback,exhaustFanAlarm
exf alm,exhaustFanAlarm
exf alm,exhaustFanAlarm
efn alm,exhaustFanAlarm
efan alert,exhaustFanAlarm
exf alm fb,exhaustFanAlarm
ex f alarm,exhaustFanAlarm
ex fan alrm,exhaustFanAlarm
exhaust alm point,exhaustFanAlarm
leak detection alarm,waterLeakAlarm
leak det alm,waterLeakAlarm
leakalm,waterLeakAlarm
wtr leak alm,waterLeakAlarm
leakdetection,waterLeakAlarm
waterleakalm,waterLeakAlarm
water leak alarm,waterLeakAlarm
wtr leak alm,waterLeakAlarm
wtr leak alarm,waterLeakAlarm
leak alm,waterLeakAlarm
leak alarm,waterLeakAlarm
leak alm,waterLeakAlarm
leak detect alm,waterLeakAlarm
leak alarm,waterLeakAlarm
leak alert,waterLeakAlarm
water leak alm,waterLeakAlarm
water leak alarm,waterLeakAlarm
wtr leak alm,waterLeakAlarm
wtr leak alert,waterLeakAlarm
h2 o leak alarm,waterLeakAlarm
h2 o leak alm,waterLeakAlarm
h2 o leak alert,waterLeakAlarm
leak sensor alm,waterLeakAlarm
leak sensor alarm,waterLeakAlarm
waterleak,waterLeakAlarm
wtr leak,waterLeakAlarm
leak status,waterLeakAlarm
water leak status,waterLeakAlarm
leak alarm input,waterLeakAlarm
leak alarm feedback,waterLeakAlarm
leak input alarm,waterLeakAlarm
leak input,waterLeakAlarm
water leak input,waterLeakAlarm
leakdet sensor,waterLeakAlarm
leak indication,waterLeakAlarm
leak indicator,waterLeakAlarm
leak alarm signal,waterLeakAlarm
leak det alm,waterLeakAlarm
leak det alarm,waterLeakAlarm
water alarm leak,waterLeakAlarm
wtr alm leak,waterLeakAlarm
water intrusion alm,waterLeakAlarm
water intrusion alert,waterLeakAlarm
leakage alarm,waterLeakAlarm
leakage detected,waterLeakAlarm
leakage alert,waterLeakAlarm
water leak detected,waterLeakAlarm
wtr leak detected,waterLeakAlarm
water detect alarm,waterLeakAlarm
water detect alm,waterLeakAlarm
leakmonitor alm,waterLeakAlarm
leak mon alarm,waterLeakAlarm
pan leak alarm,waterLeakAlarm
condensate leak alarm,waterLeakAlarm
water sensor alm,waterLeakAlarm
water sensor alert,waterLeakAlarm
leak alm status,waterLeakAlarm
wtr leak signal,waterLeakAlarm
leak alarm contact,waterLeakAlarm
leak alm tripped,waterLeakAlarm
leak alm active,waterLeakAlarm
water det alm,waterLeakAlarm
water leak trip,waterLeakAlarm
leak alert signal,waterLeakAlarm
leak ctrl alarm,waterLeakAlarm
waterleak status,waterLeakAlarm
leak alarm on,waterLeakAlarm
outside air temperature,outsideTemp
oa t,outsideTemp
outside tmp,outsideTemp
oa air tmp,outsideTemp
oat,outsideTemp
oa temp,outsideTemp
oa temp,outsideTemp
out air temp,outsideTemp
outside temp,outsideTemp
outdoor temp,outsideTemp
od temp,outsideTemp
oda t,outsideTemp
oa t,outsideTemp
oa temp sensor,outsideTemp
outdoor air temp,outsideTemp
oa temp read,outsideTemp
oa temp sensor input,outsideTemp
oa temperature,outsideTemp
oatmp,outsideTemp
oa temperature sensor,outsideTemp
oa temperature reading,outsideTemp
outdoor temperature sensor,outsideTemp
oa air temperature,outsideTemp
oa temp sensor,outsideTemp
oa temp read,outsideTemp
outdoorair temp,outsideTemp
oa amb temp,outsideTemp
oa amb tmp,outsideTemp
oaambtemp,outsideTemp
out temp,outsideTemp
odt,outsideTemp
odt sensor,outsideTemp
oa temp snsr,outsideTemp
oa tmp,outsideTemp
oat sensor,outsideTemp
oa temp snsr,outsideTemp
oa temp input,outsideTemp
out air tmp,outsideTemp
oat read,outsideTemp
oa air tmp,outsideTemp
outsideair temp,outsideTemp
outsideair tmp,outsideTemp
oa tmp,outsideTemp
ext temp,outsideTemp
external temp,outsideTemp
external air temp,outsideTemp
ext air tmp,outsideTemp
ext tmp,outsideTemp
outsideairtemp,outsideTemp
oa temp out,outsideTemp
oa ext temp,outsideTemp
oa t snsr,outsideTemp
oa t feedback,outsideTemp
oa temp fb,outsideTemp
oa air t out,outsideTemp
oa temp ind,outsideTemp
oa t display,outsideTemp
oa t meas,outsideTemp
oa temp mtrd,outsideTemp
oa temperature ext,outsideTemp
ext ambient temp,outsideTemp
ext outdoor tmp,outsideTemp
out tmp sensor,outsideTemp
oa t outdoor,outsideTemp
oa t rmt,outsideTemp
oa t remote,outsideTemp
ext oa temp,outsideTemp
oa out temp sensor,outsideTemp
oa t env,outsideTemp
mat,mixedTemp
mixed air temp,mixedTemp
mixed air temperature,mixedTemp
ma t,mixedTemp
mixed temp,mixedTemp
mixed air temp,mixedTemp
mixed air temp,mixedTemp
mixed temp,mixedTemp
ma temp,mixedTemp
ma temp,mixedTemp
mix air temp,mixedTemp
mixed air temperature,mixedTemp
mixed air tmp,mixedTemp
ma t,mixedTemp
mix temp,mixedTemp
mixair t,mixedTemp
mixed temp,mixedTemp
mxd t,mixedTemp
mix tmp,mixedTemp
ma tmp,mixedTemp
mixair tmp,mixedTemp
ma temp sensor,mixedTemp
mat sensor,mixedTemp
mixed air sensor,mixedTemp
mixed temp sensor,mixedTemp
mixed temperature sensor,mixedTemp
mair temp,mixedTemp
ma temperature,mixedTemp
matemp,mixedTemp
mixed tmp read,mixedTemp
mixedair temp,mixedTemp
mixd air t,mixedTemp
mxair temperature,mixedTemp
ma sensor temp,mixedTemp
mixed temp feedback,mixedTemp
ma temp fb,mixedTemp
mix tmp fb,mixedTemp
ma temp meas,mixedTemp
mixed temp meas,mixedTemp
ma t read,mixedTemp
ma temp reading,mixedTemp
ma temperature fb,mixedTemp
ma air temp,mixedTemp
mair tmp,mixedTemp
mix air t,mixedTemp
mixed air temperature fb,mixedTemp
mat temperature,mixedTemp
mixed temperature,mixedTemp
mxd air t,mixedTemp
ma air temp,mixedTemp
ma temp input,mixedTemp
mix temperature reading,mixedTemp
ma feedback temp,mixedTemp
mat sensor input,mixedTemp
mxd t measured,mixedTemp
ma inlet temp,mixedTemp
mixd inlet temp,mixedTemp
mixed return oa temp,mixedTemp
mat oa ra temp,mixedTemp
blend temp,mixedTemp
air mix temp,mixedTemp
ahu mixed air temp,mixedTemp
unit mixed air temp,mixedTemp
ahu mat,mixedTemp
ma t snsr,mixedTemp
ma tmp snsr,mixedTemp
ma readout temp,mixedTemp
mxair tmp,mixedTemp
ma mixed sensor,mixedTemp
rm temp hi sp,zoneTempHiSp
zone temperature high setpoint,zoneTempHiSp
zn hi sp,zoneTempHiSp
high zone setpoint,zoneTempHiSp
space hi spt,zoneTempHiSp
room high sptp,zoneTempHiSp
zn hi temp sp,zoneTempHiSp
zn temp hi setpt,zoneTempHiSp
zn hi spt,zoneTempHiSp
zone temp hi sp,zoneTempHiSp
zone hi temp sp,zoneTempHiSp
zone temp high sp,zoneTempHiSp
zone hitemp setpoint,zoneTempHiSp
zone hi sp,zoneTempHiSp
zne temp hi sp,zoneTempHiSp
zone hi sp temp,zoneTempHiSp
roomtemp hi sp,zoneTempHiSp
rm hi temp spt,zoneTempHiSp
space hi temp spt,zoneTempHiSp
spc hi spt,zoneTempHiSp
spc hitemp sp,zoneTempHiSp
spc hi temp sp,zoneTempHiSp
hi room temp sp,zoneTempHiSp
hi temp set zone,zoneTempHiSp
hi temp sp room,zoneTempHiSp
hi zn temp sp,zoneTempHiSp
temp high spt zone,zoneTempHiSp
zone temp max sp,zoneTempHiSp
zone max temp spt,zoneTempHiSp
zone high temp spt,zoneTempHiSp
znt hi sp,zoneTempHiSp
zn hi tmp sp,zoneTempHiSp
zn temp limit high,zoneTempHiSp
zn hi temperature sp,zoneTempHiSp
zn t hi spt,zoneTempHiSp
zn hitemp setpt,zoneTempHiSp
zne temp hi spt,zoneTempHiSp
zone high temp set,zoneTempHiSp
zn sp high,zoneTempHiSp
zn temp high sp,zoneTempHiSp
znt hi sp,zoneTempHiSp
zone temp spt high,zoneTempHiSp
zn hitemp spt,zoneTempHiSp
zn tmp high spt,zoneTempHiSp
zn temp thresh hi,zoneTempHiSp
zone temp spt high,zoneTempHiSp
zone hi t sp,zoneTempHiSp
room hi temp sp,zoneTempHiSp
sp hi temp zone,zoneTempHiSp
zone hi t set,zoneTempHiSp
zn temp high limit,zoneTempHiSp
sp hi zone,zoneTempHiSp
hi temp zn sp,zoneTempHiSp
sp high temp zone,zoneTempHiSp
zn hi tempctrl spt,zoneTempHiSp
temp zone hi sp,zoneTempHiSp
zn temperature hi spt,zoneTempHiSp
zn temp spt hi,zoneTempHiSp
high sp temp zone,zoneTempHiSp
hi sp room temp,zoneTempHiSp
hi set pt room,zoneTempHiSp
room temp spt hi,zoneTempHiSp
hi spt room temp,zoneTempHiSp
room high temp sp,zoneTempHiSp
zn t hi setpoint,zoneTempHiSp
zone hi temp limit,zoneTempHiSp
zn max temp setpoint,zoneTempHiSp
rm temp lo sp,zoneTempLoSp
zone temperature low setpoint,zoneTempLoSp
zn lo sp,zoneTempLoSp
low zone setpoint,zoneTempLoSp
space lo spt,zoneTempLoSp
room low sptp,zoneTempLoSp
zn lo temp sp,zoneTempLoSp
zn temp lo setpt,zoneTempLoSp
zn lo spt,zoneTempLoSp
zone temp lo sp,zoneTempLoSp
zone lo temp sp,zoneTempLoSp
zone temp low sp,zoneTempLoSp
zone lotemp setpoint,zoneTempLoSp
zone lo sp,zoneTempLoSp
zne temp lo sp,zoneTempLoSp
zone lo sp temp,zoneTempLoSp
roomtemp lo sp,zoneTempLoSp
rm lo temp spt,zoneTempLoSp
space lo temp spt,zoneTempLoSp
spc lo spt,zoneTempLoSp
spc lotemp sp,zoneTempLoSp
spc lo temp sp,zoneTempLoSp
lo room temp sp,zoneTempLoSp
lo temp set zone,zoneTempLoSp
lo temp sp room,zoneTempLoSp
lo zn temp sp,zoneTempLoSp
temp low spt zone,zoneTempLoSp
zone temp min sp,zoneTempLoSp
zone min temp spt,zoneTempLoSp
zone low temp spt,zoneTempLoSp
znt lo sp,zoneTempLoSp
zn lo tmp sp,zoneTempLoSp
zn temp limit low,zoneTempLoSp
zn lo temperature sp,zoneTempLoSp
zn t lo spt,zoneTempLoSp
zn lotemp setpt,zoneTempLoSp
zne temp lo spt,zoneTempLoSp
zone low temp set,zoneTempLoSp
zn sp low,zoneTempLoSp
zn temp low sp,zoneTempLoSp
znt lo sp,zoneTempLoSp
zone temp spt low,zoneTempLoSp
zn lotemp spt,zoneTempLoSp
zn tmp low spt,zoneTempLoSp
zn temp thresh lo,zoneTempLoSp
zone temp spt low,zoneTempLoSp
zone lo t sp,zoneTempLoSp
room lo temp sp,zoneTempLoSp
sp lo temp zone,zoneTempLoSp
zone lo t set,zoneTempLoSp
zn temp low limit,zoneTempLoSp
sp lo zone,zoneTempLoSp
lo temp zn sp,zoneTempLoSp
sp low temp zone,zoneTempLoSp
zn lo tempctrl spt,zoneTempLoSp
temp zone lo sp,zoneTempLoSp
zn temperature lo spt,zoneTempLoSp
zn temp spt lo,zoneTempLoSp
low sp temp zone,zoneTempLoSp
lo sp room temp,zoneTempLoSp
lo set pt room,zoneTempLoSp
room temp spt lo,zoneTempLoSp
lo spt room temp,zoneTempLoSp
room low temp sp,zoneTempLoSp
zn t lo setpoint,zoneTempLoSp
zone lo temp limit,zoneTempLoSp
zn min temp setpoint,zoneTempLoSp
filt alm,unitFilterAlarm
filter alarm,unitFilterAlarm
unit filter alarm,unitFilterAlarm
fltr alm,unitFilterAlarm
filter alm,unitFilterAlarm
filteralm,unitFilterAlarm
filter alm,unitFilterAlarm
filter alert,unitFilterAlarm
filtr alm,unitFilterAlarm
flt alm,unitFilterAlarm
flt alm,unitFilterAlarm
filter alarm signal,unitFilterAlarm
filter alarm status,unitFilterAlarm
filter alarm indicator,unitFilterAlarm
filter alarm input,unitFilterAlarm
filter monitor alarm,unitFilterAlarm
filter tripped,unitFilterAlarm
filter warning,unitFilterAlarm
filter fault alm,unitFilterAlarm
flt status alarm,unitFilterAlarm
filter pressure alm,unitFilterAlarm
filter fault signal,unitFilterAlarm
filter replacement alarm,unitFilterAlarm
dirty filter alm,unitFilterAlarm
filter clogged alarm,unitFilterAlarm
dirty flt alm,unitFilterAlarm
filter status alarm,unitFilterAlarm
unit filter alarm,unitFilterAlarm
unit filter alm,unitFilterAlarm
unitfltalm,unitFilterAlarm
uflt alm,unitFilterAlarm
filter sensor alarm,unitFilterAlarm
filter status alm,unitFilterAlarm
ahu filter alarm,unitFilterAlarm
filter alarm detected,unitFilterAlarm
filter alm input,unitFilterAlarm
fltr alm sig,unitFilterAlarm
filter alarm feedback,unitFilterAlarm
filter alm active,unitFilterAlarm
filtr alarm,unitFilterAlarm
fltr alert,unitFilterAlarm
flt alarm active,unitFilterAlarm
flt det alm,unitFilterAlarm
unit fltr alarm,unitFilterAlarm
filter switch alarm,unitFilterAlarm
filterdp alarm,unitFilterAlarm
filter stat alarm,unitFilterAlarm
filterblocked alarm,unitFilterAlarm
filtr ind alarm,unitFilterAlarm
filter mon alarm,unitFilterAlarm
flt alarm trigger,unitFilterAlarm
unit fltr alm sts,unitFilterAlarm
air filter alarm,unitFilterAlarm
filterdiffpress alarm,unitFilterAlarm
flt pres alm,unitFilterAlarm
flt replace alarm,unitFilterAlarm
filterfail alarm,unitFilterAlarm
filterfailure alm,unitFilterAlarm
unit dirty filter alm,unitFilterAlarm
filtr status alm,unitFilterAlarm
ahu flt alm,unitFilterAlarm
filterpress alarm,unitFilterAlarm
fltr alrm,unitFilterAlarm
filter alarm contact,unitFilterAlarm
fltralarmstate,unitFilterAlarm
filter sensor fault alarm,unitFilterAlarm
unitfilteralm,unitFilterAlarm
fltstat alm,unitFilterAlarm
flt sts alm,unitFilterAlarm
filter alarm,unitFilterAlarm
ra dmpr,returnDamper
ra d,returnDamper
return air damper,returnDamper
ret air dmpr,returnDamper
returnairdamper,returnDamper
return air dmpr,returnDamper
return air damper,returnDamper
ra damper,returnDamper
ra dmpr,returnDamper
ret damper,returnDamper
return dmpr,returnDamper
ret dmpr,returnDamper
ret dmpr,returnDamper
ra dampr,returnDamper
returndampr,returnDamper
return a damper,returnDamper
rair damper,returnDamper
ret air damper,returnDamper
ra dmp,returnDamper
ra air damper,returnDamper
ra damper command,returnDamper
ra dmpr ctrl,returnDamper
ra dmpr cmd,returnDamper
ret dmp,returnDamper
rair dmpr,returnDamper
return air dmpr,returnDamper
ra damper,returnDamper
return air dmpr,returnDamper
ret damper,returnDamper
rair dmp,returnDamper
ra dmp,returnDamper
ra damper ctrl,returnDamper
ra dmpr cmd,returnDamper
ra damper cmd,returnDamper
ret dmp cmd,returnDamper
return damper,returnDamper
ret dmp ctrl,returnDamper
ret dmpr cmd,returnDamper
rair damper,returnDamper
ret air damper,returnDamper
return a dmp,returnDamper
return air ctrl dmp,returnDamper
ret air dmpr,returnDamper
return damper control,returnDamper
ra dmpr ctrl,returnDamper
ra dmpr command,returnDamper
ret dmpr control,returnDamper
return dmpr output,returnDamper
ra dmpr out,returnDamper
return air dmp,returnDamper
rair dmpr command,returnDamper
ret air dmpr out,returnDamper
returnairdamper cmd,returnDamper
ra dmp ctrl,returnDamper
ra dmp control,returnDamper
ra cmd dmp,returnDamper
rair dmpr out,returnDamper
returndmpr out,returnDamper
return dmp,returnDamper
return damper pos,returnDamper
ret damper output,returnDamper
ra air dmpr,returnDamper
ret air dmp ctrl,returnDamper
returnairdamper ctrl,returnDamper
rair damper ctrl,returnDamper
ra dmpr signal,returnDamper
ra air dmpr,returnDamper
ra air dmp cmd,returnDamper
ret dmp signal,returnDamper
return dmpr position,returnDamper
dat sp,dischargeTempSp
discharge temp setpoint,dischargeTempSp
da t sp,dischargeTempSp
discharge air temp sp,dischargeTempSp
dis temp sp,dischargeTempSp
disch tmp spt,dischargeTempSp
sa t sp,dischargeTempSp
supply air temp sp,dischargeTempSp
discharge temp setpoint,dischargeTempSp
dat setpoint,dischargeTempSp
dis air temp setpt,dischargeTempSp
supply temp spt,dischargeTempSp
dis temp sp,dischargeTempSp
da temp spt,dischargeTempSp
dis t spt,dischargeTempSp
dis air temp setpt,dischargeTempSp
sa tmp setpoint,dischargeTempSp
sa temp sp,dischargeTempSp
supair temp spt,dischargeTempSp
supply temp setpoint,dischargeTempSp
da t s,dischargeTempSp
da temp sp,dischargeTempSp
dis temp stpt,dischargeTempSp
sa temp sp,dischargeTempSp
dat sp,dischargeTempSp
sat sp,dischargeTempSp
datsetpt,dischargeTempSp
dis air sp,dischargeTempSp
disch air tmp spt,dischargeTempSp
sa temp sp,dischargeTempSp
dis air sp,dischargeTempSp
disch air temp sp,dischargeTempSp
supply air temp sp,dischargeTempSp
da t sp,dischargeTempSp
da tmp spt,dischargeTempSp
supair temp set,dischargeTempSp
dis air temp spt,dischargeTempSp
dis t air sp,dischargeTempSp
dair tmp sp,dischargeTempSp
sa temperature sp,dischargeTempSp
dat setpoint,dischargeTempSp
da temp setpt,dischargeTempSp
sat setpoint,dischargeTempSp
supply temp sp,dischargeTempSp
dair temp setpoint,dischargeTempSp
supply air setpt,dischargeTempSp
disch air sp,dischargeTempSp
dis air sp,dischargeTempSp
sair temp sp,dischargeTempSp
sat setpoint,dischargeTempSp
supply air temp stpt,dischargeTempSp
da setpoint,dischargeTempSp
dis air temp setpoint,dischargeTempSp
disch temp set pt,dischargeTempSp
da sp temp,dischargeTempSp
dat cntrl sp,dischargeTempSp
sp da tmp,dischargeTempSp
setpoint disch temp,dischargeTempSp
da temp spt,dischargeTempSp
supply temp cmd,dischargeTempSp
supply temp target,dischargeTempSp
discharge air target,dischargeTempSp
dis temp target,dischargeTempSp
supply temperature control sp,dischargeTempSp
supply air temperature setpt,dischargeTempSp
supply air temp target,dischargeTempSp
da target temp,dischargeTempSp
da temp setting,dischargeTempSp
disch tmp target,dischargeTempSp
unocc cool sp,unoccupiedCoolSp
unoccupied cooling setpoint,unoccupiedCoolSp
unocc clg sp,unoccupiedCoolSp
zone unocc cool sp,unoccupiedCoolSp
unoccupied cool setpoint,unoccupiedCoolSp
zn unocc clg sp,unoccupiedCoolSp
unocc cooling sp,unoccupiedCoolSp
spc unocc clg spt,unoccupiedCoolSp
unocc clg setpt,unoccupiedCoolSp
unocc cooling sp,unoccupiedCoolSp
zone unocc cool sp,unoccupiedCoolSp
unocc clg sp,unoccupiedCoolSp
room unocc cool sp,unoccupiedCoolSp
rm unoccupied cool sp,unoccupiedCoolSp
unoc cool sp,unoccupiedCoolSp
unoc clg temp sp,unoccupiedCoolSp
unoc clg spt,unoccupiedCoolSp
unocc zone clg sp,unoccupiedCoolSp
unocc spc clg sp,unoccupiedCoolSp
unocc clg setpoint,unoccupiedCoolSp
zn unocc cooling spt,unoccupiedCoolSp
unocc clg target,unoccupiedCoolSp
unocc cool temp spt,unoccupiedCoolSp
unocc clg temp set,unoccupiedCoolSp
spt unocc clg,unoccupiedCoolSp
temp sp unocc clg,unoccupiedCoolSp
unocc sp clg,unoccupiedCoolSp
unocc clg t sp,unoccupiedCoolSp
unocc clg setting,unoccupiedCoolSp
unocc clg ctl sp,unoccupiedCoolSp
zn unocc clg sp,unoccupiedCoolSp
unoc cooling setpt,unoccupiedCoolSp
unocc temp set cool,unoccupiedCoolSp
unocc c temp sp,unoccupiedCoolSp
unocc cool temp sp,unoccupiedCoolSp
unocc cool temp setpt,unoccupiedCoolSp
unocc sp c,unoccupiedCoolSp
unocc clg set,unoccupiedCoolSp
unocc clg stpt,unoccupiedCoolSp
unocc sp clg tmp,unoccupiedCoolSp
unocc cool stpt,unoccupiedCoolSp
unocc set clg,unoccupiedCoolSp
unocc clg temppoint,unoccupiedCoolSp
unocc clg val setpt,unoccupiedCoolSp
unocc clg tmp target,unoccupiedCoolSp
unocc clg control sp,unoccupiedCoolSp
unocc temp clg sp,unoccupiedCoolSp
unocc setpt clg,unoccupiedCoolSp
unocc clg temperature spt,unoccupiedCoolSp
zn temp unocc clg sp,unoccupiedCoolSp
clg sp unocc zone,unoccupiedCoolSp
unocc cool zone sp,unoccupiedCoolSp
unocc tempset cool,unoccupiedCoolSp
room unocc clg sp,unoccupiedCoolSp
unocc clg sp set,unoccupiedCoolSp
unocc sp temp clg,unoccupiedCoolSp
unocc cool setpoint,unoccupiedCoolSp
unocc clg spt,unoccupiedCoolSp
unocc clg temp spt val,unoccupiedCoolSp
zone unocc clg temp set,unoccupiedCoolSp
unocc spt clg,unoccupiedCoolSp
unocc clg sched setpoint,unoccupiedCoolSp
unocc cool t sp,unoccupiedCoolSp
zn unocc cool tgt,unoccupiedCoolSp
zone unocc clg sp,unoccupiedCoolSp
unocc sched clg sp,unoccupiedCoolSp
unocc heat sp,unoccupiedHeatSp
unoccupied heating setpoint,unoccupiedHeatSp
unocc htg sp,unoccupiedHeatSp
zone unocc heat sp,unoccupiedHeatSp
unoccupied heat setpoint,unoccupiedHeatSp
zn unocc htg sp,unoccupiedHeatSp
unocc heating sp,unoccupiedHeatSp
spc unocc htg spt,unoccupiedHeatSp
unocc htg setpt,unoccupiedHeatSp
unocc heating sp,unoccupiedHeatSp
zone unocc heat sp,unoccupiedHeatSp
unocc htg sp,unoccupiedHeatSp
room unocc heat sp,unoccupiedHeatSp
rm unocc heat sp,unoccupiedHeatSp
unoc heat sp,unoccupiedHeatSp
unoc htg temp sp,unoccupiedHeatSp
unoc htg spt,unoccupiedHeatSp
unocc zone htg sp,unoccupiedHeatSp
unocc spc htg sp,unoccupiedHeatSp
unocc htg setpoint,unoccupiedHeatSp
zn unocc heating spt,unoccupiedHeatSp
unocc htg target,unoccupiedHeatSp
unocc heat temp spt,unoccupiedHeatSp
unocc htg temp set,unoccupiedHeatSp
spt unocc htg,unoccupiedHeatSp
temp sp unocc htg,unoccupiedHeatSp
unocc sp htg,unoccupiedHeatSp
unocc htg t sp,unoccupiedHeatSp
unocc htg setting,unoccupiedHeatSp
unocc htg ctl sp,unoccupiedHeatSp
zn unocc htg sp,unoccupiedHeatSp
unoc heating setpt,unoccupiedHeatSp
unocc temp set heat,unoccupiedHeatSp
unocc h temp sp,unoccupiedHeatSp
unocc heat temp sp,unoccupiedHeatSp
unocc heat temp setpt,unoccupiedHeatSp
unocc sp h,unoccupiedHeatSp
unocc htg set,unoccupiedHeatSp
unocc htg stpt,unoccupiedHeatSp
unocc sp htg tmp,unoccupiedHeatSp
unocc heat stpt,unoccupiedHeatSp
unocc set htg,unoccupiedHeatSp
unocc htg temppoint,unoccupiedHeatSp
unocc htg val setpt,unoccupiedHeatSp
unocc htg tmp target,unoccupiedHeatSp
unocc htg control sp,unoccupiedHeatSp
unocc temp htg sp,unoccupiedHeatSp
unocc setpt htg,unoccupiedHeatSp
unocc htg temperature spt,unoccupiedHeatSp
zn temp unocc htg sp,unoccupiedHeatSp
htg sp unocc zone,unoccupiedHeatSp
unocc heat zone sp,unoccupiedHeatSp
unocc tempset heat,unoccupiedHeatSp
room unocc htg sp,unoccupiedHeatSp
unocc htg sp set,unoccupiedHeatSp
unocc sp temp htg,unoccupiedHeatSp
unocc heat setpoint,unoccupiedHeatSp
unocc htg spt,unoccupiedHeatSp
unocc htg temp spt val,unoccupiedHeatSp
zone unocc htg temp set,unoccupiedHeatSp
unocc spt htg,unoccupiedHeatSp
unocc htg sched setpoint,unoccupiedHeatSp
unocc heat t sp,unoccupiedHeatSp
zn unocc heat tgt,unoccupiedHeatSp
zone unocc htg sp,unoccupiedHeatSp
unocc sched htg sp,unoccupiedHeatSp
raf cmd,returnFanEnable
ra cmd,returnFanEnable
return air fan,returnFanEnable
return air fan cmd,returnFanEnable
return air fan command,returnFanEnable
ret air fan command,returnFanEnable
ret a fan cmd,returnFanEnable
return fan enable,returnFanEnable
returnfancmd,returnFanEnable
return fan,returnFanEnable
return fan cmd,returnFanEnable
returnfan command,returnFanEnable
ret fan command,returnFanEnable
ra fan cmd,returnFanEnable
ret air fan cmd,returnFanEnable
ret air fan control,returnFanEnable
ret fan ctrl,returnFanEnable
raf c,returnFanEnable
ret air fan cmd,returnFanEnable
ret fan cmd,returnFanEnable
ret fan ctrl,returnFanEnable
ra fan cmd,returnFanEnable
ra fan start,returnFanEnable
ra fan enable,returnFanEnable
return fan cmd,returnFanEnable
returnfancontrol,returnFanEnable
ra fan ctrl,returnFanEnable
ra fan ena,returnFanEnable
ra fan out,returnFanEnable
ret fan out,returnFanEnable
ret fan on,returnFanEnable
rair fan command,returnFanEnable
ra fan command,returnFanEnable
raf ctrl,returnFanEnable
return fan on signal,returnFanEnable
returnfan ctrl,returnFanEnable
ret airfan cmd,returnFanEnable
return fan enable,returnFanEnable
ret air fan ctrl,returnFanEnable
return fan out,returnFanEnable
ra fan control,returnFanEnable
ret fan ena,returnFanEnable
ra fan cmnd,returnFanEnable
ret fan start,returnFanEnable
return fan enable start,returnFanEnable
return airfan cmd,returnFanEnable
ra fan drive cmd,returnFanEnable
ra fan switch,returnFanEnable
ret fan ena,returnFanEnable
return air cmd,returnFanEnable
rair fan cmd,returnFanEnable
ret air cmd,returnFanEnable
ra cmd fan,returnFanEnable
ra start fan,returnFanEnable
ret cmd fan,returnFanEnable
ret airfan cmnd,returnFanEnable
return fan cmnd,returnFanEnable
ret fan cmd signal,returnFanEnable
ra fan sig,returnFanEnable
ret air fan start,returnFanEnable
return fan control signal,returnFanEnable
returnairfan cmd,returnFanEnable
ret fan signal,returnFanEnable
ra fan mode cmd,returnFanEnable
returnfan enable,returnFanEnable
rairfanctrl,returnFanEnable
rair fan ena,returnFanEnable
returnairfanctrl,returnFanEnable
ra control fan,returnFanEnable
ra flow,returnFlow
returnflow,returnFlow
return air flow,returnFlow
return air flow,returnFlow
return air flow,returnFlow
ret air flow,returnFlow
ret a flow,returnFlow
rair flow,returnFlow
ra flow rate,returnFlow
return flow,returnFlow
ret flow,returnFlow
ret air flow,returnFlow
ra flow cfm,returnFlow
ret air flowrate,returnFlow
ra cfm,returnFlow
ret cfm,returnFlow
ret air cfm,returnFlow
ra cfm rd,returnFlow
return flow rate,returnFlow
ra flowrate,returnFlow
ret flowrate,returnFlow
ret flow rate,returnFlow
return airflow,returnFlow
rair cfm,returnFlow
returnflowrate,returnFlow
ra air flow,returnFlow
ret cfm sensor,returnFlow
ret air flow sensor,returnFlow
ra cfm sig,returnFlow
return air flow cfm,returnFlow
ra flo measured,returnFlow
ra cfm output,returnFlow
ra cfm actual,returnFlow
ret flow sensor,returnFlow
ra cfm sensor,returnFlow
ra flo sig,returnFlow
ra cfm measured,returnFlow
ra flow mon,returnFlow
returnflow mon,returnFlow
ra flow feedback,returnFlow
ra flow meter,returnFlow
return flow signal,returnFlow
ret cfm feedback,returnFlow
ret cfm rate,returnFlow
ra flow read,returnFlow
ra flow value,returnFlow
ra flo calc,returnFlow
return cfm,returnFlow
returncfm,returnFlow
ra flo monitor,returnFlow
rair cfm sensor,returnFlow
ret airflow,returnFlow
ra air flowrate,returnFlow
ra return flow,returnFlow
ret flo vol,returnFlow
ra cfm actual,returnFlow
ret cfm monitor,returnFlow
return air cfm,returnFlow
ra cfm rate,returnFlow
return cfm sig,returnFlow
returnairflow,returnFlow
ret flow val,returnFlow
return vol flow,returnFlow
ret flow meas,returnFlow
ra flow sensor out,returnFlow
ra fl signal,returnFlow
ra flow volume,returnFlow
ra flow sense,returnFlow
returnflow value,returnFlow
returnflow feedback,returnFlow
returnair cfm,returnFlow
ret airflow cfm,returnFlow
ra flow sp,returnFlowSp
return air flow setpoint,returnFlowSp
return flow sp,returnFlowSp
ret air flow sp,returnFlowSp
ret a flow sp,returnFlowSp
rair flow sp,returnFlowSp
return flow sp,returnFlowSp
ret flow sp,returnFlowSp
ret air flow sp,returnFlowSp
ra flow setpt,returnFlowSp
ret flow setpt,returnFlowSp
ra cfm sp,returnFlowSp
ret cfm sp,returnFlowSp
ret air cfm sp,returnFlowSp
return air flow setpoint,returnFlowSp
ra flow sp cfm,returnFlowSp
ret flow sp cfm,returnFlowSp
ra flow target,returnFlowSp
ret flow target,returnFlowSp
returnair flow sp,returnFlowSp
rair flow setpoint,returnFlowSp
returnflow sp,returnFlowSp
ra flow spt,returnFlowSp
return flow spt,returnFlowSp
ret air flow spt,returnFlowSp
ra cfm sp,returnFlowSp
ra flowrate sp,returnFlowSp
return air cfm sp,returnFlowSp
ra cfm spt,returnFlowSp
ret flow rate sp,returnFlowSp
returnflow setpt,returnFlowSp
return flow setpt,returnFlowSp
ra cfm target,returnFlowSp
ra flow set,returnFlowSp
ra cfm setpoint,returnFlowSp
ra cfm setpoint,returnFlowSp
ret cfm target,returnFlowSp
ra flow control sp,returnFlowSp
ra flo set pt,returnFlowSp
rair flow ctrl sp,returnFlowSp
ra cfm target sp,returnFlowSp
ret flow target sp,returnFlowSp
rairflowsetpoint,returnFlowSp
returncfm setpoint,returnFlowSp
return flow ref,returnFlowSp
ra flow reference,returnFlowSp
ra cfm ctrl sp,returnFlowSp
return cfm sp,returnFlowSp
ret flow reference,returnFlowSp
ra airflow sp,returnFlowSp
ret flow setval,returnFlowSp
rair flow spt,returnFlowSp
ret cfm setpoint,returnFlowSp
ret flow input sp,returnFlowSp
returnflowsignal sp,returnFlowSp
ra flow ctl sp,returnFlowSp
ra cfm cmd,returnFlowSp
return flow control setpoint,returnFlowSp
returnairflow sp,returnFlowSp
ret flow setpoint cfm,returnFlowSp
ra cfm spt val,returnFlowSp
ret flow spt val,returnFlowSp
returnflow tgt,returnFlowSp
ra volflow sp,returnFlowSp
ret flow cfm target,returnFlowSp
ra flow req sp,returnFlowSp
ra cfm desired,returnFlowSp
raf spd,returnFanSpeed
return air fan speed,returnFanSpeed
ra fan spd,returnFanSpeed
return air fan speed,returnFanSpeed
return fan speed,returnFanSpeed
ret air fan speed,returnFanSpeed
ret a fan spd,returnFanSpeed
rair fan speed,returnFanSpeed
ra fan rpm,returnFanSpeed
ret fan spd,returnFanSpeed
ret fan rpm,returnFanSpeed
returnfanspeed,returnFanSpeed
return fan spd,returnFanSpeed
returnfanspd,returnFanSpeed
returnairfanspd,returnFanSpeed
ret fan speed,returnFanSpeed
ra fan spd,returnFanSpeed
ra fan output,returnFanSpeed
ra fan hz,returnFanSpeed
returnfan hz,returnFanSpeed
ret air fan spd,returnFanSpeed
ret air fan hz,returnFanSpeed
ra fan rate,returnFanSpeed
ra fan freq,returnFanSpeed
returnairfan output,returnFanSpeed
ra fan output,returnFanSpeed
ret fan output,returnFanSpeed
return fan rpm,returnFanSpeed
rair fan output,returnFanSpeed
returnfan rpm,returnFanSpeed
return fan signal,returnFanSpeed
ret fan freq,returnFanSpeed
ra fan drive out,returnFanSpeed
return fan vfd output,returnFanSpeed
ra fan vfd out,returnFanSpeed
ra fan hz,returnFanSpeed
ret airfan speed,returnFanSpeed
return fan enable out,returnFanSpeed
returnfan output,returnFanSpeed
ra fan speed pct,returnFanSpeed
ra fan spd val,returnFanSpeed
ret fan speed,returnFanSpeed
return fan hz,returnFanSpeed
ra fan rpm fdbk,returnFanSpeed
ra fan motor speed,returnFanSpeed
returnfan hertz,returnFanSpeed
return air fan speed,returnFanSpeed
rairfan speed,returnFanSpeed
ret fan hertz,returnFanSpeed
ra fan frequency,returnFanSpeed
returnairfan hz,returnFanSpeed
ret air fan out,returnFanSpeed
returnairfan out,returnFanSpeed
ra fan rpm feedback,returnFanSpeed
returnfanrpm,returnFanSpeed
ret fan rpm fdbk,returnFanSpeed
raf hz,returnFanSpeed
ra fanhz,returnFanSpeed
returnfanhz,returnFanSpeed
returnfan motor hz,returnFanSpeed
returnfan out signal,returnFanSpeed
ret airfan output,returnFanSpeed
rairfan rpm,returnFanSpeed
ret fan pct output,returnFanSpeed
ra fan out,returnFanSpeed
rairfan hz,returnFanSpeed
ra fan vfd,returnFanSpeed
ret fan vfd,returnFanSpeed
returnfan vfd,returnFanSpeed
raf sts,returnFanStatus
return fan status,returnFanStatus
ra fan status,returnFanStatus
return fan status,returnFanStatus
return fan status,returnFanStatus
ret air fan status,returnFanStatus
ret a fan sts,returnFanStatus
ret fan status,returnFanStatus
ra fan sts,returnFanStatus
rair fan status,returnFanStatus
ret fan sts,returnFanStatus
returnfanstatus,returnFanStatus
returnairfanstatus,returnFanStatus
ra f sts,returnFanStatus
ra fan state,returnFanStatus
ret fan state,returnFanStatus
return fan sts,returnFanStatus
ra fan on,returnFanStatus
returnairfan on,returnFanStatus
return fan running,returnFanStatus
rairfan on status,returnFanStatus
ra fan run status,returnFanStatus
ret fan output status,returnFanStatus
ra fan power status,returnFanStatus
returnfan run feedback,returnFanStatus
ra fan feedback,returnFanStatus
ra fan feedback,returnFanStatus
returnfan state,returnFanStatus
ra fan drive status,returnFanStatus
returnair fan sts,returnFanStatus
returnair fan sts,returnFanStatus
returnair fan status,returnFanStatus
returnfan ena status,returnFanStatus
return fan cmd sts,returnFanStatus
returnfan output sts,returnFanStatus
ret air fan sts,returnFanStatus
return fan enable vfd sts,returnFanStatus
returnairfan vfd fb,returnFanStatus
rair fan rly fb,returnFanStatus
ra fan contactor sts,returnFanStatus
return fan enable vfd status,returnFanStatus
returnair vfd state,returnFanStatus
ra fan run fb,returnFanStatus
ra fan di fb,returnFanStatus
ret fan feedback,returnFanStatus
ra fan running status,returnFanStatus
returnfan ctrl fb,returnFanStatus
returnairfan motor fb,returnFanStatus
ra fan status in,returnFanStatus
rair fan running,returnFanStatus
returnairfan operation,returnFanStatus
ret fan run fb,returnFanStatus
ra fan actual state,returnFanStatus
ret fan drive sts,returnFanStatus
returnfan ena fb,returnFanStatus
return fan on state,returnFanStatus
rair fan op state,returnFanStatus
returnair fan operation,returnFanStatus
ret fan op sts,returnFanStatus
ret fan contactor fb,returnFanStatus
return fan enable mode sts,returnFanStatus
ra fan vfd fb,returnFanStatus
returnairfan status fb,returnFanStatus
ra fan sig sts,returnFanStatus
returnair fan fb,returnFanStatus
rair fan fbk,returnFanStatus
returnfan status fb,returnFanStatus
returnairfan sig state,returnFanStatus
return fan on fb,returnFanStatus
zn co2 hi sp,zoneCO2HiSp
zone co2 high setpoint,zoneCO2HiSp
zone co2 high sp,zoneCO2HiSp
zn co2 hi spt,zoneCO2HiSp
zone co2 hi spt,zoneCO2HiSp
zone co2 hi sp,zoneCO2HiSp
zn co2 hi setpoint,zoneCO2HiSp
space co2 hi setpoint,zoneCO2HiSp
space co2 hi sp,zoneCO2HiSp
space co2 high sp,zoneCO2HiSp
rm co2 hi sp,zoneCO2HiSp
room co2 high setpoint,zoneCO2HiSp
room co2 hi spt,zoneCO2HiSp
zone co2 hi thresh,zoneCO2HiSp
zn co2 alarm high sp,zoneCO2HiSp
zn co2 limit high,zoneCO2HiSp
zn co2 high threshold,zoneCO2HiSp
co2 high sp zone,zoneCO2HiSp
co2 high spt zn,zoneCO2HiSp
co2 hi zone sp,zoneCO2HiSp
co2 zone hi spt,zoneCO2HiSp
co2 zonehighsp,zoneCO2HiSp
zn co2 high signal,zoneCO2HiSp
zn high co2 spt,zoneCO2HiSp
zone co2 hi sensor sp,zoneCO2HiSp
zone co2 threshold high,zoneCO2HiSp
zn high co2 sp,zoneCO2HiSp
space co2 high limit,zoneCO2HiSp
znco2 upper limit,zoneCO2HiSp
co2 upper spt,zoneCO2HiSp
zn co2 alm high sp,zoneCO2HiSp
zn co2 hi point,zoneCO2HiSp
rm co2 hi limit,zoneCO2HiSp
room co2 high spt,zoneCO2HiSp
zn co2 hi setpt,zoneCO2HiSp
zn co2 max sp,zoneCO2HiSp
co2 hi zone set,zoneCO2HiSp
co2 max zone sp,zoneCO2HiSp
zn co2 max,zoneCO2HiSp
zone co2 max limit,zoneCO2HiSp
co2 high alarm sp zn,zoneCO2HiSp
zn co2 hl spt,zoneCO2HiSp
znco2 alert high sp,zoneCO2HiSp
zoneco2 peak limit,zoneCO2HiSp
zn co2 lvl high sp,zoneCO2HiSp
zone co2 high trigger,zoneCO2HiSp
zn co2 hi alarm spt,zoneCO2HiSp
zn co2 crit high sp,zoneCO2HiSp
zone co2 upper threshold,zoneCO2HiSp
zone co2 limit max,zoneCO2HiSp
room co2 peak sp,zoneCO2HiSp
zn co2 hi band,zoneCO2HiSp
zn co2 hi signal set,zoneCO2HiSp
znco2 alarm threshold,zoneCO2HiSp
znco2 max threshold,zoneCO2HiSp
zn co2 ppm hi spt,zoneCO2HiSp
zn co2 hi bound,zoneCO2HiSp
zn co2 cutoff high,zoneCO2HiSp
co2 zn high signal,zoneCO2HiSp
zn hi co2 limit,zoneCO2HiSp
zn hi co2 trip,zoneCO2HiSp
znco2 alert lvl high,zoneCO2HiSp
room co2 upper sp,zoneCO2HiSp
zone co2 alarm limit,zoneCO2HiSp
zn co2 alm,zoneCO2Alarm
zone co2 alarm,zoneCO2Alarm
zone co2 alarm,zoneCO2Alarm
zone co2 alarm,zoneCO2Alarm
zn co2 alm,zoneCO2Alarm
zone co2 alm,zoneCO2Alarm
zn co2 alm,zoneCO2Alarm
space co2 alarm,zoneCO2Alarm
space co2 alm,zoneCO2Alarm
space co2 alarm,zoneCO2Alarm
rm co2 alm,zoneCO2Alarm
room co2 alarm,zoneCO2Alarm
room co2 alarm,zoneCO2Alarm
zone co2 high alm,zoneCO2Alarm
zn co2 alarm hi,zoneCO2Alarm
zn co2 alert,zoneCO2Alarm
zn co2 high alm,zoneCO2Alarm
co2 alarm zone,zoneCO2Alarm
co2 alm spt zn,zoneCO2Alarm
co2 zonealarm,zoneCO2Alarm
zn high co2 alm,zoneCO2Alarm
zone co2 alm status,zoneCO2Alarm
zone co2 high alert,zoneCO2Alarm
zn high co2 alarm,zoneCO2Alarm
space co2 alert,zoneCO2Alarm
znco2 upper alarm,zoneCO2Alarm
co2 alarm triggered zone,zoneCO2Alarm
zn co2 alm high,zoneCO2Alarm
zn co2 hi alm,zoneCO2Alarm
room co2 hi alarm,zoneCO2Alarm
room co2 alm,zoneCO2Alarm
zn co2 hi lvl alm,zoneCO2Alarm
zn co2 alert,zoneCO2Alarm
co2 high alarm zone,zoneCO2Alarm
zn co2 exceed limit,zoneCO2Alarm
zone co2 exceeded,zoneCO2Alarm
zn co2 hi flag,zoneCO2Alarm
co2 threshold alert zn,zoneCO2Alarm
zn co2 limit alarm,zoneCO2Alarm
zone co2 over limit,zoneCO2Alarm
zone co2 critical,zoneCO2Alarm
zn co2 level alert,zoneCO2Alarm
zone co2 exceeded alarm,zoneCO2Alarm
co2 high zone alarm,zoneCO2Alarm
zn co2 cutoff alm,zoneCO2Alarm
co2 alert zn,zoneCO2Alarm
zn hi co2 trip,zoneCO2Alarm
znco2 alarm signal,zoneCO2Alarm
room co2 exceeded,zoneCO2Alarm
zone co2 critical alarm,zoneCO2Alarm
zn co2 alert hi,zoneCO2Alarm
zn co2 overlimit alm,zoneCO2Alarm
zn co2 danger level,zoneCO2Alarm
room co2 safety alarm,zoneCO2Alarm
znco2 warn alarm,zoneCO2Alarm
room co2 trip,zoneCO2Alarm
zone co2 air alarm,zoneCO2Alarm
zone co2 safety alert,zoneCO2Alarm
znco2 threshold alarm,zoneCO2Alarm
zone co2 violation,zoneCO2Alarm
room co2 emergency alarm,zoneCO2Alarm
znco2 hi event,zoneCO2Alarm
room co2 high trigger,zoneCO2Alarm
zone co2 warning,zoneCO2Alarm
stm vlv,steamValve
steam valve,steamValve
steam vlv,steamValve
stm valve,steamValve
steam valve,steamValve
steam valve,steamValve
steam valve cmd,steamValve
steam valve command,steamValve
stm vlv cmd,steamValve
steam vlv cmd,steamValve
stm vlv out,steamValve
stm vlv o,steamValve
stm vlv ctrl,steamValve
stm vlv cmd,steamValve
steam valve cmd,steamValve
steamvlv cmd,steamValve
stmvalvecmd,steamValve
stm vlv output,steamValve
steam valve output,steamValve
steam valve signal,steamValve
steam cmd,steamValve
stm control valve,steamValve
steamctrlvlv,steamValve
stm v cmd,steamValve
stm cv cmd,steamValve
stm ctrl vlv,steamValve
steam control valve,steamValve
steam mod vlv,steamValve
stm out,steamValve
steam ctrl cmd,steamValve
stm vlv mod,steamValve
stm mod vlv,steamValve
stm valve output,steamValve
stm vlv pos cmd,steamValve
steam pos cmd,steamValve
stm vlv sig,steamValve
stm valve,steamValve
steam vlv signal,steamValve
stm valve cmd,steamValve
stm command,steamValve
stm ctr valve,steamValve
stm cmd output,steamValve
stm valve out,steamValve
steam vlv ctrl,steamValve
stm vlv act,steamValve
steam vlv actuate,steamValve
stm vlv control,steamValve
stmvalveact,steamValve
stm ctrl signal,steamValve
steamvlv out,steamValve
stm dmpr cmd,steamValve
stm act cmd,steamValve
stm control cmd,steamValve
stm out cmd,steamValve
stmvalve command,steamValve
steam modulation,steamValve
stm act output,steamValve
stm ctrl cmd,steamValve
stm pos out,steamValve
stmvalve drive,steamValve
stmctrl out,steamValve
stm vlv signal,steamValve
steamvlv ctrl,steamValve
stm cmd signal,steamValve
stm ctrl output,steamValve
stm vlv drive,steamValve
stm valve drive,steamValve
stm p,steamPressure
steam p,steamPressure
steam pressure,steamPressure
stm pressure,steamPressure
steam pressure,steamPressure
steam pressure,steamPressure
steam press,steamPressure
stm pres,steamPressure
stm presr,steamPressure
stm p,steamPressure
stm press,steamPressure
steam pres,steamPressure
stm psi,steamPressure
steam psi,steamPressure
stm press psi,steamPressure
steam press psi,steamPressure
steam pressure,steamPressure
stm p read,steamPressure
stm p feedback,steamPressure
stm pressure fb,steamPressure
stm p sig,steamPressure
stm line pressure,steamPressure
steam line pressure,steamPressure
stm p meas,steamPressure
stm press meas,steamPressure
stm press sensor,steamPressure
steam press sensor,steamPressure
stm p snsr,steamPressure
stm press sig,steamPressure
stm psig,steamPressure
stm blr press,steamPressure
stm blr p,steamPressure
boiler stm press,steamPressure
stm press input,steamPressure
stm p input,steamPressure
stm head pressure,steamPressure
stm sat press,steamPressure
stm ctrl press,steamPressure
stm hdr p,steamPressure
hdr steam press,steamPressure
stm sup pressure,steamPressure
stm trap in p,steamPressure
stm trap out p,steamPressure
stm press monitor,steamPressure
stm p feedback,steamPressure
stm manifold p,steamPressure
stm supply press,steamPressure
stm return press,steamPressure
stm sys press,steamPressure
stm syst pressure,steamPressure
steam pressure sensor,steamPressure
stm p tap,steamPressure
stm gauge,steamPressure
stm gauge press,steamPressure
stm psia,steamPressure
stm pressure read,steamPressure
stm measured pressure,steamPressure
stm pressure value,steamPressure
stm pressure feed,steamPressure
stm p fb,steamPressure
stm p value,steamPressure
stm hdr prs,steamPressure
stm supply prs,steamPressure
stm pipe p,steamPressure
stm line prs,steamPressure
stm p val,steamPressure
stm feed pressure,steamPressure
stm mtrd press,steamPressure
steamhdrpress,steamPressure
gas flow lo alm,gasFlowLoAlarm
gas flow lo alarm,gasFlowLoAlarm
low gas flow alarm,gasFlowLoAlarm
gas flow lo alarm,gasFlowLoAlarm
gas flow low alarm,gasFlowLoAlarm
gas flow low alarm,gasFlowLoAlarm
gas flow limit low,gasFlowLoAlarm
low gas flow alarm,gasFlowLoAlarm
gas flow lalm,gasFlowLoAlarm
gas lo flow alm,gasFlowLoAlarm
gas flow lo,gasFlowLoAlarm
gflow lo alm,gasFlowLoAlarm
gasloflowalm,gasFlowLoAlarm
gas flow low,gasFlowLoAlarm
gas flow underlimit,gasFlowLoAlarm
gas flow alarm low,gasFlowLoAlarm
gflow low alm,gasFlowLoAlarm
gas flow safety lo,gasFlowLoAlarm
gas flow bellow thresh,gasFlowLoAlarm
gas flow below limit,gasFlowLoAlarm
gas flow min alm,gasFlowLoAlarm
gas flow fail low,gasFlowLoAlarm
gas flow crit low,gasFlowLoAlarm
gflow alert low,gasFlowLoAlarm
low limit gas flow,gasFlowLoAlarm
gflow alm lo,gasFlowLoAlarm
gas alarm flow low,gasFlowLoAlarm
gas low flow signal,gasFlowLoAlarm
gflowloalm,gasFlowLoAlarm
gas min flow alarm,gasFlowLoAlarm
fuelgas flow lo alarm,gasFlowLoAlarm
lo flow alarm gas,gasFlowLoAlarm
gflow min alm,gasFlowLoAlarm
gas flow alert low,gasFlowLoAlarm
gas flow below min,gasFlowLoAlarm
gas flow alarm lowlimit,gasFlowLoAlarm
fuel flow low alm,gasFlowLoAlarm
gas flow warning low,gasFlowLoAlarm
gas flow safety alarm low,gasFlowLoAlarm
gas flow threshold under,gasFlowLoAlarm
gflow low alarm flag,gasFlowLoAlarm
gflow low limit alert,gasFlowLoAlarm
gasflow too low,gasFlowLoAlarm
fuelgas flow alarm low,gasFlowLoAlarm
gas flow under safety,gasFlowLoAlarm
gas flow below setpoint,gasFlowLoAlarm
gflow low safety alarm,gasFlowLoAlarm
gas flow drop alm,gasFlowLoAlarm
gflow alarm lo,gasFlowLoAlarm
gas flow cut off alm,gasFlowLoAlarm
gflow limit low alm,gasFlowLoAlarm
gflow below normal,gasFlowLoAlarm
gflow safety limit low,gasFlowLoAlarm
fuel gas lo flow alarm,gasFlowLoAlarm
gflow failsafe lo,gasFlowLoAlarm
fuel flow min threshold,gasFlowLoAlarm
gas line flow lo alm,gasFlowLoAlarm
gflow low warn,gasFlowLoAlarm
gas flow breach low,gasFlowLoAlarm
gasflow low alert,gasFlowLoAlarm
fuelgas lo alm,gasFlowLoAlarm
gflow safety lo sptrip,gasFlowLoAlarm
fuelflow lo alarm,gasFlowLoAlarm
gflow alarm min,gasFlowLoAlarm
gas press lo alm,gasPressureLoAlarm
gas press lo alarm,gasPressureLoAlarm
gas pressure lo alarm,gasPressureLoAlarm
gas pressure low alarm,gasPressureLoAlarm
gas pressure low alarm,gasPressureLoAlarm
low gas pressure alarm,gasPressureLoAlarm
gas press lalm,gasPressureLoAlarm
gas lo press alm,gasPressureLoAlarm
gas press lo,gasPressureLoAlarm
gpress lo alm,gasPressureLoAlarm
gaslopressalm,gasPressureLoAlarm
gas pressure low,gasPressureLoAlarm
gas press underlimit,gasPressureLoAlarm
gas press alarm low,gasPressureLoAlarm
gpress low alm,gasPressureLoAlarm
gas press safety lo,gasPressureLoAlarm
gas press bellow thresh,gasPressureLoAlarm
gas press below limit,gasPressureLoAlarm
gas press min alm,gasPressureLoAlarm
gas press fail low,gasPressureLoAlarm
gas press crit low,gasPressureLoAlarm
gpress alert low,gasPressureLoAlarm
low limit gas press,gasPressureLoAlarm
gpress alm lo,gasPressureLoAlarm
gas alarm pressure low,gasPressureLoAlarm
gas low pressure signal,gasPressureLoAlarm
gpressloalm,gasPressureLoAlarm
gas min pressure alarm,gasPressureLoAlarm
fuelgas press lo alarm,gasPressureLoAlarm
lo press alarm gas,gasPressureLoAlarm
gpress min alm,gasPressureLoAlarm
gas press alert low,gasPressureLoAlarm
gas press below min,gasPressureLoAlarm
gas press alarm lowlimit,gasPressureLoAlarm
fuel press low alm,gasPressureLoAlarm
gas press warning low,gasPressureLoAlarm
gas press safety alarm low,gasPressureLoAlarm
gas press threshold under,gasPressureLoAlarm
gpress low alarm flag,gasPressureLoAlarm
gpress low limit alert,gasPressureLoAlarm
gaspress too low,gasPressureLoAlarm
fuelgas press alarm low,gasPressureLoAlarm
gas press under safety,gasPressureLoAlarm
gas press below setpoint,gasPressureLoAlarm
gpress low safety alarm,gasPressureLoAlarm
gas press drop alm,gasPressureLoAlarm
gpress alarm lo,gasPressureLoAlarm
gas press cut off alm,gasPressureLoAlarm
gpress limit low alm,gasPressureLoAlarm
gpress below normal,gasPressureLoAlarm
gpress safety limit low,gasPressureLoAlarm
fuel gas lo press alarm,gasPressureLoAlarm
gpress failsafe lo,gasPressureLoAlarm
fuel press min threshold,gasPressureLoAlarm
gas line press lo alm,gasPressureLoAlarm
gpress low warn,gasPressureLoAlarm
gas press breach low,gasPressureLoAlarm
gaspressure low alert,gasPressureLoAlarm
fuelgas lo press alm,gasPressureLoAlarm
gpress safety lo sptrip,gasPressureLoAlarm
fuelpressure lo alarm,gasPressureLoAlarm
gpress alarm min,gasPressureLoAlarm
gas press limit low,gasPressureLoAlarm
gas press alert lvl low,gasPressureLoAlarm
gpress warn below limit,gasPressureLoAlarm
blr pump,heatingCoilPump
blr pump,heatingCoilPump
blr pmp,heatingCoilPump
hot water pump,heatingCoilPump
boiler pump,heatingCoilPump
blr pmp cmd,heatingCoilPump
blr pmp cmd,heatingCoilPump
blr pump cmd,heatingCoilPump
boiler pump,heatingCoilPump
boiler pump,heatingCoilPump
boiler pump,heatingCoilPump
boiler pump command,heatingCoilPump
boiler pump cmd,heatingCoilPump
boiler pump cmd,heatingCoilPump
blr cmd,heatingCoilPump
blr cmd,heatingCoilPump
boiler pump,heatingCoilPump
blr pmp,heatingCoilPump
blr pmp,heatingCoilPump
blr pump,heatingCoilPump
blr pump,heatingCoilPump
blr pmp ctrl,heatingCoilPump
blr pmp out,heatingCoilPump
boiler pump control,heatingCoilPump
blr pmp out,heatingCoilPump
boiler pump enable,heatingCoilPump
boiler loop pump,heatingCoilPump
boiler water pump,heatingCoilPump
heating pump,heatingCoilPump
heating pump cmd,heatingCoilPump
htg pump,heatingCoilPump
htg pmp,heatingCoilPump
htg pmp cmd,heatingCoilPump
htg pmp cmd,heatingCoilPump
heating loop pump,heatingCoilPump
hw pump,heatingCoilPump
hw pmp,heatingCoilPump
hw pmp cmd,heatingCoilPump
hw pump command,heatingCoilPump
hot water pump cmd,heatingCoilPump
hot water pump,heatingCoilPump
hwpmp cmd,heatingCoilPump
blr circpmp,heatingCoilPump
blr circ pump,heatingCoilPump
blr loop pmp,heatingCoilPump
blr circ cmd,heatingCoilPump
boiler circ pump,heatingCoilPump
boiler pump ctrl,heatingCoilPump
boiler pump start,heatingCoilPump
blr pmp start,heatingCoilPump
heating circuit pump,heatingCoilPump
heat loop pump,heatingCoilPump
blr htg pmp,heatingCoilPump
htg pmp ena,heatingCoilPump
hw loop pump,heatingCoilPump
hw pmp on,heatingCoilPump
hw circpmp cmd,heatingCoilPump
boiler pmp enable,heatingCoilPump
hw loop pmp cmd,heatingCoilPump
htg pump signal,heatingCoilPump
hw circ pump out,heatingCoilPump
hw circ cmd,heatingCoilPump
hot water loop pump,heatingCoilPump
hw sply pump,heatingCoilPump
boiler pump out,heatingCoilPump
blr pmp signal,heatingCoilPump
boiler pump actuation,heatingCoilPump
hw pmp ctrl,heatingCoilPump
boiler pump act,heatingCoilPump
blr pump sts,heatingCoilPumpStatus
blr pump status,heatingCoilPumpStatus
blr pmp sts,heatingCoilPumpStatus
blr pmp sts,heatingCoilPumpStatus
boiler pump status,heatingCoilPumpStatus
blr pmp sts,heatingCoilPumpStatus
blr pmp sts,heatingCoilPumpStatus
boiler pump status,heatingCoilPumpStatus
boiler pump status,heatingCoilPumpStatus
boiler pump sts,heatingCoilPumpStatus
blr pmp fb,heatingCoilPumpStatus
blr pmp fbk,heatingCoilPumpStatus
boiler pump feedback,heatingCoilPumpStatus
boiler pump running,heatingCoilPumpStatus
boiler pump run status,heatingCoilPumpStatus
blr pmp run,heatingCoilPumpStatus
blr pmp on,heatingCoilPumpStatus
blr pmp output,heatingCoilPumpStatus
blr pump on sts,heatingCoilPumpStatus
blr circpmp sts,heatingCoilPumpStatus
boiler circ pump status,heatingCoilPumpStatus
hw pmp sts,heatingCoilPumpStatus
hw pump status,heatingCoilPumpStatus
hot water pump status,heatingCoilPumpStatus
hw circ pump status,heatingCoilPumpStatus
hw circpmp fb,heatingCoilPumpStatus
hw pmp feedback,heatingCoilPumpStatus
heating pump status,heatingCoilPumpStatus
htg pmp sts,heatingCoilPumpStatus
htg pmp sts,heatingCoilPumpStatus
htg pmp fb,heatingCoilPumpStatus
htg pmp fbk,heatingCoilPumpStatus
htg pump feedback,heatingCoilPumpStatus
htg pump running,heatingCoilPumpStatus
heating loop pump status,heatingCoilPumpStatus
heat loop pmp sts,heatingCoilPumpStatus
boiler loop pump status,heatingCoilPumpStatus
boiler pump on,heatingCoilPumpStatus
boiler pump state,heatingCoilPumpStatus
blr pump run fb,heatingCoilPumpStatus
hw loop pump sts,heatingCoilPumpStatus
hw pmp state,heatingCoilPumpStatus
hw circ sts,heatingCoilPumpStatus
hw pmp sig,heatingCoilPumpStatus
hw pmp status fdbk,heatingCoilPumpStatus
boiler pump fdbk,heatingCoilPumpStatus
boiler pump run fbk,heatingCoilPumpStatus
blr pmp rn sts,heatingCoilPumpStatus
blr pmp fb,heatingCoilPumpStatus
blr pmp fb,heatingCoilPumpStatus
htg pump run fb,heatingCoilPumpStatus
heating pump fbk,heatingCoilPumpStatus
hw supply pump sts,heatingCoilPumpStatus
hw loop pump fb,heatingCoilPumpStatus
hw pump on status,heatingCoilPumpStatus
boiler pmp act sts,heatingCoilPumpStatus
boiler pump run sts,heatingCoilPumpStatus
boiler pmp on fbk,heatingCoilPumpStatus
blr pmp rn fb,heatingCoilPumpStatus
hw pmp on fb,heatingCoilPumpStatus
boiler pump run indicator,heatingCoilPumpStatus
hw pmp live feedback,heatingCoilPumpStatus
blr pmp live status,heatingCoilPumpStatus
blr pump running,heatingCoilPumpStatus
blr circ fb,heatingCoilPumpStatus
blr pmp alm,heatingCoilPumpAlarm
blr pump alarm,heatingCoilPumpAlarm
blr pmp alarm,heatingCoilPumpAlarm
boiler pump alarm,heatingCoilPumpAlarm
blr pmp alm,heatingCoilPumpAlarm
blr pmp alm,heatingCoilPumpAlarm
boiler pump alarm,heatingCoilPumpAlarm
boiler pump alarm,heatingCoilPumpAlarm
boiler pump alarm,heatingCoilPumpAlarm
blr pmp fail,heatingCoilPumpAlarm
blr pmp flt,heatingCoilPumpAlarm
blr pmp trip,heatingCoilPumpAlarm
blr pmp flt,heatingCoilPumpAlarm
boiler pump trip,heatingCoilPumpAlarm
boiler pump fail,heatingCoilPumpAlarm
blr pmp fault alarm,heatingCoilPumpAlarm
blr circ alm,heatingCoilPumpAlarm
blr circpmp alarm,heatingCoilPumpAlarm
boiler circ pump alarm,heatingCoilPumpAlarm
boiler pmp alm,heatingCoilPumpAlarm
boiler pmp alarm,heatingCoilPumpAlarm
blr pmp warn,heatingCoilPumpAlarm
blr loop pump alarm,heatingCoilPumpAlarm
blr pump warn,heatingCoilPumpAlarm
boiler loop pump alarm,heatingCoilPumpAlarm
hw pmp alm,heatingCoilPumpAlarm
hw pump alarm,heatingCoilPumpAlarm
hw pmp alm,heatingCoilPumpAlarm
hot water pump alarm,heatingCoilPumpAlarm
hw circpmp alarm,heatingCoilPumpAlarm
hw circ alarm,heatingCoilPumpAlarm
hw pump warn,heatingCoilPumpAlarm
hw pump trip,heatingCoilPumpAlarm
hw pmp fail,heatingCoilPumpAlarm
hw pump flt,heatingCoilPumpAlarm
heating pump alarm,heatingCoilPumpAlarm
htg pmp alm,heatingCoilPumpAlarm
htg pmp alarm,heatingCoilPumpAlarm
htg pump alm,heatingCoilPumpAlarm
htg pump warn,heatingCoilPumpAlarm
htg loop pump alm,heatingCoilPumpAlarm
heating loop pump alarm,heatingCoilPumpAlarm
heat loop pump alm,heatingCoilPumpAlarm
blr pmp err,heatingCoilPumpAlarm
hw pmp err,heatingCoilPumpAlarm
boiler pump error,heatingCoilPumpAlarm
boiler pump fail signal,heatingCoilPumpAlarm
blr pump flt alarm,heatingCoilPumpAlarm
hw circ pmp fault,heatingCoilPumpAlarm
hw supply pump alarm,heatingCoilPumpAlarm
blr cmd flt,heatingCoilPumpAlarm
boiler pump failure alm,heatingCoilPumpAlarm
blr flow fail alm,heatingCoilPumpAlarm
hw flow fail alm,heatingCoilPumpAlarm
htg circ alarm,heatingCoilPumpAlarm
hw pmp alarm signal,heatingCoilPumpAlarm
boiler pmp warn,heatingCoilPumpAlarm
hw pump alarm output,heatingCoilPumpAlarm
boiler pump tripped,heatingCoilPumpAlarm
hw circ trip alm,heatingCoilPumpAlarm
blr pmp trouble,heatingCoilPumpAlarm
heating pump trouble,heatingCoilPumpAlarm
boiler pump warning,heatingCoilPumpAlarm
blr pmp alarm sig,heatingCoilPumpAlarm
hw pump error indicator,heatingCoilPumpAlarm
oa t avg,outsideTempAvg
oa temp avg,outsideTempAvg
oa avg temp,outsideTempAvg
oat avg,outsideTempAvg
outside temp avg,outsideTempAvg
outside temp avg,outsideTempAvg
out temp avg,outsideTempAvg
oa temp average,outsideTempAvg
avg outside air temp,outsideTempAvg
avg oa temp,outsideTempAvg
oa temp mean,outsideTempAvg
oa temp mean,outsideTempAvg
outside air temp avg,outsideTempAvg
oa temp averaged,outsideTempAvg
average oat,outsideTempAvg
mean outside temp,outsideTempAvg
mean oa temperature,outsideTempAvg
outair t avg,outsideTempAvg
oa mean temp,outsideTempAvg
oa temp long avg,outsideTempAvg
outdoor temp average,outsideTempAvg
outdoor air temp avg,outsideTempAvg
oa temp min avg,outsideTempAvg
oa temp hr avg,outsideTempAvg
oa temp hr avg,outsideTempAvg
outside air temp rolling avg,outsideTempAvg
rolling avg outside temp,outsideTempAvg
oat h avg,outsideTempAvg
oat min avg,outsideTempAvg
oa temp lag avg,outsideTempAvg
outside air mean temp,outsideTempAvg
outside temp smoothed,outsideTempAvg
oa temp filt avg,outsideTempAvg
filtered outside temp,outsideTempAvg
outside temp running avg,outsideTempAvg
outside temp smooth,outsideTempAvg
smoothed oa temp,outsideTempAvg
oa avg temperature,outsideTempAvg
outside air temperature avg,outsideTempAvg
oa avg sensor,outsideTempAvg
outdoor temp filtered avg,outsideTempAvg
oa temp aggregate,outsideTempAvg
oa avg temp,outsideTempAvg
outside temp trend avg,outsideTempAvg
average outdoor temp,outsideTempAvg
outdoor temp sensor avg,outsideTempAvg
outdoor temp average reading,outsideTempAvg
oa temp sensor mean,outsideTempAvg
avg oa sensor temp,outsideTempAvg
outside air temp trend,outsideTempAvg
oa temp average min,outsideTempAvg
oa temp average min,outsideTempAvg
oa t mean,outsideTempAvg
outdoor temperature average,outsideTempAvg
avg ext air temp,outsideTempAvg
avg outdoor temp,outsideTempAvg
oa trend avg,outsideTempAvg
oa temp rolling mean,outsideTempAvg
avg oa reading,outsideTempAvg
oa t fault,outsideTempFault
oa temp fault,outsideTempFault
oa temp flt,outsideTempFault
oa t flt,outsideTempFault
oa t fail,outsideTempFault
oat fault,outsideTempFault
outside temp fault,outsideTempFault
outside temp fault,outsideTempFault
oa temp sensor fault,outsideTempFault
oa t signal error,outsideTempFault
oa t sig err,outsideTempFault
oa temp sensor error,outsideTempFault
outside air temp fault,outsideTempFault
outside temp sensor fault,outsideTempFault
oa t err,outsideTempFault
oa t error,outsideTempFault
oa temp err,outsideTempFault
oa sensor fault,outsideTempFault
oa t sensor flt,outsideTempFault
oa t sensor fail,outsideTempFault
oat sensor fault,outsideTempFault
oa t noread,outsideTempFault
oa t nosig,outsideTempFault
oa temp failsafe,outsideTempFault
oa sensor flt,outsideTempFault
oa signal failure,outsideTempFault
oa t invalid,outsideTempFault
oa t open circuit,outsideTempFault
oa t shorted,outsideTempFault
oa t open fault,outsideTempFault
oa temp not available,outsideTempFault
oa t unreliable,outsideTempFault
outdoor temperature fault,outsideTempFault
outdoor temp sensor fault,outsideTempFault
oa temp comm fail,outsideTempFault
oa sensor disconnect,outsideTempFault
oa temp lost,outsideTempFault
oa temp down,outsideTempFault
oa sensor error flag,outsideTempFault
oa fault flag,outsideTempFault
oat fault flag,outsideTempFault
oa t status err,outsideTempFault
oa temp trbl,outsideTempFault
outside temp tripped,outsideTempFault
out temp sensor flt,outsideTempFault
oa temp sensor fail,outsideTempFault
oa t failure alarm,outsideTempFault
oa t fault indicator,outsideTempFault
oa t detected fault,outsideTempFault
oa sensor signal loss,outsideTempFault
oa sensor fault flag,outsideTempFault
oa t degraded,outsideTempFault
oa t status fault,outsideTempFault
outside air temp comm error,outsideTempFault
oa temp not responding,outsideTempFault
oa sensor resp fail,outsideTempFault
oa temp fault alarm,outsideTempFault
outside temp error state,outsideTempFault
oat failure condition,outsideTempFault
oa t read fail,outsideTempFault
oa t error alarm,outsideTempFault
oa t sensor check,outsideTempFault
oa t hi sp,outsideTempHiSp
oa t hi sp,outsideTempHiSp
oat high sp,outsideTempHiSp
oa t high sp,outsideTempHiSp
oa temp hi sp,outsideTempHiSp
oa high setpoint,outsideTempHiSp
outside temp hi sp,outsideTempHiSp
outside air temp hi sp,outsideTempHiSp
outside temp high setpoint,outsideTempHiSp
out temp hi sp,outsideTempHiSp
outside air temp hi sp,outsideTempHiSp
oat high limit,outsideTempHiSp
oa hi temp sp,outsideTempHiSp
oa t hi limit,outsideTempHiSp
oa temp hi limit,outsideTempHiSp
outside temp limit hi,outsideTempHiSp
oa t lockout sp,outsideTempHiSp
oa lockout high sp,outsideTempHiSp
economizer hi oat sp,outsideTempHiSp
oa econ lockout hi,outsideTempHiSp
outside air hi threshold,outsideTempHiSp
outside air temp hi limit,outsideTempHiSp
oa hi temp threshold,outsideTempHiSp
oat high thresh,outsideTempHiSp
oa hi thresh temp,outsideTempHiSp
oa hitemp sp,outsideTempHiSp
oa t hilim,outsideTempHiSp
oa t high sp set,outsideTempHiSp
outdoor temp hi sp,outsideTempHiSp
outside hi sp,outsideTempHiSp
outside temp upper limit,outsideTempHiSp
oa t hi point,outsideTempHiSp
oa temp high target,outsideTempHiSp
oat high setting,outsideTempHiSp
oa t thresh hi,outsideTempHiSp
oa hi sp temp,outsideTempHiSp
oa hi limit temp,outsideTempHiSp
oa temp hi control sp,outsideTempHiSp
oa t sp high,outsideTempHiSp
oa temp sp hi,outsideTempHiSp
oa hi breakpoint,outsideTempHiSp
oa temp setpoint max,outsideTempHiSp
oa t max allowed,outsideTempHiSp
oa t hi cutoff,outsideTempHiSp
oa high temp enable,outsideTempHiSp
oa high temp lockout,outsideTempHiSp
outside temp hi cutoff,outsideTempHiSp
outside air temp hi ref,outsideTempHiSp
oa t hi reference,outsideTempHiSp
oa temp max threshold,outsideTempHiSp
outside temp hi ctrl point,outsideTempHiSp
oa hi setting,outsideTempHiSp
oa temp max trigger,outsideTempHiSp
oa hi switch point,outsideTempHiSp
outside hi reset temp,outsideTempHiSp
oa high limit temp sp,outsideTempHiSp
oat hi cutoff,outsideTempHiSp
oa t lo sp,outsideTempLoSp
oa temp lo sp,outsideTempLoSp
oa t low sp,outsideTempLoSp
oat low sp,outsideTempLoSp
oa temp low setpoint,outsideTempLoSp
oa low setpoint,outsideTempLoSp
outside temp lo sp,outsideTempLoSp
outside air temp lo sp,outsideTempLoSp
outside temp low setpoint,outsideTempLoSp
oa lo sp,outsideTempLoSp
oa t low threshold,outsideTempLoSp
oa t reset lo sp,outsideTempLoSp
oa econ enable lo sp,outsideTempLoSp
oa enable low temp,outsideTempLoSp
oa temp enable sp,outsideTempLoSp
oa enable sp temp,outsideTempLoSp
oa low temp cutoff,outsideTempLoSp
oa min limit temp,outsideTempLoSp
oa temp min trigger,outsideTempLoSp
oa lo temp cutoff,outsideTempLoSp
oa lo limit sp,outsideTempLoSp
outside temp lo sp,outsideTempLoSp
oa lo reset temp,outsideTempLoSp
oa t sp low,outsideTempLoSp
oa temp sp lo,outsideTempLoSp
oa temp setpoint min,outsideTempLoSp
outside low reset temp,outsideTempLoSp
oa temp lo control sp,outsideTempLoSp
oa lo cutoff sp,outsideTempLoSp
oa lo temp enable,outsideTempLoSp
oat low limit,outsideTempLoSp
oa lo barrier,outsideTempLoSp
oa temp min setting,outsideTempLoSp
oa lo temp setting,outsideTempLoSp
oa min temp enable,outsideTempLoSp
oa min setpoint,outsideTempLoSp
oa low limit temp sp,outsideTempLoSp
oa temp lo reference,outsideTempLoSp
oa low temp point,outsideTempLoSp
oa lo target temp,outsideTempLoSp
oa temp low trip,outsideTempLoSp
oa temp min ref,outsideTempLoSp
oa min reset temp,outsideTempLoSp
outside temp min sp,outsideTempLoSp
oa reset sp low,outsideTempLoSp
oa temp lockout low,outsideTempLoSp
oa temp cutin sp,outsideTempLoSp
oa t lo ref,outsideTempLoSp
outside air temp min sp,outsideTempLoSp
oat lo cutoff,outsideTempLoSp
chwr t,evapEnteringTemp
chilled water return temp,evapEnteringTemp
chwrettmp,evapEnteringTemp
chw ret tmp,evapEnteringTemp
ch rettemp,evapEnteringTemp
chiller return temperature,evapEnteringTemp
chw rt,evapEnteringTemp
chw ret t,evapEnteringTemp
chwrtmp,evapEnteringTemp
chw rtmp,evapEnteringTemp
chwr tmp,evapEnteringTemp
chw rt tmp,evapEnteringTemp
chwret temp,evapEnteringTemp
chw ret temp,evapEnteringTemp
chilled water return temperature,evapEnteringTemp
evap ent tmp,evapEnteringTemp
evap ent tmp,evapEnteringTemp
evap ent tmp,evapEnteringTemp
evap ent temp,evapEnteringTemp
evap entering temp,evapEnteringTemp
evap enter temp,evapEnteringTemp
evapentemp,evapEnteringTemp
evap entertemp,evapEnteringTemp
evap entering temperature,evapEnteringTemp
evap entering temperature,evapEnteringTemp
evapent t,evapEnteringTemp
evap ent temp,evapEnteringTemp
evap entrance temp,evapEnteringTemp
evap entr tmp,evapEnteringTemp
evp ent tmp,evapEnteringTemp
evapentrtmp,evapEnteringTemp
ch rettemp,evapEnteringTemp
ch rettemp,evapEnteringTemp
cwrettemp,evapEnteringTemp
cw ret temp,evapEnteringTemp
cw ret temp,evapEnteringTemp
cwr temp sensor,evapEnteringTemp
cwr temp sensor,evapEnteringTemp
chiller water return temp,evapEnteringTemp
chw ret snsr,evapEnteringTemp
cw rtr temp,evapEnteringTemp
c wr temp,evapEnteringTemp
chwrt,evapEnteringTemp
chwrtemp,evapEnteringTemp
chw r temp,evapEnteringTemp
ewt,evapEnteringTemp
ewt,evapEnteringTemp
ew tmp,evapEnteringTemp
e w tmp,evapEnteringTemp
ewt temp,evapEnteringTemp
ewt tmp,evapEnteringTemp
u1 chw ret tmp,evapEnteringTemp
unit cw ret temp,evapEnteringTemp
ch wtr ret t,evapEnteringTemp
ch wrt,evapEnteringTemp
coil enter temp,evapEnteringTemp
coil enter temp,evapEnteringTemp
coil entr tmp,evapEnteringTemp
coil ret temp,evapEnteringTemp
ret chw temp,evapEnteringTemp
ret chw tmp,evapEnteringTemp
trane cw return temp,evapEnteringTemp
trane cw ret temp,evapEnteringTemp
chil ret tmp,evapEnteringTemp
return water temp,evapEnteringTemp
return wtr temp,evapEnteringTemp
cwrtrtmp,evapEnteringTemp
chilled water rtr temp,evapEnteringTemp
chilwrtrtmp,evapEnteringTemp
chw rtr temp,evapEnteringTemp
chw rtr,evapEnteringTemp
chw rtr,evapEnteringTemp
chiller rtmp,evapEnteringTemp
chiller rt tmp,evapEnteringTemp
ch w ret temp,evapEnteringTemp
ch w ret tmp,evapEnteringTemp
ch w ret temp,evapEnteringTemp
chw ret temp,evapEnteringTemp
cw ret coil temp,evapEnteringTemp
coil cw ret temp,evapEnteringTemp
coil chw ret temp,evapEnteringTemp
chws t,evapLeavingTemp
chilled water supply temp,evapLeavingTemp
chw sup temp,evapLeavingTemp
chw sup temp,evapLeavingTemp
chw sup temp,evapLeavingTemp
chw sup temp,evapLeavingTemp
chws temp,evapLeavingTemp
chw temp sup,evapLeavingTemp
chilled water supply temperature,evapLeavingTemp
chwstemp,evapLeavingTemp
chw stemp,evapLeavingTemp
chw stemp,evapLeavingTemp
chw supply temp,evapLeavingTemp
chw sup temp snsr,evapLeavingTemp
cwsuptmp,evapLeavingTemp
cws t,evapLeavingTemp
chiller water supply temperature,evapLeavingTemp
chillwtrsuptmp,evapLeavingTemp
chill wtr sup t,evapLeavingTemp
chillwtrsuptemp,evapLeavingTemp
chill water supply temp,evapLeavingTemp
chill wtr sup temp,evapLeavingTemp
clg wtr sup tmp,evapLeavingTemp
clg water supply temp,evapLeavingTemp
clg wtr sup temp,evapLeavingTemp
clgwt suptemp,evapLeavingTemp
clg wtr sup temp,evapLeavingTemp
clg wtr sup temperature,evapLeavingTemp
clg wtr sup temp,evapLeavingTemp
coldwtrsuptmp,evapLeavingTemp
cold water supply temp,evapLeavingTemp
cold water supply temp,evapLeavingTemp
cold wtr sup temperature,evapLeavingTemp
cold wtr sup temp,evapLeavingTemp
chwsupt,evapLeavingTemp
chwsup,evapLeavingTemp
chw s up temp,evapLeavingTemp
chw sup t,evapLeavingTemp
chw sup t,evapLeavingTemp
chw sup t,evapLeavingTemp
evap leav temp,evapLeavingTemp
evap leav temp,evapLeavingTemp
evap leav tmp,evapLeavingTemp
evap leav tmp,evapLeavingTemp
evap leaving temp,evapLeavingTemp
evapleavtemp,evapLeavingTemp
evap leave temp,evapLeavingTemp
evap leaving temperature,evapLeavingTemp
evap leaving temperature,evapLeavingTemp
coil evap exit temp,evapLeavingTemp
coil evap exit temp,evapLeavingTemp
coil evap exit temperature,evapLeavingTemp
coil evap exit temp,evapLeavingTemp
evap exit tmp,evapLeavingTemp
evap exit temp,evapLeavingTemp
evapexittemp,evapLeavingTemp
u1 chw sup tmp,evapLeavingTemp
u2 chw sup temp,evapLeavingTemp
ch sup temp,evapLeavingTemp
ch sup temp,evapLeavingTemp
chw sup temp,evapLeavingTemp
chw sup tmp,evapLeavingTemp
chw sup tmp,evapLeavingTemp
chws tmp,evapLeavingTemp
chwsuptemp,evapLeavingTemp
trane chw sup temp,evapLeavingTemp
trane chw sup temp,evapLeavingTemp
chw sup snsr,evapLeavingTemp
chwst snsr,evapLeavingTemp
chwsuptsnsr,evapLeavingTemp
hws temp,heatingCoilLeavingTemp
hws t,heatingCoilLeavingTemp
hws temp,heatingCoilLeavingTemp
hwsuptemp,heatingCoilLeavingTemp
hw sup temp,heatingCoilLeavingTemp
hw supply temp,heatingCoilLeavingTemp
hw supply temperature,heatingCoilLeavingTemp
hot water supply temp,heatingCoilLeavingTemp
hot water supply temperature,heatingCoilLeavingTemp
hws temp sensor,heatingCoilLeavingTemp
hw sup t,heatingCoilLeavingTemp
hw out temp,heatingCoilLeavingTemp
hwouttemp,heatingCoilLeavingTemp
hw t out,heatingCoilLeavingTemp
heatcoil out temp,heatingCoilLeavingTemp
heating coil leaving temp,heatingCoilLeavingTemp
heating coil out temp,heatingCoilLeavingTemp
heating coil leaving temp,heatingCoilLeavingTemp
heating coil supply temp,heatingCoilLeavingTemp
blr suptemp,heatingCoilLeavingTemp
blr suptemp,heatingCoilLeavingTemp
blr supply temp,heatingCoilLeavingTemp
blr sup temp,heatingCoilLeavingTemp
blr sup temp,heatingCoilLeavingTemp
boiler sup temp,heatingCoilLeavingTemp
boiler supply temp,heatingCoilLeavingTemp
boiler sup temp,heatingCoilLeavingTemp
blr supply water temp,heatingCoilLeavingTemp
boiler outlet temp,heatingCoilLeavingTemp
boiler out temp,heatingCoilLeavingTemp
boiler wtr supply,heatingCoilLeavingTemp
blr out temp,heatingCoilLeavingTemp
blr out temp,heatingCoilLeavingTemp
hw coil outlet temp,heatingCoilLeavingTemp
hw coil exit temp,heatingCoilLeavingTemp
hw coil out temp,heatingCoilLeavingTemp
hw leaving temp,heatingCoilLeavingTemp
hw coil sup temp,heatingCoilLeavingTemp
hw outlet temp sensor,heatingCoilLeavingTemp
hw supply temp sensor,heatingCoilLeavingTemp
hw coil discharge temp,heatingCoilLeavingTemp
hot water leaving temp,heatingCoilLeavingTemp
hot water out temp,heatingCoilLeavingTemp
hot water leaving temperature,heatingCoilLeavingTemp
hw supply temp feedback,heatingCoilLeavingTemp
hws feedback temp,heatingCoilLeavingTemp
hw coil temp out,heatingCoilLeavingTemp
hw coil output temp,heatingCoilLeavingTemp
blr out temp,heatingCoilLeavingTemp
blr temp sup,heatingCoilLeavingTemp
boiler wtr temp out,heatingCoilLeavingTemp
boiler temp supply,heatingCoilLeavingTemp
blr output temp,heatingCoilLeavingTemp
blr supply temperature,heatingCoilLeavingTemp
boiler sup temp sensor,heatingCoilLeavingTemp
hw output temp,heatingCoilLeavingTemp
hw supply line temp,heatingCoilLeavingTemp
hw t supply,heatingCoilLeavingTemp
hw temp supply,heatingCoilLeavingTemp
hw supply t,heatingCoilLeavingTemp
hw line supply temp,heatingCoilLeavingTemp
hw sup temp out,heatingCoilLeavingTemp
hw temp out sensor,heatingCoilLeavingTemp
hwr temp,heatingCoilEnteringTemp
hwr t,heatingCoilEnteringTemp
hwr temp,heatingCoilEnteringTemp
hw return temp,heatingCoilEnteringTemp
hw return temperature,heatingCoilEnteringTemp
hwretemp,heatingCoilEnteringTemp
hwr temp sensor,heatingCoilEnteringTemp
hwr sensor,heatingCoilEnteringTemp
hw return,heatingCoilEnteringTemp
hot water return temp,heatingCoilEnteringTemp
hot water return temperature,heatingCoilEnteringTemp
heating coil entering temp,heatingCoilEnteringTemp
heating coil entering temperature,heatingCoilEnteringTemp
heating coil inlet temp,heatingCoilEnteringTemp
hw inlet temp,heatingCoilEnteringTemp
hwr inlet temp,heatingCoilEnteringTemp
hw return temp,heatingCoilEnteringTemp
hw ret temp,heatingCoilEnteringTemp
hw rtn temp,heatingCoilEnteringTemp
hw t in,heatingCoilEnteringTemp
hw return t,heatingCoilEnteringTemp
hw return water temp,heatingCoilEnteringTemp
hwr feedback,heatingCoilEnteringTemp
hwr measured temp,heatingCoilEnteringTemp
hwr temp read,heatingCoilEnteringTemp
hwreturnsensor,heatingCoilEnteringTemp
hwr temp sensor,heatingCoilEnteringTemp
hw ret sensor,heatingCoilEnteringTemp
hwrtemp,heatingCoilEnteringTemp
hwr out coil,heatingCoilEnteringTemp
hw coil inlet temp,heatingCoilEnteringTemp
hw coil entry temp,heatingCoilEnteringTemp
hwcoil entrance temp,heatingCoilEnteringTemp
hwin temp,heatingCoilEnteringTemp
hw in temp sensor,heatingCoilEnteringTemp
hw ret temp sensor,heatingCoilEnteringTemp
hwr sensor temp,heatingCoilEnteringTemp
hw temp ret,heatingCoilEnteringTemp
hw return line temp,heatingCoilEnteringTemp
hw temp in,heatingCoilEnteringTemp
hw rtemp,heatingCoilEnteringTemp
hw return sensor,heatingCoilEnteringTemp
hw return temp feedback,heatingCoilEnteringTemp
blr return temp,heatingCoilEnteringTemp
blr ret temp,heatingCoilEnteringTemp
boiler ret temp,heatingCoilEnteringTemp
boiler return temp,heatingCoilEnteringTemp
boiler ret temp,heatingCoilEnteringTemp
blr return temp,heatingCoilEnteringTemp
blr r temp,heatingCoilEnteringTemp
blr ret temp sensor,heatingCoilEnteringTemp
blr line return temp,heatingCoilEnteringTemp
blr rtn temp,heatingCoilEnteringTemp
boiler wtr ret temp,heatingCoilEnteringTemp
hw ret line temp,heatingCoilEnteringTemp
hw line return temp,heatingCoilEnteringTemp
hw temp coil in,heatingCoilEnteringTemp
hw in temperature,heatingCoilEnteringTemp
hw feed to boiler,heatingCoilEnteringTemp
hw sensor return,heatingCoilEnteringTemp
hw temp back,heatingCoilEnteringTemp
hw return to boiler,heatingCoilEnteringTemp
hw coil feedback temp,heatingCoilEnteringTemp
hw entry temp,heatingCoilEnteringTemp
chwr flow,evapEnteringFlow
chwr flow,evapEnteringFlow
chwr flow,evapEnteringFlow
chwr flo,evapEnteringFlow
chwr flw,evapEnteringFlow
chwr flowrate,evapEnteringFlow
chwr flo rate,evapEnteringFlow
chwr flow mtr,evapEnteringFlow
chwr lpm,evapEnteringFlow
chwr gpm,evapEnteringFlow
chw ret flow,evapEnteringFlow
chwretflw,evapEnteringFlow
chw ret flo,evapEnteringFlow
chw return flo,evapEnteringFlow
chw ret flow,evapEnteringFlow
chw return flow,evapEnteringFlow
chw return flow,evapEnteringFlow
chw return flow,evapEnteringFlow
chw r flow,evapEnteringFlow
chw r flo,evapEnteringFlow
chwr feed flow,evapEnteringFlow
chwr in flow,evapEnteringFlow
chwr inlet flow,evapEnteringFlow
chwr input flow,evapEnteringFlow
chwr flow sensor,evapEnteringFlow
chwr flow sen,evapEnteringFlow
chw r flow sensor,evapEnteringFlow
chwr mtr flow,evapEnteringFlow
chillwater return flow,evapEnteringFlow
chilled water return flow,evapEnteringFlow
chilled water return flow,evapEnteringFlow
chwrtn flow,evapEnteringFlow
chwret flo,evapEnteringFlow
chwrflo,evapEnteringFlow
chwr mass flow,evapEnteringFlow
chw return flw,evapEnteringFlow
chw r flo sen,evapEnteringFlow
chwr vol flow,evapEnteringFlow
chwr volrate,evapEnteringFlow
chwr rate,evapEnteringFlow
chwr gpm sen,evapEnteringFlow
chwr meas flow,evapEnteringFlow
chwr flow feedback,evapEnteringFlow
chwr flow read,evapEnteringFlow
ch return flow,evapEnteringFlow
ch ret flo,evapEnteringFlow
ch chwr flow,evapEnteringFlow
chill ret flow,evapEnteringFlow
chwret flow,evapEnteringFlow
chwr bldg ret flow,evapEnteringFlow
chwr loop flow,evapEnteringFlow
chwr circuit flow,evapEnteringFlow
returnchw flow,evapEnteringFlow
chw from building flow,evapEnteringFlow
chw from bldg flow,evapEnteringFlow
chwr input sensor,evapEnteringFlow
chwr inlet meter,evapEnteringFlow
chwr calc flow,evapEnteringFlow
chwr flow cmd,evapEnteringFlow
chwr flow point,evapEnteringFlow
chws flow,evapLeavingFlow
chws flow,evapLeavingFlow
chws flo,evapLeavingFlow
chwsflw,evapLeavingFlow
chws flo,evapLeavingFlow
chw supply flow,evapLeavingFlow
chw sup flow,evapLeavingFlow
chw supply flw,evapLeavingFlow
chws flowrate,evapLeavingFlow
chws flowrate,evapLeavingFlow
chws gpm,evapLeavingFlow
chws lpm,evapLeavingFlow
chw sup flo,evapLeavingFlow
chw supply flo,evapLeavingFlow
chw sup flow,evapLeavingFlow
chw supply flow,evapLeavingFlow
chilledwater supply flow,evapLeavingFlow
chilled water supply flow,evapLeavingFlow
chw sup flw,evapLeavingFlow
chws feed flow,evapLeavingFlow
chws out flow,evapLeavingFlow
chws outlet flow,evapLeavingFlow
chws output flow,evapLeavingFlow
chws flow sen,evapLeavingFlow
chws flow sensor,evapLeavingFlow
chw s flow sensor,evapLeavingFlow
chws mtr flow,evapLeavingFlow
chillwater supply flow,evapLeavingFlow
chill water out flow,evapLeavingFlow
chwsupply flow,evapLeavingFlow
chilled water supply flow,evapLeavingFlow
chws mass flow,evapLeavingFlow
chw supply vol flow,evapLeavingFlow
chw volrate out,evapLeavingFlow
chws vol flow,evapLeavingFlow
chws volrate,evapLeavingFlow
chws rate,evapLeavingFlow
chws gpm sen,evapLeavingFlow
chws meas flow,evapLeavingFlow
chws flow feedback,evapLeavingFlow
chws flow read,evapLeavingFlow
ch supply flow,evapLeavingFlow
ch sup flo,evapLeavingFlow
ch chws flow,evapLeavingFlow
chill sup flow,evapLeavingFlow
chwsup flow,evapLeavingFlow
chws bldg sup flow,evapLeavingFlow
chws loop flow,evapLeavingFlow
chws circuit flow,evapLeavingFlow
supplychw flow,evapLeavingFlow
chw to building flow,evapLeavingFlow
chw to bldg flow,evapLeavingFlow
chws output sensor,evapLeavingFlow
chws outlet meter,evapLeavingFlow
chws calc flow,evapLeavingFlow
chws flow cmd,evapLeavingFlow
chws flow point,evapLeavingFlow
chiller supply flow,evapLeavingFlow
chiller water outlet flow,evapLeavingFlow
chw line sup flow,evapLeavingFlow
chw supply metered flow,evapLeavingFlow
chws flow totalized,evapLeavingFlow
chiller out water flow,evapLeavingFlow
chws volume flow,evapLeavingFlow
cdw return flow,condEnteringFlow
condener water return flow,condEnteringFlow
cdw return flow,condEnteringFlow
cdw return flow,condEnteringFlow
cdw ret flow,condEnteringFlow
cdw ret flow,condEnteringFlow
cdwretflw,condEnteringFlow
cdwretflw,condEnteringFlow
cdw ret flow,condEnteringFlow
cdw ret flw,condEnteringFlow
cdw ret flw,condEnteringFlow
cdw ret flw,condEnteringFlow
cdw ret flw,condEnteringFlow
cdw ret flw,condEnteringFlow
cdw ret flw,condEnteringFlow
cdw return flw,condEnteringFlow
cdw return flw,condEnteringFlow
cdwreturnflow,condEnteringFlow
cwrretflw,condEnteringFlow
cwrretflw,condEnteringFlow
cwr ret flow sensor,condEnteringFlow
cwr ret flow snsr,condEnteringFlow
cwr ret flow sn,condEnteringFlow
cwrt flow,condEnteringFlow
cwr t flow,condEnteringFlow
cwr t flow,condEnteringFlow
cwr t flow,condEnteringFlow
cwrret flow,condEnteringFlow
cwrret flow,condEnteringFlow
cwr return flow,condEnteringFlow
cond wtr ret flow,condEnteringFlow
cond water return flow,condEnteringFlow
cond water return flow,condEnteringFlow
cond wtr ret flow,condEnteringFlow
cond wtr ret flow,condEnteringFlow
cond water ret flw,condEnteringFlow
cond wtr ret flw,condEnteringFlow
cond wtr ret flw,condEnteringFlow
cwreatflow,condEnteringFlow
cwreatflow,condEnteringFlow
c w r e t flow,condEnteringFlow
cw r e t flow,condEnteringFlow
cweatflow,condEnteringFlow
cweatflow,condEnteringFlow
cw enter flow,condEnteringFlow
cw enter flow,condEnteringFlow
c w enter flow,condEnteringFlow
c w enter flow,condEnteringFlow
cond enter flow sensor,condEnteringFlow
cond ent flw snsr,condEnteringFlow
cond ent flw sn,condEnteringFlow
cond ret flow val,condEnteringFlow
cond return flow value,condEnteringFlow
cond return flow val,condEnteringFlow
cond return flow val,condEnteringFlow
u1 cdw ret flow,condEnteringFlow
u2 chw ret flow,condEnteringFlow
unit cwr flow,condEnteringFlow
unit cdw ret slw,condEnteringFlow
c1 cwr ret flow,condEnteringFlow
c2 cdw ret flow,condEnteringFlow
plant cw ret flow,condEnteringFlow
plant cw ret flow,condEnteringFlow
plant cw ret flow,condEnteringFlow
cooling plant ret flow,condEnteringFlow
cooling plant ret flow,condEnteringFlow
cooling plant ret flow,condEnteringFlow
cp cwr flow,condEnteringFlow
cp cwr flow,condEnteringFlow
condenser plant ret flow,condEnteringFlow
condenser plant ret flow,condEnteringFlow
condenser plant ret flow,condEnteringFlow
cp cdwret flow,condEnteringFlow
cp cdwret flow,condEnteringFlow
cp cwret flw,condEnteringFlow
cp cwret flw,condEnteringFlow
cond loop ret flow,condEnteringFlow
cond loop ret flow,condEnteringFlow
cond loop ret flow,condEnteringFlow
condenser loop ret flow,condEnteringFlow
condenser loop ret flow val,condEnteringFlow
condenser loop ret flow val,condEnteringFlow
condenser ret flow raw,condEnteringFlow
cond ret flow raw,condEnteringFlow
cond ret flow raw,condEnteringFlow
cws flow,condWaterLeavingFlow
cws flow,condWaterLeavingFlow
cws flo,condWaterLeavingFlow
cwsflw,condWaterLeavingFlow
cw sup flow,condWaterLeavingFlow
cw sup flow,condWaterLeavingFlow
cw supply flow,condWaterLeavingFlow
cw sup flw,condWaterLeavingFlow
cw supply flw,condWaterLeavingFlow
cw supply water flow,condWaterLeavingFlow
cw outlet flow,condWaterLeavingFlow
cw out flow,condWaterLeavingFlow
cw supply flow sensor,condWaterLeavingFlow
cw sup flw sensor,condWaterLeavingFlow
cw flowrate,condWaterLeavingFlow
cws flowrate,condWaterLeavingFlow
cw sup gpm,condWaterLeavingFlow
cw supply gpm,condWaterLeavingFlow
cw sup lpm,condWaterLeavingFlow
cw feed flow,condWaterLeavingFlow
cw to tower flow,condWaterLeavingFlow
cw supply pipe flow,condWaterLeavingFlow
condenser water flow,condWaterLeavingFlow
condenser water supply flow,condWaterLeavingFlow
condenser water supply flow,condWaterLeavingFlow
cw to tower flow,condWaterLeavingFlow
cw supply tower flow,condWaterLeavingFlow
cond wtr sup flow,condWaterLeavingFlow
cwsupplyflow,condWaterLeavingFlow
cws feed flow,condWaterLeavingFlow
cw outlet sensor,condWaterLeavingFlow
cw supply sensor,condWaterLeavingFlow
cw flow supply,condWaterLeavingFlow
cw sply flw,condWaterLeavingFlow
cws vol flow,condWaterLeavingFlow
cw volume flow,condWaterLeavingFlow
cw volrate out,condWaterLeavingFlow
cw sup flowrate,condWaterLeavingFlow
cw supply flow meter,condWaterLeavingFlow
cws mass flow,condWaterLeavingFlow
cws flow mtr,condWaterLeavingFlow
cw to twr flow,condWaterLeavingFlow
cws line flow,condWaterLeavingFlow
cws discharge flow,condWaterLeavingFlow
cw supply out,condWaterLeavingFlow
cw leaving flow,condWaterLeavingFlow
cond wtr out flow,condWaterLeavingFlow
cw circ flow,condWaterLeavingFlow
cw system supply flow,condWaterLeavingFlow
cws flowrate sensor,condWaterLeavingFlow
cw delivery flow,condWaterLeavingFlow
cw line flow out,condWaterLeavingFlow
cw supply total flow,condWaterLeavingFlow
cw to heat rejection flow,condWaterLeavingFlow
condenser out flow,condWaterLeavingFlow
cw return to tower flow,condWaterLeavingFlow
cw sending flow,condWaterLeavingFlow
cw leaving sensor,condWaterLeavingFlow
cond water sply flow,condWaterLeavingFlow
cond outlet flow,condWaterLeavingFlow
cw sup flow sen,condWaterLeavingFlow
cw flow to tower,condWaterLeavingFlow
cond wtr disch flow,condWaterLeavingFlow
chwp cmd,evapPumpEnable
chwp cmd,evapPumpEnable
chw p cmd,evapPumpEnable
chw pmp cmd,evapPumpEnable
chwp enable,evapPumpEnable
chw pump ena,evapPumpEnable
chwp en,evapPumpEnable
chw pump command,evapPumpEnable
chw pmp cmd,evapPumpEnable
chwp command,evapPumpEnable
chillwater pump cmd,evapPumpEnable
chilledwaterpumpenable,evapPumpEnable
chilled water pump enable,evapPumpEnable
chilled water pump command,evapPumpEnable
chilled water pump command,evapPumpEnable
chwp start,evapPumpEnable
chwp ena,evapPumpEnable
chw pmp ena,evapPumpEnable
chwp ss,evapPumpEnable
chwp start stop,evapPumpEnable
chw pump ss,evapPumpEnable
chw pump start,evapPumpEnable
chw pump enable,evapPumpEnable
chiller wtr pump cmd,evapPumpEnable
ch w pmp ss,evapPumpEnable
chwp ss,evapPumpEnable
chw supply pump cmd,evapPumpEnable
chwp ena,evapPumpEnable
chwp ctl,evapPumpEnable
chw pmp control,evapPumpEnable
chw pump control,evapPumpEnable
chwp ctl sig,evapPumpEnable
chillwtr pump enable,evapPumpEnable
chwp enable signal,evapPumpEnable
chwp enable cmd,evapPumpEnable
chw pump ctrl,evapPumpEnable
chwloop pump cmd,evapPumpEnable
chw circ pump cmd,evapPumpEnable
chwp control,evapPumpEnable
chwp ctrl,evapPumpEnable
chw cmd pump,evapPumpEnable
chwp cmd signal,evapPumpEnable
chillerloop pump enable,evapPumpEnable
chill water pump en,evapPumpEnable
chwloop pump enable,evapPumpEnable
chill wtr pmp cmd,evapPumpEnable
chw pmp enable,evapPumpEnable
chwp cntrl,evapPumpEnable
chw sup pump cmd,evapPumpEnable
chwp start cmd,evapPumpEnable
chwp command signal,evapPumpEnable
chw flow pump enable,evapPumpEnable
chw sys pump cmd,evapPumpEnable
evap pump cmd,evapPumpEnable
evap pump enable,evapPumpEnable
evaporator pump cmd,evapPumpEnable
evap water pump cmd,evapPumpEnable
evap pump control,evapPumpEnable
evapchwpump command,evapPumpEnable
evap chw pmp ena,evapPumpEnable
evap water pmp ena,evapPumpEnable
chw evap pmp cmd,evapPumpEnable
chwp start command,evapPumpEnable
chwp sts,evapPumpStatus
chwp sts,evapPumpStatus
chwp status,evapPumpStatus
chw pump status,evapPumpStatus
chw pmp sts,evapPumpStatus
chw pump sts,evapPumpStatus
chw pmp sts,evapPumpStatus
chw pmp status,evapPumpStatus
chillwater pump status,evapPumpStatus
chilled water pump status,evapPumpStatus
chilled water pump status,evapPumpStatus
chwp run,evapPumpStatus
chwp run,evapPumpStatus
chw pump run status,evapPumpStatus
chwp on status,evapPumpStatus
chwp operation,evapPumpStatus
chwloop pump sts,evapPumpStatus
chw circ pump status,evapPumpStatus
chwp running,evapPumpStatus
chwp run fb,evapPumpStatus
chwp run signal,evapPumpStatus
chwp is running,evapPumpStatus
chwp feedback,evapPumpStatus
chwp feedback status,evapPumpStatus
chwp fb,evapPumpStatus
chwp feedback,evapPumpStatus
chw pump feedback,evapPumpStatus
chwp status signal,evapPumpStatus
chwp status fb,evapPumpStatus
chwp status indication,evapPumpStatus
chw pmp status ind,evapPumpStatus
chwp fdbk,evapPumpStatus
chw pmp fdbk,evapPumpStatus
chwp status sensor,evapPumpStatus
chwp motor status,evapPumpStatus
chwp motor fb,evapPumpStatus
chw pump on status,evapPumpStatus
chw pump is on,evapPumpStatus
chwp state,evapPumpStatus
chwp op state,evapPumpStatus
evap pump status,evapPumpStatus
evaporator pump status,evapPumpStatus
evap water pump status,evapPumpStatus
evapchwpump status,evapPumpStatus
evapchw pmp fb,evapPumpStatus
chw evap pump sts,evapPumpStatus
chw evap pump fb,evapPumpStatus
chwp run indication,evapPumpStatus
chwp running feedback,evapPumpStatus
chw pmp is running,evapPumpStatus
chw pump active status,evapPumpStatus
chw pmp op status,evapPumpStatus
chwp activity status,evapPumpStatus
chwp control status,evapPumpStatus
chwp signal fb,evapPumpStatus
chwp monitor fb,evapPumpStatus
chwp digital fb,evapPumpStatus
chwp physical status,evapPumpStatus
chwp op fb,evapPumpStatus
chwp op confirm,evapPumpStatus
chw supply pump fb,evapPumpStatus
chwp drive status,evapPumpStatus
chwp alm,evapPumpAlarm
chwp alm,evapPumpAlarm
chw pmp alarm,evapPumpAlarm
chwp alarm,evapPumpAlarm
chw pump alarm,evapPumpAlarm
chw pmp alm,evapPumpAlarm
chw pump alm,evapPumpAlarm
chwp alarm signal,evapPumpAlarm
chwp alarm status,evapPumpAlarm
chwp alm sts,evapPumpAlarm
chwp alarm indication,evapPumpAlarm
chwloop pump alarm,evapPumpAlarm
chwp fault alm,evapPumpAlarm
chwp running alarm,evapPumpAlarm
chwp ovld alm,evapPumpAlarm
chwp overload alarm,evapPumpAlarm
chwp motor alarm,evapPumpAlarm
chwp mtr alm,evapPumpAlarm
chwp err status,evapPumpAlarm
chwp error alarm,evapPumpAlarm
chwp fail alm,evapPumpAlarm
chwp trip alarm,evapPumpAlarm
chwp failure alarm,evapPumpAlarm
chwp fault alm,evapPumpAlarm
chillwater pump alarm,evapPumpAlarm
chwp err,evapPumpAlarm
chwp warn alarm,evapPumpAlarm
chwp warning alm,evapPumpAlarm
chwp alm fdbk,evapPumpAlarm
chw pump trip alarm,evapPumpAlarm
chwp protection alm,evapPumpAlarm
chwp alert,evapPumpAlarm
chwp alert status,evapPumpAlarm
chwp prot alm,evapPumpAlarm
chw pmp err,evapPumpAlarm
chwp drive alm,evapPumpAlarm
chwp vfd alm,evapPumpAlarm
chwp vfd alarm,evapPumpAlarm
chwp ovld,evapPumpAlarm
chwp motor protect,evapPumpAlarm
chwp overload fault,evapPumpAlarm
chwp alm out,evapPumpAlarm
chwp circuit alm,evapPumpAlarm
chwp mcb alm,evapPumpAlarm
chwp breaker alm,evapPumpAlarm
chwp control alm,evapPumpAlarm
chwp water flow alarm,evapPumpAlarm
chwp alm signal,evapPumpAlarm
chwp lockout alm,evapPumpAlarm
chwp vfd trip alm,evapPumpAlarm
chwp start fail alm,evapPumpAlarm
chwp startup alarm,evapPumpAlarm
chw circ alarm,evapPumpAlarm
chwp loop alm,evapPumpAlarm
chwp monitor alarm,evapPumpAlarm
chw pump alert,evapPumpAlarm
evap pump alarm,evapPumpAlarm
evaporator pump alarm,evapPumpAlarm
evap water pump alarm,evapPumpAlarm
chwp alm status,evapPumpAlarm
chw evap alarm,evapPumpAlarm
evapchw pump alm,evapPumpAlarm
chwp prot status,evapPumpAlarm
chwp protect alm,evapPumpAlarm
ma ll sp,mixedTempLoSp
ma low limit sp,mixedTempLoSp
ma low sp,mixedTempLoSp
mixed air lo sp,mixedTempLoSp
mixed air low sp,mixedTempLoSp
mxd tmp lo sp,mixedTempLoSp
mixedair lo sp,mixedTempLoSp
mixedair low spt,mixedTempLoSp
mixedair low limit sp,mixedTempLoSp
ma low lim spt,mixedTempLoSp
ma low sp,mixedTempLoSp
ma llim sp,mixedTempLoSp
mixed air temp lo sp,mixedTempLoSp
mixed air temp lo sp,mixedTempLoSp
mixed air low limit setpoint,mixedTempLoSp
mxd air lo spt,mixedTempLoSp
mxd air low spt,mixedTempLoSp
mxd temp lo sp,mixedTempLoSp
mix air low spt,mixedTempLoSp
mix air low limit,mixedTempLoSp
m air lo sp,mixedTempLoSp
ma lo sp,mixedTempLoSp
mxt lo sp,mixedTempLoSp
mixd lo spt,mixedTempLoSp
mixed air lo lim sp,mixedTempLoSp
mixed air low sptp,mixedTempLoSp
ma lw limit setpt,mixedTempLoSp
mxd low sp,mixedTempLoSp
ma temp low setpt,mixedTempLoSp
ma lowlim spt,mixedTempLoSp
ma lowlimit sp,mixedTempLoSp
mxd lo sp,mixedTempLoSp
mxd low temp sp,mixedTempLoSp
mixd air ll sp,mixedTempLoSp
mixd air low sp,mixedTempLoSp
mxd air temp min spt,mixedTempLoSp
mixed air ll sp,mixedTempLoSp
mxd lo temp sp,mixedTempLoSp
mix air lo spt,mixedTempLoSp
ma t low sp,mixedTempLoSp
mix air low spt,mixedTempLoSp
ma temp lo lim,mixedTempLoSp
mixed air t lo sp,mixedTempLoSp
mixedair t lo sp,mixedTempLoSp
ma lo lmt spt,mixedTempLoSp
low limit mixed air sp,mixedTempLoSp
ll mixed air sp,mixedTempLoSp
ll sp ma,mixedTempLoSp
low temp limit mixed,mixedTempLoSp
ma lo limit,mixedTempLoSp
ma temp lo sp,mixedTempLoSp
mixd temp lo spt,mixedTempLoSp
ma lsp,mixedTempLoSp
mixedair lo limit,mixedTempLoSp
mixedair temp min sp,mixedTempLoSp
ma safety lo sp,mixedTempLoSp
mixed temp limit sp,mixedTempLoSp
mix lo temp spt,mixedTempLoSp
ma lo temp lim,mixedTempLoSp
mix lo t sp,mixedTempLoSp
raf alm,returnFanAlarm
ra fan alm,returnFanAlarm
return fan enable alarm,returnFanAlarm
ret fan alarm,returnFanAlarm
ret air fan alarm,returnFanAlarm
return fan alm,returnFanAlarm
return fan alert,returnFanAlarm
returnfan alm,returnFanAlarm
return air fan alm,returnFanAlarm
ra f alm,returnFanAlarm
ra fan alm,returnFanAlarm
ra fan alarm,returnFanAlarm
ra fan alert,returnFanAlarm
ra fan alm,returnFanAlarm
ra fan alert,returnFanAlarm
ra fan warning,returnFanAlarm
raf alert,returnFanAlarm
raf warn alm,returnFanAlarm
raf alarm signal,returnFanAlarm
raf fault alm,returnFanAlarm
ret fan warn,returnFanAlarm
returnfan warn alm,returnFanAlarm
ra f alarm,returnFanAlarm
ra f alert,returnFanAlarm
raf warn out,returnFanAlarm
ra fan fail alm,returnFanAlarm
ra fan err alm,returnFanAlarm
ret air fan fail,returnFanAlarm
ra fan malfunc,returnFanAlarm
return fan issue,returnFanAlarm
ret fan failure,returnFanAlarm
return air fan protect,returnFanAlarm
ra fan trip,returnFanAlarm
ra fan trip alm,returnFanAlarm
raf motor alm,returnFanAlarm
raf vfd alm,returnFanAlarm
raf motor alert,returnFanAlarm
raf malfunction,returnFanAlarm
ret fan tripped,returnFanAlarm
ret fan fault alm,returnFanAlarm
returnfanlockout,returnFanAlarm
return fan enable protect alm,returnFanAlarm
raf protection alarm,returnFanAlarm
ra f trip alm,returnFanAlarm
raf vfd trip,returnFanAlarm
ra fan ovld alm,returnFanAlarm
ra fan overload,returnFanAlarm
ret air fan protection,returnFanAlarm
ret air fan alert,returnFanAlarm
ra fan safe trip,returnFanAlarm
return fan failure,returnFanAlarm
return fan shutdown,returnFanAlarm
ra fan lockout,returnFanAlarm
ra fan mc trip,returnFanAlarm
return fan sensor alarm,returnFanAlarm
return fan circuit alarm,returnFanAlarm
ra fan contactor trip,returnFanAlarm
ra fan fail sig,returnFanAlarm
ret fan mtr protect,returnFanAlarm
ret fan vfd error,returnFanAlarm
raf fdbk alm,returnFanAlarm
return fan alarm status,returnFanAlarm
return fan alm ind,returnFanAlarm
ra fan issue detected,returnFanAlarm
ra fan run fail,returnFanAlarm
stby clg sp,standbyCoolSp
stby cool sp,standbyCoolSp
standby cooling setpoint,standbyCoolSp
standby clg spt,standbyCoolSp
standbycoolsp,standbyCoolSp
standbycoolingsp,standbyCoolSp
sby cool sp,standbyCoolSp
sby clg sp,standbyCoolSp
stby clg temp sp,standbyCoolSp
stby clg temp spt,standbyCoolSp
stby cool setpt,standbyCoolSp
sbycoolspt,standbyCoolSp
zone sb clg sp,standbyCoolSp
zn stby cool spt,standbyCoolSp
zn stby clg sp,standbyCoolSp
stbyclgsp,standbyCoolSp
stby cool temp sp,standbyCoolSp
sby clg temp sp,standbyCoolSp
space stby cool sp,standbyCoolSp
spc stby clg sp,standbyCoolSp
stby cool spt value,standbyCoolSp
stby cool temp,standbyCoolSp
stby clg temp,standbyCoolSp
stby clg t sp,standbyCoolSp
sby cool temp sp,standbyCoolSp
stby cooling sp,standbyCoolSp
stbyclgsetpoint,standbyCoolSp
cool sp stby,standbyCoolSp
standby cool temp spt,standbyCoolSp
standby cool spt,standbyCoolSp
stby sp clg,standbyCoolSp
stbyclgtemp,standbyCoolSp
clg sp sb,standbyCoolSp
cooling setpoint sb,standbyCoolSp
stbyzoneclgsp,standbyCoolSp
zone stby clg spt,standbyCoolSp
coolstbyspt,standbyCoolSp
stby cooltemp spt,standbyCoolSp
zn clg sb sp,standbyCoolSp
zoneclg stby sp,standbyCoolSp
clg sp standby,standbyCoolSp
stby clg spt,standbyCoolSp
clg sb setpoint,standbyCoolSp
temp cooling sb sp,standbyCoolSp
sby clg temp spt,standbyCoolSp
temp sp cool sb,standbyCoolSp
stby clg setting,standbyCoolSp
stbycoolsetting,standbyCoolSp
temp clg sb setpt,standbyCoolSp
spc sb cool temp sp,standbyCoolSp
clg setpoint stby,standbyCoolSp
sby clg spt,standbyCoolSp
stbyclg,standbyCoolSp
zone stby clg sp,standbyCoolSp
sby clg setpoint,standbyCoolSp
znstbyclgspt,standbyCoolSp
stbyclgpoint,standbyCoolSp
sby clg sp setpt,standbyCoolSp
clg sp sby mode,standbyCoolSp
coolsbysetpoint,standbyCoolSp
stby htg sp,standbyHeatSp
stby heat sp,standbyHeatSp
standby heating setpoint,standbyHeatSp
standbyheatsp,standbyHeatSp
stbyhtgsp,standbyHeatSp
sby heat sp,standbyHeatSp
sby htg sp,standbyHeatSp
stby htg temp sp,standbyHeatSp
stby heat temp sp,standbyHeatSp
stby htg temp spt,standbyHeatSp
stby heat setpt,standbyHeatSp
zone stby heat sp,standbyHeatSp
zn stby htg spt,standbyHeatSp
zn stby htg sp,standbyHeatSp
stbyhtgtemp,standbyHeatSp
htg sp sb,standbyHeatSp
heating setpoint sb,standbyHeatSp
stbyzoneheatsp,standbyHeatSp
zone stby htg spt,standbyHeatSp
heatstbyspt,standbyHeatSp
stby heattemp spt,standbyHeatSp
zn htg sb sp,standbyHeatSp
zonehtg stby sp,standbyHeatSp
htg sp standby,standbyHeatSp
stby htg spt,standbyHeatSp
htg sb setpoint,standbyHeatSp
temp heating sb sp,standbyHeatSp
sby htg temp spt,standbyHeatSp
temp sp heat sb,standbyHeatSp
stby htg setting,standbyHeatSp
stbyheatsetting,standbyHeatSp
temp htg sb setpt,standbyHeatSp
spc sb heat temp sp,standbyHeatSp
htg setpoint stby,standbyHeatSp
sby htg spt,standbyHeatSp
stbyhtg,standbyHeatSp
zone stby htg sp,standbyHeatSp
sby htg setpoint,standbyHeatSp
znstbyhtgspt,standbyHeatSp
stbyhtgpoint,standbyHeatSp
sby htg sp setpt,standbyHeatSp
htg sp sby mode,standbyHeatSp
heatsbysetpoint,standbyHeatSp
stbyheatspt,standbyHeatSp
stby htg spt val,standbyHeatSp
spc temp stby heat sp,standbyHeatSp
htg temp stby spt,standbyHeatSp
sbyhtgsetpoint,standbyHeatSp
htg temp stby sp,standbyHeatSp
stbyhtg spt,standbyHeatSp
htgsp stby mode,standbyHeatSp
zn stbyhtg spt,standbyHeatSp
sby htg temp sp,standbyHeatSp
htg temp spt sb,standbyHeatSp
stbymode heat sp,standbyHeatSp
spacestbyhtgsp,standbyHeatSp
sby heat spt val,standbyHeatSp
effcoolg sp,zoneCoolSp
eff clg spt,zoneCoolSp
cooling setpoint active,zoneCoolSp
effclg sp,zoneCoolSp
effective cooling setpoint,zoneCoolSp
active cool spt,zoneCoolSp
zoneclgsp,zoneCoolSp
znclgsp,zoneCoolSp
zn clg sp,zoneCoolSp
zn cool sp,zoneCoolSp
zn cooling setpoint,zoneCoolSp
znclg setpt,zoneCoolSp
zone clg sp,zoneCoolSp
zone cool sp,zoneCoolSp
zonecoolsp,zoneCoolSp
zone clg sp,zoneCoolSp
zone cool sp,zoneCoolSp
spc cool sp,zoneCoolSp
spaceclgsp,zoneCoolSp
space cool sp,zoneCoolSp
room cool sp,zoneCoolSp
rmclgsp,zoneCoolSp
rm clg sp,zoneCoolSp
rm cooling spt,zoneCoolSp
room clg sp,zoneCoolSp
room cool sp,zoneCoolSp
space cooling setpoint,zoneCoolSp
spc clg spt,zoneCoolSp
znclg spt,zoneCoolSp
zncoolsp,zoneCoolSp
active clg sp,zoneCoolSp
active cooling spt,zoneCoolSp
cooling sp active,zoneCoolSp
act clg spt,zoneCoolSp
clg setpoint active,zoneCoolSp
eff clg spt,zoneCoolSp
eff clg sp,zoneCoolSp
eff cool sp,zoneCoolSp
eff cool spt,zoneCoolSp
effective cool sp,zoneCoolSp
effective clg spt,zoneCoolSp
zoneclg setpoint,zoneCoolSp
zoneclg active sp,zoneCoolSp
spc eff clg spt,zoneCoolSp
zn cool sp active,zoneCoolSp
znclg setpoint act,zoneCoolSp
spc clg spt eff,zoneCoolSp
roomclg setpoint,zoneCoolSp
spc clg sp eff,zoneCoolSp
effclg spt active,zoneCoolSp
eff zn clg sp,zoneCoolSp
coolsetpoint eff,zoneCoolSp
zone cooling eff sp,zoneCoolSp
spc active clg sp,zoneCoolSp
spc clg sp act,zoneCoolSp
effclgsp act,zoneCoolSp
coolsp effective,zoneCoolSp
clgsp zone eff,zoneCoolSp
zn cooling setpt active,zoneCoolSp
effsp zoneclg,zoneCoolSp
zne cool spt,zoneCoolSp
zne active clg sp,zoneCoolSp
znclg eff setpoint,zoneCoolSp
eff cool setpt zone,zoneCoolSp
act clg zone sp,zoneCoolSp
zone clg setpoint,zoneCoolSp
zn clg temp sp,zoneCoolSp
spc active cool temp sp,zoneCoolSp
active zn cool sp,zoneCoolSp
zone eff clg sp,zoneCoolSp
effheatg sp,zoneHeatSp
eff htg spt,zoneHeatSp
heating setpoint active,zoneHeatSp
effhtg sp,zoneHeatSp
effective heating setpoint,zoneHeatSp
active htg spt,zoneHeatSp
zonehtgsp,zoneHeatSp
znhtgsp,zoneHeatSp
zn htg sp,zoneHeatSp
zn heat sp,zoneHeatSp
zn heating setpoint,zoneHeatSp
znhtg setpt,zoneHeatSp
zone htg sp,zoneHeatSp
zone heat sp,zoneHeatSp
zoneheatsp,zoneHeatSp
zone htg sp,zoneHeatSp
zone heat sp,zoneHeatSp
spc heat sp,zoneHeatSp
spacehtgsp,zoneHeatSp
space heat sp,zoneHeatSp
room heat sp,zoneHeatSp
rmhtgsp,zoneHeatSp
rm htg sp,zoneHeatSp
rm heating spt,zoneHeatSp
room htg sp,zoneHeatSp
room heat sp,zoneHeatSp
space heating setpoint,zoneHeatSp
spc htg spt,zoneHeatSp
znhtg spt,zoneHeatSp
znheatsp,zoneHeatSp
active htg sp,zoneHeatSp
active heating spt,zoneHeatSp
heating sp active,zoneHeatSp
act htg spt,zoneHeatSp
htg setpoint active,zoneHeatSp
eff htg spt,zoneHeatSp
eff htg sp,zoneHeatSp
eff heat sp,zoneHeatSp
eff heat spt,zoneHeatSp
effective heat sp,zoneHeatSp
effective htg spt,zoneHeatSp
zonehtg setpoint,zoneHeatSp
zonehtg active sp,zoneHeatSp
spc eff htg spt,zoneHeatSp
zn heat sp active,zoneHeatSp
znhtg setpoint act,zoneHeatSp
spc htg spt eff,zoneHeatSp
roomhtg setpoint,zoneHeatSp
spc htg sp eff,zoneHeatSp
effhtg spt active,zoneHeatSp
eff zn htg sp,zoneHeatSp
heatsetpoint eff,zoneHeatSp
zone heating eff sp,zoneHeatSp
spc active htg sp,zoneHeatSp
spc htg sp act,zoneHeatSp
effhtgsp act,zoneHeatSp
heatsp effective,zoneHeatSp
htgsp zone eff,zoneHeatSp
zn heating setpt active,zoneHeatSp
effsp zonehtg,zoneHeatSp
zne heat spt,zoneHeatSp
zne active htg sp,zoneHeatSp
znhtg eff setpoint,zoneHeatSp
eff heat setpt zone,zoneHeatSp
act htg zone sp,zoneHeatSp
zone htg setpoint,zoneHeatSp
zn htg temp sp,zoneHeatSp
spc active heat temp sp,zoneHeatSp
active zn heat sp,zoneHeatSp
zone eff htg sp,zoneHeatSp
min oa flo,minOutsideFlow
minimum outside air flow,minOutsideFlow
minoaflow,minOutsideFlow
min oa flow,minOutsideFlow
minoa flow,minOutsideFlow
min oa flow,minOutsideFlow
oa min flow,minOutsideFlow
oaflow min,minOutsideFlow
oa flow min,minOutsideFlow
min oa cfmspt,minOutsideFlow
min oa cfm sp,minOutsideFlow
oa min cfm,minOutsideFlow
minimumoa,minOutsideFlow
oa min airflow,minOutsideFlow
minimumoairflow,minOutsideFlow
oa minimum flow,minOutsideFlow
min outside flow,minOutsideFlow
minoutsideairflow,minOutsideFlow
min oa volume,minOutsideFlow
min oa vel,minOutsideFlow
oa min flowrate,minOutsideFlow
oa minflow sp,minOutsideFlow
oa flow minimum,minOutsideFlow
minoairflowrate,minOutsideFlow
oa min rate,minOutsideFlow
oa min vent flow,minOutsideFlow
min ventilation flow,minOutsideFlow
oa min req flow,minOutsideFlow
min outside air flow,minOutsideFlow
minoair,minOutsideFlow
oa req min flow,minOutsideFlow
oa ventminflow,minOutsideFlow
oa minimum required flow,minOutsideFlow
oa min vol,minOutsideFlow
oa min flw,minOutsideFlow
minoa flow sp,minOutsideFlow
minoutairflow,minOutsideFlow
min out air sp,minOutsideFlow
oa min limit,minOutsideFlow
oa minimum vol,minOutsideFlow
oa min setting,minOutsideFlow
oa flow low limit,minOutsideFlow
oa min cfm setpt,minOutsideFlow
min oa cfm val,minOutsideFlow
min airflow outside,minOutsideFlow
oa flow low thresh,minOutsideFlow
ventminoa flow,minOutsideFlow
min req oa flow,minOutsideFlow
oa flow set min,minOutsideFlow
oa min threshold,minOutsideFlow
oa flow target min,minOutsideFlow
ventminflowrate,minOutsideFlow
oa min flow alg,minOutsideFlow
vent oa min cmd,minOutsideFlow
min ext air flow,minOutsideFlow
minimum extairflow,minOutsideFlow
oa min ctrl flow,minOutsideFlow
oa min cfm setpoint,minOutsideFlow
oa min cfm target,minOutsideFlow
oa min supply flow,minOutsideFlow
min vent rate outside,minOutsideFlow
oa vent low limit,minOutsideFlow
oa flow rate low,minOutsideFlow
oa cfm min sp,minOutsideFlow
oa airflow minimum,minOutsideFlow
min oa flo sp,minOutsideFlowSp
minimum outside air flow setpoint,minOutsideFlowSp
minoaflowsp,minOutsideFlowSp
min oa flow sp,minOutsideFlowSp
minoa flow sp,minOutsideFlowSp
min oa flow sp,minOutsideFlowSp
oa min flow sp,minOutsideFlowSp
oaflow min sp,minOutsideFlowSp
oa flow min sp,minOutsideFlowSp
min oa cfm sp,minOutsideFlowSp
oa min cfm setpt,minOutsideFlowSp
min oa cfm setpoint,minOutsideFlowSp
oa min flow setpoint,minOutsideFlowSp
oa min sp,minOutsideFlowSp
oa minflow sp,minOutsideFlowSp
oa min vent sp,minOutsideFlowSp
oa min req sp,minOutsideFlowSp
minoa sp,minOutsideFlowSp
oa min cmd sp,minOutsideFlowSp
oa min setting,minOutsideFlowSp
oa min flow spt,minOutsideFlowSp
oa min volume sp,minOutsideFlowSp
oa min flow schedule,minOutsideFlowSp
oa min control sp,minOutsideFlowSp
oa min flow target,minOutsideFlowSp
oa min req flow sp,minOutsideFlowSp
minimumoa flow sp,minOutsideFlowSp
oa min airflow setpt,minOutsideFlowSp
oa cfm min sp,minOutsideFlowSp
oa flow low limit sp,minOutsideFlowSp
oa flow target min sp,minOutsideFlowSp
ventminoa flow sp,minOutsideFlowSp
oa min setpt,minOutsideFlowSp
oa min rate setpoint,minOutsideFlowSp
oa flow min sp,minOutsideFlowSp
oa min spt,minOutsideFlowSp
oa min cfm spt,minOutsideFlowSp
oa min cfm setting,minOutsideFlowSp
oa minimum setpoint,minOutsideFlowSp
oa min target flow,minOutsideFlowSp
oa min target sp,minOutsideFlowSp
oa min ctrl spt,minOutsideFlowSp
oa min cfm limit,minOutsideFlowSp
minoa air sp,minOutsideFlowSp
oa vent min sp,minOutsideFlowSp
min outside sp,minOutsideFlowSp
outair min sp,minOutsideFlowSp
oa flow low setpoint,minOutsideFlowSp
oa min cfm target,minOutsideFlowSp
oa vent target min sp,minOutsideFlowSp
oa mnflow spt,minOutsideFlowSp
oa low cfm sp,minOutsideFlowSp
oa mincfm spt,minOutsideFlowSp
oa cfm target min sp,minOutsideFlowSp
oa min airflow spt,minOutsideFlowSp
min vent rate outside sp,minOutsideFlowSp
oa flow sp minimum,minOutsideFlowSp
oa minflow control sp,minOutsideFlowSp
oa req minflow sp,minOutsideFlowSp
oa flow limit min sp,minOutsideFlowSp
oa minflow setpoint,minOutsideFlowSp
oa cfm setpoint low,minOutsideFlowSp
oa min spt,minOutsideFlowSp
oa cfm minimum sp,minOutsideFlowSp
oa minflow ref sp,minOutsideFlowSp
mxd dmp,mixedDamper
ma damper,mixedDamper
ma dmpr,mixedDamper
mixed air damper,mixedDamper
mxed air dmpr,mixedDamper
ma damper,mixedDamper
mxd dmpr,mixedDamper
mxdairdampr,mixedDamper
mixed air dmpr,mixedDamper
mixedair damper,mixedDamper
ma dmpr,mixedDamper
ma dmp,mixedDamper
mxd dmpr cmd,mixedDamper
ma damper cmd,mixedDamper
mixdair dmpr,mixedDamper
mixairdmpr,mixedDamper
mixed air damper,mixedDamper
ma damper cmd,mixedDamper
mxdairdamper,mixedDamper
mxd air dmp,mixedDamper
ma dmpr ctrl,mixedDamper
mxd dmp command,mixedDamper
mxd dmpr out,mixedDamper
mxd dmpr o,mixedDamper
mixair dmpr cmd,mixedDamper
mxd air damper,mixedDamper
ma damper ctrl,mixedDamper
mixed dmpr cmd,mixedDamper
mxd dmpr signal,mixedDamper
ma dmpr output,mixedDamper
mixair dmpr o,mixedDamper
mixairdmpr o,mixedDamper
mair dmpr cmd,mixedDamper
mairdmpr,mixedDamper
mxairdmpr,mixedDamper
mxair dmpr,mixedDamper
mxair damper cmd,mixedDamper
mxdair damper,mixedDamper
mixairdampr cmd,mixedDamper
mxd dmpr cmd,mixedDamper
mxdmpr cmd,mixedDamper
mixed air control damper,mixedDamper
mxd dmpr setpt,mixedDamper
mxd dmpr control,mixedDamper
mxd dmpr val,mixedDamper
ma damper vlv,mixedDamper
mixed dmpr o,mixedDamper
mair dmpr output,mixedDamper
ma dmpr act,mixedDamper
ma dmpr signal,mixedDamper
ma dmpr signal,mixedDamper
mxair dmp,mixedDamper
mxdairctrldmpr,mixedDamper
mixdmprout,mixedDamper
mxd dmpr pos,mixedDamper
mairdmprcmd,mixedDamper
mixed dmp act,mixedDamper
ma dmpr ctrl,mixedDamper
mxdairctrl,mixedDamper
mxd dmpr pct,mixedDamper
mxdmixdamper,mixedDamper
max disch air sp,dischargeTempMaxSp
max da tmp sp,dischargeTempMaxSp
discharge temp max setpoint,dischargeTempMaxSp
max da temp sp,dischargeTempMaxSp
max disch temp sp,dischargeTempMaxSp
max sa temp sp,dischargeTempMaxSp
max sup temp sp,dischargeTempMaxSp
max discharge temp spt,dischargeTempMaxSp
dis temp max sp,dischargeTempMaxSp
dis max temp sp,dischargeTempMaxSp
dischtemp max sp,dischargeTempMaxSp
maxdatemp setpt,dischargeTempMaxSp
supply max tmp sp,dischargeTempMaxSp
supair max tmp sp,dischargeTempMaxSp
maxsa temp setpoint,dischargeTempMaxSp
sa tmp max sp,dischargeTempMaxSp
sa temp max setpt,dischargeTempMaxSp
max sa tmp setpoint,dischargeTempMaxSp
disch max temp spt,dischargeTempMaxSp
disch air tmp max sp,dischargeTempMaxSp
sup tmp upper limit,dischargeTempMaxSp
disch upper tmp spt,dischargeTempMaxSp
upper limit sa temp,dischargeTempMaxSp
supply tmp max limit,dischargeTempMaxSp
s air max tmp spt,dischargeTempMaxSp
da max temp setpoint,dischargeTempMaxSp
da temp upper limit,dischargeTempMaxSp
dis max tmp lim,dischargeTempMaxSp
discharge temp cutoff sp,dischargeTempMaxSp
dis temp max lim,dischargeTempMaxSp
sa tmp lim hi,dischargeTempMaxSp
max supply temp point,dischargeTempMaxSp
max supply tmp spt,dischargeTempMaxSp
sup tmp lim max,dischargeTempMaxSp
max da tmp cmd,dischargeTempMaxSp
dis tmp safety max sp,dischargeTempMaxSp
max setpoint sa temp,dischargeTempMaxSp
da tmp ceiling sp,dischargeTempMaxSp
disch tmp upper bound,dischargeTempMaxSp
max sat limit setpoint,dischargeTempMaxSp
sa temp ceiling sp,dischargeTempMaxSp
sup temp max val,dischargeTempMaxSp
sa temp max bnd,dischargeTempMaxSp
da temp sp limit,dischargeTempMaxSp
sup air max temp spt,dischargeTempMaxSp
disch supply temp max,dischargeTempMaxSp
disch tmp upper threshold,dischargeTempMaxSp
da tmp max range,dischargeTempMaxSp
max da temp ref,dischargeTempMaxSp
sa temp max def,dischargeTempMaxSp
sat max cmd point,dischargeTempMaxSp
sa tmp spt maximum,dischargeTempMaxSp
sup air temp limit setpt,dischargeTempMaxSp
sat limit setpoint,dischargeTempMaxSp
sat upper bnd sp,dischargeTempMaxSp
max sat ref point,dischargeTempMaxSp
sair temp cap sp,dischargeTempMaxSp
sa max heat temp sp,dischargeTempMaxSp
sat control max sp,dischargeTempMaxSp
max temp sa cmd,dischargeTempMaxSp
supply tmp max setpt,dischargeTempMaxSp
max set sat,dischargeTempMaxSp
min disch air sp,dischargeTempMinSp
min da tmp sp,dischargeTempMinSp
discharge temp min setpoint,dischargeTempMinSp
min da temp sp,dischargeTempMinSp
min disch temp sp,dischargeTempMinSp
min sa temp sp,dischargeTempMinSp
min sup temp sp,dischargeTempMinSp
min discharge temp spt,dischargeTempMinSp
dis temp min sp,dischargeTempMinSp
dis min temp sp,dischargeTempMinSp
dischtemp min sp,dischargeTempMinSp
mindatemp setpt,dischargeTempMinSp
supply min tmp sp,dischargeTempMinSp
supair min tmp sp,dischargeTempMinSp
minsa temp setpoint,dischargeTempMinSp
sa tmp min sp,dischargeTempMinSp
sa temp min setpt,dischargeTempMinSp
min sa tmp setpoint,dischargeTempMinSp
disch min temp spt,dischargeTempMinSp
disch air tmp min sp,dischargeTempMinSp
sup tmp lower limit,dischargeTempMinSp
disch lower tmp spt,dischargeTempMinSp
lower limit sa temp,dischargeTempMinSp
supply tmp min limit,dischargeTempMinSp
s air min tmp spt,dischargeTempMinSp
da min temp setpoint,dischargeTempMinSp
da temp lower limit,dischargeTempMinSp
dis min tmp lim,dischargeTempMinSp
discharge temp cutoff min sp,dischargeTempMinSp
dis temp min lim,dischargeTempMinSp
sa tmp lim lo,dischargeTempMinSp
min supply temp point,dischargeTempMinSp
min supply tmp spt,dischargeTempMinSp
sup tmp lim min,dischargeTempMinSp
min da tmp cmd,dischargeTempMinSp
dis tmp safety min sp,dischargeTempMinSp
min setpoint sa temp,dischargeTempMinSp
da tmp floor sp,dischargeTempMinSp
disch tmp lower bound,dischargeTempMinSp
min sat limit setpoint,dischargeTempMinSp
sa temp floor sp,dischargeTempMinSp
sup temp min val,dischargeTempMinSp
sa temp min bnd,dischargeTempMinSp
da temp sp limit lower,dischargeTempMinSp
sup air min temp spt,dischargeTempMinSp
disch supply temp min,dischargeTempMinSp
disch tmp lower threshold,dischargeTempMinSp
da tmp min range,dischargeTempMinSp
min da temp ref,dischargeTempMinSp
sa temp min def,dischargeTempMinSp
sat min cmd point,dischargeTempMinSp
sa tmp spt minimum,dischargeTempMinSp
sup air temp min limit setpt,dischargeTempMinSp
sat limit min setpoint,dischargeTempMinSp
sat lower bnd sp,dischargeTempMinSp
min sat ref point,dischargeTempMinSp
sair temp min sp,dischargeTempMinSp
sa min clg temp sp,dischargeTempMinSp
sat control min sp,dischargeTempMinSp
min temp sa cmd,dischargeTempMinSp
supply tmp min setpt,dischargeTempMinSp
min set sat,dischargeTempMinSp
oa hum,outsideHumidity
outdoor air humidity,outsideHumidity
oa humidity,outsideHumidity
oa humidity,outsideHumidity
oa humidity,outsideHumidity
oa humid,outsideHumidity
out humidity,outsideHumidity
outdoor humidity,outsideHumidity
oa humidity,outsideHumidity
oa rh,outsideHumidity
oa rh,outsideHumidity
oa rh,outsideHumidity
outdoor rh,outsideHumidity
outside rh,outsideHumidity
outside humidity,outsideHumidity
oa rel hum,outsideHumidity
oa relative humidity,outsideHumidity
oa rh sensor,outsideHumidity
oa rh sensor,outsideHumidity
oa rh in,outsideHumidity
oa humidity sensor,outsideHumidity
outside air rh,outsideHumidity
oa moisture,outsideHumidity
oa hum sensor,outsideHumidity
oa hum in,outsideHumidity
outdoor rh sensor,outsideHumidity
out rh read,outsideHumidity
oa humidity value,outsideHumidity
oa hum val,outsideHumidity
oa rh value,outsideHumidity
oa hum signal,outsideHumidity
oa humd,outsideHumidity
oa meas rh,outsideHumidity
oa hum pct,outsideHumidity
oa rh input,outsideHumidity
oa measured humidity,outsideHumidity
oa hum meas,outsideHumidity
oa hum in,outsideHumidity
oa humid in,outsideHumidity
outside air humidity,outsideHumidity
oa humdity read,outsideHumidity
oa meas hum,outsideHumidity
oa air hum,outsideHumidity
oa hum percent,outsideHumidity
oa rh reading,outsideHumidity
oa humidity in,outsideHumidity
out air rh,outsideHumidity
oa hum level,outsideHumidity
outside air humid,outsideHumidity
oa humd sensor,outsideHumidity
oa humidity level,outsideHumidity
oa hum percentage,outsideHumidity
oa rh data,outsideHumidity
oa hum content,outsideHumidity
oa humidity mon,outsideHumidity
oa mon rh,outsideHumidity
oa rh val,outsideHumidity
oa rh snsr,outsideHumidity
oa hum monitor,outsideHumidity
oa rh live,outsideHumidity
oa rh lvl,outsideHumidity
oa rh spot,outsideHumidity
oa hum feedback,outsideHumidity
oa air humidity,outsideHumidity
box flow,dischargeFlow
da f,dischargeFlow
sa f,dischargeFlow
supply air flow,dischargeFlow
dis air flow,dischargeFlow
disch a flow,dischargeFlow
da flow,dischargeFlow
sa flow,dischargeFlow
discharge flow,dischargeFlow
dis air flow,dischargeFlow
supply flow,dischargeFlow
supplyairflow,dischargeFlow
da flow,dischargeFlow
sup air flow,dischargeFlow
supair flow,dischargeFlow
supairflw,dischargeFlow
disch air flow,dischargeFlow
s air flow,dischargeFlow
supplycfm,dischargeFlow
supply cfm,dischargeFlow
sup air cfm,dischargeFlow
da cfm,dischargeFlow
da cfm,dischargeFlow
disairflw,dischargeFlow
disair flow,dischargeFlow
dischcfm,dischargeFlow
dairflow,dischargeFlow
splyairflow,dischargeFlow
sflow,dischargeFlow
sairflow,dischargeFlow
supflw,dischargeFlow
supair,dischargeFlow
supply vol flw,dischargeFlow
supply flow cfm,dischargeFlow
supply air flow,dischargeFlow
sa cfm read,dischargeFlow
sairflw,dischargeFlow
discharge cfm,dischargeFlow
sa flow sensor,dischargeFlow
supaircfm,dischargeFlow
supplyair flw,dischargeFlow
da airflw,dischargeFlow
sa flow rate,dischargeFlow
dair flow,dischargeFlow
sa flw,dischargeFlow
dair flow,dischargeFlow
discflow,dischargeFlow
disaircfm,dischargeFlow
sa vol flw,dischargeFlow
da flowrate,dischargeFlow
supairflow meas,dischargeFlow
da vol flow,dischargeFlow
discharge flw,dischargeFlow
supply vol flow,dischargeFlow
da flow sensor,dischargeFlow
disair vflow,dischargeFlow
da flow rdr,dischargeFlow
da volume flow,dischargeFlow
sa vol flw sensor,dischargeFlow
da flowsig,dischargeFlow
splyflow,dischargeFlow
s airflow,dischargeFlow
sair volume,dischargeFlow
supply volflw,dischargeFlow
da vol sig,dischargeFlow
sair vol rate,dischargeFlow
supplyair flowrate,dischargeFlow
sa flow mtrd,dischargeFlow
s air flowrate,dischargeFlow
act flow,dischargeFlow
actual flow,dischargeFlow
act supply airflow,dischargeFlow
actual air volume,dischargeFlow
vav vent flow,dischargeFlow
vent flow,dischargeFlow
vav flow,dischargeFlow
vav fl,dischargeFlow
max cool flow sp,dischargeFlowCoolMaxSp
max flow cool sp,dischargeFlowCoolMaxSp
flow max clg spt,dischargeFlowCoolMaxSp
flw max cool spt,dischargeFlowCoolMaxSp
max clg flow sp,dischargeFlowCoolMaxSp
maxclgflwsp,dischargeFlowCoolMaxSp
cool flow max sp,dischargeFlowCoolMaxSp
max cooling flow sp,dischargeFlowCoolMaxSp
clg flow limit sp,dischargeFlowCoolMaxSp
cooling max airflow sp,dischargeFlowCoolMaxSp
max flow cool,dischargeFlowCoolMaxSp
clg max flow spt,dischargeFlowCoolMaxSp
clg flow ceiling sp,dischargeFlowCoolMaxSp
clg flow sp max,dischargeFlowCoolMaxSp
coolmode flow max spt,dischargeFlowCoolMaxSp
da flow max clg,dischargeFlowCoolMaxSp
cool max da flow sp,dischargeFlowCoolMaxSp
sa flow max clg sp,dischargeFlowCoolMaxSp
clg flow upper lim,dischargeFlowCoolMaxSp
max clg disch flow,dischargeFlowCoolMaxSp
disch max cool flow sp,dischargeFlowCoolMaxSp
clg flow maximum sp,dischargeFlowCoolMaxSp
max clg sa flow sp,dischargeFlowCoolMaxSp
discharge flow clg max sp,dischargeFlowCoolMaxSp
max cf cooling,dischargeFlowCoolMaxSp
sa flow limit cool,dischargeFlowCoolMaxSp
supply flow cool max,dischargeFlowCoolMaxSp
clg mode airflow sp max,dischargeFlowCoolMaxSp
coolflowlimitsp,dischargeFlowCoolMaxSp
maxclgdisflwsp,dischargeFlowCoolMaxSp
maxcfm cool sp,dischargeFlowCoolMaxSp
clg cfm ceil sp,dischargeFlowCoolMaxSp
cfm clg mode max sp,dischargeFlowCoolMaxSp
sup airflow clg max spt,dischargeFlowCoolMaxSp
cool flow spt max,dischargeFlowCoolMaxSp
sa clg flow cutoff,dischargeFlowCoolMaxSp
coolflowtopsp,dischargeFlowCoolMaxSp
coolspflowceil,dischargeFlowCoolMaxSp
sp flow max clg,dischargeFlowCoolMaxSp
maxcoolflowsetpt,dischargeFlowCoolMaxSp
sa max cool flowpoint,dischargeFlowCoolMaxSp
max flow clg limit,dischargeFlowCoolMaxSp
airflow max cool sp,dischargeFlowCoolMaxSp
sp limit cool flow,dischargeFlowCoolMaxSp
da cfm max clg sp,dischargeFlowCoolMaxSp
cooling flow limit setpt,dischargeFlowCoolMaxSp
max cool cfm limit,dischargeFlowCoolMaxSp
sp cool flow limit,dischargeFlowCoolMaxSp
air vol flow clg max sp,dischargeFlowCoolMaxSp
max allowed clg flow,dischargeFlowCoolMaxSp
supply flow ceiling clg,dischargeFlowCoolMaxSp
maxcoolmodeflowsp,dischargeFlowCoolMaxSp
maxcoolairflwsp,dischargeFlowCoolMaxSp
clg flow max range sp,dischargeFlowCoolMaxSp
flowsp clg maximum,dischargeFlowCoolMaxSp
dairflow max clg sp,dischargeFlowCoolMaxSp
max clg sply flw sp,dischargeFlowCoolMaxSp
max disch flow clg sp,dischargeFlowCoolMaxSp
da flow clg limit sp,dischargeFlowCoolMaxSp
max clg flowsignal sp,dischargeFlowCoolMaxSp
flowrate clg max spt,dischargeFlowCoolMaxSp
max clg flow valve sp,dischargeFlowCoolMaxSp
min cool flow sp,dischargeFlowCoolMinSp
min flow cool sp,dischargeFlowCoolMinSp
flow min clg spt,dischargeFlowCoolMinSp
flw min cool spt,dischargeFlowCoolMinSp
min clg flow sp,dischargeFlowCoolMinSp
minclgflwsp,dischargeFlowCoolMinSp
cool flow min sp,dischargeFlowCoolMinSp
min cooling flow sp,dischargeFlowCoolMinSp
clg flow baseline sp,dischargeFlowCoolMinSp
cooling min airflow sp,dischargeFlowCoolMinSp
min flow cool,dischargeFlowCoolMinSp
clg min flow spt,dischargeFlowCoolMinSp
clg flow floor sp,dischargeFlowCoolMinSp
clg flow sp min,dischargeFlowCoolMinSp
coolmode flow min spt,dischargeFlowCoolMinSp
da flow min clg,dischargeFlowCoolMinSp
cool min da flow sp,dischargeFlowCoolMinSp
sa flow min clg sp,dischargeFlowCoolMinSp
clg flow lower lim,dischargeFlowCoolMinSp
min clg disch flow,dischargeFlowCoolMinSp
disch min cool flow sp,dischargeFlowCoolMinSp
clg flow minimum sp,dischargeFlowCoolMinSp
min clg sa flow sp,dischargeFlowCoolMinSp
discharge flow clg min sp,dischargeFlowCoolMinSp
min cf cooling,dischargeFlowCoolMinSp
sa flow min cool,dischargeFlowCoolMinSp
supply flow cool min,dischargeFlowCoolMinSp
clg mode airflow sp min,dischargeFlowCoolMinSp
coolflowminsp,dischargeFlowCoolMinSp
minclgdisflwsp,dischargeFlowCoolMinSp
mincfm cool sp,dischargeFlowCoolMinSp
clg cfm min sp,dischargeFlowCoolMinSp
cfm clg mode min sp,dischargeFlowCoolMinSp
sup airflow clg min spt,dischargeFlowCoolMinSp
cool flow spt min,dischargeFlowCoolMinSp
sa clg flow floor,dischargeFlowCoolMinSp
coolfloorsp,dischargeFlowCoolMinSp
coolspflowbase,dischargeFlowCoolMinSp
sp flow min clg,dischargeFlowCoolMinSp
mincoolflowsetpt,dischargeFlowCoolMinSp
sa min cool flowpoint,dischargeFlowCoolMinSp
min flow clg limit,dischargeFlowCoolMinSp
airflow min cool sp,dischargeFlowCoolMinSp
sp limit cool min flow,dischargeFlowCoolMinSp
da cfm min clg sp,dischargeFlowCoolMinSp
cooling flow min setpt,dischargeFlowCoolMinSp
min cool cfm limit,dischargeFlowCoolMinSp
sp cool flow floor,dischargeFlowCoolMinSp
air vol flow clg min sp,dischargeFlowCoolMinSp
min allowed clg flow,dischargeFlowCoolMinSp
supply flow floor clg,dischargeFlowCoolMinSp
mincoolmodeflowsp,dischargeFlowCoolMinSp
mincoolairflwsp,dischargeFlowCoolMinSp
clg flow min range sp,dischargeFlowCoolMinSp
flowsp clg minimum,dischargeFlowCoolMinSp
dairflow min clg sp,dischargeFlowCoolMinSp
min clg sply flw sp,dischargeFlowCoolMinSp
min disch flow clg sp,dischargeFlowCoolMinSp
da flow clg min sp,dischargeFlowCoolMinSp
min clg flowsignal sp,dischargeFlowCoolMinSp
flowrate clg min spt,dischargeFlowCoolMinSp
min clg flow valve sp,dischargeFlowCoolMinSp
max flow heat sp,dischargeFlowHeatMaxSp
htg maxflow sp,dischargeFlowHeatMaxSp
heating max flow sptp,dischargeFlowHeatMaxSp
htg max flo setpoint,dischargeFlowHeatMaxSp
htg max flow sp,dischargeFlowHeatMaxSp
max htg flow sp,dischargeFlowHeatMaxSp
max heat flow sp,dischargeFlowHeatMaxSp
heat flow max sp,dischargeFlowHeatMaxSp
max flow htg,dischargeFlowHeatMaxSp
max flow heat,dischargeFlowHeatMaxSp
flow heat max sp,dischargeFlowHeatMaxSp
htg flow ceiling sp,dischargeFlowHeatMaxSp
heating flow limit sp,dischargeFlowHeatMaxSp
htg flow upper lim,dischargeFlowHeatMaxSp
max htg da flow sp,dischargeFlowHeatMaxSp
sa flow max htg sp,dischargeFlowHeatMaxSp
da flow max htg,dischargeFlowHeatMaxSp
disch max heat flow sp,dischargeFlowHeatMaxSp
max htg sup flow sp,dischargeFlowHeatMaxSp
max heating airflow sp,dischargeFlowHeatMaxSp
htg mode flow max spt,dischargeFlowHeatMaxSp
htg flow maximum sp,dischargeFlowHeatMaxSp
heat max da flow,dischargeFlowHeatMaxSp
htg flow sp ceil,dischargeFlowHeatMaxSp
sp htg flow limit,dischargeFlowHeatMaxSp
airflow htg max sp,dischargeFlowHeatMaxSp
supply flow htg max,dischargeFlowHeatMaxSp
htg cfm max sp,dischargeFlowHeatMaxSp
max cfm htg sp,dischargeFlowHeatMaxSp
htg cfm ceil sp,dischargeFlowHeatMaxSp
sa htg flow limit,dischargeFlowHeatMaxSp
htgmaxflowsetpt,dischargeFlowHeatMaxSp
maxhtgmodeflowsp,dischargeFlowHeatMaxSp
htg top flow sp,dischargeFlowHeatMaxSp
maxhtgairflwsp,dischargeFlowHeatMaxSp
maxhtgdischflowsp,dischargeFlowHeatMaxSp
htg flow limit setpt,dischargeFlowHeatMaxSp
da htg max flow sp,dischargeFlowHeatMaxSp
sairflow htg ceil sp,dischargeFlowHeatMaxSp
htgcfm limit sp,dischargeFlowHeatMaxSp
sp htg flow ceil,dischargeFlowHeatMaxSp
sp htg cfm top,dischargeFlowHeatMaxSp
maxhtgcfmsp,dischargeFlowHeatMaxSp
heatingairflow maxsp,dischargeFlowHeatMaxSp
sa max htg flowpoint,dischargeFlowHeatMaxSp
htg flow max range sp,dischargeFlowHeatMaxSp
htg maxflowsetpoint,dischargeFlowHeatMaxSp
htg flow cutoff sp,dischargeFlowHeatMaxSp
htg discharge maxflow,dischargeFlowHeatMaxSp
htg airflow limit sp,dischargeFlowHeatMaxSp
htg flow maxspt,dischargeFlowHeatMaxSp
htg sp top flow,dischargeFlowHeatMaxSp
max heating flow limit,dischargeFlowHeatMaxSp
htg limit airflow sp,dischargeFlowHeatMaxSp
htg airflw max sp,dischargeFlowHeatMaxSp
da htg flow ceil sp,dischargeFlowHeatMaxSp
heating flow cap sp,dischargeFlowHeatMaxSp
htg sup flow max sp,dischargeFlowHeatMaxSp
htg sp flow limit,dischargeFlowHeatMaxSp
htg flow upr limit,dischargeFlowHeatMaxSp
sup htg flow ceiling,dischargeFlowHeatMaxSp
min flow heat sp,dischargeFlowHeatMinSp
htg minflow sp,dischargeFlowHeatMinSp
heating min flow sptp,dischargeFlowHeatMinSp
htg min flo setpoint,dischargeFlowHeatMinSp
htg min flow sp,dischargeFlowHeatMinSp
min htg flow sp,dischargeFlowHeatMinSp
min heat flow sp,dischargeFlowHeatMinSp
heat flow min sp,dischargeFlowHeatMinSp
min flow htg,dischargeFlowHeatMinSp
min flow heat,dischargeFlowHeatMinSp
flow heat min sp,dischargeFlowHeatMinSp
htg flow baseline sp,dischargeFlowHeatMinSp
heating flow floor sp,dischargeFlowHeatMinSp
htg flow lower lim,dischargeFlowHeatMinSp
min htg da flow sp,dischargeFlowHeatMinSp
sa flow min htg sp,dischargeFlowHeatMinSp
da flow min htg,dischargeFlowHeatMinSp
disch min heat flow sp,dischargeFlowHeatMinSp
min htg sup flow sp,dischargeFlowHeatMinSp
min heating airflow sp,dischargeFlowHeatMinSp
htg mode flow min spt,dischargeFlowHeatMinSp
htg flow minimum sp,dischargeFlowHeatMinSp
heat min da flow,dischargeFlowHeatMinSp
htg flow sp floor,dischargeFlowHeatMinSp
sp htg flow min limit,dischargeFlowHeatMinSp
airflow htg min sp,dischargeFlowHeatMinSp
supply flow htg min,dischargeFlowHeatMinSp
htg cfm min sp,dischargeFlowHeatMinSp
min cfm htg sp,dischargeFlowHeatMinSp
htg cfm baseline sp,dischargeFlowHeatMinSp
sa htg flow min sp,dischargeFlowHeatMinSp
htgminflowsetpt,dischargeFlowHeatMinSp
minhtgmodeflowsp,dischargeFlowHeatMinSp
htg bottom flow sp,dischargeFlowHeatMinSp
minhtgairflwsp,dischargeFlowHeatMinSp
minhtgdischflowsp,dischargeFlowHeatMinSp
htg flow min setpt,dischargeFlowHeatMinSp
da htg min flow sp,dischargeFlowHeatMinSp
sairflow htg base sp,dischargeFlowHeatMinSp
htgcfm baseline,dischargeFlowHeatMinSp
sp htg flow floor,dischargeFlowHeatMinSp
sp htg cfm btm,dischargeFlowHeatMinSp
minhtgcfmsp,dischargeFlowHeatMinSp
heatingairflow minsp,dischargeFlowHeatMinSp
sa min htg flowpoint,dischargeFlowHeatMinSp
htg flow min range sp,dischargeFlowHeatMinSp
htg minflowsetpoint,dischargeFlowHeatMinSp
htg flow startup sp,dischargeFlowHeatMinSp
htg discharge minflow,dischargeFlowHeatMinSp
htg airflow base sp,dischargeFlowHeatMinSp
htg flow minspt,dischargeFlowHeatMinSp
htg sp base flow,dischargeFlowHeatMinSp
min heating flow limit,dischargeFlowHeatMinSp
htg limit airflow min sp,dischargeFlowHeatMinSp
htg airflw min sp,dischargeFlowHeatMinSp
da htg flow base sp,dischargeFlowHeatMinSp
heating flow start sp,dischargeFlowHeatMinSp
htg sup flow min sp,dischargeFlowHeatMinSp
htg sp flow floor,dischargeFlowHeatMinSp
unit sts,unitStatus
unit status,unitStatus
unit sts,unitStatus
unit status,unitStatus
un sts,unitStatus
eq status,unitStatus
equipment status,unitStatus
ahu status,unitStatus
rtu status,unitStatus
unit operational status,unitStatus
unit stat,unitStatus
system status,unitStatus
sys sts,unitStatus
hvac status,unitStatus
unit op status,unitStatus
unit running,unitStatus
unit on off,unitStatus
status of unit,unitStatus
status unit,unitStatus
unit status signal,unitStatus
u stat,unitStatus
main unit status,unitStatus
unit on status,unitStatus
status main unit,unitStatus
unit state,unitStatus
system operating status,unitStatus
ahu sts,unitStatus
rtu sts,unitStatus
unit status feedback,unitStatus
unit sts fb,unitStatus
eq sts,unitStatus
equipment sts,unitStatus
pkg unit sts,unitStatus
unit power status,unitStatus
air handler status,unitStatus
unit mode status,unitStatus
unit active status,unitStatus
unit enabled status,unitStatus
unit availability,unitStatus
hvac unit status,unitStatus
unit op fb,unitStatus
unit sts signal,unitStatus
unit sts point,unitStatus
air unit status,unitStatus
packaged unit status,unitStatus
rtu stat,unitStatus
ahu stat,unitStatus
unit feedback status,unitStatus
unit running status,unitStatus
unit status monitor,unitStatus
unit command status,unitStatus
unit functional status,unitStatus
unit operation status,unitStatus
unit status return,unitStatus
unit running fb,unitStatus
unit state feedback,unitStatus
unit current status,unitStatus
unit mode feedback,unitStatus
min flow stby sp,dischargeFlowStandbyCoolSp
min flow standby sptp,dischargeFlowStandbyCoolSp
min stby flo sp,dischargeFlowStandbyCoolSp
stby clg flo sp,dischargeFlowStandbyCoolSp
standby cool flow setpoint,dischargeFlowStandbyCoolSp
standby min cool flow sp,dischargeFlowStandbyCoolSp
minclgstbysp,dischargeFlowStandbyCoolSp
clgstbyflowminsp,dischargeFlowStandbyCoolSp
flow min stby clg spt,dischargeFlowStandbyCoolSp
clg mode stby flow sp,dischargeFlowStandbyCoolSp
stby cool cfm sp,dischargeFlowStandbyCoolSp
stby cool flow sp,dischargeFlowStandbyCoolSp
stby clg da flow sp,dischargeFlowStandbyCoolSp
stby flow sp cool,dischargeFlowStandbyCoolSp
cooling stby airflow sp,dischargeFlowStandbyCoolSp
stby supply cool sp,dischargeFlowStandbyCoolSp
cool stby min flow spt,dischargeFlowStandbyCoolSp
supflowstbyclgsp,dischargeFlowStandbyCoolSp
da stby cfm sp clg,dischargeFlowStandbyCoolSp
daflow min stby cool,dischargeFlowStandbyCoolSp
stbyclgspflow,dischargeFlowStandbyCoolSp
da stby clg flow sp,dischargeFlowStandbyCoolSp
clg stby sp min flow,dischargeFlowStandbyCoolSp
stbyflowlimitclgsp,dischargeFlowStandbyCoolSp
sup airflow stby cool,dischargeFlowStandbyCoolSp
sp clg stby flow limit,dischargeFlowStandbyCoolSp
stbydaflowclg,dischargeFlowStandbyCoolSp
airflow stby clg sp,dischargeFlowStandbyCoolSp
flowrate clg stby spt,dischargeFlowStandbyCoolSp
flow cfm clg stby sp,dischargeFlowStandbyCoolSp
clg stby cfm flo sp,dischargeFlowStandbyCoolSp
cool stby sp air vol,dischargeFlowStandbyCoolSp
clg stby airflow limit,dischargeFlowStandbyCoolSp
mincfmclgstbysp,dischargeFlowStandbyCoolSp
min cfm cool stby,dischargeFlowStandbyCoolSp
cool air sp stby,dischargeFlowStandbyCoolSp
stby clg mode airflow sp,dischargeFlowStandbyCoolSp
cool airflow stby spt,dischargeFlowStandbyCoolSp
sp da stby clg flow,dischargeFlowStandbyCoolSp
stby sa clg flow spt,dischargeFlowStandbyCoolSp
cool stby sp supply flw,dischargeFlowStandbyCoolSp
clg stby sa flow sp,dischargeFlowStandbyCoolSp
da stby clg flow limit,dischargeFlowStandbyCoolSp
sa clg stby flow spt,dischargeFlowStandbyCoolSp
stby clg mode min flow,dischargeFlowStandbyCoolSp
clgstbyminflowspt,dischargeFlowStandbyCoolSp
sp stby cool flow lim,dischargeFlowStandbyCoolSp
da stby cool flow sp,dischargeFlowStandbyCoolSp
min clg stby supflow,dischargeFlowStandbyCoolSp
daflow clg stby sp,dischargeFlowStandbyCoolSp
supplyair clg stby sp,dischargeFlowStandbyCoolSp
cool stby flow ceiling,dischargeFlowStandbyCoolSp
cool stby min airflow sp,dischargeFlowStandbyCoolSp
minimum airflow stby clg,dischargeFlowStandbyCoolSp
cool flow spt stby,dischargeFlowStandbyCoolSp
airflow sp clg stby,dischargeFlowStandbyCoolSp
min flow stby htg sp,dischargeFlowStandbyHeatSp
min flow standby htg sptp,dischargeFlowStandbyHeatSp
min stby htg flo sp,dischargeFlowStandbyHeatSp
stby htg flo sp,dischargeFlowStandbyHeatSp
standby heat flow setpoint,dischargeFlowStandbyHeatSp
standby min heat flow sp,dischargeFlowStandbyHeatSp
minhtgstbysp,dischargeFlowStandbyHeatSp
htgstbyflowminsp,dischargeFlowStandbyHeatSp
flow min stby htg spt,dischargeFlowStandbyHeatSp
htg mode stby flow sp,dischargeFlowStandbyHeatSp
stby htg cfm sp,dischargeFlowStandbyHeatSp
stby htg flow sp,dischargeFlowStandbyHeatSp
stby htg da flow sp,dischargeFlowStandbyHeatSp
stby flow sp htg,dischargeFlowStandbyHeatSp
heating stby airflow sp,dischargeFlowStandbyHeatSp
stby supply htg sp,dischargeFlowStandbyHeatSp
htg stby min flow spt,dischargeFlowStandbyHeatSp
supflowstbyhtgsp,dischargeFlowStandbyHeatSp
da stby cfm sp htg,dischargeFlowStandbyHeatSp
daflow min stby htg,dischargeFlowStandbyHeatSp
stbyhtgspflow,dischargeFlowStandbyHeatSp
da stby htg flow sp,dischargeFlowStandbyHeatSp
htg stby sp min flow,dischargeFlowStandbyHeatSp
stbyflowlimithtgsp,dischargeFlowStandbyHeatSp
sup airflow stby htg,dischargeFlowStandbyHeatSp
sp htg stby flow limit,dischargeFlowStandbyHeatSp
stbydaflowhtg,dischargeFlowStandbyHeatSp
airflow stby htg sp,dischargeFlowStandbyHeatSp
flowrate htg stby spt,dischargeFlowStandbyHeatSp
flow cfm htg stby sp,dischargeFlowStandbyHeatSp
htg stby cfm flo sp,dischargeFlowStandbyHeatSp
htg stby airflow limit,dischargeFlowStandbyHeatSp
mincfmhtgstbysp,dischargeFlowStandbyHeatSp
min cfm htg stby,dischargeFlowStandbyHeatSp
htg air sp stby,dischargeFlowStandbyHeatSp
stby htg mode airflow sp,dischargeFlowStandbyHeatSp
htg airflow stby spt,dischargeFlowStandbyHeatSp
sp da stby htg flow,dischargeFlowStandbyHeatSp
stby sa htg flow spt,dischargeFlowStandbyHeatSp
htg stby sp supply flw,dischargeFlowStandbyHeatSp
htg stby sa flow sp,dischargeFlowStandbyHeatSp
da stby htg flow limit,dischargeFlowStandbyHeatSp
sa htg stby flow spt,dischargeFlowStandbyHeatSp
stby htg mode min flow,dischargeFlowStandbyHeatSp
htgstbyminflowspt,dischargeFlowStandbyHeatSp
sp stby htg flow lim,dischargeFlowStandbyHeatSp
da stby heat flow sp,dischargeFlowStandbyHeatSp
min htg stby supflow,dischargeFlowStandbyHeatSp
daflow htg stby sp,dischargeFlowStandbyHeatSp
supplyair htg stby sp,dischargeFlowStandbyHeatSp
htg stby flow ceiling,dischargeFlowStandbyHeatSp
htg stby min airflow sp,dischargeFlowStandbyHeatSp
minimum airflow stby htg,dischargeFlowStandbyHeatSp
heat flow spt stby,dischargeFlowStandbyHeatSp
airflow sp htg stby,dischargeFlowStandbyHeatSp
htg stby flow limit,dischargeFlowStandbyHeatSp
stby heat mode flow sp,dischargeFlowStandbyHeatSp
stby htg flow ctrl sp,dischargeFlowStandbyHeatSp
min flow unocc sp,dischargeFlowUnoccCoolSp
min flow unocc sptp,dischargeFlowUnoccCoolSp
min unocc flo sp,dischargeFlowUnoccCoolSp
unocc clg flo sp,dischargeFlowUnoccCoolSp
unoccupied cool flow setpoint,dischargeFlowUnoccCoolSp
unocc min cool flow sp,dischargeFlowUnoccCoolSp
minclgunoccsp,dischargeFlowUnoccCoolSp
clgunoccflowminsp,dischargeFlowUnoccCoolSp
flow min unocc clg spt,dischargeFlowUnoccCoolSp
clg mode unocc flow sp,dischargeFlowUnoccCoolSp
unocc cool cfm sp,dischargeFlowUnoccCoolSp
unocc cool flow sp,dischargeFlowUnoccCoolSp
unocc clg da flow sp,dischargeFlowUnoccCoolSp
unocc flow sp cool,dischargeFlowUnoccCoolSp
cooling unocc airflow sp,dischargeFlowUnoccCoolSp
unocc supply cool sp,dischargeFlowUnoccCoolSp
cool unocc min flow spt,dischargeFlowUnoccCoolSp
supflowunoccclgsp,dischargeFlowUnoccCoolSp
da unocc cfm sp clg,dischargeFlowUnoccCoolSp
daflow min unocc cool,dischargeFlowUnoccCoolSp
unoccclgspflow,dischargeFlowUnoccCoolSp
da unocc clg flow sp,dischargeFlowUnoccCoolSp
clg unocc sp min flow,dischargeFlowUnoccCoolSp
unoccflowlimitclgsp,dischargeFlowUnoccCoolSp
sup airflow unocc cool,dischargeFlowUnoccCoolSp
sp clg unocc flow limit,dischargeFlowUnoccCoolSp
unoccdaflowclg,dischargeFlowUnoccCoolSp
airflow unocc clg sp,dischargeFlowUnoccCoolSp
flowrate clg unocc spt,dischargeFlowUnoccCoolSp
flow cfm clg unocc sp,dischargeFlowUnoccCoolSp
clg unocc cfm flo sp,dischargeFlowUnoccCoolSp
cool unocc airflow limit,dischargeFlowUnoccCoolSp
mincfmclgunoccsp,dischargeFlowUnoccCoolSp
min cfm cool unocc,dischargeFlowUnoccCoolSp
cool air sp unocc,dischargeFlowUnoccCoolSp
unocc clg mode airflow sp,dischargeFlowUnoccCoolSp
cool airflow unocc spt,dischargeFlowUnoccCoolSp
sp da unocc clg flow,dischargeFlowUnoccCoolSp
unocc sa clg flow spt,dischargeFlowUnoccCoolSp
cool unocc sp supply flw,dischargeFlowUnoccCoolSp
clg unocc sa flow sp,dischargeFlowUnoccCoolSp
da unocc clg flow limit,dischargeFlowUnoccCoolSp
sa clg unocc flow spt,dischargeFlowUnoccCoolSp
unocc clg mode min flow,dischargeFlowUnoccCoolSp
clgunoccminflowspt,dischargeFlowUnoccCoolSp
sp unocc clg flow lim,dischargeFlowUnoccCoolSp
da unocc cool flow sp,dischargeFlowUnoccCoolSp
min clg unocc supflow,dischargeFlowUnoccCoolSp
daflow clg unocc sp,dischargeFlowUnoccCoolSp
supplyair clg unocc sp,dischargeFlowUnoccCoolSp
cool unocc flow ceiling,dischargeFlowUnoccCoolSp
cool unocc min airflow sp,dischargeFlowUnoccCoolSp
minimum airflow unocc clg,dischargeFlowUnoccCoolSp
cool flow spt unocc,dischargeFlowUnoccCoolSp
airflow sp clg unocc,dischargeFlowUnoccCoolSp
unocc cooling airflow sp,dischargeFlowUnoccCoolSp
unocc clg flow target,dischargeFlowUnoccCoolSp
unocc cfm cooling sp,dischargeFlowUnoccCoolSp
min flow unocc htg sp,dischargeFlowUnoccHeatSp
min flow unocc htg sptp,dischargeFlowUnoccHeatSp
min unocc htg flo sp,dischargeFlowUnoccHeatSp
unocc htg flo sp,dischargeFlowUnoccHeatSp
unoccupied heat flow setpoint,dischargeFlowUnoccHeatSp
unocc min heat flow sp,dischargeFlowUnoccHeatSp
minhtgunoccsp,dischargeFlowUnoccHeatSp
htgunoccflowminsp,dischargeFlowUnoccHeatSp
flow min unocc htg spt,dischargeFlowUnoccHeatSp
htg mode unocc flow sp,dischargeFlowUnoccHeatSp
unocc heat cfm sp,dischargeFlowUnoccHeatSp
unocc heat flow sp,dischargeFlowUnoccHeatSp
unocc htg da flow sp,dischargeFlowUnoccHeatSp
unocc flow sp htg,dischargeFlowUnoccHeatSp
heating unocc airflow sp,dischargeFlowUnoccHeatSp
unocc supply heat sp,dischargeFlowUnoccHeatSp
heat unocc min flow spt,dischargeFlowUnoccHeatSp
supflowunochtgsp,dischargeFlowUnoccHeatSp
da unocc cfm sp htg,dischargeFlowUnoccHeatSp
daflow min unocc htg,dischargeFlowUnoccHeatSp
unochtgspflow,dischargeFlowUnoccHeatSp
da unocc htg flow sp,dischargeFlowUnoccHeatSp
htg unocc sp min flow,dischargeFlowUnoccHeatSp
unoccflowlimithtgsp,dischargeFlowUnoccHeatSp
sup airflow unocc heat,dischargeFlowUnoccHeatSp
sp htg unocc flow limit,dischargeFlowUnoccHeatSp
unoccdaflowhtg,dischargeFlowUnoccHeatSp
airflow unocc htg sp,dischargeFlowUnoccHeatSp
flowrate htg unocc spt,dischargeFlowUnoccHeatSp
flow cfm htg unocc sp,dischargeFlowUnoccHeatSp
htg unocc cfm flo sp,dischargeFlowUnoccHeatSp
htg unocc airflow limit,dischargeFlowUnoccHeatSp
mincfmhtgunoccsp,dischargeFlowUnoccHeatSp
min cfm heat unocc,dischargeFlowUnoccHeatSp
heat air sp unocc,dischargeFlowUnoccHeatSp
unocc htg mode airflow sp,dischargeFlowUnoccHeatSp
heat airflow unocc spt,dischargeFlowUnoccHeatSp
sp da unocc htg flow,dischargeFlowUnoccHeatSp
unocc sa htg flow spt,dischargeFlowUnoccHeatSp
heat unocc sp supply flw,dischargeFlowUnoccHeatSp
htg unocc sa flow sp,dischargeFlowUnoccHeatSp
da unocc htg flow limit,dischargeFlowUnoccHeatSp
sa htg unocc flow spt,dischargeFlowUnoccHeatSp
unocc htg mode min flow,dischargeFlowUnoccHeatSp
htgunoccminflowspt,dischargeFlowUnoccHeatSp
sp unocc htg flow lim,dischargeFlowUnoccHeatSp
da unocc heat flow sp,dischargeFlowUnoccHeatSp
min htg unocc supflow,dischargeFlowUnoccHeatSp
daflow htg unocc sp,dischargeFlowUnoccHeatSp
supplyair htg unocc sp,dischargeFlowUnoccHeatSp
htg unocc flow ceiling,dischargeFlowUnoccHeatSp
htg unocc min airflow sp,dischargeFlowUnoccHeatSp
minimum airflow unocc htg,dischargeFlowUnoccHeatSp
heat flow spt unocc,dischargeFlowUnoccHeatSp
airflow sp htg unocc,dischargeFlowUnoccHeatSp
unocc heating airflow sp,dischargeFlowUnoccHeatSp
unocc htg flow target,dischargeFlowUnoccHeatSp
unocc cfm heating sp,dischargeFlowUnoccHeatSp
damper ovr,dischargeDamperOvr
sa damper ovr,dischargeDamperOvr
discharge dmpr ovr,dischargeDamperOvr
da dmpr ovr,dischargeDamperOvr
sa dmpr ovr,dischargeDamperOvr
sa dmp ovr,dischargeDamperOvr
supply damper override,dischargeDamperOvr
dis air dmpr override,dischargeDamperOvr
da damper manual,dischargeDamperOvr
dis damper ovr,dischargeDamperOvr
supply damper ovr,dischargeDamperOvr
supairdmpr ovr,dischargeDamperOvr
discharge air damper ovr,dischargeDamperOvr
sup damper ovr,dischargeDamperOvr
da damper hmi ovr,dischargeDamperOvr
manual damper cmd,dischargeDamperOvr
sa damper manual cmd,dischargeDamperOvr
sa dmp override,dischargeDamperOvr
supply dmpr ovr cmd,dischargeDamperOvr
disch dmpr ovr,dischargeDamperOvr
da dmpr ovrd,dischargeDamperOvr
sa dmpr override,dischargeDamperOvr
supply air damper override,dischargeDamperOvr
manual sa dmpr,dischargeDamperOvr
disch dmpr override,dischargeDamperOvr
da dmp manual switch,dischargeDamperOvr
override damper sa,dischargeDamperOvr
supply dmpr manual,dischargeDamperOvr
man sa dmpr cmd,dischargeDamperOvr
dmprovrda,dischargeDamperOvr
sa dmpr man ovr,dischargeDamperOvr
dmpr ovrd supply air,dischargeDamperOvr
manual override sa damper,dischargeDamperOvr
sa ovr dmp,dischargeDamperOvr
dmpr sa ovr cmd,dischargeDamperOvr
da ovr dmpr cmd,dischargeDamperOvr
sup da dmpr ovr,dischargeDamperOvr
sa dmpr cmd manual,dischargeDamperOvr
da dmpr override cmd,dischargeDamperOvr
supply damper override,dischargeDamperOvr
dis air damper cmd override,dischargeDamperOvr
dis air dmpr manual cmd,dischargeDamperOvr
airflow damper override,dischargeDamperOvr
supply dmpr override,dischargeDamperOvr
air dmpr ovr discharge,dischargeDamperOvr
sa ovrd damper,dischargeDamperOvr
sa manual dmp control,dischargeDamperOvr
sa dmpr override cmd,dischargeDamperOvr
sup dmpr ovr signal,dischargeDamperOvr
da dmpr ovr enable,dischargeDamperOvr
sa dmpr ovr state,dischargeDamperOvr
k factor,kFactor
k factor,kFactor
k fact,kFactor
kfac,kFactor
k fac,kFactor
kfct,kFactor
k fact,kFactor
airflow k,kFactor
cfm k,kFactor
kfactor cfm,kFactor
k factor cfm,kFactor
air kfactor,kFactor
cfm kf,kFactor
airflow k factor,kFactor
k factor cfm,kFactor
vav kfactor,kFactor
box kfactor,kFactor
flow kfactor,kFactor
cfm corr factor,kFactor
cfm correction factor,kFactor
cfm k fct,kFactor
k coefficient,kFactor
box flow constant,kFactor
box air k,kFactor
saflow k factor,kFactor
flowkfactor,kFactor
air flow correction,kFactor
calibration factor,kFactor
box cal factor,kFactor
box flow factor,kFactor
flow factor,kFactor
k value,kFactor
cfm k value,kFactor
velocity k factor,kFactor
cfm k val,kFactor
box cal k,kFactor
cal kfactor,kFactor
vav flow k,kFactor
cfm corr coeff,kFactor
box k correction,kFactor
cfm constant,kFactor
airflow const,kFactor
flow constant,kFactor
airflow calibration,kFactor
duct k factor,kFactor
sensor kfactor,kFactor
k const air,kFactor
box flow coeff,kFactor
air measure k,kFactor
vav k adj,kFactor
box k setpoint,kFactor
cfm k corr,kFactor
cfm cal k,kFactor
setpntoffset,zoneTempSpOffset
set point offset,zoneTempSpOffset
zn sp db,zoneTempSpOffset
znt sp adjust,zoneTempSpOffset
zone tmp setpoint offset,zoneTempSpOffset
space temp offst,zoneTempSpOffset
zn sp adj,zoneTempSpOffset
temp sp offset,zoneTempSpOffset
zone sp offset,zoneTempSpOffset
zn temp sp adj,zoneTempSpOffset
temp setpoint shift,zoneTempSpOffset
space temp sp offset,zoneTempSpOffset
zn t sp offset,zoneTempSpOffset
zone setpoint db,zoneTempSpOffset
room temp offset,zoneTempSpOffset
adjust zone sp,zoneTempSpOffset
sp offset zn tmp,zoneTempSpOffset
sp adjustment zone,zoneTempSpOffset
zone temp sp mod,zoneTempSpOffset
sp zone temp offset,zoneTempSpOffset
room sp shift,zoneTempSpOffset
sptemp offset,zoneTempSpOffset
zone sp corr,zoneTempSpOffset
zn sp shift,zoneTempSpOffset
room sp temp offset,zoneTempSpOffset
space setpoint offset,zoneTempSpOffset
offset setpoint temp,zoneTempSpOffset
deadband zn sp,zoneTempSpOffset
room temp setpoint offset,zoneTempSpOffset
zn t sp shift,zoneTempSpOffset
hvac zone temp offset,zoneTempSpOffset
zn setpt trim,zoneTempSpOffset
room sp trim,zoneTempSpOffset
adjust sp zn tmp,zoneTempSpOffset
sp offset tmp zn,zoneTempSpOffset
effective setpoint adj,zoneTempSpOffset
schedule sp temp offset,zoneTempSpOffset
zn sp trim,zoneTempSpOffset
zn t adj sp,zoneTempSpOffset
room setpoint delta,zoneTempSpOffset
zn tmp sp delta,zoneTempSpOffset
space sp shift,zoneTempSpOffset
sp adjust room,zoneTempSpOffset
temp sp variation,zoneTempSpOffset
room sp mod,zoneTempSpOffset
adj zone temp setpoint,zoneTempSpOffset
temp offset setpoint,zoneTempSpOffset
sp offset zone ctrl,zoneTempSpOffset
temp sp zone offset,zoneTempSpOffset
space sp adj,zoneTempSpOffset
temperature offset zone,zoneTempSpOffset
znt sp adj val,zoneTempSpOffset
room sp offset,zoneTempSpOffset
zone sp adjustment,zoneTempSpOffset
sp trim zone,zoneTempSpOffset
offset temp zone sp,zoneTempSpOffset
sp adjust degrees,zoneTempSpOffset
space temp sp trim,zoneTempSpOffset
space sp variance,zoneTempSpOffset
zn sp var,zoneTempSpOffset
zn setpoint mod,zoneTempSpOffset
spmod zone tmp,zoneTempSpOffset
zone voc setpoint,zoneVOCSp
zone voc setpoint,zoneVOCSp
zonevocsetpoint,zoneVOCSp
zone voc setpoint,zoneVOCSp
zone voc setpoint,zoneVOCSp
zone voc setpoint,zoneVOCSp
zone voc setpoint,zoneVOCSp
zone voc setpoint,zoneVOCSp
zone voc setpoint,zoneVOCSp
zone vocsp,zoneVOCSp
zone vocsp,zoneVOCSp
zonevocsp,zoneVOCSp
zone voc sp,zoneVOCSp
zone voc sp,zoneVOCSp
zone voc sp,zoneVOCSp
zone voc sp,zoneVOCSp
zone voc sp,zoneVOCSp
zone voc sp,zoneVOCSp
zone voc spt,zoneVOCSp
zone voc spt,zoneVOCSp
zonevocspt,zoneVOCSp
zone voc spt,zoneVOCSp
zone voc spt,zoneVOCSp
zone voc spt,zoneVOCSp
zone voc spt,zoneVOCSp
zn voc sp,zoneVOCSp
zn voc sp,zoneVOCSp
zn voc sp,zoneVOCSp
zn voc sp,zoneVOCSp
znvocsp,zoneVOCSp
znvocsp,zoneVOCSp
zn voc spt,zoneVOCSp
zn voc spt,zoneVOCSp
zn voc spt,zoneVOCSp
zn voc spt,zoneVOCSp
znvocspt,zoneVOCSp
znvocspt,zoneVOCSp
zn voc setpoint,zoneVOCSp
zn voc setpoint,zoneVOCSp
zn voc setpoint,zoneVOCSp
zn voc setpoint,zoneVOCSp
zn voc setpoint,zoneVOCSp
space voc setpoint,zoneVOCSp
space voc setpoint,zoneVOCSp
spacevocsetpoint,zoneVOCSp
space voc setpoint,zoneVOCSp
space voc setpoint,zoneVOCSp
space voc setpoint,zoneVOCSp
space voc setpoint,zoneVOCSp
space vocsp,zoneVOCSp
space vocsp,zoneVOCSp
spacevocsp,zoneVOCSp
space voc sp,zoneVOCSp
space voc sp,zoneVOCSp
spc voc sp,zoneVOCSp
spc voc sp,zoneVOCSp
spcvocsp,zoneVOCSp
spc voc sp,zoneVOCSp
spc voc sp,zoneVOCSp
voc sp,zoneVOCSp
voc sp,zoneVOCSp
vocsp,zoneVOCSp
voc sp,zoneVOCSp
voc spt,zoneVOCSp
voc spt,zoneVOCSp
vocspt,zoneVOCSp
voc setpoint,zoneVOCSp
voc setpoint,zoneVOCSp
voc setpoint,zoneVOCSp
voc setpoint,zoneVOCSp
zone voc level alarm,zoneVOCLevelAlarm
zone voc level alarm,zoneVOCLevelAlarm
zonevoclevelalarm,zoneVOCLevelAlarm
zone voc level alarm,zoneVOCLevelAlarm
zone voc level alarm,zoneVOCLevelAlarm
zone voc level alarm,zoneVOCLevelAlarm
zone voc level alarm,zoneVOCLevelAlarm
zone voc level alarm,zoneVOCLevelAlarm
zone voc level alarm,zoneVOCLevelAlarm
zone voc lvl alarm,zoneVOCLevelAlarm
zone voc lvl alarm,zoneVOCLevelAlarm
zonevoclvlalarm,zoneVOCLevelAlarm
zone voc lvl alarm,zoneVOCLevelAlarm
zone voc lvl alarm,zoneVOCLevelAlarm
zone voc lvl alarm,zoneVOCLevelAlarm
zone voc lvl alarm,zoneVOCLevelAlarm
zone voc level alm,zoneVOCLevelAlarm
zone voc level alm,zoneVOCLevelAlarm
zonevoclevelalm,zoneVOCLevelAlarm
zone voc level alm,zoneVOCLevelAlarm
zone voc level alm,zoneVOCLevelAlarm
zone voc level alm,zoneVOCLevelAlarm
zone voc level alm,zoneVOCLevelAlarm
zone voc lvl alm,zoneVOCLevelAlarm
zone voc lvl alm,zoneVOCLevelAlarm
zonevoclvlalm,zoneVOCLevelAlarm
zone voc lvl alm,zoneVOCLevelAlarm
zone voc lvl alm,zoneVOCLevelAlarm
zone voc lvl alm,zoneVOCLevelAlarm
zone voc lvl alm,zoneVOCLevelAlarm
zn voc lvl alm,zoneVOCLevelAlarm
zn voc lvl alm,zoneVOCLevelAlarm
znvoclvlalm,zoneVOCLevelAlarm
zn voc lvl alm,zoneVOCLevelAlarm
zn voc level alarm,zoneVOCLevelAlarm
zn voc level alarm,zoneVOCLevelAlarm
znvoclevelalarm,zoneVOCLevelAlarm
zn voc level alarm,zoneVOCLevelAlarm
zn voc level alarm,zoneVOCLevelAlarm
zn voc lvl alm,zoneVOCLevelAlarm
zn voc lvl alm,zoneVOCLevelAlarm
zn voc level alarm,zoneVOCLevelAlarm
zn voc level alarm,zoneVOCLevelAlarm
space voc level alarm,zoneVOCLevelAlarm
space voc level alarm,zoneVOCLevelAlarm
spacevoclevelalarm,zoneVOCLevelAlarm
space voc level alarm,zoneVOCLevelAlarm
space voc level alarm,zoneVOCLevelAlarm
space voc level alarm,zoneVOCLevelAlarm
space voc level alarm,zoneVOCLevelAlarm
space voc lvl alm,zoneVOCLevelAlarm
space voc lvl alm,zoneVOCLevelAlarm
spacevoclvlalm,zoneVOCLevelAlarm
space voc lvl alm,zoneVOCLevelAlarm
space voc lvl alm,zoneVOCLevelAlarm
spc voc lvl alm,zoneVOCLevelAlarm
spc voc lvl alm,zoneVOCLevelAlarm
spcvoclvlalm,zoneVOCLevelAlarm
spc voc lvl alm,zoneVOCLevelAlarm
spc voc level alarm,zoneVOCLevelAlarm
voc lvl alm,zoneVOCLevelAlarm
voc lvl alm,zoneVOCLevelAlarm
voclvlalm,zoneVOCLevelAlarm
voc lvl alm,zoneVOCLevelAlarm
voc level alarm,zoneVOCLevelAlarm
voc level alarm,zoneVOCLevelAlarm
voc level alarm,zoneVOCLevelAlarm
voc level alarm,zoneVOCLevelAlarm
zone voc alarm,zoneVOCLevelAlarm
zone voc alarm,zoneVOCLevelAlarm
zonevocalarm,zoneVOCLevelAlarm
zone voc alarm,zoneVOCLevelAlarm
zone voc alarm,zoneVOCLevelAlarm
zone voc alarm,zoneVOCLevelAlarm
zone voc alarm,zoneVOCLevelAlarm
zn voc alm,zoneVOCLevelAlarm
zn voc alm,zoneVOCLevelAlarm
znvocalm,zoneVOCLevelAlarm
zn voc alm,zoneVOCLevelAlarm
zone voc min sp,zoneVOCMinSp
zone voc min sp,zoneVOCMinSp
zonevocminsp,zoneVOCMinSp
zone voc min sp,zoneVOCMinSp
zone voc min sp,zoneVOCMinSp
zone voc min sp,zoneVOCMinSp
zone voc min sp,zoneVOCMinSp
zone voc min sp,zoneVOCMinSp
zone voc min sp,zoneVOCMinSp
zone voc min spt,zoneVOCMinSp
zone voc min spt,zoneVOCMinSp
zonevocminspt,zoneVOCMinSp
zone voc min spt,zoneVOCMinSp
zone voc min spt,zoneVOCMinSp
zone voc min spt,zoneVOCMinSp
zone voc min spt,zoneVOCMinSp
zone voc min setpoint,zoneVOCMinSp
zone voc min setpoint,zoneVOCMinSp
zonevocminsetpoint,zoneVOCMinSp
zone voc min setpoint,zoneVOCMinSp
zone voc min setpoint,zoneVOCMinSp
zone voc min setpoint,zoneVOCMinSp
zone voc min setpoint,zoneVOCMinSp
zone voc minimum sp,zoneVOCMinSp
zone voc minimum sp,zoneVOCMinSp
zonevocminimumsp,zoneVOCMinSp
zone voc minimum sp,zoneVOCMinSp
zone voc minimum sp,zoneVOCMinSp
zone voc minimum setpoint,zoneVOCMinSp
zone voc minimum setpoint,zoneVOCMinSp
zn voc min sp,zoneVOCMinSp
zn voc min sp,zoneVOCMinSp
znvocminsp,zoneVOCMinSp
zn voc min sp,zoneVOCMinSp
zn voc min sp,zoneVOCMinSp
zn voc min sp,zoneVOCMinSp
zn voc min sp,zoneVOCMinSp
zn voc min spt,zoneVOCMinSp
zn voc min spt,zoneVOCMinSp
znvocminspt,zoneVOCMinSp
zn voc min spt,zoneVOCMinSp
zn voc min setpoint,zoneVOCMinSp
zn voc min setpoint,zoneVOCMinSp
zn voc min setpoint,zoneVOCMinSp
zn voc min setpoint,zoneVOCMinSp
space voc min sp,zoneVOCMinSp
space voc min sp,zoneVOCMinSp
spacevocminsp,zoneVOCMinSp
space voc min sp,zoneVOCMinSp
space voc min sp,zoneVOCMinSp
space voc min sp,zoneVOCMinSp
space voc min sp,zoneVOCMinSp
space voc min setpoint,zoneVOCMinSp
space voc min setpoint,zoneVOCMinSp
space voc min setpoint,zoneVOCMinSp
spc voc min sp,zoneVOCMinSp
spc voc min sp,zoneVOCMinSp
spcvocminsp,zoneVOCMinSp
spc voc min sp,zoneVOCMinSp
spc voc min sp,zoneVOCMinSp
spc voc min spt,zoneVOCMinSp
spc voc min spt,zoneVOCMinSp
spc voc min spt,zoneVOCMinSp
voc min sp,zoneVOCMinSp
voc min sp,zoneVOCMinSp
vocminsp,zoneVOCMinSp
voc min sp,zoneVOCMinSp
voc min spt,zoneVOCMinSp
voc min spt,zoneVOCMinSp
voc min setpoint,zoneVOCMinSp
voc min setpoint,zoneVOCMinSp
znvocmn sp,zoneVOCMinSp
zn voc mn sp,zoneVOCMinSp
zn voc mn sp,zoneVOCMinSp
zone voc max sp,zoneVOCMaxSp
zone voc max sp,zoneVOCMaxSp
zonevocmaxsp,zoneVOCMaxSp
zone voc max sp,zoneVOCMaxSp
zone voc max sp,zoneVOCMaxSp
zone voc max sp,zoneVOCMaxSp
zone voc max sp,zoneVOCMaxSp
zone voc max sp,zoneVOCMaxSp
zone voc max sp,zoneVOCMaxSp
zone voc max spt,zoneVOCMaxSp
zone voc max spt,zoneVOCMaxSp
zonevocmaxspt,zoneVOCMaxSp
zone voc max spt,zoneVOCMaxSp
zone voc max spt,zoneVOCMaxSp
zone voc max spt,zoneVOCMaxSp
zone voc max spt,zoneVOCMaxSp
zone voc max setpoint,zoneVOCMaxSp
zone voc max setpoint,zoneVOCMaxSp
zonevocmaxsetpoint,zoneVOCMaxSp
zone voc max setpoint,zoneVOCMaxSp
zone voc max setpoint,zoneVOCMaxSp
zone voc max setpoint,zoneVOCMaxSp
zone voc max setpoint,zoneVOCMaxSp
zone voc maximum sp,zoneVOCMaxSp
zone voc maximum sp,zoneVOCMaxSp
zonevocmaximumsp,zoneVOCMaxSp
zone voc maximum sp,zoneVOCMaxSp
zone voc maximum sp,zoneVOCMaxSp
zone voc maximum setpoint,zoneVOCMaxSp
zone voc maximum setpoint,zoneVOCMaxSp
zn voc max sp,zoneVOCMaxSp
zn voc max sp,zoneVOCMaxSp
znvocmaxsp,zoneVOCMaxSp
zn voc max sp,zoneVOCMaxSp
zn voc max sp,zoneVOCMaxSp
zn voc max sp,zoneVOCMaxSp
zn voc max sp,zoneVOCMaxSp
zn voc max spt,zoneVOCMaxSp
zn voc max spt,zoneVOCMaxSp
znvocmaxspt,zoneVOCMaxSp
zn voc max spt,zoneVOCMaxSp
zn voc max setpoint,zoneVOCMaxSp
zn voc max setpoint,zoneVOCMaxSp
zn voc max setpoint,zoneVOCMaxSp
zn voc max setpoint,zoneVOCMaxSp
space voc max sp,zoneVOCMaxSp
space voc max sp,zoneVOCMaxSp
spacevocmaxsp,zoneVOCMaxSp
space voc max sp,zoneVOCMaxSp
space voc max sp,zoneVOCMaxSp
space voc max sp,zoneVOCMaxSp
space voc max sp,zoneVOCMaxSp
space voc max setpoint,zoneVOCMaxSp
space voc max setpoint,zoneVOCMaxSp
space voc max setpoint,zoneVOCMaxSp
spc voc max sp,zoneVOCMaxSp
spc voc max sp,zoneVOCMaxSp
spcvocmaxsp,zoneVOCMaxSp
spc voc max sp,zoneVOCMaxSp
spc voc max sp,zoneVOCMaxSp
spc voc max spt,zoneVOCMaxSp
spc voc max spt,zoneVOCMaxSp
spc voc max spt,zoneVOCMaxSp
voc max sp,zoneVOCMaxSp
voc max sp,zoneVOCMaxSp
vocmaxsp,zoneVOCMaxSp
voc max sp,zoneVOCMaxSp
voc max spt,zoneVOCMaxSp
voc max spt,zoneVOCMaxSp
voc max setpoint,zoneVOCMaxSp
voc max setpoint,zoneVOCMaxSp
znvocmx sp,zoneVOCMaxSp
zn voc mx sp,zoneVOCMaxSp
zn voc mx sp,zoneVOCMaxSp
zone voc db,zoneVOCDb
spacevocdeadband,zoneVOCDb
zn vocdb,zoneVOCDb
zn voc db,zoneVOCDb
zone voc db,zoneVOCDb
zonevocdb,zoneVOCDb
zone voc deadband,zoneVOCDb
rm voc db,zoneVOCDb
room voc deadband,zoneVOCDb
zn voc deadband,zoneVOCDb
space voc db,zoneVOCDb
zone iaq deadband,zoneVOCDb
zn tvoc db,zoneVOCDb
voc setpoint deadband,zoneVOCDb
zone voc sp db,zoneVOCDb
zn voc limit db,zoneVOCDb
rt voc db,zoneVOCDb
voc db zn,zoneVOCDb
space voc db,zoneVOCDb
zn voc dead band,zoneVOCDb
zone iaq db,zoneVOCDb
rm voc db,zoneVOCDb
room iaq deadband,zoneVOCDb
zn voc deadband,zoneVOCDb
spc voc db,zoneVOCDb
space voc db,zoneVOCDb
zone voc db sp,zoneVOCDb
zn iaq db,zoneVOCDb
voc deadband zone,zoneVOCDb
room voc db,zoneVOCDb
zn voc limit db,zoneVOCDb
zone voc deadband,zoneVOCDb
voc db space,zoneVOCDb
rm iaq deadband,zoneVOCDb
zone iaq db,zoneVOCDb
zn voc db offset,zoneVOCDb
space voc deadband,zoneVOCDb
zn iaq db,zoneVOCDb
room voc db,zoneVOCDb
voc db zn,zoneVOCDb
zone voc deadband,zoneVOCDb
zn voc sp db,zoneVOCDb
space iaq deadband,zoneVOCDb
rm voc deadband,zoneVOCDb
voc db rm,zoneVOCDb
zn voc db,zoneVOCDb
zone voc db,zoneVOCDb
space voc db,zoneVOCDb
zn iaq deadband,zoneVOCDb
room voc db,zoneVOCDb
zone tvoc db,zoneVOCDb
zn voc deadb,zoneVOCDb
space voc deadband,zoneVOCDb
rm iaq db,zoneVOCDb
voc deadband zn,zoneVOCDb
zn voc db sp,zoneVOCDb
zone iaq deadband,zoneVOCDb
zone voc alarm,zoneVOCAlarm
zn voc alm,zoneVOCAlarm
zone voc alarm,zoneVOCAlarm
spacevocalarm,zoneVOCAlarm
rm voc alarm,zoneVOCAlarm
zone voc alarm,zoneVOCAlarm
zn voc alm,zoneVOCAlarm
space voc alarm,zoneVOCAlarm
room voc alm,zoneVOCAlarm
zn voc alarm,zoneVOCAlarm
voc alarm zone,zoneVOCAlarm
zn iaq alm,zoneVOCAlarm
zone iaq alarm,zoneVOCAlarm
rm voc alm,zoneVOCAlarm
voc alarm zn,zoneVOCAlarm
space iaq alarm,zoneVOCAlarm
zn iaq alarm,zoneVOCAlarm
room voc alarm,zoneVOCAlarm
zn voc alarm,zoneVOCAlarm
zone voc alarm,zoneVOCAlarm
voc alm zn,zoneVOCAlarm
space voc alarm,zoneVOCAlarm
zn tvoc alarm,zoneVOCAlarm
rm iaq alm,zoneVOCAlarm
zonevoc alarm,zoneVOCAlarm
voc alert zone,zoneVOCAlarm
zn voc alarm,zoneVOCAlarm
room voc alarm,zoneVOCAlarm
space iaq alarm,zoneVOCAlarm
zone iaq alm,zoneVOCAlarm
voc alm space,zoneVOCAlarm
zn voc alarm,zoneVOCAlarm
rm voc alarm,zoneVOCAlarm
space voc alarm,zoneVOCAlarm
zn iaq alarm,zoneVOCAlarm
voc alarm rm,zoneVOCAlarm
zone tvoc alm,zoneVOCAlarm
zn iaq alm,zoneVOCAlarm
space voc alarm,zoneVOCAlarm
room voc alm,zoneVOCAlarm
voc alarm space,zoneVOCAlarm
zone voc alert,zoneVOCAlarm
zn voc alert,zoneVOCAlarm
rm voc alarm,zoneVOCAlarm
space voc alert,zoneVOCAlarm
zn voc alert,zoneVOCAlarm
voc alert zn,zoneVOCAlarm
zone iaq alm,zoneVOCAlarm
zn voc alert,zoneVOCAlarm
room voc alert,zoneVOCAlarm
space iaq alm,zoneVOCAlarm
zn voc alarm active,zoneVOCAlarm
zone voc alarm status,zoneVOCAlarm
zn voc alm stat,zoneVOCAlarm
rm iaq alarm,zoneVOCAlarm
space voc alm,zoneVOCAlarm
voc alarm rt,zoneVOCAlarm
zn t sp ovr,zoneTempSpOvr
zone temp sp ovr,zoneTempSpOvr
rm t sp ovr,zoneTempSpOvr
space temp sp ovr,zoneTempSpOvr
zn t sp ovrd,zoneTempSpOvr
zone temp sp override,zoneTempSpOvr
zn sp ovr,zoneTempSpOvr
room temp sp ovr,zoneTempSpOvr
spc t sp ovr,zoneTempSpOvr
zone temp setpt ovr,zoneTempSpOvr
zn temp sp ovr,zoneTempSpOvr
space temp sp override,zoneTempSpOvr
rm t sp ovr,zoneTempSpOvr
zn t setpt ovr,zoneTempSpOvr
zone sp ovr,zoneTempSpOvr
space temp setpoint ovr,zoneTempSpOvr
zn temp sp ovrd,zoneTempSpOvr
rm temp sp ovrd,zoneTempSpOvr
zn t sp bypass,zoneTempSpOvr
zone temp sp override,zoneTempSpOvr
spc temp sp ovr,zoneTempSpOvr
zn sp ovrd,zoneTempSpOvr
room temp setpoint ovr,zoneTempSpOvr
zn t sp ovr,zoneTempSpOvr
space t sp ovr,zoneTempSpOvr
zone temp setpt ovr,zoneTempSpOvr
zn temp setpt ovr,zoneTempSpOvr
rm temp sp ovr,zoneTempSpOvr
space temp sp ovr,zoneTempSpOvr
zn t sp override,zoneTempSpOvr
zone t sp ovrd,zoneTempSpOvr
room temp sp ovr,zoneTempSpOvr
zn t sp ovr,zoneTempSpOvr
spc t sp ovrd,zoneTempSpOvr
zone temp sp ovrd,zoneTempSpOvr
zn t setpt ovr,zoneTempSpOvr
space temp sp ovrd,zoneTempSpOvr
rm t sp ovr,zoneTempSpOvr
zn t sp manual,zoneTempSpOvr
zone temp setpoint override,zoneTempSpOvr
zn temp setpt ovrd,zoneTempSpOvr
room t sp ovr,zoneTempSpOvr
spc t sp ovrd,zoneTempSpOvr
zn temp sp ovr,zoneTempSpOvr
zone t sp ovr,zoneTempSpOvr
space t setpoint ovr,zoneTempSpOvr
rm t setpt ovr,zoneTempSpOvr
zn temp sp ovr,zoneTempSpOvr
zn t sp or,zoneTempSpOvr
room temp sp override,zoneTempSpOvr
spc temp sp ovr,zoneTempSpOvr
zn t sp bypass,zoneTempSpOvr
zone sp override,zoneTempSpOvr
zn temp sp ovrd,zoneTempSpOvr
space temp setpt ovr,zoneTempSpOvr
rm sp ovr,zoneTempSpOvr
zn t sp override,zoneTempSpOvr
zone temp sp local,zoneTempSpLocal
zn t sp lcl,zoneTempSpLocal
rm t sp local,zoneTempSpLocal
space local temp sp,zoneTempSpLocal
local setpoint,zoneTempSpLocal
zn local sp,zoneTempSpLocal
zone temp local sp,zoneTempSpLocal
rm local temp sp,zoneTempSpLocal
zn t dial sp,zoneTempSpLocal
space temp lcl sp,zoneTempSpLocal
local zone temp sp,zoneTempSpLocal
zn temp sp local,zoneTempSpLocal
rm t lcl sp,zoneTempSpLocal
zone local temp setpoint,zoneTempSpLocal
zn sp local,zoneTempSpLocal
space local sp,zoneTempSpLocal
room t sp local,zoneTempSpLocal
zn t sp lcl,zoneTempSpLocal
zone local sp,zoneTempSpLocal
local temp sp zn,zoneTempSpLocal
rm local sp,zoneTempSpLocal
zn local t sp,zoneTempSpLocal
space local setpoint,zoneTempSpLocal
zn temp sp lcl,zoneTempSpLocal
zone t sp lcl,zoneTempSpLocal
room local temp sp,zoneTempSpLocal
zn t lcl sp,zoneTempSpLocal
zone sp lcl,zoneTempSpLocal
space t sp local,zoneTempSpLocal
zn local temp sp,zoneTempSpLocal
rm lcl sp,zoneTempSpLocal
zn t sp knob,zoneTempSpLocal
zone local setpoint,zoneTempSpLocal
space local t sp,zoneTempSpLocal
zn sp lcl,zoneTempSpLocal
room local sp,zoneTempSpLocal
zn t sp local,zoneTempSpLocal
zone local temp sp,zoneTempSpLocal
rm t sp lcl,zoneTempSpLocal
space t local sp,zoneTempSpLocal
zn lcl sp,zoneTempSpLocal
zone temp local sp,zoneTempSpLocal
local zn t sp,zoneTempSpLocal
rm t local sp,zoneTempSpLocal
space local sp,zoneTempSpLocal
zn t sp local,zoneTempSpLocal
zone temp sp lcl,zoneTempSpLocal
room local t sp,zoneTempSpLocal
zn t sp slider,zoneTempSpLocal
zone t sp lcl,zoneTempSpLocal
space local t setpoint,zoneTempSpLocal
zn lcl temp sp,zoneTempSpLocal
rm local sp,zoneTempSpLocal
zn sp local,zoneTempSpLocal
local temp setpt,zoneTempSpLocal
zn t sp adj local,zoneTempSpLocal
room local setpoint,zoneTempSpLocal
zone temp min sp,zoneTempMinSp
zn t min sp,zoneTempMinSp
rm t min sp,zoneTempMinSp
space min temp sp,zoneTempMinSp
minimum setpoint,zoneTempMinSp
zn min sp,zoneTempMinSp
zone temp min sp,zoneTempMinSp
rm min temp sp,zoneTempMinSp
zn t low limit sp,zoneTempMinSp
space temp min sp,zoneTempMinSp
min zone temp sp,zoneTempMinSp
zn temp min sp,zoneTempMinSp
rm t min sp,zoneTempMinSp
zone min temp setpoint,zoneTempMinSp
zn sp min,zoneTempMinSp
space min sp,zoneTempMinSp
room t sp min,zoneTempMinSp
zn t sp min,zoneTempMinSp
zone min sp,zoneTempMinSp
min temp sp zn,zoneTempMinSp
rm min sp,zoneTempMinSp
zn min t sp,zoneTempMinSp
space min setpoint,zoneTempMinSp
zn temp min sp,zoneTempMinSp
zone t sp min,zoneTempMinSp
room min temp sp,zoneTempMinSp
zn t min sp,zoneTempMinSp
zone sp min,zoneTempMinSp
space t sp min,zoneTempMinSp
zn min temp sp,zoneTempMinSp
rm min sp,zoneTempMinSp
zn t sp min limit,zoneTempMinSp
zone min setpoint,zoneTempMinSp
space min t sp,zoneTempMinSp
zn sp min,zoneTempMinSp
room min sp,zoneTempMinSp
zn t sp min,zoneTempMinSp
zone min temp sp,zoneTempMinSp
rm t sp min,zoneTempMinSp
space t min sp,zoneTempMinSp
zn min sp,zoneTempMinSp
zone temp min sp,zoneTempMinSp
min zn t sp,zoneTempMinSp
rm t min sp,zoneTempMinSp
space min sp,zoneTempMinSp
zn t sp min,zoneTempMinSp
zone temp sp min,zoneTempMinSp
room min t sp,zoneTempMinSp
zn t sp low bound,zoneTempMinSp
zone t sp min,zoneTempMinSp
space min t setpoint,zoneTempMinSp
zn min temp sp,zoneTempMinSp
rm min sp,zoneTempMinSp
zn sp min,zoneTempMinSp
min temp setpt,zoneTempMinSp
zn t sp min adj,zoneTempMinSp
room min setpoint,zoneTempMinSp
zone temp max sp,zoneTempMaxSp
zn t max sp,zoneTempMaxSp
rm t max sp,zoneTempMaxSp
space max temp sp,zoneTempMaxSp
zn max sp,zoneTempMaxSp
zone temp max sp,zoneTempMaxSp
rm max temp sp,zoneTempMaxSp
zn t high limit sp,zoneTempMaxSp
space temp max sp,zoneTempMaxSp
max zone temp sp,zoneTempMaxSp
zn temp max sp,zoneTempMaxSp
rm t max sp,zoneTempMaxSp
zone max temp setpoint,zoneTempMaxSp
zn sp max,zoneTempMaxSp
space max sp,zoneTempMaxSp
room t sp max,zoneTempMaxSp
zn t sp max,zoneTempMaxSp
zone max sp,zoneTempMaxSp
max temp sp zn,zoneTempMaxSp
rm max sp,zoneTempMaxSp
zn max t sp,zoneTempMaxSp
space max setpoint,zoneTempMaxSp
zn temp max sp,zoneTempMaxSp
zone t sp max,zoneTempMaxSp
room max temp sp,zoneTempMaxSp
zn t max sp,zoneTempMaxSp
zone sp max,zoneTempMaxSp
space t sp max,zoneTempMaxSp
zn max temp sp,zoneTempMaxSp
rm max sp,zoneTempMaxSp
zn t sp max limit,zoneTempMaxSp
zone max setpoint,zoneTempMaxSp
space max t sp,zoneTempMaxSp
zn sp max,zoneTempMaxSp
room max sp,zoneTempMaxSp
zn t sp max,zoneTempMaxSp
zone max temp sp,zoneTempMaxSp
rm t sp max,zoneTempMaxSp
space t max sp,zoneTempMaxSp
zn max sp,zoneTempMaxSp
zone temp max sp,zoneTempMaxSp
max zn t sp,zoneTempMaxSp
space max sp,zoneTempMaxSp
zn t sp max,zoneTempMaxSp
zone temp sp max,zoneTempMaxSp
room max t sp,zoneTempMaxSp
zn t sp high bound,zoneTempMaxSp
zone t sp max,zoneTempMaxSp
space max t setpoint,zoneTempMaxSp
zn max temp sp,zoneTempMaxSp
zn sp max,zoneTempMaxSp
max temp setpt,zoneTempMaxSp
zn t sp max adj,zoneTempMaxSp
room max setpoint,zoneTempMaxSp
rt t max sp,zoneTempMaxSp
spc temp max sp,zoneTempMaxSp
zone hi limit sp,zoneTempMaxSp
zone temp lo alarm,zoneTempLoAlarm
zn t lo alm,zoneTempLoAlarm
zone temp lo alarm,zoneTempLoAlarm
space temp lo alarm,zoneTempLoAlarm
rm t lo alm,zoneTempLoAlarm
zone temp low alarm,zoneTempLoAlarm
zn t low alm,zoneTempLoAlarm
space temp lo alarm,zoneTempLoAlarm
room t lo alm,zoneTempLoAlarm
zn temp lo alarm,zoneTempLoAlarm
lo alarm zone temp,zoneTempLoAlarm
zn temp lo alm,zoneTempLoAlarm
zone temp low alarm,zoneTempLoAlarm
rm temp lo alm,zoneTempLoAlarm
temp lo alm zn,zoneTempLoAlarm
space lo temp alarm,zoneTempLoAlarm
zn temp low alert,zoneTempLoAlarm
room temp lo alarm,zoneTempLoAlarm
zn t lo alarm,zoneTempLoAlarm
zone temp lo alarm,zoneTempLoAlarm
temp lo alm zn,zoneTempLoAlarm
space temp low alarm,zoneTempLoAlarm
zn t low alarm,zoneTempLoAlarm
rm temp low alm,zoneTempLoAlarm
zone temp lo alm,zoneTempLoAlarm
low temp alert zone,zoneTempLoAlarm
zn temp low alarm,zoneTempLoAlarm
room temp lo alarm,zoneTempLoAlarm
space temp low alarm,zoneTempLoAlarm
zone low temp alm,zoneTempLoAlarm
lo temp alm space,zoneTempLoAlarm
zn temp lo alarm,zoneTempLoAlarm
rm t low alarm,zoneTempLoAlarm
space temp lo alarm,zoneTempLoAlarm
zn temp low alarm,zoneTempLoAlarm
temp lo alarm rm,zoneTempLoAlarm
zone temp low alm,zoneTempLoAlarm
zn temp lo alm,zoneTempLoAlarm
space temp lo alarm,zoneTempLoAlarm
room temp lo alm,zoneTempLoAlarm
temp low alarm space,zoneTempLoAlarm
zone temp min alert,zoneTempLoAlarm
zn temp min alarm,zoneTempLoAlarm
rm temp low alarm,zoneTempLoAlarm
space temp lo alert,zoneTempLoAlarm
zn t min alarm,zoneTempLoAlarm
temp min alarm zn,zoneTempLoAlarm
zone temp low alm,zoneTempLoAlarm
zn temp low alert,zoneTempLoAlarm
room temp lo alert,zoneTempLoAlarm
space temp low alm,zoneTempLoAlarm
zn temp lo alarm active,zoneTempLoAlarm
zone temp lo alarm status,zoneTempLoAlarm
zn t lo alm stat,zoneTempLoAlarm
rm temp low alarm,zoneTempLoAlarm
space temp lo alm,zoneTempLoAlarm
rmt temp lo alm,zoneTempLoAlarm
zone temp hi alarm,zoneTempHiAlarm
zn t hi alm,zoneTempHiAlarm
zone temp hi alarm,zoneTempHiAlarm
space temp hi alarm,zoneTempHiAlarm
rm t hi alm,zoneTempHiAlarm
zone temp high alarm,zoneTempHiAlarm
zn t high alm,zoneTempHiAlarm
space temp hi alarm,zoneTempHiAlarm
room t hi alm,zoneTempHiAlarm
zn temp hi alarm,zoneTempHiAlarm
hi alarm zone temp,zoneTempHiAlarm
zn temp hi alm,zoneTempHiAlarm
zone temp high alarm,zoneTempHiAlarm
rm temp hi alm,zoneTempHiAlarm
temp hi alm zn,zoneTempHiAlarm
space hi temp alarm,zoneTempHiAlarm
zn temp high alert,zoneTempHiAlarm
room temp hi alarm,zoneTempHiAlarm
zn t hi alarm,zoneTempHiAlarm
zone temp hi alarm,zoneTempHiAlarm
temp hi alm zn,zoneTempHiAlarm
space temp high alarm,zoneTempHiAlarm
zn t high alarm,zoneTempHiAlarm
rm temp high alm,zoneTempHiAlarm
zone temp hi alm,zoneTempHiAlarm
high temp alert zone,zoneTempHiAlarm
zn temp high alarm,zoneTempHiAlarm
room temp hi alarm,zoneTempHiAlarm
space temp high alarm,zoneTempHiAlarm
zone high temp alm,zoneTempHiAlarm
hi temp alm space,zoneTempHiAlarm
zn temp hi alarm,zoneTempHiAlarm
rm t high alarm,zoneTempHiAlarm
space temp hi alarm,zoneTempHiAlarm
zn temp high alarm,zoneTempHiAlarm
temp hi alarm rm,zoneTempHiAlarm
zone temp high alm,zoneTempHiAlarm
zn temp hi alm,zoneTempHiAlarm
space temp hi alarm,zoneTempHiAlarm
room temp hi alm,zoneTempHiAlarm
temp high alarm space,zoneTempHiAlarm
zone temp max alert,zoneTempHiAlarm
zn temp max alarm,zoneTempHiAlarm
rm temp high alarm,zoneTempHiAlarm
space temp hi alert,zoneTempHiAlarm
zn t max alarm,zoneTempHiAlarm
temp max alarm zn,zoneTempHiAlarm
zone temp high alm,zoneTempHiAlarm
zn temp high alert,zoneTempHiAlarm
room temp hi alert,zoneTempHiAlarm
space temp high alm,zoneTempHiAlarm
zn temp hi alarm active,zoneTempHiAlarm
zone temp hi alarm status,zoneTempHiAlarm
zn t hi alm stat,zoneTempHiAlarm
rm temp high alarm,zoneTempHiAlarm
space temp hi alm,zoneTempHiAlarm
rmt temp hi alm,zoneTempHiAlarm
zone temp fault,zoneTempFault
zn t flt,zoneTempFault
zone temp fault,zoneTempFault
space temp fault,zoneTempFault
rm t flt,zoneTempFault
zone temp fault,zoneTempFault
zn t flt,zoneTempFault
space temp fault,zoneTempFault
room t flt,zoneTempFault
zn temp fault,zoneTempFault
fault zone temp,zoneTempFault
zn temp flt,zoneTempFault
zone temp error,zoneTempFault
rm temp flt,zoneTempFault
temp flt zn,zoneTempFault
space temp failure,zoneTempFault
zn temp sensor fail,zoneTempFault
room temp fault,zoneTempFault
zn t fault,zoneTempFault
zone temp fault,zoneTempFault
temp err zn,zoneTempFault
space temp fault,zoneTempFault
zn t err,zoneTempFault
rm temp error,zoneTempFault
zone temp flt,zoneTempFault
temp fault zone,zoneTempFault
zn temp error,zoneTempFault
room temp fault,zoneTempFault
space temp err,zoneTempFault
zone sensor fail,zoneTempFault
flt temp space,zoneTempFault
zn temp fault,zoneTempFault
rm t fail,zoneTempFault
space temp fault,zoneTempFault
zn temp fault,zoneTempFault
temp flt rm,zoneTempFault
zone temp err,zoneTempFault
zn temp flt,zoneTempFault
space temp fault,zoneTempFault
room temp flt,zoneTempFault
temp fail space,zoneTempFault
zone temp bad,zoneTempFault
zn temp problem,zoneTempFault
rm temp error,zoneTempFault
space temp problem,zoneTempFault
zn t fail,zoneTempFault
temp bad zn,zoneTempFault
zone temp flt,zoneTempFault
zn temp fail,zoneTempFault
room temp fault,zoneTempFault
space temp error,zoneTempFault
zn temp fault active,zoneTempFault
zone temp fault status,zoneTempFault
zn t flt stat,zoneTempFault
rm temp failure,zoneTempFault
space temp flt,zoneTempFault
rmt temp flt,zoneTempFault
zone temp db,zoneTempDb
zn t db,zoneTempDb
zone temp deadband,zoneTempDb
space temp db,zoneTempDb
rm t db,zoneTempDb
zone temp deadband,zoneTempDb
zn t db,zoneTempDb
space temp db,zoneTempDb
room t db,zoneTempDb
zn temp db,zoneTempDb
deadband zone temp,zoneTempDb
zn temp db,zoneTempDb
zone temp db,zoneTempDb
rm temp db,zoneTempDb
temp db zn,zoneTempDb
space temp deadband,zoneTempDb
zn temp db limit,zoneTempDb
room temp db,zoneTempDb
zn t deadband,zoneTempDb
zone temp db,zoneTempDb
temp db zn,zoneTempDb
space temp db,zoneTempDb
zn t deadband,zoneTempDb
rm temp deadband,zoneTempDb
zone temp db sp,zoneTempDb
temp deadband zone,zoneTempDb
zn temp deadband,zoneTempDb
room temp db,zoneTempDb
space temp deadband,zoneTempDb
zone db temp,zoneTempDb
db temp space,zoneTempDb
zn temp db,zoneTempDb
rm t deadband,zoneTempDb
space temp db,zoneTempDb
zn temp db,zoneTempDb
temp db rm,zoneTempDb
zone temp deadband sp,zoneTempDb
zn temp db,zoneTempDb
space temp deadband,zoneTempDb
room temp deadband,zoneTempDb
temp db space,zoneTempDb
zone temp db val,zoneTempDb
zn temp db sp,zoneTempDb
rm temp deadband,zoneTempDb
space temp db val,zoneTempDb
zn t db sp,zoneTempDb
temp deadband zn,zoneTempDb
zone temp deadband sp,zoneTempDb
zn temp deadband,zoneTempDb
room temp db,zoneTempDb
space temp deadband,zoneTempDb
zn temp db active,zoneTempDb
zone temp db status,zoneTempDb
zn t db stat,zoneTempDb
rm temp db,zoneTempDb
space temp db,zoneTempDb
rt temp db,zoneTempDb
zone temp avg,zoneTempAvg
zn t avg,zoneTempAvg
zone temp average,zoneTempAvg
space temp avg,zoneTempAvg
rm t avg,zoneTempAvg
zone temp mean,zoneTempAvg
zn t avg,zoneTempAvg
space temp avg,zoneTempAvg
room t avg,zoneTempAvg
zn temp avg,zoneTempAvg
average zone temp,zoneTempAvg
zn temp avg,zoneTempAvg
zone temp avg,zoneTempAvg
rm temp avg,zoneTempAvg
temp avg zn,zoneTempAvg
space temp average,zoneTempAvg
zn temp avg val,zoneTempAvg
room temp avg,zoneTempAvg
zn t average,zoneTempAvg
zone temp avg,zoneTempAvg
temp mean zn,zoneTempAvg
space temp avg,zoneTempAvg
zn t average,zoneTempAvg
rm temp avg,zoneTempAvg
zone temp mean val,zoneTempAvg
temp average zone,zoneTempAvg
zn temp average,zoneTempAvg
room temp avg,zoneTempAvg
space temp average,zoneTempAvg
zone avg temp,zoneTempAvg
avg temp space,zoneTempAvg
zn temp avg,zoneTempAvg
rm t average,zoneTempAvg
space temp avg,zoneTempAvg
zn temp avg,zoneTempAvg
temp avg rm,zoneTempAvg
zone temp avg snsr,zoneTempAvg
zn temp avg,zoneTempAvg
space temp average,zoneTempAvg
room temp mean,zoneTempAvg
temp avg space,zoneTempAvg
zone temp avg reading,zoneTempAvg
zn temp avg read,zoneTempAvg
rm temp average,zoneTempAvg
space temp avg reading,zoneTempAvg
zn t avg snsr,zoneTempAvg
temp average zn,zoneTempAvg
zone temp mean val,zoneTempAvg
zn temp mean,zoneTempAvg
room temp avg,zoneTempAvg
space temp mean,zoneTempAvg
zn temp avg calc,zoneTempAvg
zone temp avg status,zoneTempAvg
zn t avg stat,zoneTempAvg
rm temp average,zoneTempAvg
space temp avg,zoneTempAvg
rt temp avg,zoneTempAvg
zone status,zoneStatus
zn stat,zoneStatus
zone status,zoneStatus
space status,zoneStatus
rm stat,zoneStatus
zone operational status,zoneStatus
zn st,zoneStatus
space status,zoneStatus
room stat,zoneStatus
zn status,zoneStatus
current zone status,zoneStatus
zn status,zoneStatus
zone condition,zoneStatus
rm stat,zoneStatus
stat zn,zoneStatus
space mode,zoneStatus
zn state,zoneStatus
room status,zoneStatus
zn status,zoneStatus
zone status,zoneStatus
state zn,zoneStatus
space status,zoneStatus
zn mode,zoneStatus
rm status,zoneStatus
zone stat,zoneStatus
status zone,zoneStatus
zn mode,zoneStatus
room status,zoneStatus
space condition,zoneStatus
zone current state,zoneStatus
stat space,zoneStatus
zn status,zoneStatus
rm mode,zoneStatus
space status,zoneStatus
zn status,zoneStatus
stat rm,zoneStatus
zone state,zoneStatus
zn stat,zoneStatus
space status,zoneStatus
room stat,zoneStatus
stat space,zoneStatus
zone summary status,zoneStatus
zn summary,zoneStatus
rm status,zoneStatus
space mode,zoneStatus
zn stat,zoneStatus
status zn,zoneStatus
zone state,zoneStatus
zn state,zoneStatus
room status,zoneStatus
space condition,zoneStatus
zn status active,zoneStatus
zone status value,zoneStatus
zn st stat,zoneStatus
rm condition,zoneStatus
space stat,zoneStatus
rt status,zoneStatus
rm unit st,zoneStatus
romm st,zoneStatus
room unit status,zoneStatus
zone so2,zoneSO2
zn so2,zoneSO2
zone so2 concentration,zoneSO2
space so2,zoneSO2
rm so2,zoneSO2
zone so2 level,zoneSO2
zn so2,zoneSO2
space so2,zoneSO2
room so2,zoneSO2
zn so2,zoneSO2
sulfur dioxide zone,zoneSO2
zn so2 ppm,zoneSO2
zone so2,zoneSO2
rm so2,zoneSO2
so2 zn,zoneSO2
space so2 level,zoneSO2
zn so2 concentration,zoneSO2
room so2,zoneSO2
zn so2 val,zoneSO2
zone so2,zoneSO2
so2 ppm zn,zoneSO2
space so2,zoneSO2
zn so2 concentration,zoneSO2
rm so2 level,zoneSO2
zone so2 ppm,zoneSO2
so2 sensor zone,zoneSO2
zn sulfur dioxide,zoneSO2
room so2,zoneSO2
space so2 level,zoneSO2
zone air so2,zoneSO2
so2 space,zoneSO2
zn so2,zoneSO2
rm sulfur dioxide,zoneSO2
space so2,zoneSO2
zn so2,zoneSO2
so2 rm,zoneSO2
zone so2 snsr,zoneSO2
zn so2 ppm,zoneSO2
space so2 level,zoneSO2
room so2 ppm,zoneSO2
so2 space,zoneSO2
zone so2 reading,zoneSO2
zn so2 read,zoneSO2
rm so2 conc,zoneSO2
space so2 reading,zoneSO2
zn so2 snsr,zoneSO2
sulfur dioxide zn,zoneSO2
zone so2 val,zoneSO2
zn sulfur dioxide,zoneSO2
room so2 level,zoneSO2
space so2 ppm,zoneSO2
zn so2 active,zoneSO2
zone so2 value,zoneSO2
zn so2 stat,zoneSO2
rm so2 ppm,zoneSO2
space so2 stat,zoneSO2
rmt so2,zoneSO2
zone temp avg sp,zoneTempAvgSp
zn t avg sp,zoneTempAvgSp
zone temp avg sp,zoneTempAvgSp
space temp avg sp,zoneTempAvgSp
rm t avg sp,zoneTempAvgSp
zone temp avg sp,zoneTempAvgSp
zn t avg sp,zoneTempAvgSp
space temp avg sp,zoneTempAvgSp
room t avg sp,zoneTempAvgSp
zn temp avg sp,zoneTempAvgSp
avg sp zone temp,zoneTempAvgSp
zn temp avg sp,zoneTempAvgSp
zone temp avg setpoint,zoneTempAvgSp
rm temp avg sp,zoneTempAvgSp
temp avg sp zn,zoneTempAvgSp
space temp avg sp,zoneTempAvgSp
zn temp avg setpoint,zoneTempAvgSp
room temp avg sp,zoneTempAvgSp
zn t average sp,zoneTempAvgSp
zone temp avg sp,zoneTempAvgSp
temp mean sp zn,zoneTempAvgSp
space temp avg sp,zoneTempAvgSp
zn t avg sp,zoneTempAvgSp
rm temp avg sp,zoneTempAvgSp
zone temp mean sp,zoneTempAvgSp
temp avg sp zone,zoneTempAvgSp
zn temp average sp,zoneTempAvgSp
room temp avg sp,zoneTempAvgSp
space temp average sp,zoneTempAvgSp
zone avg temp sp,zoneTempAvgSp
avg temp sp space,zoneTempAvgSp
zn temp avg sp,zoneTempAvgSp
rm t average sp,zoneTempAvgSp
space temp avg sp,zoneTempAvgSp
zn temp avg sp,zoneTempAvgSp
temp avg sp rm,zoneTempAvgSp
zone temp avg setpt,zoneTempAvgSp
zn temp avg sp,zoneTempAvgSp
space temp average sp,zoneTempAvgSp
room temp mean sp,zoneTempAvgSp
temp avg sp space,zoneTempAvgSp
zone temp avg sp val,zoneTempAvgSp
zn temp avg setpoint,zoneTempAvgSp
rm temp average sp,zoneTempAvgSp
space temp avg setpt,zoneTempAvgSp
zn t avg setpt,zoneTempAvgSp
temp average sp zn,zoneTempAvgSp
zone temp mean sp,zoneTempAvgSp
zn temp mean sp,zoneTempAvgSp
room temp avg sp,zoneTempAvgSp
space temp mean sp,zoneTempAvgSp
zn temp avg sp calc,zoneTempAvgSp
zone temp avg sp val,zoneTempAvgSp
zn t avg setpoint,zoneTempAvgSp
rm temp average setpoint,zoneTempAvgSp
space temp avg setpoint,zoneTempAvgSp
rmt temp avg sp,zoneTempAvgSp
zone so2 level alarm,zoneSO2LevelAlarm
zn so2 alm,zoneSO2LevelAlarm
zone so2 level alarm,zoneSO2LevelAlarm
space so2 alarm,zoneSO2LevelAlarm
rm so2 alm,zoneSO2LevelAlarm
zone so2 alarm,zoneSO2LevelAlarm
zn so2 alm,zoneSO2LevelAlarm
space so2 alarm,zoneSO2LevelAlarm
room so2 alm,zoneSO2LevelAlarm
zn so2 alarm,zoneSO2LevelAlarm
alarm zone so2,zoneSO2LevelAlarm
zn so2 level alm,zoneSO2LevelAlarm
zone so2 high alarm,zoneSO2LevelAlarm
rm so2 alm,zoneSO2LevelAlarm
so2 alm zn,zoneSO2LevelAlarm
space so2 level alarm,zoneSO2LevelAlarm
zn so2 alert,zoneSO2LevelAlarm
room so2 alarm,zoneSO2LevelAlarm
zn so2 alarm,zoneSO2LevelAlarm
zone so2 alarm,zoneSO2LevelAlarm
so2 alm zn,zoneSO2LevelAlarm
space so2 alarm,zoneSO2LevelAlarm
zn so2 high alarm,zoneSO2LevelAlarm
rm so2 level alarm,zoneSO2LevelAlarm
zone so2 hi alm,zoneSO2LevelAlarm
high so2 alert zone,zoneSO2LevelAlarm
zn so2 high alarm,zoneSO2LevelAlarm
room so2 alarm,zoneSO2LevelAlarm
space so2 high alarm,zoneSO2LevelAlarm
zone high so2 alm,zoneSO2LevelAlarm
hi so2 alm space,zoneSO2LevelAlarm
zn so2 alarm,zoneSO2LevelAlarm
rm so2 high alarm,zoneSO2LevelAlarm
space so2 alarm,zoneSO2LevelAlarm
zn so2 alarm,zoneSO2LevelAlarm
so2 alarm rm,zoneSO2LevelAlarm
zone so2 high alm,zoneSO2LevelAlarm
zn so2 hi alm,zoneSO2LevelAlarm
space so2 alarm,zoneSO2LevelAlarm
room so2 alm,zoneSO2LevelAlarm
so2 high alarm space,zoneSO2LevelAlarm
zone so2 max alert,zoneSO2LevelAlarm
zn so2 max alarm,zoneSO2LevelAlarm
rm so2 high alarm,zoneSO2LevelAlarm
space so2 hi alert,zoneSO2LevelAlarm
zn so2 max alarm,zoneSO2LevelAlarm
so2 max alarm zn,zoneSO2LevelAlarm
zone so2 high alm,zoneSO2LevelAlarm
zn so2 high alert,zoneSO2LevelAlarm
room so2 hi alert,zoneSO2LevelAlarm
space so2 high alm,zoneSO2LevelAlarm
zn so2 alarm active,zoneSO2LevelAlarm
zone so2 alarm status,zoneSO2LevelAlarm
zn so2 alm stat,zoneSO2LevelAlarm
rm so2 level alm,zoneSO2LevelAlarm
space so2 alm,zoneSO2LevelAlarm
rmt so2 alm,zoneSO2LevelAlarm
zone purge,zonePurge
zn purge,zonePurge
zone purge,zonePurge
space purge,zonePurge
rm purge,zonePurge
zone purge mode,zonePurge
zn purge,zonePurge
space purge,zonePurge
room purge,zonePurge
zn purge,zonePurge
purge zone,zonePurge
zn purge cmd,zonePurge
zone purge command,zonePurge
rm purge,zonePurge
purge zn,zonePurge
space purge mode,zonePurge
zn purge active,zonePurge
room purge,zonePurge
zn purge mode,zonePurge
zone purge,zonePurge
purge cmd zn,zonePurge
space purge,zonePurge
zn purge enable,zonePurge
rm purge cmd,zonePurge
zone purge enable,zonePurge
purge zone,zonePurge
zn flush,zonePurge
room purge,zonePurge
space flush,zonePurge
zone purge state,zonePurge
purge space,zonePurge
zn purge,zonePurge
rm flush,zonePurge
space purge,zonePurge
zn purge,zonePurge
purge rm,zonePurge
zone flush,zonePurge
zn flush,zonePurge
space purge,zonePurge
room purge mode,zonePurge
purge space,zonePurge
zone purge status,zonePurge
zn purge stat,zonePurge
rm purge mode,zonePurge
space purge en,zonePurge
zn flush,zonePurge
purge zn,zonePurge
zone purge state,zonePurge
zn purge state,zonePurge
room purge mode,zonePurge
space purge en,zonePurge
zn purge cmd,zonePurge
zone purge val,zonePurge
zn purge enable,zonePurge
rm purge enable,zonePurge
space purge enable,zonePurge
rt purge,zonePurge
zone purge status,zonePurgeStatus
zn purge stat,zonePurgeStatus
zone purge status,zonePurgeStatus
space purge status,zonePurgeStatus
rm purge stat,zonePurgeStatus
zone purge active stat,zonePurgeStatus
zn purge st,zonePurgeStatus
space purge stat,zonePurgeStatus
room purge status,zonePurgeStatus
zn purge status,zonePurgeStatus
purge status zone,zonePurgeStatus
zn purge status,zonePurgeStatus
zone purge mode status,zonePurgeStatus
rm purge stat,zonePurgeStatus
stat purge zn,zonePurgeStatus
space purge state,zonePurgeStatus
zn purge status,zonePurgeStatus
room purge stat,zonePurgeStatus
zn purge mode stat,zonePurgeStatus
zone purge status,zonePurgeStatus
purge stat zn,zonePurgeStatus
space purge status,zonePurgeStatus
zn purge active,zonePurgeStatus
rm purge status,zonePurgeStatus
zone purge st,zonePurgeStatus
purge status zone,zonePurgeStatus
zn flush stat,zonePurgeStatus
room purge status,zonePurgeStatus
space flush status,zonePurgeStatus
zone purge state stat,zonePurgeStatus
purge stat space,zonePurgeStatus
zn purge stat,zonePurgeStatus
rm flush stat,zonePurgeStatus
space purge status,zonePurgeStatus
zn purge status,zonePurgeStatus
purge st rm,zonePurgeStatus
zone flush status,zonePurgeStatus
zn flush stat,zonePurgeStatus
space purge status,zonePurgeStatus
room purge status,zonePurgeStatus
purge status space,zonePurgeStatus
zone purge operating status,zonePurgeStatus
zn purge st,zonePurgeStatus
rm purge status,zonePurgeStatus
space purge active,zonePurgeStatus
zn flush stat,zonePurgeStatus
purge st zn,zonePurgeStatus
zone purge active status,zonePurgeStatus
zn purge state stat,zonePurgeStatus
room purge stat,zonePurgeStatus
space purge active,zonePurgeStatus
zn purge stat active,zonePurgeStatus
zone purge status val,zonePurgeStatus
zn purge st stat,zonePurgeStatus
rm purge st,zonePurgeStatus
space purge st,zonePurgeStatus
rt purge stat,zonePurgeStatus
zone temp delta,zoneTempDelta
zn t delta,zoneTempDelta
zone temp diff,zoneTempDelta
space temp dlt,zoneTempDelta
rm t delta,zoneTempDelta
zone temp differential,zoneTempDelta
zn t diff,zoneTempDelta
space temp delta,zoneTempDelta
room t dlt,zoneTempDelta
zn temp diff,zoneTempDelta
delta zone temp,zoneTempDelta
zn temp dlt,zoneTempDelta
zone temp differential,zoneTempDelta
rm temp diff,zoneTempDelta
temp delta zn,zoneTempDelta
space temp diff,zoneTempDelta
zn temp delta val,zoneTempDelta
room temp delta,zoneTempDelta
zn t differential,zoneTempDelta
zone temp delta,zoneTempDelta
temp diff zn,zoneTempDelta
space temp delta,zoneTempDelta
zn t diff limit,zoneTempDelta
rm temp delta,zoneTempDelta
zone temp delta sp,zoneTempDelta
temp delta zone,zoneTempDelta
zn temp difference,zoneTempDelta
room temp delta,zoneTempDelta
space temp diff val,zoneTempDelta
zone diff temp,zoneTempDelta
dlt temp space,zoneTempDelta
zn temp diff,zoneTempDelta
rm t diff,zoneTempDelta
space temp delta,zoneTempDelta
zn temp delta,zoneTempDelta
temp delta rm,zoneTempDelta
zone temp variance,zoneTempDelta
zn temp delta,zoneTempDelta
space temp delta,zoneTempDelta
room temp diff,zoneTempDelta
temp diff space,zoneTempDelta
zone temp delta reading,zoneTempDelta
zn temp diff read,zoneTempDelta
rm temp delta,zoneTempDelta
space temp variance,zoneTempDelta
zn t delta snsr,zoneTempDelta
temp differential zn,zoneTempDelta
zone temp diff val,zoneTempDelta
zn temp diff limit,zoneTempDelta
room temp delta,zoneTempDelta
space temp diff,zoneTempDelta
zn temp delta calc,zoneTempDelta
zone temp delta status,zoneTempDelta
zn t diff stat,zoneTempDelta
rm temp delta val,zoneTempDelta
space temp delta en,zoneTempDelta
rt temp diff,zoneTempDelta
zone temp heat db,zoneTempHeatDb
zn t heat db,zoneTempHeatDb
zone heat deadband,zoneTempHeatDb
space temp htg db,zoneTempHeatDb
rm t heat db,zoneTempHeatDb
zone heating deadband,zoneTempHeatDb
zn t htg db,zoneTempHeatDb
space heat db,zoneTempHeatDb
room t heat db,zoneTempHeatDb
zn temp heat db,zoneTempHeatDb
htg deadband zone,zoneTempHeatDb
zn heat db,zoneTempHeatDb
zone temp heat db,zoneTempHeatDb
rm htg db,zoneTempHeatDb
temp heat db zn,zoneTempHeatDb
space heat deadband,zoneTempHeatDb
zn htg db limit,zoneTempHeatDb
room heat db,zoneTempHeatDb
zn t heat deadband,zoneTempHeatDb
zone temp heat db,zoneTempHeatDb
temp htg db zn,zoneTempHeatDb
space heat db,zoneTempHeatDb
zn t htg deadband,zoneTempHeatDb
rm temp heat db,zoneTempHeatDb
zone htg db sp,zoneTempHeatDb
heat deadband zone,zoneTempHeatDb
zn htg deadband,zoneTempHeatDb
room heat db,zoneTempHeatDb
space temp htg deadband,zoneTempHeatDb
zone db heating,zoneTempHeatDb
db heat space,zoneTempHeatDb
zn temp htg db,zoneTempHeatDb
rm t htg deadband,zoneTempHeatDb
space heat db,zoneTempHeatDb
zn heat db,zoneTempHeatDb
temp htg db rm,zoneTempHeatDb
zone heat deadband sp,zoneTempHeatDb
zn temp heat db,zoneTempHeatDb
space heat deadband,zoneTempHeatDb
room temp htg db,zoneTempHeatDb
temp heat db space,zoneTempHeatDb
zone htg temp db,zoneTempHeatDb
zn temp htg db sp,zoneTempHeatDb
rm heat deadband,zoneTempHeatDb
space heat db val,zoneTempHeatDb
zn t heat db sp,zoneTempHeatDb
temp heat deadband zn,zoneTempHeatDb
zone htg deadband sp,zoneTempHeatDb
zn htg deadband,zoneTempHeatDb
room heat db,zoneTempHeatDb
space htg deadband,zoneTempHeatDb
zn heat db active,zoneTempHeatDb
zone heat db status,zoneTempHeatDb
zn t htg db stat,zoneTempHeatDb
rm heat db,zoneTempHeatDb
space htg db,zoneTempHeatDb
rmt heat db,zoneTempHeatDb
zone temp cool db,zoneTempCoolDb
zn t cool db,zoneTempCoolDb
zone cool deadband,zoneTempCoolDb
space temp clg db,zoneTempCoolDb
rm t cool db,zoneTempCoolDb
zone cooling deadband,zoneTempCoolDb
zn t clg db,zoneTempCoolDb
space cool db,zoneTempCoolDb
room t cool db,zoneTempCoolDb
zn temp cool db,zoneTempCoolDb
clg deadband zone,zoneTempCoolDb
zn cool db,zoneTempCoolDb
zone temp cool db,zoneTempCoolDb
rm clg db,zoneTempCoolDb
temp cool db zn,zoneTempCoolDb
space cool deadband,zoneTempCoolDb
zn clg db limit,zoneTempCoolDb
room cool db,zoneTempCoolDb
zn t cool deadband,zoneTempCoolDb
zone temp cool db,zoneTempCoolDb
temp clg db zn,zoneTempCoolDb
space cool db,zoneTempCoolDb
zn t clg deadband,zoneTempCoolDb
rm temp cool db,zoneTempCoolDb
zone clg db sp,zoneTempCoolDb
cool deadband zone,zoneTempCoolDb
zn clg deadband,zoneTempCoolDb
room cool db,zoneTempCoolDb
space temp clg deadband,zoneTempCoolDb
zone db cooling,zoneTempCoolDb
db cool space,zoneTempCoolDb
zn temp clg db,zoneTempCoolDb
rm t clg deadband,zoneTempCoolDb
space cool db,zoneTempCoolDb
zn cool db,zoneTempCoolDb
temp clg db rm,zoneTempCoolDb
zone cool deadband sp,zoneTempCoolDb
zn temp cool db,zoneTempCoolDb
space cool deadband,zoneTempCoolDb
room temp clg db,zoneTempCoolDb
temp cool db space,zoneTempCoolDb
zone clg temp db,zoneTempCoolDb
zn temp clg db sp,zoneTempCoolDb
rm cool deadband,zoneTempCoolDb
space cool db val,zoneTempCoolDb
zn t cool db sp,zoneTempCoolDb
temp cool deadband zn,zoneTempCoolDb
zone clg deadband sp,zoneTempCoolDb
zn clg deadband,zoneTempCoolDb
room cool db,zoneTempCoolDb
space clg deadband,zoneTempCoolDb
zn cool db active,zoneTempCoolDb
zone cool db status,zoneTempCoolDb
zn t clg db stat,zoneTempCoolDb
rm cool db,zoneTempCoolDb
space clg db,zoneTempCoolDb
rt cool db,zoneTempCoolDb
zone voc lo sp,zoneVOCLoSp
zn voc lo sp,zoneVOCLoSp
voc low setpoint zn,zoneVOCLoSp
space voc lo sp,zoneVOCLoSp
rm voc min sp,zoneVOCLoSp
zone voc lo setpoint,zoneVOCLoSp
zn voc low sp,zoneVOCLoSp
space voc lo sp,zoneVOCLoSp
room voc lo sp,zoneVOCLoSp
zn voc lo sp,zoneVOCLoSp
min voc sp zone,zoneVOCLoSp
zn iaq lo sp,zoneVOCLoSp
zone voc min setpoint,zoneVOCLoSp
rm voc lo sp,zoneVOCLoSp
voc lo sp zn,zoneVOCLoSp
space voc min sp,zoneVOCLoSp
zn iaq lo sp,zoneVOCLoSp
room voc lo sp,zoneVOCLoSp
zn voc lo setpoint,zoneVOCLoSp
zone voc lo sp,zoneVOCLoSp
voc min sp zn,zoneVOCLoSp
space voc lo sp,zoneVOCLoSp
zn tvoc lo sp,zoneVOCLoSp
rm iaq lo sp,zoneVOCLoSp
zonevoc lo sp,zoneVOCLoSp
low voc setpoint zone,zoneVOCLoSp
zn voc low setpoint,zoneVOCLoSp
room voc lo sp,zoneVOCLoSp
space voc low setpoint,zoneVOCLoSp
zone low voc sp,zoneVOCLoSp
lo voc sp space,zoneVOCLoSp
zn voc lo sp,zoneVOCLoSp
rm voc low sp,zoneVOCLoSp
space voc lo setpoint,zoneVOCLoSp
zn voc lo sp,zoneVOCLoSp
voc lo sp rm,zoneVOCLoSp
zone tvoc lo setpt,zoneVOCLoSp
zn iaq lo sp,zoneVOCLoSp
space voc lo setpoint,zoneVOCLoSp
room voc min sp,zoneVOCLoSp
voc low sp space,zoneVOCLoSp
zone voc min limit,zoneVOCLoSp
zn voc min setpoint,zoneVOCLoSp
rm voc low sp,zoneVOCLoSp
space voc lo setpt,zoneVOCLoSp
zn voc min sp,zoneVOCLoSp
voc min setpoint zn,zoneVOCLoSp
zone iaq lo sp,zoneVOCLoSp
zn voc low setpoint,zoneVOCLoSp
room voc lo setpoint,zoneVOCLoSp
space voc low sp,zoneVOCLoSp
zn voc lo sp active,zoneVOCLoSp
zone voc lo sp value,zoneVOCLoSp
zn voc lo sp stat,zoneVOCLoSp
rm voc min setpoint,zoneVOCLoSp
space voc lo sp,zoneVOCLoSp
rt voc lo sp,zoneVOCLoSp
zone voc lo alarm,zoneVOCLoAlarm
zn voc lo alm,zoneVOCLoAlarm
zone voc lo alarm,zoneVOCLoAlarm
space voc lo alarm,zoneVOCLoAlarm
rm voc lo alm,zoneVOCLoAlarm
zone voc low alarm,zoneVOCLoAlarm
zn voc low alm,zoneVOCLoAlarm
space voc lo alarm,zoneVOCLoAlarm
room voc lo alm,zoneVOCLoAlarm
zn voc lo alarm,zoneVOCLoAlarm
lo alarm zone voc,zoneVOCLoAlarm
zn voc lo alm,zoneVOCLoAlarm
zone voc low alarm,zoneVOCLoAlarm
rm voc lo alm,zoneVOCLoAlarm
voc lo alm zn,zoneVOCLoAlarm
space lo voc alarm,zoneVOCLoAlarm
zn voc low alert,zoneVOCLoAlarm
room voc lo alarm,zoneVOCLoAlarm
zn voc lo alarm,zoneVOCLoAlarm
zone voc lo alarm,zoneVOCLoAlarm
voc lo alm zn,zoneVOCLoAlarm
space voc low alarm,zoneVOCLoAlarm
zn voc low alarm,zoneVOCLoAlarm
rm voc low alm,zoneVOCLoAlarm
zone voc lo alm,zoneVOCLoAlarm
low voc alert zone,zoneVOCLoAlarm
zn voc low alarm,zoneVOCLoAlarm
room voc lo alarm,zoneVOCLoAlarm
space voc low alarm,zoneVOCLoAlarm
zone low voc alm,zoneVOCLoAlarm
lo voc alm space,zoneVOCLoAlarm
zn voc lo alarm,zoneVOCLoAlarm
rm voc low alarm,zoneVOCLoAlarm
space voc lo alarm,zoneVOCLoAlarm
zn voc low alarm,zoneVOCLoAlarm
voc lo alarm rm,zoneVOCLoAlarm
zone voc low alm,zoneVOCLoAlarm
zn voc lo alm,zoneVOCLoAlarm
space voc lo alarm,zoneVOCLoAlarm
room voc lo alm,zoneVOCLoAlarm
voc low alarm space,zoneVOCLoAlarm
zone voc min alert,zoneVOCLoAlarm
zn voc min alarm,zoneVOCLoAlarm
rm voc low alarm,zoneVOCLoAlarm
space voc lo alert,zoneVOCLoAlarm
zn voc min alarm,zoneVOCLoAlarm
voc min alarm zn,zoneVOCLoAlarm
zone voc low alm,zoneVOCLoAlarm
zn voc low alert,zoneVOCLoAlarm
room voc lo alert,zoneVOCLoAlarm
space voc low alm,zoneVOCLoAlarm
zn voc lo alarm active,zoneVOCLoAlarm
zone voc lo alarm status,zoneVOCLoAlarm
zn voc lo alm stat,zoneVOCLoAlarm
rm voc low alarm,zoneVOCLoAlarm
space voc lo alm,zoneVOCLoAlarm
rt voc lo alm,zoneVOCLoAlarm
zone voc hi sp,zoneVOCHiSp
zn voc hi sp,zoneVOCHiSp
voc high setpoint zn,zoneVOCHiSp
space voc hi sp,zoneVOCHiSp
rm voc max sp,zoneVOCHiSp
zone voc hi setpoint,zoneVOCHiSp
zn voc high sp,zoneVOCHiSp
space voc hi sp,zoneVOCHiSp
room voc hi sp,zoneVOCHiSp
zn voc hi sp,zoneVOCHiSp
max voc sp zone,zoneVOCHiSp
zn iaq hi sp,zoneVOCHiSp
zone voc max setpoint,zoneVOCHiSp
rm voc hi sp,zoneVOCHiSp
voc hi sp zn,zoneVOCHiSp
space voc max sp,zoneVOCHiSp
zn iaq hi sp,zoneVOCHiSp
room voc hi sp,zoneVOCHiSp
zn voc hi setpoint,zoneVOCHiSp
zone voc hi sp,zoneVOCHiSp
voc max sp zn,zoneVOCHiSp
space voc hi sp,zoneVOCHiSp
zn tvoc hi sp,zoneVOCHiSp
rm iaq hi sp,zoneVOCHiSp
zonevoc hi sp,zoneVOCHiSp
high voc setpoint zone,zoneVOCHiSp
zn voc high setpoint,zoneVOCHiSp
room voc hi sp,zoneVOCHiSp
space voc high setpoint,zoneVOCHiSp
zone high voc sp,zoneVOCHiSp
hi voc sp space,zoneVOCHiSp
zn voc hi sp,zoneVOCHiSp
rm voc high sp,zoneVOCHiSp
space voc hi setpoint,zoneVOCHiSp
zn voc hi sp,zoneVOCHiSp
voc hi sp rm,zoneVOCHiSp
zone tvoc hi setpt,zoneVOCHiSp
zn iaq hi sp,zoneVOCHiSp
space voc hi setpoint,zoneVOCHiSp
room voc max sp,zoneVOCHiSp
voc high sp space,zoneVOCHiSp
zone voc max limit,zoneVOCHiSp
zn voc max setpoint,zoneVOCHiSp
rm voc high sp,zoneVOCHiSp
space voc hi setpt,zoneVOCHiSp
zn voc max sp,zoneVOCHiSp
voc max setpoint zn,zoneVOCHiSp
zone iaq hi sp,zoneVOCHiSp
zn voc high setpoint,zoneVOCHiSp
room voc hi setpoint,zoneVOCHiSp
space voc high sp,zoneVOCHiSp
zn voc hi sp active,zoneVOCHiSp
zone voc hi sp value,zoneVOCHiSp
zn voc hi sp stat,zoneVOCHiSp
rm voc max setpoint,zoneVOCHiSp
space voc hi sp,zoneVOCHiSp
rt voc hi sp,zoneVOCHiSp
zone voc hi alarm,zoneVOCHiAlarm
zn voc hi alm,zoneVOCHiAlarm
zone voc hi alarm,zoneVOCHiAlarm
space voc hi alarm,zoneVOCHiAlarm
rm voc hi alm,zoneVOCHiAlarm
zone voc high alarm,zoneVOCHiAlarm
zn voc high alm,zoneVOCHiAlarm
space voc hi alarm,zoneVOCHiAlarm
room voc hi alm,zoneVOCHiAlarm
zn voc hi alarm,zoneVOCHiAlarm
hi alarm zone voc,zoneVOCHiAlarm
zn voc hi alm,zoneVOCHiAlarm
zone voc high alarm,zoneVOCHiAlarm
rm voc hi alm,zoneVOCHiAlarm
voc hi alm zn,zoneVOCHiAlarm
space hi voc alarm,zoneVOCHiAlarm
zn voc high alert,zoneVOCHiAlarm
room voc hi alarm,zoneVOCHiAlarm
zn voc hi alarm,zoneVOCHiAlarm
zone voc hi alarm,zoneVOCHiAlarm
voc hi alm zn,zoneVOCHiAlarm
space voc high alarm,zoneVOCHiAlarm
zn voc high alarm,zoneVOCHiAlarm
rm voc high alm,zoneVOCHiAlarm
zone voc hi alm,zoneVOCHiAlarm
high voc alert zone,zoneVOCHiAlarm
zn voc high alarm,zoneVOCHiAlarm
room voc hi alarm,zoneVOCHiAlarm
space voc high alarm,zoneVOCHiAlarm
zone high voc alm,zoneVOCHiAlarm
hi voc alm space,zoneVOCHiAlarm
zn voc hi alarm,zoneVOCHiAlarm
rm voc high alarm,zoneVOCHiAlarm
space voc hi alarm,zoneVOCHiAlarm
zn voc high alarm,zoneVOCHiAlarm
voc hi alarm rm,zoneVOCHiAlarm
zone voc high alm,zoneVOCHiAlarm
zn voc hi alm,zoneVOCHiAlarm
space voc hi alarm,zoneVOCHiAlarm
room voc hi alm,zoneVOCHiAlarm
voc high alarm space,zoneVOCHiAlarm
zone voc max alert,zoneVOCHiAlarm
zn voc max alarm,zoneVOCHiAlarm
rm voc high alarm,zoneVOCHiAlarm
space voc hi alert,zoneVOCHiAlarm
zn voc max alarm,zoneVOCHiAlarm
voc max alarm zn,zoneVOCHiAlarm
zone voc high alm,zoneVOCHiAlarm
zn voc high alert,zoneVOCHiAlarm
room voc hi alert,zoneVOCHiAlarm
space voc high alm,zoneVOCHiAlarm
zn voc hi alarm active,zoneVOCHiAlarm
zone voc hi alarm status,zoneVOCHiAlarm
zn voc hi alm stat,zoneVOCHiAlarm
rm voc high alarm,zoneVOCHiAlarm
space voc hi alm,zoneVOCHiAlarm
rt voc hi alm,zoneVOCHiAlarm
zone press min sp,zonePressureMinSp
zn p min sp,zonePressureMinSp
zone pressure min sp,zonePressureMinSp
space press min sp,zonePressureMinSp
rm p min sp,zonePressureMinSp
zone press min setpoint,zonePressureMinSp
zn p min sp,zonePressureMinSp
space pressure min sp,zonePressureMinSp
room p min sp,zonePressureMinSp
zn press min sp,zonePressureMinSp
min press sp zone,zonePressureMinSp
zn static min sp,zonePressureMinSp
zone pressure min setpoint,zonePressureMinSp
rm press min sp,zonePressureMinSp
press min sp zn,zonePressureMinSp
space press min sp,zonePressureMinSp
zn press min setpoint,zonePressureMinSp
room pressure min sp,zonePressureMinSp
zn p minimum sp,zonePressureMinSp
zone press min sp,zonePressureMinSp
press min sp zn,zonePressureMinSp
space press min sp,zonePressureMinSp
zn p min sp,zonePressureMinSp
rm static min sp,zonePressureMinSp
zone press min sp,zonePressureMinSp
min pressure sp zone,zonePressureMinSp
zn press minimum sp,zonePressureMinSp
room press min sp,zonePressureMinSp
space pressure min setpoint,zonePressureMinSp
zone min press sp,zonePressureMinSp
min press sp space,zonePressureMinSp
zn press min sp,zonePressureMinSp
rm p minimum sp,zonePressureMinSp
space press min sp,zonePressureMinSp
zn pressure min sp,zonePressureMinSp
press min sp rm,zonePressureMinSp
zone press min setpt,zonePressureMinSp
zn static min sp,zonePressureMinSp
space press min setpoint,zonePressureMinSp
room pressure min setpt,zonePressureMinSp
press min sp space,zonePressureMinSp
zone press min limit,zonePressureMinSp
zn press min setpoint,zonePressureMinSp
rm press minimum sp,zonePressureMinSp
space pressure min setpt,zonePressureMinSp
zn p min setpt,zonePressureMinSp
press minimum sp zn,zonePressureMinSp
zone press min val,zonePressureMinSp
zn press min limit,zonePressureMinSp
room press min setpoint,zonePressureMinSp
space press min sp,zonePressureMinSp
zn press min sp active,zonePressureMinSp
zone pressure min sp value,zonePressureMinSp
zn p min sp stat,zonePressureMinSp
rm press minimum setpoint,zonePressureMinSp
space press min sp,zonePressureMinSp
rt press min sp,zonePressureMinSp
zone press max sp,zonePressureMaxSp
zn p max sp,zonePressureMaxSp
zone pressure max sp,zonePressureMaxSp
space press max sp,zonePressureMaxSp
rm p max sp,zonePressureMaxSp
zone press max setpoint,zonePressureMaxSp
zn p max sp,zonePressureMaxSp
space pressure max sp,zonePressureMaxSp
room p max sp,zonePressureMaxSp
zn press max sp,zonePressureMaxSp
max press sp zone,zonePressureMaxSp
zn static max sp,zonePressureMaxSp
zone pressure max setpoint,zonePressureMaxSp
rm press max sp,zonePressureMaxSp
press max sp zn,zonePressureMaxSp
space press max sp,zonePressureMaxSp
zn press max setpoint,zonePressureMaxSp
room pressure max sp,zonePressureMaxSp
zn p maximum sp,zonePressureMaxSp
zone press max sp,zonePressureMaxSp
press max sp zn,zonePressureMaxSp
space press max sp,zonePressureMaxSp
zn p max sp,zonePressureMaxSp
rm static max sp,zonePressureMaxSp
zone press max sp,zonePressureMaxSp
max pressure sp zone,zonePressureMaxSp
zn press maximum sp,zonePressureMaxSp
room press max sp,zonePressureMaxSp
space pressure max setpoint,zonePressureMaxSp
zone max press sp,zonePressureMaxSp
max press sp space,zonePressureMaxSp
zn press max sp,zonePressureMaxSp
rm p maximum sp,zonePressureMaxSp
space press max sp,zonePressureMaxSp
zn pressure max sp,zonePressureMaxSp
press max sp rm,zonePressureMaxSp
zone press max setpt,zonePressureMaxSp
zn static max sp,zonePressureMaxSp
space press max setpoint,zonePressureMaxSp
room pressure max setpt,zonePressureMaxSp
press max sp space,zonePressureMaxSp
zone press max limit,zonePressureMaxSp
zn press max setpoint,zonePressureMaxSp
rm press maximum sp,zonePressureMaxSp
space pressure max setpt,zonePressureMaxSp
zn p max setpt,zonePressureMaxSp
press maximum sp zn,zonePressureMaxSp
zone press max val,zonePressureMaxSp
zn press max limit,zonePressureMaxSp
room press max setpoint,zonePressureMaxSp
space press max sp,zonePressureMaxSp
zn press max sp active,zonePressureMaxSp
zone pressure max sp value,zonePressureMaxSp
zn p max sp stat,zonePressureMaxSp
rm press maximum setpoint,zonePressureMaxSp
space press max sp,zonePressureMaxSp
rt press max sp,zonePressureMaxSp
zone press lo sp,zonePressureLoSp
zn p lo sp,zonePressureLoSp
zone pressure lo sp,zonePressureLoSp
space press lo sp,zonePressureLoSp
rm p lo sp,zonePressureLoSp
zone press lo setpoint,zonePressureLoSp
zn p low sp,zonePressureLoSp
space pressure lo sp,zonePressureLoSp
room p lo sp,zonePressureLoSp
zn press lo sp,zonePressureLoSp
lo press sp zone,zonePressureLoSp
zn static lo sp,zonePressureLoSp
zone pressure low setpoint,zonePressureLoSp
rm press lo sp,zonePressureLoSp
press lo sp zn,zonePressureLoSp
space press min setpoint,zonePressureLoSp
zn press lo sp,zonePressureLoSp
room pressure lo sp,zonePressureLoSp
zn p lo setpoint,zonePressureLoSp
zone press lo sp,zonePressureLoSp
press low sp zn,zonePressureLoSp
space press lo sp,zonePressureLoSp
zn p low sp,zonePressureLoSp
rm static lo sp,zonePressureLoSp
zone press low sp,zonePressureLoSp
low pressure sp zone,zonePressureLoSp
zn press lo setpoint,zonePressureLoSp
room press lo sp,zonePressureLoSp
space pressure low setpoint,zonePressureLoSp
zone lo press sp,zonePressureLoSp
lo press sp space,zonePressureLoSp
zn press lo sp,zonePressureLoSp
rm p low sp,zonePressureLoSp
space press lo sp,zonePressureLoSp
zn pressure lo sp,zonePressureLoSp
press lo sp rm,zonePressureLoSp
zone press lo setpt,zonePressureLoSp
zn static lo sp,zonePressureLoSp
space press low setpoint,zonePressureLoSp
room pressure lo setpt,zonePressureLoSp
press low sp space,zonePressureLoSp
zone press low limit,zonePressureLoSp
zn press low setpoint,zonePressureLoSp
rm press low sp,zonePressureLoSp
space pressure lo setpt,zonePressureLoSp
zn p low setpt,zonePressureLoSp
press lowest sp zn,zonePressureLoSp
zone iaq press lo sp,zonePressureLoSp
zn press low setpoint,zonePressureLoSp
room press lo setpoint,zonePressureLoSp
space press low sp,zonePressureLoSp
zn press lo sp active,zonePressureLoSp
zone pressure lo sp value,zonePressureLoSp
zn p lo sp stat,zonePressureLoSp
rm press low setpoint,zonePressureLoSp
space press lo sp,zonePressureLoSp
rt press lo sp,zonePressureLoSp
zone press lo alarm,zonePressureLoAlarm
zn p lo alm,zonePressureLoAlarm
zone pressure lo alarm,zonePressureLoAlarm
space press lo alarm,zonePressureLoAlarm
rm p lo alm,zonePressureLoAlarm
zone press low alarm,zonePressureLoAlarm
zn p low alm,zonePressureLoAlarm
space pressure lo alarm,zonePressureLoAlarm
room p lo alm,zonePressureLoAlarm
zn press lo alarm,zonePressureLoAlarm
lo alarm zone press,zonePressureLoAlarm
zn static lo alm,zonePressureLoAlarm
zone pressure low alarm,zonePressureLoAlarm
rm press lo alm,zonePressureLoAlarm
press lo alm zn,zonePressureLoAlarm
space low press alarm,zonePressureLoAlarm
zn press low alert,zonePressureLoAlarm
room pressure lo alarm,zonePressureLoAlarm
zn p lo alarm,zonePressureLoAlarm
zone press lo alarm,zonePressureLoAlarm
press lo alm zn,zonePressureLoAlarm
space press low alarm,zonePressureLoAlarm
zn p low alarm,zonePressureLoAlarm
rm press low alm,zonePressureLoAlarm
zone press lo alm,zonePressureLoAlarm
low press alert zone,zonePressureLoAlarm
zn press low alarm,zonePressureLoAlarm
room press lo alarm,zonePressureLoAlarm
space pressure low alarm,zonePressureLoAlarm
zone low press alm,zonePressureLoAlarm
lo press alm space,zonePressureLoAlarm
zn press lo alarm,zonePressureLoAlarm
rm p low alarm,zonePressureLoAlarm
space press lo alarm,zonePressureLoAlarm
zn pressure low alarm,zonePressureLoAlarm
press lo alarm rm,zonePressureLoAlarm
zone press low alm,zonePressureLoAlarm
zn press lo alm,zonePressureLoAlarm
space press lo alarm,zonePressureLoAlarm
room pressure lo alm,zonePressureLoAlarm
press low alarm space,zonePressureLoAlarm
zone press min alert,zonePressureLoAlarm
zn press min alarm,zonePressureLoAlarm
rm press low alarm,zonePressureLoAlarm
space pressure lo alert,zonePressureLoAlarm
zn p min alarm,zonePressureLoAlarm
press min alarm zn,zonePressureLoAlarm
zone pressure low alm,zonePressureLoAlarm
zn press low alert,zonePressureLoAlarm
room press lo alert,zonePressureLoAlarm
space press low alm,zonePressureLoAlarm
zn press lo alarm active,zonePressureLoAlarm
zone pressure lo alarm status,zonePressureLoAlarm
zn p lo alm stat,zonePressureLoAlarm
rm press low alarm,zonePressureLoAlarm
space press lo alm,zonePressureLoAlarm
rmt press lo alm,zonePressureLoAlarm
zone press hi sp,zonePressureHiSp
zn p hi sp,zonePressureHiSp
zone pressure hi sp,zonePressureHiSp
space press hi sp,zonePressureHiSp
rm p hi sp,zonePressureHiSp
zone press hi setpoint,zonePressureHiSp
zn p high sp,zonePressureHiSp
space pressure hi sp,zonePressureHiSp
room p hi sp,zonePressureHiSp
zn press hi sp,zonePressureHiSp
hi press sp zone,zonePressureHiSp
zn static hi sp,zonePressureHiSp
zone pressure high setpoint,zonePressureHiSp
rm press hi sp,zonePressureHiSp
press hi sp zn,zonePressureHiSp
space press max setpoint,zonePressureHiSp
zn press hi sp,zonePressureHiSp
room pressure hi sp,zonePressureHiSp
zn p hi setpoint,zonePressureHiSp
zone press hi sp,zonePressureHiSp
press high sp zn,zonePressureHiSp
space press hi sp,zonePressureHiSp
zn p high sp,zonePressureHiSp
rm static hi sp,zonePressureHiSp
zone press high sp,zonePressureHiSp
high pressure sp zone,zonePressureHiSp
zn press hi setpoint,zonePressureHiSp
room press hi sp,zonePressureHiSp
space pressure high setpoint,zonePressureHiSp
zone hi press sp,zonePressureHiSp
hi press sp space,zonePressureHiSp
zn press hi sp,zonePressureHiSp
rm p high sp,zonePressureHiSp
space press hi sp,zonePressureHiSp
zn pressure hi sp,zonePressureHiSp
press hi sp rm,zonePressureHiSp
zone press hi setpt,zonePressureHiSp
zn static hi sp,zonePressureHiSp
space press high setpoint,zonePressureHiSp
room pressure hi setpt,zonePressureHiSp
press high sp space,zonePressureHiSp
zone press high limit,zonePressureHiSp
zn press high setpoint,zonePressureHiSp
rm press high sp,zonePressureHiSp
space pressure hi setpt,zonePressureHiSp
zn p high setpt,zonePressureHiSp
press highest sp zn,zonePressureHiSp
zone iaq press hi sp,zonePressureHiSp
zn press high setpoint,zonePressureHiSp
room press hi setpoint,zonePressureHiSp
space press high sp,zonePressureHiSp
zn press hi sp active,zonePressureHiSp
zone pressure hi sp value,zonePressureHiSp
zn p hi sp stat,zonePressureHiSp
rm press high setpoint,zonePressureHiSp
space press hi sp,zonePressureHiSp
rmt press hi sp,zonePressureHiSp
zone press hi alarm,zonePressureHiAlarm
zn p hi alm,zonePressureHiAlarm
zone pressure hi alarm,zonePressureHiAlarm
space press hi alarm,zonePressureHiAlarm
rm p hi alm,zonePressureHiAlarm
zone press high alarm,zonePressureHiAlarm
zn p high alm,zonePressureHiAlarm
space pressure hi alarm,zonePressureHiAlarm
room p hi alm,zonePressureHiAlarm
zn press hi alarm,zonePressureHiAlarm
hi alarm zone press,zonePressureHiAlarm
zn static hi alm,zonePressureHiAlarm
zone pressure high alarm,zonePressureHiAlarm
rm press hi alm,zonePressureHiAlarm
press hi alm zn,zonePressureHiAlarm
space high press alarm,zonePressureHiAlarm
zn press high alert,zonePressureHiAlarm
room pressure hi alarm,zonePressureHiAlarm
zn p hi alarm,zonePressureHiAlarm
zone press hi alarm,zonePressureHiAlarm
press hi alm zn,zonePressureHiAlarm
space press high alarm,zonePressureHiAlarm
zn p high alarm,zonePressureHiAlarm
rm press high alm,zonePressureHiAlarm
zone press hi alm,zonePressureHiAlarm
high press alert zone,zonePressureHiAlarm
zn press high alarm,zonePressureHiAlarm
room press hi alarm,zonePressureHiAlarm
space pressure high alarm,zonePressureHiAlarm
zone high press alm,zonePressureHiAlarm
hi press alm space,zonePressureHiAlarm
zn press hi alarm,zonePressureHiAlarm
rm p high alarm,zonePressureHiAlarm
space press hi alarm,zonePressureHiAlarm
zn pressure high alarm,zonePressureHiAlarm
press hi alarm rm,zonePressureHiAlarm
zone press high alm,zonePressureHiAlarm
zn press hi alm,zonePressureHiAlarm
space press hi alarm,zonePressureHiAlarm
room pressure hi alm,zonePressureHiAlarm
press high alarm space,zonePressureHiAlarm
zone press max alert,zonePressureHiAlarm
zn press max alarm,zonePressureHiAlarm
rm press high alarm,zonePressureHiAlarm
space pressure hi alert,zonePressureHiAlarm
zn p max alarm,zonePressureHiAlarm
press max alarm zn,zonePressureHiAlarm
zone pressure high alm,zonePressureHiAlarm
zn press high alert,zonePressureHiAlarm
room press hi alert,zonePressureHiAlarm
space press high alm,zonePressureHiAlarm
zn press hi alarm active,zonePressureHiAlarm
zone pressure hi alarm status,zonePressureHiAlarm
zn p hi alm stat,zonePressureHiAlarm
rm press high alarm,zonePressureHiAlarm
space press hi alm,zonePressureHiAlarm
rmt press hi alm,zonePressureHiAlarm
zone press hi alarm,zonePressureHiAlarm
zn p hi alm,zonePressureHiAlarm
zone pressure hi alarm,zonePressureHiAlarm
space press hi alarm,zonePressureHiAlarm
rm p hi alm,zonePressureHiAlarm
zone press high alarm,zonePressureHiAlarm
zn p high alm,zonePressureHiAlarm
space pressure hi alarm,zonePressureHiAlarm
room p hi alm,zonePressureHiAlarm
zn press hi alarm,zonePressureHiAlarm
hi alarm zone press,zonePressureHiAlarm
zn static hi alm,zonePressureHiAlarm
zone pressure high alarm,zonePressureHiAlarm
rm press hi alm,zonePressureHiAlarm
press hi alm zn,zonePressureHiAlarm
space high press alarm,zonePressureHiAlarm
zn press high alert,zonePressureHiAlarm
room pressure hi alarm,zonePressureHiAlarm
zn p hi alarm,zonePressureHiAlarm
zone press hi alarm,zonePressureHiAlarm
press hi alm zn,zonePressureHiAlarm
space press high alarm,zonePressureHiAlarm
zn p high alarm,zonePressureHiAlarm
rm press high alm,zonePressureHiAlarm
zone press hi alm,zonePressureHiAlarm
high press alert zone,zonePressureHiAlarm
zn press high alarm,zonePressureHiAlarm
room press hi alarm,zonePressureHiAlarm
space pressure high alarm,zonePressureHiAlarm
zone high press alm,zonePressureHiAlarm
hi press alm space,zonePressureHiAlarm
zn press hi alarm,zonePressureHiAlarm
rm p high alarm,zonePressureHiAlarm
space press hi alarm,zonePressureHiAlarm
zn pressure high alarm,zonePressureHiAlarm
press hi alarm rm,zonePressureHiAlarm
zone press high alm,zonePressureHiAlarm
zn press hi alm,zonePressureHiAlarm
space press hi alarm,zonePressureHiAlarm
room pressure hi alm,zonePressureHiAlarm
press high alarm space,zonePressureHiAlarm
zone press max alert,zonePressureHiAlarm
zn press max alarm,zonePressureHiAlarm
rm press high alarm,zonePressureHiAlarm
space pressure hi alert,zonePressureHiAlarm
zn p max alarm,zonePressureHiAlarm
press max alarm zn,zonePressureHiAlarm
zone pressure high alm,zonePressureHiAlarm
zn press high alert,zonePressureHiAlarm
room press hi alert,zonePressureHiAlarm
space press high alm,zonePressureHiAlarm
zn press hi alarm active,zonePressureHiAlarm
zone pressure hi alarm status,zonePressureHiAlarm
zn p hi alm stat,zonePressureHiAlarm
rm press high alarm,zonePressureHiAlarm
space press hi alm,zonePressureHiAlarm
rmt press hi alm,zonePressureHiAlarm
zone power real,zonePowerReal
zn pwr real,zonePowerReal
zone real power,zonePowerReal
space power real,zonePowerReal
rm pwr real,zonePowerReal
zone active power,zonePowerReal
zn kw,zonePowerReal
space power real,zonePowerReal
room pwr act,zonePowerReal
zn pwr real,zonePowerReal
real power zone,zonePowerReal
zn power w,zonePowerReal
zone active power,zonePowerReal
rm pwr real,zonePowerReal
pwr real zn,zonePowerReal
space power demand,zonePowerReal
zn real power val,zonePowerReal
room power real,zonePowerReal
zn pwr active,zonePowerReal
zone pwr real,zonePowerReal
kw demand zn,zonePowerReal
space pwr real,zonePowerReal
zn real pwr,zonePowerReal
rm power real,zonePowerReal
zone pwr kw,zonePowerReal
real power zone,zonePowerReal
zn active pwr,zonePowerReal
room pwr real,zonePowerReal
space real power demand,zonePowerReal
zone kw demand,zonePowerReal
real pwr space,zonePowerReal
zn pwr real,zonePowerReal
rm kw demand,zonePowerReal
space power real,zonePowerReal
zn power real,zonePowerReal
pwr real rm,zonePowerReal
zone pwr active,zonePowerReal
zn power real,zonePowerReal
space power real,zonePowerReal
room active power,zonePowerReal
pwr active space,zonePowerReal
zone pwr reading,zonePowerReal
zn pwr real read,zonePowerReal
rm active power,zonePowerReal
space power kw,zonePowerReal
zn pwr real snsr,zonePowerReal
active power zn,zonePowerReal
zone power real val,zonePowerReal
zn pwr demand,zonePowerReal
room power real,zonePowerReal
space active pwr,zonePowerReal
zn pwr real calc,zonePowerReal
zone power real status,zonePowerReal
zn pwr real stat,zonePowerReal
rm power kw,zonePowerReal
space power real en,zonePowerReal
rmt pwr real,zonePowerReal
zone press db,zonePressureDb
zn p db,zonePressureDb
zone pressure deadband,zonePressureDb
space press db,zonePressureDb
rm p db,zonePressureDb
zone press diff db,zonePressureDb
zn p deadband,zonePressureDb
space pressure db,zonePressureDb
room p db,zonePressureDb
zn press db,zonePressureDb
press db zone,zonePressureDb
zn static db,zonePressureDb
zone press db,zonePressureDb
rm press db,zonePressureDb
press db zn,zonePressureDb
space press deadband,zonePressureDb
zn press db limit,zonePressureDb
room pressure db,zonePressureDb
zn p db val,zonePressureDb
zone press db,zonePressureDb
press deadband zn,zonePressureDb
space press db,zonePressureDb
zn p deadband,zonePressureDb
rm static db,zonePressureDb
zone press db val,zonePressureDb
press deadband zone,zonePressureDb
zn press deadband,zonePressureDb
room press db,zonePressureDb
space pressure db setpoint,zonePressureDb
zone db press,zonePressureDb
db press space,zonePressureDb
zn press db,zonePressureDb
rm p deadband,zonePressureDb
space press db,zonePressureDb
zn pressure db,zonePressureDb
press db rm,zonePressureDb
zone press db sp,zonePressureDb
zn static db val,zonePressureDb
space press deadband,zonePressureDb
room pressure db val,zonePressureDb
press db space,zonePressureDb
zone press diff limit,zonePressureDb
zn press db setpoint,zonePressureDb
rm press deadband,zonePressureDb
space press db setpt,zonePressureDb
zn p db setpt,zonePressureDb
press db sp zn,zonePressureDb
zone pressure diff db,zonePressureDb
zn press db limit,zonePressureDb
room press db,zonePressureDb
space press deadband,zonePressureDb
zn press db active,zonePressureDb
zone pressure db value,zonePressureDb
zn p db stat,zonePressureDb
rm press db setpoint,zonePressureDb
space press db,zonePressureDb
rmt press db,zonePressureDb
zone pm4,zonePM4
zn pm4,zonePM4
zone pm4 concentration,zonePM4
space pm4,zonePM4
rm pm4,zonePM4
zone pm4 level,zonePM4
zn pm4 val,zonePM4
space pm4,zonePM4
room pm4,zonePM4
zn pm4,zonePM4
particulate pm4 zone,zonePM4
zn pm4 mass,zonePM4
zone pm,zonePM4
rm pm4,zonePM4
pm4 zn,zonePM4
space pm4 level,zonePM4
zn pm4 concentration,zonePM4
room pm4,zonePM4
zn pm4 reading,zonePM4
zone pm4,zonePM4
pm4 conc zn,zonePM4
space pm4,zonePM4
zn pm conc,zonePM4
rm pm4 level,zonePM4
zone pm4 ugm,zonePM4
pm4 sensor zone,zonePM4
zn iaq pm4,zonePM4
room pm4,zonePM4
space pm level,zonePM4
zone air pm4,zonePM4
pm4 space,zonePM4
zn pm4,zonePM4
rm pm conc,zonePM4
space pm4,zonePM4
zn pm4,zonePM4
pm4 rm,zonePM4
zone pm4 snsr,zonePM4
zn pm4 mass conc,zonePM4
space pm4 level,zonePM4
room pm4 reading,zonePM4
pm4 space,zonePM4
zone pm4 density,zonePM4
zn pm4 read,zonePM4
rm pm4 conc,zonePM4
space pm4 reading,zonePM4
zn pm4 snsr,zonePM4
particulate zn,zonePM4
zone pm4 val,zonePM4
zn pm level,zonePM4
room pm4 level,zonePM4
space pm4 conc,zonePM4
zn pm4 active,zonePM4
zone pm4 value,zonePM4
zn pm4 stat,zonePM4
rm pm4 reading,zonePM4
space pm4 stat,zonePM4
rmt pm4,zonePM4
zone pm25,zonePM25
zn pm25,zonePM25
zone pm2,zonePM25
space pm25,zonePM25
rm pm25,zonePM25
zone pm25 level,zonePM25
zn pm25 val,zonePM25
space pm25,zonePM25
room pm25,zonePM25
zn pm25,zonePM25
particulate pm25 zone,zonePM25
zn pm2 mass,zonePM25
zone pm25 concentration,zonePM25
rm pm25,zonePM25
pm25 zn,zonePM25
space pm25 level,zonePM25
zn pm25 concentration,zonePM25
room pm25,zonePM25
zn pm25 reading,zonePM25
zone pm25,zonePM25
pm25 conc zn,zonePM25
space pm25,zonePM25
zn pm2 conc,zonePM25
rm pm25 level,zonePM25
zone pm25 ugm,zonePM25
pm25 sensor zone,zonePM25
zn iaq pm25,zonePM25
room pm25,zonePM25
space pm2 level,zonePM25
zone air pm25,zonePM25
pm25 space,zonePM25
zn pm25,zonePM25
rm pm2 conc,zonePM25
space pm25,zonePM25
zn pm25,zonePM25
pm25 rm,zonePM25
zone pm25 snsr,zonePM25
zn pm25 mass conc,zonePM25
space pm25 level,zonePM25
room pm25 reading,zonePM25
pm25 space,zonePM25
zone pm25 density,zonePM25
zn pm25 read,zonePM25
rm pm25 conc,zonePM25
space pm25 reading,zonePM25
zn pm25 snsr,zonePM25
particulate zn,zonePM25
zone pm25 val,zonePM25
zn pm2 level,zonePM25
room pm25 level,zonePM25
space pm25 conc,zonePM25
zn pm25 active,zonePM25
zone pm25 value,zonePM25
zn pm25 stat,zonePM25
rm pm25 reading,zonePM25
space pm25 stat,zonePM25
rmt pm25,zonePM25
zn pm25,zonePM25
zone pm2,zonePM25
room pm2,zonePM25
space pm2,zonePM25
zn pm25,zonePM25
zone pm25,zonePM25
rm pm25,zonePM25
spc pm25,zonePM25
pm25 conc,zonePM25
pm25 level,zonePM25
zn pm2,zonePM25
zone pm25,zonePM25
rm pm25,zonePM25
spc pm25,zonePM25
zn pm2 concentration,zonePM25
room pm2 sensor,zonePM25
space pm2 sensor,zonePM25
zn pm2 s,zonePM25
rm pm2 s,zonePM25
spc pm2 s,zonePM25
pm25 value,zonePM25
pm2 zn,zonePM25
pm2 rm,zonePM25
pm2 spc,zonePM25
zone pm25 val,zonePM25
zn pm25 value,zonePM25
rm pm25 value,zonePM25
spc pm25 value,zonePM25
pm25 zn t,zonePM25
pm25 rm t,zonePM25
pm25 spc t,zonePM25
zn pm25 conc,zonePM25
rm pm25 conc,zonePM25
spc pm25 conc,zonePM25
zn pm2 level,zonePM25
rm pm2 level,zonePM25
spc pm2 level,zonePM25
pm2 zn sensor,zonePM25
pm2 rm sensor,zonePM25
pm2 spc sensor,zonePM25
zn pm25 data,zonePM25
rm pm25 data,zonePM25
spc pm25 data,zonePM25
pm2 concentration zone,zonePM25
pm2 concentration room,zonePM25
pm2 concentration space,zonePM25
zn pm2 meas,zonePM25
rm pm2 meas,zonePM25
spc pm2 meas,zonePM25
pm25 room level,zonePM25
pm25 space level,zonePM25
pm25 zone level,zonePM25
pm2 zn sns,zonePM25
pm2 rm sns,zonePM25
pm2 spc sns,zonePM25
zn pm25 realtime,zonePM25
zn pm10,zonePM10
zone pm10,zonePM10
room pm10,zonePM10
space pm10,zonePM10
zn pm10,zonePM10
zone pm10,zonePM10
rm pm10,zonePM10
spc pm10,zonePM10
pm10 conc,zonePM10
pm10 level,zonePM10
zn pm,zonePM10
zone pm10 concentration,zonePM10
rm pm10,zonePM10
spc pm10,zonePM10
zn pm10 sensor,zonePM10
room pm10 sensor,zonePM10
space pm10 sensor,zonePM10
zn pm10 s,zonePM10
rm pm10 s,zonePM10
spc pm10 s,zonePM10
pm10 value,zonePM10
pm10 zn,zonePM10
pm10 rm,zonePM10
pm10 spc,zonePM10
zone pm10 val,zonePM10
zn pm10 value,zonePM10
rm pm10 value,zonePM10
spc pm10 value,zonePM10
pm10 zn t,zonePM10
pm10 rm t,zonePM10
pm10 spc t,zonePM10
zn pm10 conc,zonePM10
rm pm10 conc,zonePM10
spc pm10 conc,zonePM10
zn pm10 level,zonePM10
rm pm10 level,zonePM10
spc pm10 level,zonePM10
pm10 zn sensor,zonePM10
pm10 rm sensor,zonePM10
pm10 spc sensor,zonePM10
zn pm10 data,zonePM10
rm pm10 data,zonePM10
spc pm10 data,zonePM10
pm10 concentration zone,zonePM10
pm10 concentration room,zonePM10
pm10 concentration space,zonePM10
zn pm10 meas,zonePM10
rm pm10 meas,zonePM10
spc pm10 meas,zonePM10
pm10 room level,zonePM10
pm10 space level,zonePM10
pm10 zone level,zonePM10
pm10 zn sns,zonePM10
pm10 rm sns,zonePM10
pm10 spc sns,zonePM10
zn pm10 realtime,zonePM10
zn pm1,zonePM1
zone pm1,zonePM1
room pm1,zonePM1
space pm1,zonePM1
zn pm1,zonePM1
zone pm1,zonePM1
rm pm1,zonePM1
spc pm1,zonePM1
pm1 conc,zonePM1
pm1 level,zonePM1
zn pm,zonePM1
zone pm1 concentration,zonePM1
rm pm1,zonePM1
spc pm1,zonePM1
zn pm1 sensor,zonePM1
room pm1 sensor,zonePM1
space pm1 sensor,zonePM1
zn pm1 s,zonePM1
rm pm1 s,zonePM1
spc pm1 s,zonePM1
pm1 value,zonePM1
pm1 zn,zonePM1
pm1 rm,zonePM1
pm1 spc,zonePM1
zone pm1 val,zonePM1
zn pm1 value,zonePM1
rm pm1 value,zonePM1
spc pm1 value,zonePM1
pm1 zn t,zonePM1
pm1 rm t,zonePM1
pm1 spc t,zonePM1
zn pm1 conc,zonePM1
rm pm1 conc,zonePM1
spc pm1 conc,zonePM1
zn pm1 level,zonePM1
rm pm1 level,zonePM1
spc pm1 level,zonePM1
pm1 zn sensor,zonePM1
pm1 rm sensor,zonePM1
pm1 spc sensor,zonePM1
zn pm1 data,zonePM1
rm pm1 data,zonePM1
spc pm1 data,zonePM1
pm1 concentration zone,zonePM1
pm1 concentration room,zonePM1
pm1 concentration space,zonePM1
zn pm1 meas,zonePM1
rm pm1 meas,zonePM1
spc pm1 meas,zonePM1
pm1 room level,zonePM1
pm1 space level,zonePM1
pm1 zone level,zonePM1
pm1 zn sns,zonePM1
pm1 rm sns,zonePM1
pm1 spc sns,zonePM1
zn pm1 realtime,zonePM1
zn o3,zoneO3
zone ozone,zoneO3
room ozone,zoneO3
space ozone,zoneO3
zn o3,zoneO3
zone o3,zoneO3
rm o3,zoneO3
spc o3,zoneO3
o3 conc,zoneO3
o3 level,zoneO3
zn ozone,zoneO3
zone o3 concentration,zoneO3
rm o3,zoneO3
spc o3,zoneO3
zn o3 sensor,zoneO3
room o3 sensor,zoneO3
space o3 sensor,zoneO3
zn o3 s,zoneO3
rm o3 s,zoneO3
spc o3 s,zoneO3
o3 value,zoneO3
o3 zn,zoneO3
o3 rm,zoneO3
o3 spc,zoneO3
zone o3 val,zoneO3
zn o3 value,zoneO3
rm o3 value,zoneO3
spc o3 value,zoneO3
o3 zn ppm,zoneO3
o3 rm ppm,zoneO3
o3 spc ppm,zoneO3
zn o3 conc,zoneO3
rm o3 conc,zoneO3
spc o3 conc,zoneO3
zn o3 level,zoneO3
rm o3 level,zoneO3
spc o3 level,zoneO3
o3 zn sensor,zoneO3
o3 rm sensor,zoneO3
o3 spc sensor,zoneO3
zn o3 data,zoneO3
rm o3 data,zoneO3
spc o3 data,zoneO3
o3 concentration zone,zoneO3
o3 concentration room,zoneO3
o3 concentration space,zoneO3
zn o3 meas,zoneO3
rm o3 meas,zoneO3
spc o3 meas,zoneO3
o3 room level,zoneO3
o3 space level,zoneO3
o3 zone level,zoneO3
o3 zn sns,zoneO3
o3 rm sns,zoneO3
o3 spc sns,zoneO3
zn o3 realtime,zoneO3
zn o2,zoneO2
zone oxygen,zoneO2
room oxygen,zoneO2
space oxygen,zoneO2
zn o2,zoneO2
zone o2,zoneO2
rm o2,zoneO2
spc o2,zoneO2
o2 conc,zoneO2
o2 level,zoneO2
zn oxygen,zoneO2
zone o2 concentration,zoneO2
rm o2,zoneO2
spc o2,zoneO2
zn o2 sensor,zoneO2
room o2 sensor,zoneO2
space o2 sensor,zoneO2
zn o2 s,zoneO2
rm o2 s,zoneO2
spc o2 s,zoneO2
o2 value,zoneO2
o2 zn,zoneO2
o2 rm,zoneO2
o2 spc,zoneO2
zone o2 val,zoneO2
zn o2 value,zoneO2
rm o2 value,zoneO2
spc o2 value,zoneO2
o2 zn percent,zoneO2
o2 rm percent,zoneO2
o2 spc percent,zoneO2
zn o2 conc,zoneO2
rm o2 conc,zoneO2
spc o2 conc,zoneO2
zn o2 level,zoneO2
rm o2 level,zoneO2
spc o2 level,zoneO2
o2 zn sensor,zoneO2
o2 rm sensor,zoneO2
o2 spc sensor,zoneO2
zn o2 data,zoneO2
rm o2 data,zoneO2
spc o2 data,zoneO2
o2 concentration zone,zoneO2
o2 concentration room,zoneO2
o2 concentration space,zoneO2
zn o2 meas,zoneO2
rm o2 meas,zoneO2
spc o2 meas,zoneO2
o2 room level,zoneO2
o2 space level,zoneO2
o2 zone level,zoneO2
o2 zn sns,zoneO2
o2 rm sns,zoneO2
o2 spc sns,zoneO2
zn o2,zoneO2
zn o2 alm,zoneO2Alarm
zn o2 alarm,zoneO2Alarm
zone oxygen alarm,zoneO2Alarm
room oxygen alarm,zoneO2Alarm
space oxygen alarm,zoneO2Alarm
zn o2 alm,zoneO2Alarm
zn o2 alarm,zoneO2Alarm
zone o2 alarm,zoneO2Alarm
rm o2 alm,zoneO2Alarm
spc o2 alm,zoneO2Alarm
o2 low alarm,zoneO2Alarm
o2 high alarm,zoneO2Alarm
zn oxygen alarm,zoneO2Alarm
zone o2 alert,zoneO2Alarm
rm o2 alarm,zoneO2Alarm
spc o2 alarm,zoneO2Alarm
zn o2 alarm status,zoneO2Alarm
room o2 alarm status,zoneO2Alarm
space o2 alarm status,zoneO2Alarm
zn o2 alm s,zoneO2Alarm
rm o2 alm s,zoneO2Alarm
spc o2 alm s,zoneO2Alarm
o2 alm stat,zoneO2Alarm
o2 zn alm,zoneO2Alarm
o2 rm alm,zoneO2Alarm
o2 spc alm,zoneO2Alarm
zone o2 alm active,zoneO2Alarm
zn o2 alarm active,zoneO2Alarm
rm o2 alarm active,zoneO2Alarm
spc o2 alarm active,zoneO2Alarm
o2 zn ll alm,zoneO2Alarm
o2 rm ll alm,zoneO2Alarm
o2 spc ll alm,zoneO2Alarm
zn o2 low alm,zoneO2Alarm
rm o2 low alm,zoneO2Alarm
spc o2 low alm,zoneO2Alarm
zn o2 alm sts,zoneO2Alarm
rm o2 alm sts,zoneO2Alarm
spc o2 alm sts,zoneO2Alarm
o2 zn alarm snsr,zoneO2Alarm
o2 rm alarm snsr,zoneO2Alarm
o2 spc alarm snsr,zoneO2Alarm
zn o2 alarm state,zoneO2Alarm
rm o2 alarm state,zoneO2Alarm
spc o2 alarm state,zoneO2Alarm
o2 alarm latch,zoneO2Alarm
zn o2 alm latch,zoneO2Alarm
rm o2 alm latch,zoneO2Alarm
spc o2 alm latch,zoneO2Alarm
o2 critical alm,zoneO2Alarm
o2 danger alm,zoneO2Alarm
o2 zone alm,zoneO2Alarm
o2 zn alm,zoneO2Alarm
o2 rm alm,zoneO2Alarm
o2 spc alm,zoneO2Alarm
zn o2 emergency,zoneO2Alarm
zn noise,zoneNoiseLevel
zone noise level,zoneNoiseLevel
room noise level,zoneNoiseLevel
space noise level,zoneNoiseLevel
zn noise,zoneNoiseLevel
zone noise,zoneNoiseLevel
rm noise,zoneNoiseLevel
spc noise,zoneNoiseLevel
sound level,zoneNoiseLevel
dba level,zoneNoiseLevel
zn sound,zoneNoiseLevel
zone sound level,zoneNoiseLevel
rm sound,zoneNoiseLevel
spc sound,zoneNoiseLevel
zn noise sensor,zoneNoiseLevel
room noise sensor,zoneNoiseLevel
space noise sensor,zoneNoiseLevel
zn sound s,zoneNoiseLevel
rm sound s,zoneNoiseLevel
spc sound s,zoneNoiseLevel
noise value,zoneNoiseLevel
sound zn,zoneNoiseLevel
sound rm,zoneNoiseLevel
sound spc,zoneNoiseLevel
zone noise val,zoneNoiseLevel
zn noise value,zoneNoiseLevel
rm noise value,zoneNoiseLevel
spc noise value,zoneNoiseLevel
noise zn dba,zoneNoiseLevel
noise rm dba,zoneNoiseLevel
noise spc dba,zoneNoiseLevel
zn sound level,zoneNoiseLevel
rm sound level,zoneNoiseLevel
spc sound level,zoneNoiseLevel
zn dba level,zoneNoiseLevel
rm dba level,zoneNoiseLevel
spc dba level,zoneNoiseLevel
sound zn sensor,zoneNoiseLevel
sound rm sensor,zoneNoiseLevel
sound spc sensor,zoneNoiseLevel
zn noise data,zoneNoiseLevel
rm noise data,zoneNoiseLevel
spc noise data,zoneNoiseLevel
acoustic level zone,zoneNoiseLevel
acoustic level room,zoneNoiseLevel
acoustic level space,zoneNoiseLevel
zn noise meas,zoneNoiseLevel
rm noise meas,zoneNoiseLevel
spc noise meas,zoneNoiseLevel
noise room db,zoneNoiseLevel
noise space db,zoneNoiseLevel
noise zone db,zoneNoiseLevel
sound zn sns,zoneNoiseLevel
sound rm sns,zoneNoiseLevel
sound spc sns,zoneNoiseLevel
zn sound realtime,zoneNoiseLevel
zn no alm,zoneNOAlarm
zn no alarm,zoneNOAlarm
zone nitric oxide alarm,zoneNOAlarm
room nitric oxide alarm,zoneNOAlarm
space nitric oxide alarm,zoneNOAlarm
zn no alm,zoneNOAlarm
zn no alarm,zoneNOAlarm
zone no alarm,zoneNOAlarm
rm no alm,zoneNOAlarm
spc no alm,zoneNOAlarm
no high alarm,zoneNOAlarm
no level alarm,zoneNOAlarm
zn nitric oxide alarm,zoneNOAlarm
zone no alert,zoneNOAlarm
rm no alarm,zoneNOAlarm
spc no alarm,zoneNOAlarm
zn no alarm status,zoneNOAlarm
room no alarm status,zoneNOAlarm
space no alarm status,zoneNOAlarm
zn no alm s,zoneNOAlarm
rm no alm s,zoneNOAlarm
spc no alm s,zoneNOAlarm
no alm stat,zoneNOAlarm
no zn alm,zoneNOAlarm
no rm alm,zoneNOAlarm
no spc alm,zoneNOAlarm
zone no alm active,zoneNOAlarm
zn no alarm active,zoneNOAlarm
rm no alarm active,zoneNOAlarm
spc no alarm active,zoneNOAlarm
no zn hi alm,zoneNOAlarm
no rm hi alm,zoneNOAlarm
no spc hi alm,zoneNOAlarm
zn no high alm,zoneNOAlarm
rm no high alm,zoneNOAlarm
spc no high alm,zoneNOAlarm
zn no alm sts,zoneNOAlarm
rm no alm sts,zoneNOAlarm
spc no alm sts,zoneNOAlarm
no zn alarm snsr,zoneNOAlarm
no rm alarm snsr,zoneNOAlarm
no spc alarm snsr,zoneNOAlarm
zn no alarm state,zoneNOAlarm
rm no alarm state,zoneNOAlarm
spc no alarm state,zoneNOAlarm
no alarm latch,zoneNOAlarm
zn no alm latch,zoneNOAlarm
rm no alm latch,zoneNOAlarm
spc no alm latch,zoneNOAlarm
no critical alm,zoneNOAlarm
no danger alm,zoneNOAlarm
no zone alm,zoneNOAlarm
no zn alm,zoneNOAlarm
no rm alm,zoneNOAlarm
no spc alm,zoneNOAlarm
zn no emergency,zoneNOAlarm
zn no min sp,zoneNOMinSp
zn no min setpt,zoneNOMinSp
zone no min setpoint,zoneNOMinSp
room no min setpoint,zoneNOMinSp
space no min setpoint,zoneNOMinSp
zn no min sp,zoneNOMinSp
zn no min setpt,zoneNOMinSp
zone no min sp,zoneNOMinSp
rm no min sp,zoneNOMinSp
spc no min sp,zoneNOMinSp
no min limit,zoneNOMinSp
no min threshold,zoneNOMinSp
zn nitric oxide min sp,zoneNOMinSp
zone no minimum setpt,zoneNOMinSp
rm no min setpt,zoneNOMinSp
spc no min setpt,zoneNOMinSp
zn no min sp status,zoneNOMinSp
room no minimum sp,zoneNOMinSp
space no min setpoint,zoneNOMinSp
zn no min s,zoneNOMinSp
rm no min s,zoneNOMinSp
spc no min s,zoneNOMinSp
no min val,zoneNOMinSp
no zn min sp,zoneNOMinSp
no rm min sp,zoneNOMinSp
no spc min sp,zoneNOMinSp
zone no min sp act,zoneNOMinSp
zn no min sp act,zoneNOMinSp
rm no min sp act,zoneNOMinSp
spc no min sp act,zoneNOMinSp
no zn lo sp,zoneNOMinSp
no rm lo sp,zoneNOMinSp
no spc lo sp,zoneNOMinSp
zn no lo sp,zoneNOMinSp
rm no lo sp,zoneNOMinSp
spc no lo sp,zoneNOMinSp
zn no min sts,zoneNOMinSp
rm no min sts,zoneNOMinSp
spc no min sts,zoneNOMinSp
no zn min setpt,zoneNOMinSp
no rm min setpt,zoneNOMinSp
no spc min setpt,zoneNOMinSp
zn no min state,zoneNOMinSp
rm no min state,zoneNOMinSp
spc no min state,zoneNOMinSp
no min setpt limit,zoneNOMinSp
zn no min limit,zoneNOMinSp
rm no min limit,zoneNOMinSp
spc no min limit,zoneNOMinSp
no critical min sp,zoneNOMinSp
no base min sp,zoneNOMinSp
no zone min sp,zoneNOMinSp
no zn min sp,zoneNOMinSp
no rm min sp,zoneNOMinSp
no spc min sp,zoneNOMinSp
zn no min level sp,zoneNOMinSp
zn no max sp,zoneNOMaxSp
zn no max setpt,zoneNOMaxSp
zone no max setpoint,zoneNOMaxSp
room no max setpoint,zoneNOMaxSp
space no max setpoint,zoneNOMaxSp
zn no max sp,zoneNOMaxSp
zn no max setpt,zoneNOMaxSp
zone no max sp,zoneNOMaxSp
rm no max sp,zoneNOMaxSp
spc no max sp,zoneNOMaxSp
no max limit,zoneNOMaxSp
no max threshold,zoneNOMaxSp
zn nitric oxide max sp,zoneNOMaxSp
zone no maximum setpt,zoneNOMaxSp
rm no max setpt,zoneNOMaxSp
spc no max setpt,zoneNOMaxSp
zn no max sp status,zoneNOMaxSp
room no maximum sp,zoneNOMaxSp
space no max setpoint,zoneNOMaxSp
zn no max s,zoneNOMaxSp
rm no max s,zoneNOMaxSp
spc no max s,zoneNOMaxSp
no max val,zoneNOMaxSp
no zn max sp,zoneNOMaxSp
no rm max sp,zoneNOMaxSp
no spc max sp,zoneNOMaxSp
zone no max sp act,zoneNOMaxSp
zn no max sp act,zoneNOMaxSp
rm no max sp act,zoneNOMaxSp
spc no max sp act,zoneNOMaxSp
no zn hi sp,zoneNOMaxSp
no rm hi sp,zoneNOMaxSp
no spc hi sp,zoneNOMaxSp
zn no hi sp,zoneNOMaxSp
rm no hi sp,zoneNOMaxSp
spc no hi sp,zoneNOMaxSp
zn no max sts,zoneNOMaxSp
rm no max sts,zoneNOMaxSp
spc no max sts,zoneNOMaxSp
no zn max setpt,zoneNOMaxSp
no rm max setpt,zoneNOMaxSp
no spc max setpt,zoneNOMaxSp
zn no max state,zoneNOMaxSp
rm no max state,zoneNOMaxSp
spc no max state,zoneNOMaxSp
no max setpt limit,zoneNOMaxSp
zn no max limit,zoneNOMaxSp
rm no max limit,zoneNOMaxSp
spc no max limit,zoneNOMaxSp
no critical max sp,zoneNOMaxSp
no high max sp,zoneNOMaxSp
no zone max sp,zoneNOMaxSp
no zn max sp,zoneNOMaxSp
no rm max sp,zoneNOMaxSp
no spc max sp,zoneNOMaxSp
zn no max level sp,zoneNOMaxSp
zn no2,zoneNO2
zone nitrogen dioxide,zoneNO2
room nitrogen dioxide,zoneNO2
space nitrogen dioxide,zoneNO2
zn no2,zoneNO2
zone no2,zoneNO2
rm no2,zoneNO2
spc no2,zoneNO2
no2 conc,zoneNO2
no2 level,zoneNO2
zn nitrogen dioxide,zoneNO2
zone no2 concentration,zoneNO2
rm no2,zoneNO2
spc no2,zoneNO2
zn no2 sensor,zoneNO2
room no2 sensor,zoneNO2
space no2 sensor,zoneNO2
zn no2 s,zoneNO2
rm no2 s,zoneNO2
spc no2 s,zoneNO2
no2 value,zoneNO2
no2 zn,zoneNO2
no2 rm,zoneNO2
no2 spc,zoneNO2
zone no2 val,zoneNO2
zn no2 value,zoneNO2
rm no2 value,zoneNO2
spc no2 value,zoneNO2
no2 zn ppm,zoneNO2
no2 rm ppm,zoneNO2
no2 spc ppm,zoneNO2
zn no2 conc,zoneNO2
rm no2 conc,zoneNO2
spc no2 conc,zoneNO2
zn no2 level,zoneNO2
rm no2 level,zoneNO2
spc no2 level,zoneNO2
no2 zn sensor,zoneNO2
no2 rm sensor,zoneNO2
no2 spc sensor,zoneNO2
zn no2 data,zoneNO2
rm no2 data,zoneNO2
spc no2 data,zoneNO2
no2 concentration zone,zoneNO2
no2 concentration room,zoneNO2
no2 concentration space,zoneNO2
zn no2 meas,zoneNO2
rm no2 meas,zoneNO2
spc no2 meas,zoneNO2
no2 room level,zoneNO2
no2 space level,zoneNO2
no2 zone level,zoneNO2
no2 zn sns,zoneNO2
no2 rm sns,zoneNO2
no2 spc sns,zoneNO2
zn no2 realtime,zoneNO2
zn no,zoneNO
zone nitric oxide,zoneNO
room nitric oxide,zoneNO
space nitric oxide,zoneNO
zn no,zoneNO
zone no,zoneNO
rm no,zoneNO
spc no,zoneNO
no conc,zoneNO
no level,zoneNO
zn nitric oxide,zoneNO
zone no concentration,zoneNO
rm no,zoneNO
spc no,zoneNO
zn no sensor,zoneNO
room no sensor,zoneNO
space no sensor,zoneNO
zn no s,zoneNO
rm no s,zoneNO
spc no s,zoneNO
no value,zoneNO
no zn,zoneNO
no rm,zoneNO
no spc,zoneNO
zone no val,zoneNO
zn no value,zoneNO
rm no value,zoneNO
spc no value,zoneNO
no zn ppm,zoneNO
no rm ppm,zoneNO
no spc ppm,zoneNO
zn no conc,zoneNO
rm no conc,zoneNO
spc no conc,zoneNO
zn no level,zoneNO
rm no level,zoneNO
spc no level,zoneNO
no zn sensor,zoneNO
no rm sensor,zoneNO
no spc sensor,zoneNO
zn no data,zoneNO
rm no data,zoneNO
spc no data,zoneNO
no concentration zone,zoneNO
no concentration room,zoneNO
no concentration space,zoneNO
zn no meas,zoneNO
rm no meas,zoneNO
spc no meas,zoneNO
no room level,zoneNO
no space level,zoneNO
no zone level,zoneNO
no zn sns,zoneNO
no rm sns,zoneNO
no spc sns,zoneNO
zn no realtime,zoneNO
zn n2,zoneN2
zone nitrogen,zoneN2
room nitrogen,zoneN2
space nitrogen,zoneN2
zn n2,zoneN2
zone n2,zoneN2
rm n2,zoneN2
spc n2,zoneN2
n2 conc,zoneN2
n2 level,zoneN2
zn nitrogen,zoneN2
zone n2 concentration,zoneN2
rm n2,zoneN2
spc n2,zoneN2
zn n2 sensor,zoneN2
room n2 sensor,zoneN2
space n2 sensor,zoneN2
zn n2 s,zoneN2
rm n2 s,zoneN2
spc n2 s,zoneN2
n2 value,zoneN2
n2 zn,zoneN2
n2 rm,zoneN2
n2 spc,zoneN2
zone n2 val,zoneN2
zn n2 value,zoneN2
rm n2 value,zoneN2
spc n2 value,zoneN2
n2 zn percent,zoneN2
n2 rm percent,zoneN2
n2 spc percent,zoneN2
zn n2 conc,zoneN2
rm n2 conc,zoneN2
spc n2 conc,zoneN2
zn n2 level,zoneN2
rm n2 level,zoneN2
spc n2 level,zoneN2
n2 zn sensor,zoneN2
n2 rm sensor,zoneN2
n2 spc sensor,zoneN2
zn n2 data,zoneN2
rm n2 data,zoneN2
spc n2 data,zoneN2
n2 concentration zone,zoneN2
n2 concentration room,zoneN2
n2 concentration space,zoneN2
zn n2 meas,zoneN2
rm n2 meas,zoneN2
spc n2 meas,zoneN2
n2 room level,zoneN2
n2 space level,zoneN2
n2 zone level,zoneN2
n2 zn sns,zoneN2
n2 rm sns,zoneN2
n2 spc sns,zoneN2
zn n2 realtime,zoneN2
zn n2 alm,zoneN2Alarm
zn n2 alarm,zoneN2Alarm
zone nitrogen alarm,zoneN2Alarm
room nitrogen alarm,zoneN2Alarm
space nitrogen alarm,zoneN2Alarm
zn n2 alm,zoneN2Alarm
zn n2 alarm,zoneN2Alarm
zone n2 alarm,zoneN2Alarm
rm n2 alm,zoneN2Alarm
spc n2 alm,zoneN2Alarm
n2 high alarm,zoneN2Alarm
n2 level alarm,zoneN2Alarm
zn nitrogen alarm,zoneN2Alarm
zone n2 alert,zoneN2Alarm
rm n2 alarm,zoneN2Alarm
spc n2 alarm,zoneN2Alarm
zn n2 alarm status,zoneN2Alarm
room n2 alarm status,zoneN2Alarm
space n2 alarm status,zoneN2Alarm
zn n2 alm s,zoneN2Alarm
rm n2 alm s,zoneN2Alarm
spc n2 alm s,zoneN2Alarm
n2 alm stat,zoneN2Alarm
n2 zn alm,zoneN2Alarm
n2 rm alm,zoneN2Alarm
n2 spc alm,zoneN2Alarm
zone n2 alm active,zoneN2Alarm
zn n2 alarm active,zoneN2Alarm
rm n2 alarm active,zoneN2Alarm
spc n2 alarm active,zoneN2Alarm
n2 zn hi alm,zoneN2Alarm
n2 rm hi alm,zoneN2Alarm
n2 spc hi alm,zoneN2Alarm
zn n2 high alm,zoneN2Alarm
rm n2 high alm,zoneN2Alarm
spc n2 high alm,zoneN2Alarm
zn n2 alm sts,zoneN2Alarm
rm n2 alm sts,zoneN2Alarm
spc n2 alm sts,zoneN2Alarm
n2 zn alarm snsr,zoneN2Alarm
n2 rm alarm snsr,zoneN2Alarm
n2 spc alarm snsr,zoneN2Alarm
zn n2 alarm state,zoneN2Alarm
rm n2 alarm state,zoneN2Alarm
spc n2 alarm state,zoneN2Alarm
n2 alarm latch,zoneN2Alarm
zn n2 alm latch,zoneN2Alarm
rm n2 alm latch,zoneN2Alarm
spc n2 alm latch,zoneN2Alarm
n2 critical alm,zoneN2Alarm
n2 danger alm,zoneN2Alarm
n2 zone alm,zoneN2Alarm
n2 zn alm,zoneN2Alarm
n2 rm alm,zoneN2Alarm
n2 spc alm,zoneN2Alarm
zn n2 emergency,zoneN2Alarm
zn lpg alm,zoneLPGAlarm
zn lpg alarm,zoneLPGAlarm
zone lpg alarm,zoneLPGAlarm
room lpg alarm,zoneLPGAlarm
space lpg alarm,zoneLPGAlarm
zn lpg alm,zoneLPGAlarm
zn lpg alarm,zoneLPGAlarm
zone lpg alarm,zoneLPGAlarm
rm lpg alm,zoneLPGAlarm
spc lpg alm,zoneLPGAlarm
lpg leak alarm,zoneLPGAlarm
lpg level alarm,zoneLPGAlarm
zn propane alarm,zoneLPGAlarm
zone lpg alert,zoneLPGAlarm
rm lpg alarm,zoneLPGAlarm
spc lpg alarm,zoneLPGAlarm
zn lpg alarm status,zoneLPGAlarm
room lpg alarm status,zoneLPGAlarm
space lpg alarm status,zoneLPGAlarm
zn lpg alm s,zoneLPGAlarm
rm lpg alm s,zoneLPGAlarm
spc lpg alm s,zoneLPGAlarm
lpg alm stat,zoneLPGAlarm
lpg zn alm,zoneLPGAlarm
lpg rm alm,zoneLPGAlarm
lpg spc alm,zoneLPGAlarm
zone lpg alm active,zoneLPGAlarm
zn lpg alarm active,zoneLPGAlarm
rm lpg alarm active,zoneLPGAlarm
spc lpg alarm active,zoneLPGAlarm
lpg zn hi alm,zoneLPGAlarm
lpg rm hi alm,zoneLPGAlarm
lpg spc hi alm,zoneLPGAlarm
zn lpg high alm,zoneLPGAlarm
rm lpg high alm,zoneLPGAlarm
spc lpg high alm,zoneLPGAlarm
zn lpg alm sts,zoneLPGAlarm
rm lpg alm sts,zoneLPGAlarm
spc lpg alm sts,zoneLPGAlarm
lpg zn alarm snsr,zoneLPGAlarm
lpg rm alarm snsr,zoneLPGAlarm
lpg spc alarm snsr,zoneLPGAlarm
zn lpg alarm state,zoneLPGAlarm
rm lpg alarm state,zoneLPGAlarm
spc lpg alarm state,zoneLPGAlarm
lpg alarm latch,zoneLPGAlarm
zn lpg alm latch,zoneLPGAlarm
rm lpg alm latch,zoneLPGAlarm
spc lpg alm latch,zoneLPGAlarm
lpg critical alm,zoneLPGAlarm
lpg danger alm,zoneLPGAlarm
lpg zone alm,zoneLPGAlarm
lpg zn alm,zoneLPGAlarm
lpg rm alm,zoneLPGAlarm
lpg spc alm,zoneLPGAlarm
zn lpg emergency,zoneLPGAlarm
zn light sp,zoneLightLevelSp
zone light level setpoint,zoneLightLevelSp
room light level setpoint,zoneLightLevelSp
space light level setpoint,zoneLightLevelSp
zn lux sp,zoneLightLevelSp
zone lux sp,zoneLightLevelSp
rm light sp,zoneLightLevelSp
spc light sp,zoneLightLevelSp
lux setpoint,zoneLightLevelSp
light target level,zoneLightLevelSp
zn light stpt,zoneLightLevelSp
zone illumination setpoint,zoneLightLevelSp
rm lux setpoint,zoneLightLevelSp
spc lux setpoint,zoneLightLevelSp
zn light setpoint status,zoneLightLevelSp
room light setpoint value,zoneLightLevelSp
space light setpoint limit,zoneLightLevelSp
zn lux s sp,zoneLightLevelSp
rm lux s sp,zoneLightLevelSp
spc lux s sp,zoneLightLevelSp
lighting val sp,zoneLightLevelSp
lux zn sp,zoneLightLevelSp
lux rm sp,zoneLightLevelSp
lux spc sp,zoneLightLevelSp
zone light sp val,zoneLightLevelSp
zn light sp value,zoneLightLevelSp
rm light sp value,zoneLightLevelSp
spc light sp value,zoneLightLevelSp
light zn lux sp,zoneLightLevelSp
light rm lux sp,zoneLightLevelSp
light spc lux sp,zoneLightLevelSp
zn illum sp,zoneLightLevelSp
rm illum sp,zoneLightLevelSp
spc illum sp,zoneLightLevelSp
zn lux target,zoneLightLevelSp
rm lux target,zoneLightLevelSp
spc lux target,zoneLightLevelSp
light zn sp sensor,zoneLightLevelSp
light rm sp sensor,zoneLightLevelSp
light spc sp sensor,zoneLightLevelSp
zn light sp data,zoneLightLevelSp
rm light sp data,zoneLightLevelSp
spc light sp data,zoneLightLevelSp
daylight harvest sp zone,zoneLightLevelSp
daylight harvest sp room,zoneLightLevelSp
daylight harvest sp space,zoneLightLevelSp
zn lux meas sp,zoneLightLevelSp
rm lux meas sp,zoneLightLevelSp
spc lux meas sp,zoneLightLevelSp
light room lux sp,zoneLightLevelSp
light space lux sp,zoneLightLevelSp
light zone lux sp,zoneLightLevelSp
lux zn sp sns,zoneLightLevelSp
lux rm sp sns,zoneLightLevelSp
lux spc sp sns,zoneLightLevelSp
zn lux sp realtime,zoneLightLevelSp
zn light min sp,zoneLightLevelMinSp
zone light level min setpoint,zoneLightLevelMinSp
room light level min setpoint,zoneLightLevelMinSp
space light level min setpoint,zoneLightLevelMinSp
zn lux min sp,zoneLightLevelMinSp
zone lux min sp,zoneLightLevelMinSp
rm light min sp,zoneLightLevelSp
spc light min sp,zoneLightLevelMinSp
lux min setpoint,zoneLightLevelMinSp
light min target,zoneLightLevelMinSp
zn light min stpt,zoneLightLevelMinSp
zone min illumination setpoint,zoneLightLevelMinSp
rm lux min setpoint,zoneLightLevelMinSp
spc lux min setpoint,zoneLightLevelMinSp
zn light min setpoint status,zoneLightLevelMinSp
room light min setpoint value,zoneLightLevelMinSp
space light min setpoint limit,zoneLightLevelMinSp
zn lux min s sp,zoneLightLevelMinSp
rm lux min s sp,zoneLightLevelMinSp
spc lux min s sp,zoneLightLevelMinSp
lighting min val sp,zoneLightLevelMinSp
lux zn min sp,zoneLightLevelMinSp
lux rm min sp,zoneLightLevelMinSp
lux spc min sp,zoneLightLevelMinSp
zone light min sp val,zoneLightLevelMinSp
zn light min sp value,zoneLightLevelMinSp
rm light min sp value,zoneLightLevelMinSp
spc light min sp value,zoneLightLevelMinSp
light zn lux min sp,zoneLightLevelMinSp
light rm lux min sp,zoneLightLevelMinSp
light spc lux min sp,zoneLightLevelMinSp
zn illum min sp,zoneLightLevelMinSp
rm illum min sp,zoneLightLevelMinSp
spc illum min sp,zoneLightLevelMinSp
zn lux min limit,zoneLightLevelMinSp
rm lux min limit,zoneLightLevelMinSp
spc lux min limit,zoneLightLevelMinSp
light zn min sp sensor,zoneLightLevelMinSp
light rm min sp sensor,zoneLightLevelMinSp
light spc min sp sensor,zoneLightLevelMinSp
zn light min sp data,zoneLightLevelMinSp
rm light min sp data,zoneLightLevelMinSp
spc light min sp data,zoneLightLevelMinSp
min illum zone,zoneLightLevelMinSp
min illum room,zoneLightLevelMinSp
min illum space,zoneLightLevelMinSp
zn lux min meas sp,zoneLightLevelMinSp
rm lux min meas sp,zoneLightLevelMinSp
spc lux min meas sp,zoneLightLevelMinSp
light room lux min sp,zoneLightLevelMinSp
light space lux min sp,zoneLightLevelMinSp
light zone lux min sp,zoneLightLevelMinSp
lux zn min sp sns,zoneLightLevelMinSp
lux rm min sp sns,zoneLightLevelMinSp
lux spc min sp sns,zoneLightLevelMinSp
zn lux min sp realtime,zoneLightLevelMinSp
zn light max sp,zoneLightLevelMaxSp
zone light level max setpoint,zoneLightLevelMaxSp
room light level max setpoint,zoneLightLevelMaxSp
space light level max setpoint,zoneLightLevelMaxSp
zn lux max sp,zoneLightLevelMaxSp
zone lux max sp,zoneLightLevelMaxSp
rm light max sp,zoneLightLevelMaxSp
spc light max sp,zoneLightLevelMaxSp
lux max setpoint,zoneLightLevelMaxSp
light max target,zoneLightLevelMaxSp
zn light max stpt,zoneLightLevelMaxSp
zone max illumination setpoint,zoneLightLevelMaxSp
rm lux max setpoint,zoneLightLevelMaxSp
spc lux max setpoint,zoneLightLevelMaxSp
zn light max setpoint status,zoneLightLevelMaxSp
room light max setpoint value,zoneLightLevelMaxSp
space light max setpoint limit,zoneLightLevelMaxSp
zn lux max s sp,zoneLightLevelMaxSp
rm lux max s sp,zoneLightLevelMaxSp
spc lux max s sp,zoneLightLevelMaxSp
lighting max val sp,zoneLightLevelMaxSp
lux zn max sp,zoneLightLevelMaxSp
lux rm max sp,zoneLightLevelMaxSp
lux spc max sp,zoneLightLevelMaxSp
zone light max sp val,zoneLightLevelMaxSp
zn light max sp value,zoneLightLevelMaxSp
rm light max sp value,zoneLightLevelMaxSp
spc light max sp value,zoneLightLevelMaxSp
light zn lux max sp,zoneLightLevelMaxSp
light rm lux max sp,zoneLightLevelMaxSp
light spc lux max sp,zoneLightLevelMaxSp
zn illum max sp,zoneLightLevelMaxSp
rm illum max sp,zoneLightLevelMaxSp
spc illum max sp,zoneLightLevelMaxSp
zn lux max limit,zoneLightLevelMaxSp
rm lux max limit,zoneLightLevelMaxSp
spc lux max limit,zoneLightLevelMaxSp
light zn max sp sensor,zoneLightLevelMaxSp
light rm max sp sensor,zoneLightLevelMaxSp
light spc max sp sensor,zoneLightLevelMaxSp
zn light max sp data,zoneLightLevelMaxSp
rm light max sp data,zoneLightLevelMaxSp
spc light max sp data,zoneLightLevelMaxSp
max illum zone,zoneLightLevelMaxSp
max illum room,zoneLightLevelMaxSp
max illum space,zoneLightLevelMaxSp
zn lux max meas sp,zoneLightLevelMaxSp
rm lux max meas sp,zoneLightLevelMaxSp
spc lux max meas sp,zoneLightLevelMaxSp
light room lux max sp,zoneLightLevelMaxSp
light space lux max sp,zoneLightLevelMaxSp
light zone lux max sp,zoneLightLevelSp
lux zn max sp sns,zoneLightLevelMaxSp
lux rm max sp sns,zoneLightLevelMaxSp
lux spc max sp sns,zoneLightLevelMaxSp
zn lux max sp realtime,zoneLightLevelMaxSp
zn light max sp,zoneLightLevelMaxSp
zone light level max setpoint,zoneLightLevelMaxSp
room light level max setpoint,zoneLightLevelMaxSp
space light level max setpoint,zoneLightLevelMaxSp
zn lux max sp,zoneLightLevelMaxSp
zone lux max sp,zoneLightLevelMaxSp
rm light max sp,zoneLightLevelMaxSp
spc light max sp,zoneLightLevelMaxSp
lux max setpoint,zoneLightLevelMaxSp
light max target,zoneLightLevelMaxSp
zn light max stpt,zoneLightLevelMaxSp
zone max illumination setpoint,zoneLightLevelMaxSp
rm lux max setpoint,zoneLightLevelMaxSp
spc lux max setpoint,zoneLightLevelMaxSp
zn light max setpoint status,zoneLightLevelMaxSp
room light max setpoint value,zoneLightLevelMaxSp
space light max setpoint limit,zoneLightLevelMaxSp
zn lux max s sp,zoneLightLevelMaxSp
rm lux max s sp,zoneLightLevelMaxSp
spc lux max s sp,zoneLightLevelMaxSp
lighting max val sp,zoneLightLevelMaxSp
lux zn max sp,zoneLightLevelMaxSp
lux rm max sp,zoneLightLevelMaxSp
lux spc max sp,zoneLightLevelMaxSp
zone light max sp val,zoneLightLevelMaxSp
zn light max sp value,zoneLightLevelMaxSp
rm light max sp value,zoneLightLevelMaxSp
spc light max sp value,zoneLightLevelMaxSp
light zn lux max sp,zoneLightLevelMaxSp
light rm lux max sp,zoneLightLevelMaxSp
light spc lux max sp,zoneLightLevelMaxSp
zn illum max sp,zoneLightLevelMaxSp
rm illum max sp,zoneLightLevelMaxSp
spc illum max sp,zoneLightLevelMaxSp
zn lux max limit,zoneLightLevelMaxSp
rm lux max limit,zoneLightLevelMaxSp
spc lux max limit,zoneLightLevelMaxSp
light zn max sp sensor,zoneLightLevelMaxSp
light rm max sp sensor,zoneLightLevelMaxSp
light spc max sp sensor,zoneLightLevelMaxSp
zn light max sp data,zoneLightLevelMaxSp
rm light max sp data,zoneLightLevelMaxSp
spc light max sp data,zoneLightLevelMaxSp
max illum zone,zoneLightLevelMaxSp
max illum room,zoneLightLevelMaxSp
max illum space,zoneLightLevelMaxSp
zn lux max meas sp,zoneLightLevelMaxSp
rm lux max meas sp,zoneLightLevelMaxSp
spc lux max meas sp,zoneLightLevelMaxSp
light room lux max sp,zoneLightLevelMaxSp
light space lux max sp,zoneLightLevelMaxSp
light zone lux max sp,zoneLightLevelSp
lux zn max sp sns,zoneLightLevelMaxSp
lux rm max sp sns,zoneLightLevelMaxSp
lux spc max sp sns,zoneLightLevelMaxSp
zn lux max sp realtime,zoneLightLevelMaxSp
zn hum min sp,zoneHumidityMinSp
zone humidity min setpoint,zoneHumidityMinSp
room humidity min setpoint,zoneHumidityMinSp
space humidity min setpoint,zoneHumidityMinSp
zn rh min sp,zoneHumidityMinSp
zone rh min sp,zoneHumidityMinSp
rm hum min sp,zoneHumidityMinSp
spc hum min sp,zoneHumidityMinSp
rh min setpoint,zoneHumidityMinSp
hum min target,zoneHumidityMinSp
zn hum min stpt,zoneHumidityMinSp
zone min rh setpoint,zoneHumidityMinSp
rm rh min setpoint,zoneHumidityMinSp
spc rh min setpoint,zoneHumidityMinSp
zn humidity min setpoint status,zoneHumidityMinSp
room hum min setpoint value,zoneHumidityMinSp
space hum min setpoint limit,zoneHumidityMinSp
zn rh min s sp,zoneHumidityMinSp
rm rh min s sp,zoneHumidityMinSp
spc rh min s sp,zoneHumidityMinSp
humidity min val sp,zoneHumidityMinSp
rh zn min sp,zoneHumidityMinSp
rh rm min sp,zoneHumidityMinSp
rh spc min sp,zoneHumidityMinSp
zone hum min sp val,zoneHumidityMinSp
zn hum min sp value,zoneHumidityMinSp
rm hum min sp value,zoneHumidityMinSp
spc hum min sp value,zoneHumidityMinSp
hum zn rh min sp,zoneHumidityMinSp
hum rm rh min sp,zoneHumidityMinSp
hum spc rh min sp,zoneHumidityMinSp
zn humid min sp,zoneHumidityMinSp
rm humid min sp,zoneHumidityMinSp
spc humid min sp,zoneHumidityMinSp
zn rh min limit,zoneHumidityMinSp
rm rh min limit,zoneHumidityMinSp
spc rh min limit,zoneHumidityMinSp
hum zn min sp sensor,zoneHumidityMinSp
hum rm min sp sensor,zoneHumidityMinSp
hum spc min sp sensor,zoneHumidityMinSp
zn hum min sp data,zoneHumidityMinSp
rm hum min sp data,zoneHumidityMinSp
spc hum min sp data,zoneHumidityMinSp
min rh zone,zoneHumidityMinSp
min rh room,zoneHumidityMinSp
min rh space,zoneHumidityMinSp
zn rh min meas sp,zoneHumidityMinSp
rm rh min meas sp,zoneHumidityMinSp
spc rh min meas sp,zoneHumidityMinSp
hum room rh min sp,zoneHumidityMinSp
hum space rh min sp,zoneHumidityMinSp
hum zone rh min sp,zoneHumidityMinSp
rh zn min sp sns,zoneHumidityMinSp
rh rm min sp sns,zoneHumidityMinSp
rh spc min sp sns,zoneHumidityMinSp
zn rh min sp realtime,zoneHumidityMinSp
zn hum max sp,zoneHumidityMaxSp
zone humidity max setpoint,zoneHumidityMaxSp
room humidity max setpoint,zoneHumidityMaxSp
space humidity max setpoint,zoneHumidityMaxSp
zn rh max sp,zoneHumidityMaxSp
zone rh max sp,zoneHumidityMaxSp
rm hum max sp,zoneHumidityMaxSp
spc hum max sp,zoneHumidityMaxSp
rh max setpoint,zoneHumidityMaxSp
hum max target,zoneHumidityMaxSp
zn hum max stpt,zoneHumidityMaxSp
zone max rh setpoint,zoneHumidityMaxSp
rm rh max setpoint,zoneHumidityMaxSp
spc rh max setpoint,zoneHumidityMaxSp
zn humidity max setpoint status,zoneHumidityMaxSp
room hum max setpoint value,zoneHumidityMaxSp
space hum max setpoint limit,zoneHumidityMaxSp
zn rh max s sp,zoneHumidityMaxSp
rm rh max s sp,zoneHumidityMaxSp
spc rh max s sp,zoneHumidityMaxSp
humidity max val sp,zoneHumidityMaxSp
rh zn max sp,zoneHumidityMaxSp
rh rm max sp,zoneHumidityMaxSp
rh spc max sp,zoneHumidityMaxSp
zone hum max sp val,zoneHumidityMaxSp
zn hum max sp value,zoneHumidityMaxSp
rm hum max sp value,zoneHumidityMaxSp
spc hum max sp value,zoneHumidityMaxSp
hum zn rh max sp,zoneHumidityMaxSp
hum rm rh max sp,zoneHumidityMaxSp
hum spc rh max sp,zoneHumidityMaxSp
zn humid max sp,zoneHumidityMaxSp
rm humid max sp,zoneHumidityMaxSp
spc humid max sp,zoneHumidityMaxSp
zn rh max limit,zoneHumidityMaxSp
rm rh max limit,zoneHumidityMaxSp
spc rh max limit,zoneHumidityMaxSp
hum zn max sp sensor,zoneHumidityMaxSp
hum rm max sp sensor,zoneHumidityMaxSp
hum spc max sp sensor,zoneHumidityMaxSp
zn hum max sp data,zoneHumidityMaxSp
rm hum max sp data,zoneHumidityMaxSp
spc hum max sp data,zoneHumidityMaxSp
max rh zone,zoneHumidityMaxSp
max rh room,zoneHumidityMaxSp
max rh space,zoneHumidityMaxSp
zn rh max meas sp,zoneHumidityMaxSp
rm rh max meas sp,zoneHumidityMaxSp
spc rh max meas sp,zoneHumidityMaxSp
hum room rh max sp,zoneHumidityMaxSp
hum space rh max sp,zoneHumidityMaxSp
hum zone rh max sp,zoneHumidityMaxSp
rh zn max sp sns,zoneHumidityMaxSp
rh rm max sp sns,zoneHumidityMaxSp
rh spc max sp sns,zoneHumidityMaxSp
zn rh max sp realtime,zoneHumidityMaxSp
zn hum hi alm,zoneHumidityHiAlarm
zone high humidity alarm,zoneHumidityHiAlarm
room humidity high alarm,zoneHumidityHiAlarm
space humidity hi alarm,zoneHumidityHiAlarm
zn rh hi alm,zoneHumidityHiAlarm
zone rh hi alarm,zoneHumidityHiAlarm
rm hum hi alm,zoneHumidityHiAlarm
spc hum hi alarm,zoneHumidityHiAlarm
rh high alarm,zoneHumidityHiAlarm
hum hi level alm,zoneHumidityHiAlarm
zn rh hi limit alm,zoneHumidityHiAlarm
zone humidity high alert,zoneHumidityHiAlarm
rm rh hi alarm,zoneHumidityHiAlarm
spc rh hi alarm,zoneHumidityHiAlarm
zn high humidity status,zoneHumidityHiAlarm
room humidity high limit,zoneHumidityHiAlarm
space humidity max alarm,zoneHumidityHiAlarm
zn rh hi s alm,zoneHumidityHiAlarm
rm rh hi s alm,zoneHumidityHiAlarm
spc rh hi s alm,zoneHumidityHiAlarm
humidity hi val alm,zoneHumidityHiAlarm
rh zn hi alm,zoneHumidityHiAlarm
rh rm hi alm,zoneHumidityHiAlarm
rh spc hi alm,zoneHumidityHiAlarm
zone hum hi alm act,zoneHumidityHiAlarm
zn hum hi alm value,zoneHumidityHiAlarm
rm hum hi alm value,zoneHumidityHiAlarm
spc hum hi alm value,zoneHumidityHiAlarm
hum zn rh hi alm,zoneHumidityHiAlarm
hum rm rh hi alm,zoneHumidityHiAlarm
hum spc rh hi alm,zoneHumidityHiAlarm
zn humid hi alm,zoneHumidityHiAlarm
rm humid hi alm,zoneHumidityHiAlarm
spc humid hi alarm,zoneHumidityHiAlarm
zn rh hi threshold,zoneHumidityHiAlarm
rm rh hi threshold,zoneHumidityHiAlarm
spc rh hi threshold,zoneHumidityHiAlarm
hum zn hi alm sensor,zoneHumidityHiAlarm
hum rm hi alm sensor,zoneHumidityHiAlarm
hum spc hi alm sensor,zoneHumidityHiAlarm
zn hum hi alm data,zoneHumidityHiAlarm
rm hum hi alm data,zoneHumidityHiAlarm
spc hum hi alm data,zoneHumidityHiAlarm
hi rh alarm zone,zoneHumidityHiAlarm
hi rh alarm room,zoneHumidityHiAlarm
hi rh alarm space,zoneHumidityHiAlarm
zn rh hi meas alm,zoneHumidityHiAlarm
rm rh hi meas alm,zoneHumidityHiAlarm
spc rh hi meas alm,zoneHumidityHiAlarm
hum room rh hi alm,zoneHumidityHiAlarm
hum space rh hi alm,zoneHumidityHiAlarm
hum zone rh hi alm,zoneHumidityHiAlarm
rh zn hi alm sns,zoneHumidityHiAlarm
rh rm hi alm sns,zoneHumidityHiAlarm
rh spc hi alm sns,zoneHumidityHiAlarm
zn rh hi alm realtime,zoneHumidityHiAlarm
byp fan status,bypassFanStatus
bypass fan st,bypassFanStatus
bp f st,bypassFanStatus
bypass fan status,bypassFanStatus
bypass fan status,bypassFanStatus
bypass fan status,bypassFanStatus
bypassfanstatus,bypassFanStatus
bypass fan status,bypassFanStatus
bypass fan status,bypassFanStatus
bypass fan status,bypassFanStatus
bypass fan status,bypassFanStatus
byp fan sts,bypassFanStatus
byp fan sts,bypassFanStatus
bypfansts,bypassFanStatus
byp fan sts,bypassFanStatus
byp fan sts,bypassFanStatus
bp fan status,bypassFanStatus
bp fan status,bypassFanStatus
bp fan sts,bypassFanStatus
bp fan sts,bypassFanStatus
bpfansts,bypassFanStatus
bp fan status,bypassFanStatus
bp fan status,bypassFanStatus
bypass fn st,bypassFanStatus
bypass fn sts,bypassFanStatus
bypass fn sts,bypassFanStatus
byp f status,bypassFanStatus
byp f status,bypassFanStatus
bypfstatus,bypassFanStatus
byp f status,bypassFanStatus
byp f status,bypassFanStatus
bypass fan state,bypassFanStatus
bypass fan state,bypassFanStatus
bypass fan state,bypassFanStatus
byp fan st,bypassFanStatus
byp fan st,bypassFanStatus
bypfanst,bypassFanStatus
byp fan st,bypassFanStatus
byp fan st,bypassFanStatus
bp f sts,bypassFanStatus
bp f sts,bypassFanStatus
bpfsts,bypassFanStatus
bp f sts,bypassFanStatus
bp f sts,bypassFanStatus
fan bypass status,bypassFanStatus
fan bypass status,bypassFanStatus
fan bypass status,bypassFanStatus
fan bypass status,bypassFanStatus
fan bypass status,bypassFanStatus
fan byp sts,bypassFanStatus
fan byp sts,bypassFanStatus
fan byp sts,bypassFanStatus
fanbypsts,bypassFanStatus
fan byp sts,bypassFanStatus
byp fan run,bypassFanStatus
bypass fan run,bypassFanStatus
bypass fan on,bypassFanStatus
bypass fan on,bypassFanStatus
byp fan running,bypassFanStatus
byp static,bypassPressure
bypass fan static,bypassPressure
byp f press,bypassPressure
bp fan pressure,bypassPressure
bypf press,bypassPressure
bypass fan static,bypassPressure
bypass fan static,bypassPressure
bypassfanstatic,bypassPressure
bypass fan static,bypassPressure
bypass fan static,bypassPressure
bypass fan static,bypassPressure
bypass fan static,bypassPressure
byp fan static,bypassPressure
byp fan static,bypassPressure
bypfanstatic,bypassPressure
byp fan static,bypassPressure
byp fan static,bypassPressure
bp fan static,bypassPressure
bp fan static,bypassPressure
bpfanstatic,bypassPressure
bp fan static,bypassPressure
bp fan static,bypassPressure
byp static press,bypassPressure
byp static press,bypassPressure
byp static press,bypassPressure
bypass fan press,bypassPressure
bypass fan press,bypassPressure
bypass fan press,bypassPressure
bypass fan pressure,bypassPressure
bypass fan pressure,bypassPressure
bypass fan pressure,bypassPressure
byp fan pressure,bypassPressure
byp fan pressure,bypassPressure
byp fan pressure,bypassPressure
bypfanpress,bypassPressure
byp fan press,bypassPressure
bp f static,bypassPressure
bp f static,bypassPressure
bp f static,bypassPressure
bpfstatic,bypassPressure
bp f static,bypassPressure
byp f stat,bypassPressure
byp f stat,bypassPressure
byp f stat,bypassPressure
bypfstat,bypassPressure
byp f stat,bypassPressure
bypass static,bypassPressure
bypass static,bypassPressure
bypass static,bypassPressure
bypass static,bypassPressure
byp fan sp,bypassPressure
byp fan sp,bypassPressure
byp fan sp,bypassPressure
bypfansp,bypassPressure
byp fan sp,bypassPressure
bp static press,bypassPressure
bp static press,bypassPressure
bp static press,bypassPressure
bpstaticpress,bypassPressure
bp static press,bypassPressure
byp fn static,bypassPressure
byp fn static,bypassPressure
byp fn static,bypassPressure
bypfnstatic,bypassPressure
byp fn static,bypassPressure
bypass static pressure,bypassPressure
bypass static pressure,bypassPressure
bypass static pressure,bypassPressure
byp stat press,bypassPressure
byp stat press,bypassPressure
byp stat press,bypassPressure
bp fan press,bypassPressure
bp fan press,bypassPressure
bp fan press,bypassPressure
bpfanpress,bypassPressure
bp fan press,bypassPressure
byp dmpr,bypassDamper
bypass damper,bypassDamper
byp dmr,bypassDamper
bypassdamper,bypassDamper
byp dmpr,bypassDamper
bypass damper,bypassDamper
bypass damper,bypassDamper
bypass damper,bypassDamper
bypass damper,bypassDamper
bypass damper,bypassDamper
bypass damper,bypassDamper
byp damper,bypassDamper
byp damper,bypassDamper
bypdamper,bypassDamper
byp damper,bypassDamper
byp damper,bypassDamper
bp damper,bypassDamper
bp damper,bypassDamper
bpdamper,bypassDamper
bp damper,bypassDamper
bp damper,bypassDamper
byp dmpr,bypassDamper
byp dmpr,bypassDamper
bypdmpr,bypassDamper
byp dmpr,bypassDamper
bp dmpr,bypassDamper
bp dmpr,bypassDamper
bpdmpr,bypassDamper
bp dmpr,bypassDamper
bp dmpr,bypassDamper
bypass dmpr,bypassDamper
bypass dmpr,bypassDamper
bypass dmpr,bypassDamper
bypass dmpr,bypassDamper
byp dmp,bypassDamper
byp dmp,bypassDamper
bypdmp,bypassDamper
byp dmp,bypassDamper
byp dmp,bypassDamper
bp dmp,bypassDamper
bp dmp,bypassDamper
bpdmp,bypassDamper
bp dmp,bypassDamper
bp dmp,bypassDamper
bypass dmp,bypassDamper
bypass dmp,bypassDamper
bypass dmp,bypassDamper
bypass dmp,bypassDamper
byp d,bypassDamper
byp d,bypassDamper
bypd,bypassDamper
byp d,bypassDamper
byp d,bypassDamper
damper bypass,bypassDamper
damper bypass,bypassDamper
damper bypass,bypassDamper
damper bypass,bypassDamper
damper bypass,bypassDamper
dmpr byp,bypassDamper
dmpr byp,bypassDamper
dmpr byp,bypassDamper
dmpr byp,bypassDamper
byp dmpr pos,bypassDamper
byp dmpr pos,bypassDamper
byp dmpr pos,bypassDamper
bypass damper pos,bypassDamper
bypass damper pos,bypassDamper
bypass damper pos,bypassDamper
bp dmpr cmd,bypassDamper
bp dmpr cmd,bypassDamper
bp dmpr cmd,bypassDamper
bypassdmpr,bypassDamper
bypass dmpr cmd,bypassDamper
byp damper cmd,bypassDamper
byp damper cmd,bypassDamper
byp damper cmd,bypassDamper
rht pos,reHeatingValveFb
reheat position,reHeatingValveFb
rh v feedback,reHeatingValveFb
rh pos,reHeatingValveFb
reheat fb,reHeatingValveFb
re heating valve fb,reHeatingValveFb
re heating valve fb,reHeatingValveFb
reheatingvalvefb,reHeatingValveFb
re heating valve fb,reHeatingValveFb
reheat valve feedback,reHeatingValveFb
reheat valve feedback,reHeatingValveFb
reheat valve feedback,reHeatingValveFb
rht vlv fb,reHeatingValveFb
rht vlv fb,reHeatingValveFb
rhtvlvfb,reHeatingValveFb
rht vlv fb,reHeatingValveFb
rht vlv fb,reHeatingValveFb
rh vlv fb,reHeatingValveFb
rh vlv fb,reHeatingValveFb
rhvlvfb,reHeatingValveFb
rh vlv fb,reHeatingValveFb
rh vlv fb,reHeatingValveFb
reheat vlv fb,reHeatingValveFb
reheat vlv fb,reHeatingValveFb
reheat vlv fb,reHeatingValveFb
reheat vlv fb,reHeatingValveFb
rht valve fb,reHeatingValveFb
rht valve fb,reHeatingValveFb
rht valve fb,reHeatingValveFb
rht valve fb,reHeatingValveFb
rh valve feedback,reHeatingValveFb
rh valve feedback,reHeatingValveFb
rh valve feedback,reHeatingValveFb
rh valve feedback,reHeatingValveFb
reheat valve pos,reHeatingValveFb
reheat valve pos,reHeatingValveFb
reheat valve pos,reHeatingValveFb
reheat valve pos,reHeatingValveFb
rht vlv pos,reHeatingValveFb
rht vlv pos,reHeatingValveFb
rht vlv pos,reHeatingValveFb
rht vlv pos,reHeatingValveFb
rh vlv pos,reHeatingValveFb
rh vlv pos,reHeatingValveFb
rh vlv pos,reHeatingValveFb
rh vlv pos,reHeatingValveFb
reheat pos,reHeatingValveFb
reheat pos,reHeatingValveFb
reheat pos,reHeatingValveFb
reheat pos,reHeatingValveFb
rht pos,reHeatingValveFb
rhtpos,reHeatingValveFb
rht pos,reHeatingValveFb
rht pos,reHeatingValveFb
rh pos,reHeatingValveFb
rhpos,reHeatingValveFb
rh pos,reHeatingValveFb
reheat fb,reHeatingValveFb
reheat fb,reHeatingValveFb
reheat fb,reHeatingValveFb
rht fb,reHeatingValveFb
rht fb,reHeatingValveFb
rhtfb,reHeatingValveFb
rht fb,reHeatingValveFb
rht fb,reHeatingValveFb
rh fb,reHeatingValveFb
rh fb,reHeatingValveFb
rhfb,reHeatingValveFb
rh fb,reHeatingValveFb
rh fb,reHeatingValveFb
reheat valve position,reHeatingValveFb
reheat valve position,reHeatingValveFb
reheat valve position,reHeatingValveFb
reheat valve position,reHeatingValveFb
rht v fb,reHeatingValveFb
rht v fb,reHeatingValveFb
rht v fb,reHeatingValveFb
rht v fb,reHeatingValveFb
htg dmd,zoneHeatingDemand
heating demand,zoneHeatingDemand
heating dem,zoneHeatingDemand
htg req,zoneHeatingDemand
heating request,zoneHeatingDemand
zone heating demand,zoneHeatingDemand
zone heating demand,zoneHeatingDemand
zoneheatingdemand,zoneHeatingDemand
zone heating demand,zoneHeatingDemand
zone heating demand,zoneHeatingDemand
zone heating demand,zoneHeatingDemand
zone heating demand,zoneHeatingDemand
zn htg dmd,zoneHeatingDemand
zn htg dmd,zoneHeatingDemand
znhtgdmd,zoneHeatingDemand
zn htg dmd,zoneHeatingDemand
zn htg dmd,zoneHeatingDemand
zone htg dmd,zoneHeatingDemand
zone htg dmd,zoneHeatingDemand
zone htg dmd,zoneHeatingDemand
zone htg dmd,zoneHeatingDemand
htg dmd,zoneHeatingDemand
htg dmd,zoneHeatingDemand
htgdmd,zoneHeatingDemand
htg dmd,zoneHeatingDemand
htg dmd,zoneHeatingDemand
heating demand,zoneHeatingDemand
heating demand,zoneHeatingDemand
heating demand,zoneHeatingDemand
heating demand,zoneHeatingDemand
zn heat dmd,zoneHeatingDemand
zn heat dmd,zoneHeatingDemand
zn heat dmd,zoneHeatingDemand
zn heat dmd,zoneHeatingDemand
zone heat demand,zoneHeatingDemand
zone heat demand,zoneHeatingDemand
zone heat demand,zoneHeatingDemand
zone heat demand,zoneHeatingDemand
htg request,zoneHeatingDemand
htg request,zoneHeatingDemand
htgrequest,zoneHeatingDemand
htg request,zoneHeatingDemand
htg request,zoneHeatingDemand
heating req,zoneHeatingDemand
heating req,zoneHeatingDemand
heating req,zoneHeatingDemand
heating req,zoneHeatingDemand
zn htg req,zoneHeatingDemand
zn htg req,zoneHeatingDemand
zn htg req,zoneHeatingDemand
zn htg req,zoneHeatingDemand
zone heating request,zoneHeatingDemand
zone heating request,zoneHeatingDemand
zone heating request,zoneHeatingDemand
zone heating request,zoneHeatingDemand
ht dmd,zoneHeatingDemand
ht dmd,zoneHeatingDemand
htdmd,zoneHeatingDemand
ht dmd,zoneHeatingDemand
ht dmd,zoneHeatingDemand
zn ht dmd,zoneHeatingDemand
zn ht dmd,zoneHeatingDemand
zn ht dmd,zoneHeatingDemand
zn ht dmd,zoneHeatingDemand
heat dem,zoneHeatingDemand
heat dem,zoneHeatingDemand
heat dem,zoneHeatingDemand
heat dem,zoneHeatingDemand
htg dem,zoneHeatingDemand
htg dem,zoneHeatingDemand
htg dem,zoneHeatingDemand
htg dem,zoneHeatingDemand
zn htg demand,zoneHeatingDemand
zn htg demand,zoneHeatingDemand
zn htg demand,zoneHeatingDemand
zn htg demand,zoneHeatingDemand
dcv request,zoneDCVReqCount
dcv req,zoneDCVReqCount
dcv eval,zoneDCVReqCount
zone dcv req count,zoneDCVReqCount
zone dcv req count,zoneDCVReqCount
zonedcvreqcount,zoneDCVReqCount
zone dcv req count,zoneDCVReqCount
zone dcv req count,zoneDCVReqCount
zone dcv req count,zoneDCVReqCount
zone dcv req count,zoneDCVReqCount
zn dcv req cnt,zoneDCVReqCount
zn dcv req cnt,zoneDCVReqCount
zndcvreqcnt,zoneDCVReqCount
zn dcv req cnt,zoneDCVReqCount
zn dcv req cnt,zoneDCVReqCount
dcv req count,zoneDCVReqCount
dcv req count,zoneDCVReqCount
dcvreqcount,zoneDCVReqCount
dcv req count,zoneDCVReqCount
dcv req count,zoneDCVReqCount
dcv request count,zoneDCVReqCount
dcv request count,zoneDCVReqCount
dcv request count,zoneDCVReqCount
dcv request count,zoneDCVReqCount
zn dcv request,zoneDCVReqCount
zn dcv request,zoneDCVReqCount
zn dcv request,zoneDCVReqCount
zn dcv request,zoneDCVReqCount
zone dcv req,zoneDCVReqCount
zone dcv req,zoneDCVReqCount
zone dcv req,zoneDCVReqCount
zone dcv req,zoneDCVReqCount
dcv cnt,zoneDCVReqCount
dcv cnt,zoneDCVReqCount
dcvcnt,zoneDCVReqCount
dcv cnt,zoneDCVReqCount
dcv cnt,zoneDCVReqCount
dcv count,zoneDCVReqCount
dcv count,zoneDCVReqCount
dcvcount,zoneDCVReqCount
dcv count,zoneDCVReqCount
dcv count,zoneDCVReqCount
zn dcv cnt,zoneDCVReqCount
zn dcv cnt,zoneDCVReqCount
zn dcv cnt,zoneDCVReqCount
zn dcv cnt,zoneDCVReqCount
dcv requests,zoneDCVReqCount
dcv requests,zoneDCVReqCount
dcv requests,zoneDCVReqCount
dcv requests,zoneDCVReqCount
dcv eval,zoneDCVReqCount
dcv eval,zoneDCVReqCount
dcv eval,zoneDCVReqCount
zone dcv count,zoneDCVReqCount
zone dcv count,zoneDCVReqCount
zone dcv count,zoneDCVReqCount
zone dcv count,zoneDCVReqCount
dcv req num,zoneDCVReqCount
dcv req num,zoneDCVReqCount
dcv req num,zoneDCVReqCount
dcv req num,zoneDCVReqCount
zn dcv eval,zoneDCVReqCount
zn dcv eval,zoneDCVReqCount
zn dcv eval,zoneDCVReqCount
zn dcv eval,zoneDCVReqCount
dcvreq,zoneDCVReqCount
dcv req,zoneDCVReqCount
dcv req,zoneDCVReqCount
dcv rqst cnt,zoneDCVReqCount
dcv rqst cnt,zoneDCVReqCount
dcv rqst cnt,zoneDCVReqCount
dcv rqst cnt,zoneDCVReqCount
zone dcv requests,zoneDCVReqCount
zone dcv requests,zoneDCVReqCount
zone dcv requests,zoneDCVReqCount
zone dcv requests,zoneDCVReqCount
clg dmd,zoneCoolingDemand
cooling demand,zoneCoolingDemand
cooling dem,zoneCoolingDemand
clg req,zoneCoolingDemand
cooling request,zoneCoolingDemand
zone cooling demand,zoneCoolingDemand
zone cooling demand,zoneCoolingDemand
zonecoolingdemand,zoneCoolingDemand
zone cooling demand,zoneCoolingDemand
zone cooling demand,zoneCoolingDemand
zone cooling demand,zoneCoolingDemand
zone cooling demand,zoneCoolingDemand
zn clg dmd,zoneCoolingDemand
zn clg dmd,zoneCoolingDemand
znclgdmd,zoneCoolingDemand
zn clg dmd,zoneCoolingDemand
zn clg dmd,zoneCoolingDemand
zone clg dmd,zoneCoolingDemand
zone clg dmd,zoneCoolingDemand
zone clg dmd,zoneCoolingDemand
zone clg dmd,zoneCoolingDemand
clg dmd,zoneCoolingDemand
clg dmd,zoneCoolingDemand
clgdmd,zoneCoolingDemand
clg dmd,zoneCoolingDemand
clg dmd,zoneCoolingDemand
cooling demand,zoneCoolingDemand
cooling demand,zoneCoolingDemand
cooling demand,zoneCoolingDemand
cooling demand,zoneCoolingDemand
zn cool dmd,zoneCoolingDemand
zn cool dmd,zoneCoolingDemand
zn cool dmd,zoneCoolingDemand
zn cool dmd,zoneCoolingDemand
zone cool demand,zoneCoolingDemand
zone cool demand,zoneCoolingDemand
zone cool demand,zoneCoolingDemand
zone cool demand,zoneCoolingDemand
clg request,zoneCoolingDemand
clg request,zoneCoolingDemand
clgrequest,zoneCoolingDemand
clg request,zoneCoolingDemand
clg request,zoneCoolingDemand
cooling req,zoneCoolingDemand
cooling req,zoneCoolingDemand
cooling req,zoneCoolingDemand
cooling req,zoneCoolingDemand
zn clg req,zoneCoolingDemand
zn clg req,zoneCoolingDemand
zn clg req,zoneCoolingDemand
zn clg req,zoneCoolingDemand
zone cooling request,zoneCoolingDemand
zone cooling request,zoneCoolingDemand
zone cooling request,zoneCoolingDemand
zone cooling request,zoneCoolingDemand
cl dmd,zoneCoolingDemand
cl dmd,zoneCoolingDemand
cldmd,zoneCoolingDemand
cl dmd,zoneCoolingDemand
cl dmd,zoneCoolingDemand
zn cl dmd,zoneCoolingDemand
zn cl dmd,zoneCoolingDemand
zn cl dmd,zoneCoolingDemand
zn cl dmd,zoneCoolingDemand
cool dem,zoneCoolingDemand
cool dem,zoneCoolingDemand
cool dem,zoneCoolingDemand
cool dem,zoneCoolingDemand
clg dem,zoneCoolingDemand
clg dem,zoneCoolingDemand
clg dem,zoneCoolingDemand
clg dem,zoneCoolingDemand
zn clg demand,zoneCoolingDemand
zn clg demand,zoneCoolingDemand
zn clg demand,zoneCoolingDemand
zn clg demand,zoneCoolingDemand
clg req,zoneCoolingReq
cooling req,zoneCoolingReq
clg req,zoneCoolingReq
cooling request,zoneCoolingReq
zone cooling req,zoneCoolingReq
zone cooling req,zoneCoolingReq
zonecoolingreq,zoneCoolingReq
zone cooling req,zoneCoolingReq
zone cooling req,zoneCoolingReq
zone cooling req,zoneCoolingReq
zone cooling req,zoneCoolingReq
zn clg req,zoneCoolingReq
zn clg req,zoneCoolingReq
znclgreq,zoneCoolingReq
zn clg req,zoneCoolingReq
zn clg req,zoneCoolingReq
zone clg req,zoneCoolingReq
zone clg req,zoneCoolingReq
zone clg req,zoneCoolingReq
zone clg req,zoneCoolingReq
clg req,zoneCoolingReq
clgreq,zoneCoolingReq
clg req,zoneCoolingReq
clg req,zoneCoolingReq
cooling req,zoneCoolingReq
cooling req,zoneCoolingReq
cooling req,zoneCoolingReq
cooling req,zoneCoolingReq
zn cool req,zoneCoolingReq
zn cool req,zoneCoolingReq
zn cool req,zoneCoolingReq
zn cool req,zoneCoolingReq
zone cool req,zoneCoolingReq
zone cool req,zoneCoolingReq
zone cool req,zoneCoolingReq
zone cool req,zoneCoolingReq
clg request,zoneCoolingReq
clg request,zoneCoolingReq
clgrequest,zoneCoolingReq
clg request,zoneCoolingReq
clg request,zoneCoolingReq
cooling request,zoneCoolingReq
cooling request,zoneCoolingReq
cooling request,zoneCoolingReq
cooling request,zoneCoolingReq
zn clg request,zoneCoolingReq
zn clg request,zoneCoolingReq
zn clg request,zoneCoolingReq
zn clg request,zoneCoolingReq
zone cooling request,zoneCoolingReq
zone cooling request,zoneCoolingReq
zone cooling request,zoneCoolingReq
zone cooling request,zoneCoolingReq
cl req,zoneCoolingReq
cl req,zoneCoolingReq
clreq,zoneCoolingReq
cl req,zoneCoolingReq
cl req,zoneCoolingReq
zn cl req,zoneCoolingReq
zn cl req,zoneCoolingReq
zn cl req,zoneCoolingReq
zn cl req,zoneCoolingReq
cool req,zoneCoolingReq
cool req,zoneCoolingReq
cool req,zoneCoolingReq
cool req,zoneCoolingReq
clg rqst,zoneCoolingReq
clg rqst,zoneCoolingReq
clg rqst,zoneCoolingReq
clg rqst,zoneCoolingReq
zn clg rqst,zoneCoolingReq
zn clg rqst,zoneCoolingReq
zn clg rqst,zoneCoolingReq
zn clg rqst,zoneCoolingReq
cooling rqst,zoneCoolingReq
cooling rqst,zoneCoolingReq
cooling rqst,zoneCoolingReq
cooling rqst,zoneCoolingReq
htg req,zoneHeatingReq
heating req,zoneHeatingReq
htg req,zoneHeatingReq
heating request,zoneHeatingReq
zone heating req,zoneHeatingReq
zone heating req,zoneHeatingReq
zoneheatingreq,zoneHeatingReq
zone heating req,zoneHeatingReq
zone heating req,zoneHeatingReq
zone heating req,zoneHeatingReq
zone heating req,zoneHeatingReq
zn htg req,zoneHeatingReq
zn htg req,zoneHeatingReq
znhtgreq,zoneHeatingReq
zn htg req,zoneHeatingReq
zn htg req,zoneHeatingReq
zone htg req,zoneHeatingReq
zone htg req,zoneHeatingReq
zone htg req,zoneHeatingReq
zone htg req,zoneHeatingReq
htg req,zoneHeatingReq
htgreq,zoneHeatingReq
htg req,zoneHeatingReq
htg req,zoneHeatingReq
heating req,zoneHeatingReq
heating req,zoneHeatingReq
heating req,zoneHeatingReq
heating req,zoneHeatingReq
zn heat req,zoneHeatingReq
zn heat req,zoneHeatingReq
zn heat req,zoneHeatingReq
zn heat req,zoneHeatingReq
zone heat req,zoneHeatingReq
zone heat req,zoneHeatingReq
zone heat req,zoneHeatingReq
zone heat req,zoneHeatingReq
htg request,zoneHeatingReq
htg request,zoneHeatingReq
htgrequest,zoneHeatingReq
htg request,zoneHeatingReq
htg request,zoneHeatingReq
heating request,zoneHeatingReq
heating request,zoneHeatingReq
heating request,zoneHeatingReq
heating request,zoneHeatingReq
zn htg request,zoneHeatingReq
zn htg request,zoneHeatingReq
zn htg request,zoneHeatingReq
zn htg request,zoneHeatingReq
zone heating request,zoneHeatingReq
zone heating request,zoneHeatingReq
zone heating request,zoneHeatingReq
zone heating request,zoneHeatingReq
ht req,zoneHeatingReq
ht req,zoneHeatingReq
htreq,zoneHeatingReq
ht req,zoneHeatingReq
ht req,zoneHeatingReq
zn ht req,zoneHeatingReq
zn ht req,zoneHeatingReq
zn ht req,zoneHeatingReq
zn ht req,zoneHeatingReq
heat req,zoneHeatingReq
heat req,zoneHeatingReq
heat req,zoneHeatingReq
heat req,zoneHeatingReq
htg rqst,zoneHeatingReq
htg rqst,zoneHeatingReq
htg rqst,zoneHeatingReq
htg rqst,zoneHeatingReq
zn htg rqst,zoneHeatingReq
zn htg rqst,zoneHeatingReq
zn htg rqst,zoneHeatingReq
zn htg rqst,zoneHeatingReq
heating rqst,zoneHeatingReq
heating rqst,zoneHeatingReq
heating rqst,zoneHeatingReq
heating rqst,zoneHeatingReq
morning warm up,morningWarmUp
morning warm up,morningWarmUp
morning warm up,morningWarmUp
morningwarmup,morningWarmUp
morning warm up,morningWarmUp
morning warm up,morningWarmUp
morning warm up,morningWarmUp
morn warm up,morningWarmUp
morn warm up,morningWarmUp
morn warm up,morningWarmUp
morn warm up,morningWarmUp
mrn wrm up,morningWarmUp
mrn wrm up,morningWarmUp
mrnwrmup,morningWarmUp
mrn wrm up,morningWarmUp
mrn wrm up,morningWarmUp
am warm up,morningWarmUp
am warm up,morningWarmUp
amwarmup,morningWarmUp
am warm up,morningWarmUp
am warm up,morningWarmUp
morn wu,morningWarmUp
morn wu,morningWarmUp
mornwu,morningWarmUp
morn wu,morningWarmUp
morn wu,morningWarmUp
mrn wu,morningWarmUp
mrn wu,morningWarmUp
mrnwu,morningWarmUp
mrn wu,morningWarmUp
mrn wu,morningWarmUp
am wu,morningWarmUp
am wu,morningWarmUp
amwu,morningWarmUp
am wu,morningWarmUp
am wu,morningWarmUp
morning warmup,morningWarmUp
morning warmup,morningWarmUp
morning warmup,morningWarmUp
morning warmup,morningWarmUp
morn warmup,morningWarmUp
morn warmup,morningWarmUp
morn warmup,morningWarmUp
morn warmup,morningWarmUp
mw up,morningWarmUp
mw up,morningWarmUp
mwup,morningWarmUp
mw up,morningWarmUp
mw up,morningWarmUp
warm up am,morningWarmUp
warm up am,morningWarmUp
warm up am,morningWarmUp
warm up am,morningWarmUp
warmup morn,morningWarmUp
warmup morn,morningWarmUp
warmup morn,morningWarmUp
warmup morn,morningWarmUp
am warmup mode,morningWarmUp
am warmup mode,morningWarmUp
am warmup mode,morningWarmUp
am warmup mode,morningWarmUp
morn warm up mode,morningWarmUp
morn warm up mode,morningWarmUp
morn warm up mode,morningWarmUp
morn warm up mode,morningWarmUp
early warmup,morningWarmUp
early warmup,morningWarmUp
early warmup,morningWarmUp
early warmup,morningWarmUp
pre occ warmup,morningWarmUp
pre occ warmup,morningWarmUp
pre occ warmup,morningWarmUp
pre occ warmup,morningWarmUp
preocc wu,morningWarmUp
preocc wu,morningWarmUp
preocc wu,morningWarmUp
preocc wu,morningWarmUp
