text,old_resolution,new_resolution,changed,n_labels,rows_at_stake,old_score,new_score,n_sites_old,n_sites_new,synth_gen_old,synth_gen_new,per_site_rows,val_gold,test_gold,decision
heat cool,heatingEnable,hvacMode,True,2,1847,1343.0,20.0,1,2,0/0,0/0,"{'heatingEnable': {'N4-Integ02': 1343}, 'hvacMode': {'N4-Integ02': 113, 'N4-Integ03': 391}}",,,
rhc vlv cmd,heatingValve,reHeatingValve,True,2,1612,1207.0,31.019,3,4,0/0,0/0,"{'reHeatingValve': {'N4-Integ01': 13, 'N4-Integ02': 239, 'N4-Integ03': 62, 'N4-Integ04': 91}, 'heatingValve': {'N4-Integ02': 495, 'N4-Integ03': 707, 'N4-Integ04': 5}}",heatingValve,N4-Integ06:reHeatingValve,
nci max flow,dischargeFlowMaxSp,dischargeFlowCoolMaxSp,True,2,1561,1316.0,15.292,1,2,0/0,0/0,"{'dischargeFlowCoolMaxSp': {'N4-Integ01': 217, 'N4-Integ03': 28}, 'dischargeFlowMaxSp': {'N4-Integ01': 1316}}",dischargeFlowCoolMaxSp,,
htg spt,zoneHeatSp,DROPPED (tie),True,3,1499,1028.0,,1,,0/0,,"{'heatingEnableSp': {}, 'zoneHeatSp': {'N4-Integ02': 1028}, 'occupiedHeatSp': {'N4-Integ03': 471}}",,,
clg spt,zoneCoolSp,DROPPED (tie),True,2,1499,1028.0,,1,,0/0,,"{'zoneCoolSp': {'N4-Integ02': 1028}, 'occupiedCoolSp': {'N4-Integ03': 471}}",,,
return temp,zoneTemp,returnTemp,True,4,1115,1008.0,23.354,1,2,0/0,10/0,"{'returnTemp': {'N4-Integ02': 28, 'N4-Integ03': 65}, 'evapEnteringTemp': {'N4-Integ01': 2}, 'secEnteringTemp': {'N4-Integ02': 12}, 'zoneTemp': {'N4-Integ03': 1008}}",,,
zn t sp clg,zoneCoolSp,occupiedCoolSp,True,2,679,429.0,19.487,1,2,0/0,0/0,"{'occupiedCoolSp': {'N4-Integ01': 90, 'N4-Integ02': 160}, 'zoneCoolSp': {'N4-Integ04': 429}}",,,
zn t sp htg,zoneHeatSp,occupiedHeatSp,True,2,679,429.0,19.487,1,2,0/0,0/0,"{'occupiedHeatSp': {'N4-Integ01': 90, 'N4-Integ02': 160}, 'zoneHeatSp': {'N4-Integ04': 429}}",,,
rhc v,reHeatingValve,DROPPED (tie),True,2,668,414.0,,1,,0/0,,"{'heatingValve': {'N4-Integ03': 254}, 'reHeatingValve': {'N4-Integ04': 414}}",,,
d,dischargeDamper,damper,True,3,591,414.0,14.243,1,2,0/0,0/0,"{'damper': {'N4-Integ01': 18, 'N4-Integ02': 158}, 'outsideDamper': {'N4-Integ01': 1}, 'dischargeDamper': {'N4-Integ04': 414}}",,,
da f ll htg,dischargeFlowHeatMinSp,DROPPED (tie),True,2,558,400.0,,1,,0/0,,"{'dischargeFlowHeatSp': {'N4-Integ02': 158}, 'dischargeFlowHeatMinSp': {'N4-Integ04': 400}}",,,
vlv cmd,dischargeDamper,DROPPED (tie),True,5,384,198.0,,1,,0/0,,"{'mixingValve': {'N4-Integ03': 2}, 'waterValve': {'N4-Integ03': 12}, 'coolingValve': {'N4-Integ04': 9}, 'dischargeDamper': {'N4-Integ04': 198}, 'heatingValve': {'N4-Integ04': 163}}",,,
da f hl,dischargeFlowMaxSp,dischargeFlowCoolMaxSp,True,3,251,160.0,11.456,1,2,0/0,0/0,"{'dischargeFlowCoolMaxSp': {'N4-Integ01': 85, 'N4-Integ04': 5}, 'dischargeFlowMaxSp': {'N4-Integ02': 160}, 'dischargeFlowHeatMaxSp': {'N4-Integ04': 1}}",,,
da f ll,dischargeFlowMinSp,dischargeFlowCoolMinSp,True,2,251,160.0,11.669,1,2,0/0,0/0,"{'dischargeFlowCoolMinSp': {'N4-Integ01': 85, 'N4-Integ04': 6}, 'dischargeFlowMinSp': {'N4-Integ02': 160}}",,,
bldg st prs,buildingPressureSp,buildingPressure,True,2,132,88.0,11.665,1,4,0/0,0/0,"{'buildingPressure': {'N4-Integ01': 1, 'N4-Integ02': 18, 'N4-Integ03': 22, 'N4-Integ04': 3}, 'buildingPressureSp': {'N4-Integ02': 88}}",buildingPressure,,
max inlet air flw sp,dischargeFlowMinSp,dischargeFlowMaxSp,True,2,130,69.0,9.719,1,2,0/0,0/0,"{'dischargeFlowMaxSp': {'N4-Integ01': 5, 'N4-Integ04': 56}, 'dischargeFlowMinSp': {'N4-Integ04': 69}}",,,
hw vlv pos,heatingValveFb,heatingValve,True,3,87,51.0,7.159,1,2,0/0,0/0,"{'heatingValve': {'N4-Integ01': 2, 'N4-Integ04': 33}, 'heatingValveFb': {'N4-Integ02': 51}, 'mixingValve': {'N4-Integ03': 1}}",heatingValve,,
oa dpr pos,outsideDamperSp,outsideDamper,True,3,59,32.0,5.899,1,2,0/0,0/0,"{'outsideDamper': {'N4-Integ01': 24, 'N4-Integ02': 1}, 'outsideDamperSp': {'N4-Integ02': 32}, 'outsideDamperFb': {'N4-Integ03': 2}}",outsideDamper,,
sys ena,occupancyMode,systemEnable,True,5,50,25.0,5.792,1,3,0/0,0/0,"{'chiller': {'N4-Integ02': 1}, 'heatingEnable': {'N4-Integ02': 2}, 'systemEnable': {'N4-Integ02': 7, 'N4-Integ03': 3, 'N4-Integ04': 2}, 'occupancyMode': {'N4-Integ03': 25}, 'unitEnable': {'N4-Integ04': 10}}",systemEnable,,
hwr tmp,priEnteringTemp,secEnteringTemp,True,3,37,18.0,7.692,1,4,0/0,0/0,"{'secEnteringTemp': {'N4-Integ01': 1, 'N4-Integ02': 6, 'N4-Integ03': 8, 'N4-Integ04': 2}, 'enteringTemp': {'N4-Integ02': 2}, 'priEnteringTemp': {'N4-Integ02': 18}}",secEnteringTemp,,
min oa dmp cmd,outsideDamperMin,minOutsideDamper,True,2,34,20.0,7.296,1,3,0/0,1/0,"{'minOutsideDamper': {'N4-Integ01': 5, 'N4-Integ03': 7, 'N4-Integ04': 2}, 'outsideDamperMin': {'N4-Integ04': 20}}",,,
bypass damper,faceBypassDamper,bypassDamper,True,2,23,23.0,14.0,1,0,0/0,14/0,"{'bypassDamper': {}, 'faceBypassDamper': {'N4-Integ02': 23}}",,,
oaf cmd,dischargeFan,outsideFan,True,3,23,9.0,4.0,1,2,0/0,0/0,"{'minOutsideFan': {'N4-Integ03': 6}, 'outsideFan': {'N4-Integ03': 4, 'N4-Integ04': 4}, 'dischargeFan': {'N4-Integ04': 9}}",,N4-Integ06:outsideFan,
min oa dmp pos sp,DROPPED (tie),minOutsideFaceDamper,True,2,16,,2.828,,1,,0/0,"{'minOutsideDamper': {'N4-Integ03': 8}, 'minOutsideFaceDamper': {'N4-Integ03': 8}}",,,
oaf sts,dischargeFanStatus,outsideFanStatus,True,3,16,9.0,3.146,1,2,0/0,0/0,"{'minOutsideFan': {'N4-Integ03': 2}, 'outsideFanStatus': {'N4-Integ03': 3, 'N4-Integ04': 2}, 'dischargeFanStatus': {'N4-Integ04': 9}}",,N4-Integ06:outsideFanStatus,
chlr ena,DROPPED (tie),chiller,True,3,11,,3.732,,3,,0/0,"{'chiller': {'N4-Integ01': 1, 'N4-Integ02': 1, 'N4-Integ03': 3}, 'systemEnable': {'N4-Integ01': 1}, 'chillerEnable': {'N4-Integ02': 5}}",chillerEnable,,
ct iso vlv cmd,twrEnteringIsoValve,twrIsoValve,True,2,9,5.0,2.828,1,2,0/0,0/0,"{'twrIsoValve': {'N4-Integ01': 2, 'N4-Integ03': 2}, 'twrEnteringIsoValve': {'N4-Integ02': 5}}",twrEnteringIsoValve,,
chlr cmd,chiller,chillerEnable,True,2,8,7.0,5.0,3,1,0/0,4/0,"{'chillerEnable': {'N4-Integ02': 1}, 'chiller': {'N4-Integ01': 2, 'N4-Integ02': 4, 'N4-Integ03': 1}}",chiller,,
rec pmp cmd,DROPPED (tie),circPump,True,2,8,,2.732,,2,,0/0,"{'circPump': {'N4-Integ03': 3, 'N4-Integ04': 1}, 'heatingCoilPump': {'N4-Integ03': 4}}",,,
oa flow min sp,outsideFlowMinSp,minOutsideFlowSp,True,2,7,7.0,3.0,1,0,0/0,3/0,"{'minOutsideFlowSp': {}, 'outsideFlowMinSp': {'N4-Integ04': 7}}",,,
clg dmd,coolingDemand,zoneCoolingDemand,True,2,7,7.0,5.0,1,0,0/0,5/0,"{'zoneCoolingDemand': {}, 'coolingDemand': {'N4-Integ02': 7}}",,,
chw f,evapLeavingFlow,secLeavingFlow,True,3,7,4.0,2.0,1,2,0/0,0/0,"{'secLeavingFlow': {'N4-Integ02': 1, 'N4-Integ04': 1}, 'evapLeavingFlow': {'N4-Integ02': 4}, 'secEnteringFlow': {'N4-Integ04': 1}}",,,
chws sp,evapLeavingTempSp,secLeavingTempSp,True,2,7,4.0,2.414,1,2,0/0,0/0,"{'evapLeavingTempSp': {'N4-Integ02': 4}, 'secLeavingTempSp': {'N4-Integ02': 1, 'N4-Integ04': 2}}",,,
chwp chw pmp cmd,DROPPED (tie),secPump,True,2,6,,2.414,,2,,0/0,"{'evapPump': {'N4-Integ01': 1, 'N4-Integ04': 2}, 'secPump': {'N4-Integ02': 2, 'N4-Integ04': 1}}",,,
chw flow,DROPPED (tie),secLeavingFlow,True,3,5,,1.414,,1,,0/0,"{'secLeavingFlow': {'N4-Integ03': 2}, 'evapLeavingFlow': {'N4-Integ03': 1}, 'evapFlowStatus': {'N4-Integ04': 2}}",,N4-Integ06:secLeavingFlow,
ch ena,chiller,chillerEnable,True,2,4,4.0,3.0,1,0,0/0,3/0,"{'chillerEnable': {}, 'chiller': {'N4-Integ01': 4}}",chillerEnable,,
air temp sp,DROPPED (tie),returnTempSp,True,2,4,,1.414,,1,,0/0,"{'dischargeTempSp': {'N4-Integ02': 2}, 'returnTempSp': {'N4-Integ02': 2}}",,,
ret t,secEnteringTemp,returnTemp,True,2,3,3.0,2.0,1,0,0/0,2/0,"{'returnTemp': {}, 'secEnteringTemp': {'N4-Integ01': 3}}",,,
boiler start,DROPPED (tie),boilerEnable,True,2,3,,3.0,,0,,3/0,"{'boilerEnable': {}, 'boiler': {'N4-Integ03': 3}}",,,
min oa flow,outsideFlowMinSp,minOutsideFlow,True,2,3,3.0,2.0,1,0,0/0,2/0,"{'minOutsideFlow': {}, 'outsideFlowMinSp': {'N4-Integ02': 3}}",,,
blr hws iso ena,DROPPED (tie),priLeavingIsoValve,True,3,3,,1.0,,1,,0/0,"{'priLeavingIsoValve': {'N4-Integ02': 1}, 'priLeavingTemp': {'N4-Integ02': 1}, 'priLeavingIsoValveFb': {'N4-Integ02': 1}}",,,
blr iso fbk,DROPPED (tie),priLeavingIsoValveFb,True,3,3,,1.0,,1,,0/0,"{'priLeavingIsoValveFb': {'N4-Integ02': 1}, 'boiler': {'N4-Integ02': 1}, 'priEnteringTemp': {'N4-Integ02': 1}}",,,
drive status,DROPPED (tie),returnFanStatus,True,3,3,,1.0,,1,,0/0,"{'dischargeFanStatus': {'N4-Integ02': 1}, 'priPumpCommand': {'N4-Integ02': 1}, 'returnFanStatus': {'N4-Integ02': 1}}",,,
condenser,DROPPED (tie),cond,True,2,2,,2.0,,0,,2/0,"{'cond': {}, 'condFanSpeed': {'N4-Integ04': 2}}",,,
chw v,DROPPED (tie),coolingValve,True,2,2,,2.0,,0,,2/0,"{'coolingValve': {}, 'secEnteringIsoValve': {'N4-Integ02': 2}}",,,
chwp ss,DROPPED (tie),evapPumpEnable,True,2,2,,2.0,,0,,2/0,"{'evapPumpEnable': {}, 'secPump': {'N4-Integ01': 2}}",,,
chw p1 cmd,DROPPED (tie),secPump,True,2,2,,1.0,,1,,0/0,"{'CLR': {'N4-Integ01': 1}, 'secPump': {'N4-Integ04': 1}}",,,
chw p2 cmd,DROPPED (tie),secPump,True,2,2,,1.0,,1,,0/0,"{'evapPump': {'N4-Integ01': 1}, 'secPump': {'N4-Integ04': 1}}",,,
chw sp,DROPPED (tie),priLeavingTempSp,True,2,2,,1.0,,1,,0/0,"{'evapLeavingTempSp': {'N4-Integ01': 1}, 'priLeavingTempSp': {'N4-Integ02': 1}}",evapLeavingTempSp,,
evap pump status bv,DROPPED (tie),evapPumpStatus,True,2,2,,1.0,,1,,0/0,"{'evapPump': {'N4-Integ01': 1}, 'evapPumpStatus': {'N4-Integ01': 1}}",,,
hx chwr temp,DROPPED (tie),secEnteringTemp,True,2,2,,1.0,,1,,0/0,"{'secEnteringTemp': {'N4-Integ01': 1}, 'evapEnteringTemp': {'N4-Integ02': 1}}",,,
hx chws temp,DROPPED (tie),secLeavingTemp,True,2,2,,1.0,,1,,0/0,"{'secLeavingTemp': {'N4-Integ01': 1}, 'evapLeavingTemp': {'N4-Integ02': 1}}",,,
hx cwr temp,DROPPED (tie),priLeavingTemp,True,2,2,,1.0,,1,,0/0,"{'priLeavingTemp': {'N4-Integ01': 1}, 'condLeavingTemp': {'N4-Integ02': 1}}",,,
hx cws temp,DROPPED (tie),priEnteringTemp,True,2,2,,1.0,,1,,0/0,"{'priEnteringTemp': {'N4-Integ01': 1}, 'condEnteringTemp': {'N4-Integ02': 1}}",,,
hx cw iso vlv opn,DROPPED (tie),priLeavingIsoValveFb,True,2,2,,1.0,,1,,0/0,"{'priLeavingIsoValveFb': {'N4-Integ01': 1}, 'twrBypassValveFb': {'N4-Integ01': 1}}",,,
schw dp sp,DROPPED (tie),secLeavingPressureSp,True,2,2,,1.0,,1,,0/0,"{'secPressureDeltaSp': {'N4-Integ01': 1}, 'secLeavingPressureSp': {'N4-Integ02': 1}}",,,
act sp,DROPPED (tie),priLeavingTempSp,True,2,2,,1.0,,1,,0/0,"{'priLeavingTempSp': {'N4-Integ02': 1}, 'secLeavingTempSp': {'N4-Integ02': 1}}",,,
cur hw sup tmp sp,DROPPED (tie),priLeavingTempSp,True,2,2,,1.0,,1,,0/0,"{'priLeavingTempSp': {'N4-Integ02': 1}, 'secLeavingTempSp': {'N4-Integ02': 1}}",,,
flow rate,DROPPED (tie),condLeavingFlowTotal,True,3,2,,1.0,,1,,0/0,"{'condLeavingFlowTotal': {'N4-Integ02': 1}, 'twrEnteringFlow': {'N4-Integ02': 1}, 'flow': {}}",,,
ma dmp min pos,DROPPED (tie),minOutsideDamper,True,2,2,,1.0,,1,,0/0,"{'minOutsideDamper': {'N4-Integ02': 1}, 'minOutsideDamperFb': {'N4-Integ02': 1}}",,,
supply fan spd cmd,DROPPED (tie),dischargeFanSpeed,True,2,2,,1.0,,1,,0/0,"{'dischargeFanSpeed': {'N4-Integ02': 1}, 'dischargeFan': {'N4-Integ02': 1}}",,,
af w cmd,DROPPED (tie),returnFan,True,2,2,,1.0,,1,,0/0,"{'dischargeFan': {'N4-Integ03': 1}, 'returnFan': {'N4-Integ03': 1}}",,,
htg tmp sp,DROPPED (tie),heatSp,True,2,2,,1.0,,1,,0/0,"{'heatSp': {'N4-Integ03': 1}, 'dischargeTempHeatSp': {'N4-Integ04': 1}}",,,
oa byp dmp cmd,DROPPED (tie),bypassDamper,True,2,2,,1.0,,1,,0/0,"{'bypassDamper': {'N4-Integ03': 1}, 'outsideIsoDamper': {'N4-Integ03': 1}}",,,
ra static sp,DROPPED (tie),returnPressureSp,True,2,2,,1.0,,1,,0/0,"{'returnPressure': {'N4-Integ03': 1}, 'returnPressureSp': {'N4-Integ03': 1}}",,,
chiller enable spt,DROPPED (tie),systemEnableSp,True,2,1,,1.0,,1,,0/0,"{'chillerEnableSp': {}, 'systemEnableSp': {'N4-Integ02': 1}}",,,
heating setpoint,DROPPED (tie),priLeavingTempSp,True,2,1,,1.0,,1,,0/0,"{'heatingEnableSp': {}, 'priLeavingTempSp': {'N4-Integ03': 1}}",,,
heat setpt,DROPPED (tie),zoneHeatSp,True,2,1,,1.0,,1,,0/0,"{'heatingEnableSp': {}, 'zoneHeatSp': {'N4-Integ01': 1}}",,,
min oa,DROPPED (tie),outsideDamperMinSp,True,2,1,,1.0,,1,,0/0,"{'minOutsideDamper': {}, 'outsideDamperMinSp': {'N4-Integ02': 1}}",,,
min oa spt,DROPPED (tie),outsideFlowMinSp,True,2,1,,1.0,,1,,0/0,"{'minOutsideDamperMinSp': {}, 'outsideFlowMinSp': {'N4-Integ02': 1}}",,,
chw ena,DROPPED (tie),systemEnable,True,2,1,,1.0,,1,,0/0,"{'coolingStatus': {}, 'systemEnable': {'N4-Integ01': 1}}",,,
cur,DROPPED (tie),condPumpCurrent,True,2,1,,1.0,,1,,0/0,"{'current': {}, 'condPumpCurrent': {'N4-Integ03': 1}}",,,
saf out,DROPPED (tie),dischargeFan,True,2,1,,1.0,,1,,0/0,"{'dischargeFanSpeed': {}, 'dischargeFan': {'N4-Integ03': 1}}",,,
sf spd sp,DROPPED (tie),dischargeFanSpeedFb,True,2,1,,1.0,,1,,0/0,"{'dischargeFanSpeedSp': {}, 'dischargeFanSpeedFb': {'N4-Integ03': 1}}",,,
eaf cmd,DROPPED (tie),exhaustFan,True,2,1,,1.0,,1,,0/0,"{'exhaustFanEnable': {}, 'exhaustFan': {'N4-Integ04': 1}}",,,
chw ret t,DROPPED (tie),secEnteringTemp,True,2,1,,1.0,,1,,0/0,"{'evapEnteringTemp': {}, 'secEnteringTemp': {'N4-Integ01': 1}}",,,
chwrt,DROPPED (tie),secEnteringTemp,True,2,1,,1.0,,1,,0/0,"{'evapEnteringTemp': {}, 'secEnteringTemp': {'N4-Integ02': 1}}",,,
chill water supply temp,DROPPED (tie),priLeavingTemp,True,2,1,,1.0,,1,,0/0,"{'evapLeavingTemp': {}, 'priLeavingTemp': {'N4-Integ01': 1}}",,,
hw sup temp,DROPPED (tie),secLeavingTemp,True,2,1,,1.0,,1,,0/0,"{'heatingCoilLeavingTemp': {}, 'secLeavingTemp': {'N4-Integ02': 1}}",,,
hw supply temp,DROPPED (tie),secLeavingTemp,True,2,1,,1.0,,1,,0/0,"{'heatingCoilLeavingTemp': {}, 'secLeavingTemp': {'N4-Integ03': 1}}",,,
hot water supply temp,DROPPED (tie),priLeavingTemp,True,2,1,,1.0,,1,,0/0,"{'heatingCoilLeavingTemp': {}, 'priLeavingTemp': {'N4-Integ02': 1}}",,,
hot water return temp,DROPPED (tie),priEnteringTemp,True,2,1,,1.0,,1,,0/0,"{'heatingCoilEnteringTemp': {}, 'priEnteringTemp': {'N4-Integ02': 1}}",,,
rm clg sp,DROPPED (tie),zoneTempSp,True,2,1,,1.0,,1,,0/0,"{'zoneCoolSp': {}, 'zoneTempSp': {'N4-Integ03': 1}}",,,
damper ovr,DROPPED (tie),damper,True,2,1,,1.0,,1,,0/0,"{'dischargeDamperOvr': {}, 'damper': {'N4-Integ02': 1}}",,,
particulate zn,DROPPED (tie),zonePM25,True,2,0,,1.0,,0,,1/0,"{'zonePM4': {}, 'zonePM25': {}}",,,
zn pm,DROPPED (tie),zonePM1,True,2,0,,1.0,,0,,1/0,"{'zonePM10': {}, 'zonePM1': {}}",,,
ct ent flow,DROPPED (tie),twrEnteringFlow,True,2,0,,0.5,,0,,0/1,"{'twrEnteringFlow': {}, 'twrLeavingFlow': {}}",,,
ct enter flow,DROPPED (tie),twrEnteringFlow,True,2,0,,0.5,,0,,0/1,"{'twrEnteringFlow': {}, 'twrLeavingFlow': {}}",,,
ct entering flo,DROPPED (tie),twrEnteringFlow,True,2,0,,0.5,,0,,0/1,"{'twrEnteringFlow': {}, 'twrLeavingFlow': {}}",,,
ct entering flow,DROPPED (tie),twrEnteringFlow,True,2,0,,0.5,,0,,0/1,"{'twrEnteringFlow': {}, 'twrLeavingFlow': {}}",,,
ct entering flw,DROPPED (tie),twrEnteringFlow,True,2,0,,0.5,,0,,0/1,"{'twrEnteringFlow': {}, 'twrLeavingFlow': {}}",,,
ct entr flow,DROPPED (tie),twrEnteringFlow,True,2,0,,0.5,,0,,0/1,"{'twrEnteringFlow': {}, 'twrLeavingFlow': {}}",,,
tower ent flo,DROPPED (tie),twrEnteringFlow,True,2,0,,0.5,,0,,0/1,"{'twrEnteringFlow': {}, 'twrLeavingFlow': {}}",,,
tower ent flow,DROPPED (tie),twrEnteringFlow,True,2,0,,0.5,,0,,0/1,"{'twrEnteringFlow': {}, 'twrLeavingFlow': {}}",,,
tower ent flw,DROPPED (tie),twrEnteringFlow,True,2,0,,0.5,,0,,0/1,"{'twrEnteringFlow': {}, 'twrLeavingFlow': {}}",,,
tower enter flo,DROPPED (tie),twrEnteringFlow,True,2,0,,0.5,,0,,0/1,"{'twrEnteringFlow': {}, 'twrLeavingFlow': {}}",,,
tower enter flow,DROPPED (tie),twrEnteringFlow,True,2,0,,0.5,,0,,0/1,"{'twrEnteringFlow': {}, 'twrLeavingFlow': {}}",,,
tower enter flw,DROPPED (tie),twrEnteringFlow,True,2,0,,0.5,,0,,0/1,"{'twrEnteringFlow': {}, 'twrLeavingFlow': {}}",,,
tower entering flo,DROPPED (tie),twrEnteringFlow,True,2,0,,0.5,,0,,0/1,"{'twrEnteringFlow': {}, 'twrLeavingFlow': {}}",,,
tower entering flow,DROPPED (tie),twrEnteringFlow,True,2,0,,0.5,,0,,0/1,"{'twrEnteringFlow': {}, 'twrLeavingFlow': {}}",,,
tower entering flw,DROPPED (tie),twrEnteringFlow,True,2,0,,0.5,,0,,0/1,"{'twrEnteringFlow': {}, 'twrLeavingFlow': {}}",,,
tower entr flo,DROPPED (tie),twrEnteringFlow,True,2,0,,0.5,,0,,0/1,"{'twrEnteringFlow': {}, 'twrLeavingFlow': {}}",,,
tower entr flow,DROPPED (tie),twrEnteringFlow,True,2,0,,0.5,,0,,0/1,"{'twrEnteringFlow': {}, 'twrLeavingFlow': {}}",,,
tower entr flw,DROPPED (tie),twrEnteringFlow,True,2,0,,0.5,,0,,0/1,"{'twrEnteringFlow': {}, 'twrLeavingFlow': {}}",,,
twr ent flo,DROPPED (tie),twrEnteringFlow,True,2,0,,0.5,,0,,0/1,"{'twrEnteringFlow': {}, 'twrLeavingFlow': {}}",,,
twr ent flow,DROPPED (tie),twrEnteringFlow,True,2,0,,0.5,,0,,0/1,"{'twrEnteringFlow': {}, 'twrLeavingFlow': {}}",,,
twr ent flw,DROPPED (tie),twrEnteringFlow,True,2,0,,0.5,,0,,0/1,"{'twrEnteringFlow': {}, 'twrLeavingFlow': {}}",,,
twr enter flo,DROPPED (tie),twrEnteringFlow,True,2,0,,0.5,,0,,0/1,"{'twrEnteringFlow': {}, 'twrLeavingFlow': {}}",,,
twr enter flow,DROPPED (tie),twrEnteringFlow,True,2,0,,0.5,,0,,0/1,"{'twrEnteringFlow': {}, 'twrLeavingFlow': {}}",,,
twr enter flw,DROPPED (tie),twrEnteringFlow,True,2,0,,0.5,,0,,0/1,"{'twrEnteringFlow': {}, 'twrLeavingFlow': {}}",,,
twr entering flo,DROPPED (tie),twrEnteringFlow,True,2,0,,0.5,,0,,0/1,"{'twrEnteringFlow': {}, 'twrLeavingFlow': {}}",,,
twr entering flow,DROPPED (tie),twrEnteringFlow,True,2,0,,0.5,,0,,0/1,"{'twrEnteringFlow': {}, 'twrLeavingFlow': {}}",,,
twr entering flw,DROPPED (tie),twrEnteringFlow,True,2,0,,0.5,,0,,0/1,"{'twrEnteringFlow': {}, 'twrLeavingFlow': {}}",,,
twr entr flo,DROPPED (tie),twrEnteringFlow,True,2,0,,0.5,,0,,0/1,"{'twrEnteringFlow': {}, 'twrLeavingFlow': {}}",,,
twr entr flow,DROPPED (tie),twrEnteringFlow,True,2,0,,0.5,,0,,0/1,"{'twrEnteringFlow': {}, 'twrLeavingFlow': {}}",,,
twr entr flw,DROPPED (tie),twrEnteringFlow,True,2,0,,0.5,,0,,0/1,"{'twrEnteringFlow': {}, 'twrLeavingFlow': {}}",,,
rm tmp,zoneTemp,zoneTemp,False,2,7173,7174.0,42.0,4,4,2/0,2/0,"{'zoneTemp': {'N4-Integ01': 242, 'N4-Integ02': 1930, 'N4-Integ03': 1798, 'N4-Integ04': 3202}, 'returnTemp': {'N4-Integ03': 1}}",zoneTemp,N4-Integ06:zoneTemp,
sa tmp,dischargeTemp,dischargeTemp,False,3,5240,5227.0,40.0,4,4,0/0,0/0,"{'dischargeTemp': {'N4-Integ01': 262, 'N4-Integ02': 1642, 'N4-Integ03': 1638, 'N4-Integ04': 1685}, 'coldDeckDischargeTemp': {'N4-Integ02': 2}, 'zoneHumidity': {'N4-Integ02': 11}}",dischargeTemp,N4-Integ06:dischargeTemp,
damper pos,dischargeDamper,dischargeDamper,False,6,4044,3084.0,30.0,3,3,0/0,0/0,"{'dischargeDamper': {'N4-Integ01': 1691, 'N4-Integ02': 363, 'N4-Integ03': 1030}, 'damper': {'N4-Integ02': 2, 'N4-Integ03': 46}, 'damperFb': {'N4-Integ02': 2}, 'dischargeDamperFb': {'N4-Integ02': 663}, 'coldDeckDamper': {'N4-Integ03': 242}, 'outsideDamperFb': {'N4-Integ03': 5}}",,,
zn t,zoneTemp,zoneTemp,False,3,2843,2822.0,40.539,4,4,1/0,1/0,"{'zoneTemp': {'N4-Integ01': 91, 'N4-Integ02': 389, 'N4-Integ03': 714, 'N4-Integ04': 1627}, 'returnTemp': {'N4-Integ04': 6}, 'zoneTempAvg': {'N4-Integ04': 16}}",zoneTemp,,
out,zoneTemp,zoneTemp,False,65,2440,287.0,22.236,3,3,0/0,0/0,"{'coolingValve': {'N4-Integ01': 1, 'N4-Integ02': 9, 'N4-Integ03': 1}, 'dischargeDamper': {'N4-Integ01': 151, 'N4-Integ04': 129}, 'dischargeFan': {'N4-Integ01': 1, 'N4-Integ02': 3, 'N4-Integ03': 1, 'N4-Integ04': 59}, 'dischargeFanStatus': {'N4-Integ01': 1, 'N4-Integ02': 12, 'N4-Integ03': 3, 'N4-Integ04': 58}, 'dischargeTemp': {'N4-Integ01': 1, 'N4-Integ02': 2, 'N4-Integ04': 72}, 'heatingValve': {'N4-Integ01': 1, 'N4-Integ02': 10, 'N4-Integ04': 83}, 'mixedTemp': {'N4-Integ01': 1}, 'outsideDamper': {'N4-Integ01': 1, 'N4-Integ02': 16}, 'returnTemp': {'N4-Integ01': 1, 'N4-Integ02': 14}, 'zoneTemp': {'N4-Integ01': 153, 'N4-Integ02': 5, 'N4-Integ04': 129}, 'zoneTempSp': {'N4-Integ01': 1, 'N4-Integ04': 129}, 'chillerStatus': {'N4-Integ02': 2}, 'coldDeckDischargeTemp': {'N4-Integ02': 8}, 'condEnteringTemp': {'N4-Integ02': 2}, 'condLeavingTemp': {'N4-Integ02': 2}, 'damper': {'N4-Integ02': 1}, 'dischargeDamperFb': {'N4-Integ02': 200, 'N4-Integ04': 46}, 'dischargeFlowMaxSp': {'N4-Integ02': 2}, 'evapEnteringTempSp': {'N4-Integ02': 2}, 'evapLeavingPressure': {'N4-Integ02': 2}, 'evapLeavingTemp': {'N4-Integ02': 2}, 'evapPressureDelta': {'N4-Integ02': 1}, 'faceBypassDamper': {'N4-Integ02': 2}, 'hotDeckDischargeTemp': {'N4-Integ02': 8}, 'minOutsideDamper': {'N4-Integ02': 12}, 'occupiedCoolSp': {'N4-Integ02': 18, 'N4-Integ04': 46}, 'occupiedHeatSp': {'N4-Integ02': 16, 'N4-Integ04': 46}, 'outsideTemp': {'N4-Integ02': 6}, 'reHeatingValve': {'N4-Integ02': 4}, 'reliefDamper': {'N4-Integ02': 6}, 'returnDamper': {'N4-Integ02': 14, 'N4-Integ04': 3}, 'returnFanStatus': {'N4-Integ02': 2}, 'returnPressure': {'N4-Integ02': 1}, 'secEnteringTemp': {'N4-Integ02': 1}, 'secLeavingTemp': {'N4-Integ02': 1}, 'twrFanSpeed': {'N4-Integ02': 1}, 'twrIsoValve': {'N4-Integ02': 1}, 'unoccupiedCoolSp': {'N4-Integ02': 18, 'N4-Integ04': 46}, 'unoccupiedHeatSp': {'N4-Integ02': 16, 'N4-Integ04': 46}, 'dischargeFanSpeed': {'N4-Integ03': 1}, 'dischargePressureMaxSp': {'N4-Integ03': 1}, 'dischargePressureSp': {'N4-Integ03': 1, 'N4-Integ04': 5}, 'energyRecoveryMode': {'N4-Integ03': 1}, 'exhaustEnthalpy': {'N4-Integ03': 1}, 'exhaustFanSpeed': {'N4-Integ03': 1}, 'exhaustFanStatus': {'N4-Integ03': 1}, 'exhaustHumidity': {'N4-Integ03': 1}, 'occupancyMode': {'N4-Integ03': 1, 'N4-Integ04': 46}, 'outsideEnthalpy': {'N4-Integ03': 1}, 'preHeatingCoilDischargeTempSp': {'N4-Integ03': 1}, 'secPumpSpeed': {'N4-Integ03': 4}, 'buildingPressureSp': {'N4-Integ04': 4}, 'dischargeFlow': {'N4-Integ04': 130}, 'dischargeFlowSp': {'N4-Integ04': 129}, 'dischargeTempSp': {'N4-Integ04': 129}, 'minOutsideDamperFb': {'N4-Integ04': 1}, 'minOutsideFlow': {'N4-Integ04': 1}, 'mixedTempSp': {'N4-Integ04': 1}, 'occupiedMode': {'N4-Integ04': 83}, 'outsideDamperFb': {'N4-Integ04': 2}, 'outsideFlow': {'N4-Integ04': 1}, 'returnDamperFb': {'N4-Integ04': 2}, 'returnHumiditySp': {'N4-Integ04': 1}, 'zoneCoolSp': {'N4-Integ04': 129}, 'zoneHeatSp': {'N4-Integ04': 129}}",,,
occ cmd,occupancyMode,occupancyMode,False,2,2371,2329.0,39.0,4,4,0/0,0/0,"{'occupancyMode': {'N4-Integ01': 81, 'N4-Integ02': 247, 'N4-Integ03': 207, 'N4-Integ04': 1794}, 'occupancyModeOvr': {'N4-Integ04': 42}}",occupancyMode,N4-Integ06:occupancyMode,
vlv pos,heatingValveFb,heatingValveFb,False,7,2352,881.0,20.0,2,2,0/0,0/0,"{'waterValveFb': {'N4-Integ02': 707}, 'coolingValveFb': {'N4-Integ02': 77, 'N4-Integ03': 38, 'N4-Integ04': 9}, 'heatingValveFb': {'N4-Integ02': 728, 'N4-Integ04': 153}, 'radiantHeatingValveFb': {'N4-Integ02': 4}, 'perimeterHeatingValveFb': {'N4-Integ02': 87}, 'reHeatingValveFb': {'N4-Integ03': 351}, 'dischargeDamperFb': {'N4-Integ04': 198}}",,,
vlv comd,heatingValve,heatingValve,False,6,2255,955.0,20.0,2,2,0/0,0/0,"{'heatingValve': {'N4-Integ01': 227, 'N4-Integ02': 728}, 'waterValve': {'N4-Integ02': 707}, 'coolingValve': {'N4-Integ02': 113, 'N4-Integ03': 38}, 'radiantHeatingValve': {'N4-Integ02': 4}, 'perimeterHeatingValve': {'N4-Integ02': 87}, 'reHeatingValve': {'N4-Integ03': 351}}",heatingValve,,
ctl stpt,zoneTempSp,zoneTempSp,False,2,2229,2116.0,25.0,3,3,0/0,0/0,"{'zoneTempSp': {'N4-Integ01': 25, 'N4-Integ02': 1691, 'N4-Integ03': 400}, 'zoneTempSpLocal': {'N4-Integ02': 113}}",zoneTempSp,,
dmpr pos,dischargeDamperFb,dischargeDamperFb,False,2,2031,2001.0,30.0,3,3,0/0,0/0,"{'dischargeDamperFb': {'N4-Integ02': 1072, 'N4-Integ03': 356, 'N4-Integ04': 573}, 'outsideDamperFb': {'N4-Integ04': 30}}",dischargeDamperFb,,
inlet dmp cmd,dischargeDamper,dischargeDamper,False,4,2012,1721.0,39.487,4,4,0/0,0/0,"{'dischargeDamper': {'N4-Integ01': 90, 'N4-Integ02': 387, 'N4-Integ03': 863, 'N4-Integ04': 381}, 'damper': {'N4-Integ02': 30}, 'dischargeDamperFb': {'N4-Integ02': 1}, 'intakeDamper': {'N4-Integ02': 260}}",dischargeDamper,N4-Integ06:dischargeDamper,
zn tmp,zoneTemp,zoneTemp,False,2,1876,1876.0,41.0,4,4,1/0,1/0,"{'zoneTemp': {'N4-Integ01': 412, 'N4-Integ02': 426, 'N4-Integ03': 398, 'N4-Integ04': 639}, 'heatingValve': {'N4-Integ04': 1}}",zoneTemp,N4-Integ06:zoneTemp,
clg flow min,dischargeFlowCoolMinSp,dischargeFlowCoolMinSp,False,3,1780,1500.0,30.0,3,3,0/0,0/0,"{'dischargeFlowCoolMinSp': {'N4-Integ01': 398, 'N4-Integ02': 541, 'N4-Integ03': 561}, 'dischargeFlowMinSp': {'N4-Integ02': 268}, 'coldDeckDischargeFlowMinSp': {'N4-Integ02': 12}}",dischargeFlowCoolMinSp,,
clg flow max,dischargeFlowCoolMaxSp,dischargeFlowCoolMaxSp,False,3,1766,1484.0,30.0,3,3,0/0,0/0,"{'dischargeFlowCoolMaxSp': {'N4-Integ01': 399, 'N4-Integ02': 524, 'N4-Integ03': 561}, 'dischargeFlowMaxSp': {'N4-Integ02': 268}, 'coldDeckDischargeFlowMaxSp': {'N4-Integ02': 14}}",dischargeFlowCoolMaxSp,,
flow,dischargeFlow,dischargeFlow,False,2,1742,1629.0,30.0,3,3,0/0,0/0,"{'dischargeFlow': {'N4-Integ01': 313, 'N4-Integ02': 845, 'N4-Integ03': 471}, 'inletDamperFb': {'N4-Integ02': 113}}",dischargeFlow,,
air flow,dischargeFlow,dischargeFlow,False,4,1698,1637.0,31.0,4,4,0/0,0/0,"{'dischargeFlow': {'N4-Integ01': 1, 'N4-Integ02': 287, 'N4-Integ03': 754, 'N4-Integ04': 595}, 'dischargeFanStatus': {'N4-Integ02': 1}, 'dischargeDamperFb': {'N4-Integ03': 59}, 'dischargeDamper': {'N4-Integ04': 1}}",,N4-Integ06:dischargeFlow,
fan status,dischargeFanStatus,dischargeFanStatus,False,4,1671,1659.0,30.764,4,4,0/0,0/0,"{'dischargeFanStatus': {'N4-Integ01': 1409, 'N4-Integ02': 27, 'N4-Integ03': 31, 'N4-Integ04': 192}, 'exhaustFan': {'N4-Integ01': 5}, 'exhaustFanStatus': {'N4-Integ01': 6}, 'dischargeFan': {'N4-Integ02': 1}}",dischargeFanStatus,,
nci min flow,dischargeFlowMinSp,dischargeFlowMinSp,False,2,1391,1316.0,10.0,1,1,0/0,0/0,"{'dischargeFlowMinSp': {'N4-Integ01': 1316}, 'dischargeFlowCoolMinSp': {'N4-Integ03': 75}}",dischargeFlowCoolMinSp,,
heat,heatingStage,heatingStage,False,4,1307,1283.0,10.0,1,1,0/0,0/0,"{'heatingStage': {'N4-Integ01': 1283}, 'perimeterValve': {'N4-Integ01': 15}, 'heatingDemand': {'N4-Integ02': 8}, 'heatingValve': {'N4-Integ02': 1}}",,,
supply temp,dischargeTemp,dischargeTemp,False,5,1276,1263.0,15.0,3,3,3/0,3/0,"{'dischargeTemp': {'N4-Integ01': 1, 'N4-Integ03': 1258, 'N4-Integ04': 1}, 'evapLeavingTemp': {'N4-Integ01': 2}, 'secLeavingTemp': {'N4-Integ02': 12}, 'dischargeTempSp': {'N4-Integ03': 1}, 'zoneTemp': {'N4-Integ03': 1}}",,,
occ sts,occupancyMode,occupancyMode,False,2,1223,1214.0,35.477,4,4,0/0,0/0,"{'occupancyMode': {'N4-Integ01': 30, 'N4-Integ02': 110, 'N4-Integ03': 334, 'N4-Integ04': 740}, 'occupancySensor': {'N4-Integ02': 9}}",occupancyMode,,
ctl temp,zoneTemp,zoneTemp,False,2,1137,1097.0,12.449,2,2,0/0,0/0,"{'zoneTemp': {'N4-Integ02': 1091, 'N4-Integ03': 6}, 'zoneTempSp': {'N4-Integ02': 40}}",,,
htg flow max,dischargeFlowHeatMaxSp,dischargeFlowHeatMaxSp,False,3,1124,1022.0,30.0,3,3,0/0,0/0,"{'dischargeFlowHeatMaxSp': {'N4-Integ01': 396, 'N4-Integ02': 126, 'N4-Integ03': 500}, 'hotDeckDischargeFlowMaxSp': {'N4-Integ02': 12}, 'hotDeckDischargeFlowSp': {'N4-Integ02': 90}}",dischargeFlowHeatMaxSp,,
uoc clg sp,unoccupiedCoolSp,unoccupiedCoolSp,False,2,1101,784.0,35.292,4,4,0/0,0/0,"{'unoccupiedCoolSp': {'N4-Integ01': 28, 'N4-Integ02': 240, 'N4-Integ03': 236, 'N4-Integ04': 280}, 'dischargeFlowUnoccCoolSp': {'N4-Integ04': 317}}",unoccupiedCoolSp,N4-Integ06:unoccupiedCoolSp,
htg flow min,dischargeFlowHeatMinSp,dischargeFlowHeatMinSp,False,2,1026,1024.0,30.0,3,3,0/0,0/0,"{'dischargeFlowCoolMinSp': {'N4-Integ01': 1, 'N4-Integ02': 1}, 'dischargeFlowHeatMinSp': {'N4-Integ01': 397, 'N4-Integ02': 127, 'N4-Integ03': 500}}",dischargeFlowHeatMinSp,,
occ clg sp,occupiedCoolSp,occupiedCoolSp,False,3,1018,952.0,40.849,4,4,1/0,1/0,"{'occupiedCoolSp': {'N4-Integ01': 97, 'N4-Integ02': 421, 'N4-Integ03': 100, 'N4-Integ04': 333}, 'zoneCoolSp': {'N4-Integ02': 2, 'N4-Integ03': 54}, 'zoneTempSp': {'N4-Integ03': 11}}",occupiedCoolSp,N4-Integ06:occupiedCoolSp,
occ htg sp,occupiedHeatSp,occupiedHeatSp,False,2,950,949.0,40.849,4,4,1/0,1/0,"{'occupiedHeatSp': {'N4-Integ01': 97, 'N4-Integ02': 417, 'N4-Integ03': 101, 'N4-Integ04': 333}, 'zoneHeatSp': {'N4-Integ02': 2}}",occupiedHeatSp,N4-Integ06:occupiedHeatSp,
max flow,dischargeFlowCoolMaxSp,dischargeFlowCoolMaxSp,False,2,902,856.0,15.477,2,2,0/0,0/0,"{'dischargeFlowCoolMaxSp': {'N4-Integ01': 30, 'N4-Integ02': 826}, 'dischargeFlowMaxSp': {'N4-Integ03': 46}}",,,
sf cmd,dischargeFan,dischargeFan,False,2,877,870.0,36.899,4,4,2/0,2/0,"{'dischargeFan': {'N4-Integ01': 24, 'N4-Integ02': 251, 'N4-Integ03': 271, 'N4-Integ04': 322}, 'dischageFan': {'N4-Integ04': 9}}",dischargeFan,N4-Integ06:dischargeFan,
min flow,dischargeFlowCoolMinSp,dischargeFlowCoolMinSp,False,2,857,856.0,15.477,2,2,0/0,0/0,"{'dischargeFlowCoolMinSp': {'N4-Integ01': 30, 'N4-Integ02': 826}, 'dischargeFlowMinSp': {'N4-Integ03': 1}}",,,
heat stage,heatingStage,heatingStage,False,2,733,720.0,14.576,3,3,0/0,0/0,"{'heatingStage': {'N4-Integ01': 10, 'N4-Integ02': 2, 'N4-Integ03': 708}, 'exhaustTemp': {'N4-Integ02': 13}}",,,
dpr o,dischargeDamper,dischargeDamper,False,2,614,612.0,31.0,3,3,1/0,1/0,"{'dischargeDamper': {'N4-Integ02': 197, 'N4-Integ03': 173, 'N4-Integ04': 241}, 'outsideDamper': {'N4-Integ04': 3}}",damper,,
act fl sp,dischargeFlowSp,dischargeFlowSp,False,3,604,573.0,10.0,1,1,0/0,0/0,"{'dischargeFlowSp': {'N4-Integ04': 573}, 'outsideFlowSp': {'N4-Integ04': 30}, 'zoneCoolSp': {'N4-Integ04': 1}}",,,
dmpr cmd,dischargeDamper,dischargeDamper,False,2,603,574.0,11.0,1,1,1/0,1/0,"{'dischargeDamper': {'N4-Integ04': 573}, 'outsideDamper': {'N4-Integ04': 30}}",,,
act fl,dischargeFlow,dischargeFlow,False,2,603,573.0,10.0,1,1,0/0,0/0,"{'dischargeFlow': {'N4-Integ04': 573}, 'outsideFlow': {'N4-Integ04': 30}}",,,
fan cmd act,dischargeFan,dischargeFan,False,2,602,595.0,10.0,1,1,0/0,0/0,"{'dischargeFan': {'N4-Integ04': 595}, 'exhaustFan': {'N4-Integ04': 7}}",,,
sa flow sp,dischargeFlowSp,dischargeFlowSp,False,2,596,576.0,33.0,3,3,3/0,3/0,"{'dischargeFlowSp': {'N4-Integ02': 159, 'N4-Integ03': 173, 'N4-Integ04': 241}, 'dischargeTempSp': {'N4-Integ02': 23}}",dischargeFlowSp,,
max cl vol sp,dischargeFlowCoolMaxSp,dischargeFlowCoolMaxSp,False,3,573,456.0,10.0,1,1,0/0,0/0,"{'coldDeckDischargeFlowMaxSp': {'N4-Integ01': 29}, 'dischargeFlowCoolMaxSp': {'N4-Integ03': 456}, 'dischargeFlowMaxSp': {'N4-Integ03': 88}}",,,
min cl vol sp,dischargeFlowCoolMinSp,dischargeFlowCoolMinSp,False,3,573,456.0,10.0,1,1,0/0,0/0,"{'coldDeckDischargeFlowMinSp': {'N4-Integ01': 29}, 'dischargeFlowCoolMinSp': {'N4-Integ03': 456}, 'dischargeFlowMinSp': {'N4-Integ03': 88}}",,,
min ht vol sp,dischargeFlowHeatMinSp,dischargeFlowHeatMinSp,False,3,568,451.0,10.0,1,1,0/0,0/0,"{'hotDeckDischargeFlowMinSp': {'N4-Integ01': 29}, 'dischargeFlowHeatMinSp': {'N4-Integ03': 451}, 'dischargeFlowHeatSp': {'N4-Integ03': 88}}",,,
hc vlv cmd,heatingValve,heatingValve,False,2,565,562.0,28.169,4,4,0/0,0/0,"{'heatingValve': {'N4-Integ01': 18, 'N4-Integ02': 59, 'N4-Integ03': 39, 'N4-Integ04': 446}, 'heatingValveFb': {'N4-Integ02': 3}}",heatingValve,N4-Integ06:heatingValve,
eff clg sp,zoneCoolSp,zoneCoolSp,False,2,558,534.0,12.0,2,2,1/0,1/0,"{'zoneCoolSp': {'N4-Integ02': 532, 'N4-Integ03': 1}, 'occupiedCoolSp': {'N4-Integ03': 25}}",zoneCoolSp,N4-Integ06:zoneCoolSp,
effclg sp,occupiedCoolSp,occupiedCoolSp,False,2,548,523.0,19.539,2,2,0/0,0/0,"{'zoneCoolSp': {'N4-Integ02': 21, 'N4-Integ04': 4}, 'occupiedCoolSp': {'N4-Integ03': 432, 'N4-Integ04': 91}}",zoneCoolSp,,
effhtg sp,occupiedHeatSp,occupiedHeatSp,False,2,538,523.0,19.539,2,2,0/0,0/0,"{'zoneHeatSp': {'N4-Integ02': 11, 'N4-Integ04': 4}, 'occupiedHeatSp': {'N4-Integ03': 432, 'N4-Integ04': 91}}",zoneHeatSp,,
ra tmp,returnTemp,returnTemp,False,2,532,531.0,37.616,4,4,0/0,0/0,"{'returnTemp': {'N4-Integ01': 58, 'N4-Integ02': 151, 'N4-Integ03': 178, 'N4-Integ04': 144}, 'occupiedHeatSp': {'N4-Integ02': 1}}",returnTemp,N4-Integ06:returnTemp,
htg o,heatingValve,heatingValve,False,2,516,476.0,19.704,3,3,0/0,0/0,"{'heatingValve': {'N4-Integ02': 15, 'N4-Integ03': 427, 'N4-Integ04': 34}, 'heatingStageMod': {'N4-Integ04': 40}}",,,
eff htg sp,zoneHeatSp,zoneHeatSp,False,2,514,505.0,12.0,2,2,1/0,1/0,"{'zoneHeatSp': {'N4-Integ02': 503, 'N4-Integ03': 1}, 'occupiedHeatSp': {'N4-Integ03': 10}}",zoneHeatSp,N4-Integ06:zoneHeatSp,
rht vlv pos,heatingValve,heatingValve,False,2,487,487.0,20.0,2,2,0/0,0/0,"{'reHeatingValveFb': {}, 'heatingValve': {'N4-Integ01': 161, 'N4-Integ03': 326}}",,,
clg o,coolingValve,coolingValve,False,2,462,326.0,21.43,3,3,0/0,0/0,"{'coolingValve': {'N4-Integ02': 19, 'N4-Integ03': 257, 'N4-Integ04': 50}, 'coolingDemand': {'N4-Integ04': 136}}",coolingValve,,
dmp pos,dischargeDamper,dischargeDamper,False,2,456,368.0,20.0,2,2,0/0,0/0,"{'dischargeDamper': {'N4-Integ02': 136, 'N4-Integ04': 232}, 'damper': {'N4-Integ03': 88}}",dischargeDamper,N4-Integ06:dischargeDamper,
occ status,occupancyMode,occupancyMode,False,2,452,449.0,14.449,3,3,1/0,1/0,"{'occupancyMode': {'N4-Integ01': 441, 'N4-Integ02': 1, 'N4-Integ03': 6}, 'occupancySensor': {'N4-Integ01': 4}}",,N4-Integ06:occupancyMode | Motorola_Points:occupancyMode,
htg vlv pos,heatingValve,heatingValve,False,2,436,345.0,20.0,2,2,0/0,0/0,"{'heatingValve': {'N4-Integ02': 138, 'N4-Integ04': 207}, 'heatingValveFb': {'N4-Integ04': 91}}",,N4-Integ06:heatingValve,
cd dmp pos,coldDeckDamper,coldDeckDamper,False,2,430,340.0,10.0,1,1,0/0,0/0,"{'coldDeckDamper': {'N4-Integ02': 340}, 'coldDeckDamperFb': {'N4-Integ02': 90}}",coldDeckDamperFb,,
cc vlv cmd,coolingValve,coolingValve,False,2,415,389.0,32.135,4,4,0/0,0/0,"{'coolingValve': {'N4-Integ01': 10, 'N4-Integ02': 92, 'N4-Integ03': 88, 'N4-Integ04': 199}, 'coolingValveFb': {'N4-Integ02': 26}}",coolingValve,N4-Integ06:coolingValve,
sf spd,dischargeFanSpeed,dischargeFanSpeed,False,3,386,348.0,36.013,4,4,1/0,1/0,"{'dischargeFanSpeed': {'N4-Integ01': 58, 'N4-Integ02': 86, 'N4-Integ03': 66, 'N4-Integ04': 137}, 'dischargeFanSpeedFb': {'N4-Integ02': 20, 'N4-Integ03': 1, 'N4-Integ04': 11}, 'dischargeFanFrequency': {'N4-Integ03': 7}}",dischargeFanSpeed,N4-Integ06:dischargeFanSpeed,
occ cool setpt,occupiedCoolSp,occupiedCoolSp,False,2,356,357.0,12.0,1,1,2/0,2/0,"{'occupiedCoolSp': {'N4-Integ01': 355}, 'zoneCoolSp': {'N4-Integ01': 1}}",,,
occ heat setpt,occupiedHeatSp,occupiedHeatSp,False,2,356,357.0,12.0,1,1,2/0,2/0,"{'occupiedHeatSp': {'N4-Integ01': 355}, 'zoneHeatSp': {'N4-Integ01': 1}}",,,
eff occ cmd,occupancyMode,occupancyMode,False,2,344,327.0,12.449,2,2,0/0,0/0,"{'occupancyCommand': {'N4-Integ01': 17}, 'occupancyMode': {'N4-Integ01': 6, 'N4-Integ04': 321}}",,,
sa tmp sp,dischargeTempSp,dischargeTempSp,False,2,339,330.0,32.145,4,4,0/0,0/0,"{'dischargeTempSp': {'N4-Integ01': 23, 'N4-Integ02': 61, 'N4-Integ03': 155, 'N4-Integ04': 91}, 'dischageTempSp': {'N4-Integ04': 9}}",dischargeTempSp,N4-Integ06:dischargeTempSp,
inlet heat max vol sp,dischargeFlowHeatMaxSp,dischargeFlowHeatMaxSp,False,2,334,317.0,10.0,1,1,0/0,0/0,"{'dischargeFlowHeatMaxSp': {'N4-Integ04': 317}, 'dischargeFlowMaxSp': {'N4-Integ04': 17}}",,,
inlet heat min vol sp,dischargeFlowHeatMinSp,dischargeFlowHeatMinSp,False,2,334,317.0,10.0,1,1,0/0,0/0,"{'dischargeFlowHeatMinSp': {'N4-Integ04': 317}, 'dischargeFlowMinSp': {'N4-Integ04': 17}}",,,
uocc htg sp,dischargeFlowUnoccHeatSp,dischargeFlowUnoccHeatSp,False,2,334,317.0,10.0,1,1,0/0,0/0,"{'dischargeFlowUnoccHeatSp': {'N4-Integ04': 317}, 'unoccupiedHeatSp': {'N4-Integ04': 17}}",,,
inlet dmp pos,dischargeDamper,dischargeDamper,False,4,324,215.0,11.414,2,2,0/0,0/0,"{'dischargeDamper': {'N4-Integ01': 2, 'N4-Integ04': 213}, 'damperFb': {'N4-Integ02': 30}, 'dischargeDamperFb': {'N4-Integ02': 1, 'N4-Integ03': 72}, 'intakeDamperFb': {'N4-Integ02': 6}}",dischargeDamperFb,N4-Integ06:dischargeDamper,
flow stpt,dischargeFlowSp,dischargeFlowSp,False,2,319,206.0,16.083,2,2,0/0,0/0,"{'dischargeFlowSp': {'N4-Integ01': 169, 'N4-Integ02': 37}, 'inletDamper': {'N4-Integ02': 113}}",dischargeFlowSp,,
eff rm tmp clg sp,zoneCoolSp,zoneCoolSp,False,2,308,298.0,13.0,2,2,0/0,0/0,"{'occupiedCoolSp': {'N4-Integ03': 10}, 'zoneCoolSp': {'N4-Integ03': 289, 'N4-Integ04': 9}}",,,
eff rm tmp htg sp,zoneHeatSp,zoneHeatSp,False,2,308,298.0,13.0,2,2,0/0,0/0,"{'occupiedHeatSp': {'N4-Integ03': 10}, 'zoneHeatSp': {'N4-Integ03': 289, 'N4-Integ04': 9}}",,,
reheat pos,reHeatingValve,reHeatingValve,False,2,302,302.0,10.0,1,1,0/0,0/0,"{'reHeatingValveFb': {}, 'reHeatingValve': {'N4-Integ02': 302}}",,,
curr clg set p,zoneCoolSp,zoneCoolSp,False,2,299,207.0,10.0,1,1,0/0,0/0,"{'effectiveCoolSp': {'N4-Integ04': 92}, 'zoneCoolSp': {'N4-Integ04': 207}}",,,
curr htg set p,zoneHeatSp,zoneHeatSp,False,2,299,207.0,10.0,1,1,0/0,0/0,"{'effectiveHeatSp': {'N4-Integ04': 92}, 'zoneHeatSp': {'N4-Integ04': 207}}",,,
clg air flow,coldDeckDischargeFlow,coldDeckDischargeFlow,False,2,295,241.0,10.0,1,1,0/0,0/0,"{'coldDeckDischargeFlow': {'N4-Integ01': 241}, 'dischargeFlow': {'N4-Integ01': 54}}",dischargeFlow,,
air vol,dischargeFlow,dischargeFlow,False,2,290,286.0,19.381,2,2,0/0,0/0,"{'dischargeFlow': {'N4-Integ03': 88, 'N4-Integ04': 198}, 'returnFlow': {'N4-Integ04': 4}}",,,
occ sp,zoneTempSp,zoneTempSp,False,2,274,207.0,10.0,1,1,0/0,0/0,"{'OccSp': {'N4-Integ04': 67}, 'zoneTempSp': {'N4-Integ04': 207}}",,,
dat,dischargeTemp,dischargeTemp,False,2,264,261.0,19.538,3,3,0/0,0/0,"{'dischargeTemp': {'N4-Integ01': 66, 'N4-Integ02': 193, 'N4-Integ03': 2}, 'ahuDischargeTemp': {'N4-Integ02': 3}}",,N4-Integ06:dischargeTemp,
nvo damper pos,dischargeDamper,dischargeDamper,False,2,264,255.0,17.81,2,2,0/0,0/0,"{'dischargeDamper': {'N4-Integ01': 61, 'N4-Integ04': 194}, 'damper': {'N4-Integ02': 9}}",,,
damper position,dischargeDamperFb,dischargeDamperFb,False,2,259,211.0,10.0,1,1,0/0,0/0,"{'dischargeDamper': {'N4-Integ01': 20, 'N4-Integ03': 28}, 'dischargeDamperFb': {'N4-Integ01': 211}}",dischargeDamper,,
sa st prs,dischargePressure,dischargePressure,False,2,257,256.0,29.252,4,4,0/0,0/0,"{'dischargePressure': {'N4-Integ01': 3, 'N4-Integ02': 74, 'N4-Integ03': 93, 'N4-Integ04': 86}, 'dischargeFanLeavingPressure': {'N4-Integ02': 1}}",dischargePressure,N4-Integ06:dischargePressure,
min flow stpt,dischargeFlowCoolMinSp,dischargeFlowCoolMinSp,False,2,253,232.0,10.0,1,1,0/0,0/0,"{'dischargeFlowCoolMinSp': {'N4-Integ03': 232}, 'dischargeFlowHeatSp': {'N4-Integ03': 21}}",,,
htg air flow,hotDeckDischargeFlow,hotDeckDischargeFlow,False,2,242,241.0,10.0,1,1,0/0,0/0,"{'hotDeckDischargeFlow': {'N4-Integ01': 241}, 'dischargeFlow': {'N4-Integ02': 1}}",,,
rm co2,zoneCO2,zoneCO2,False,2,235,239.0,34.213,4,4,5/0,5/0,"{'zoneCO2': {'N4-Integ01': 13, 'N4-Integ02': 81, 'N4-Integ03': 87, 'N4-Integ04': 53}, 'zoneCO': {'N4-Integ01': 1}}",zoneCO2,N4-Integ06:zoneCO2,
sa st prs sp,dischargePressureSp,dischargePressureSp,False,2,234,233.0,26.348,3,3,0/0,0/0,"{'dischargePressureSp': {'N4-Integ02': 71, 'N4-Integ03': 96, 'N4-Integ04': 66}, 'outsideFlowSp': {'N4-Integ03': 1}}",dischargePressureSp,N4-Integ06:dischargePressureSp,
htg signal,heatingDemand,heatingDemand,False,2,232,166.0,10.0,1,1,0/0,0/0,"{'heatingDemand': {'N4-Integ02': 166}, 'HtgSignal': {'N4-Integ04': 66}}",,,
damper cmd,dischargeDamper,dischargeDamper,False,2,223,220.0,10.0,1,1,0/0,0/0,"{'dischargeDamper': {'N4-Integ01': 220}, 'damper': {'N4-Integ02': 3}}",,,
htg stg cmd,heatingStage,heatingStage,False,2,220,219.0,15.477,2,2,0/0,0/0,"{'heatingStage': {'N4-Integ02': 30, 'N4-Integ04': 189}, 'reHeatingStage': {'N4-Integ04': 1}}",,,
inlet air dmp cmd,dischargeDamper,dischargeDamper,False,2,211,210.0,11.0,2,2,0/0,0/0,"{'dischargeDamper': {'N4-Integ01': 1, 'N4-Integ04': 209}, 'dischargeFlow': {'N4-Integ01': 1}}",,,
cfm stpt max,dischargeFlowCoolMaxSp,dischargeFlowCoolMaxSp,False,2,208,143.0,10.0,1,1,0/0,0/0,"{'dischargeFlowCoolMaxSp': {'N4-Integ01': 143}, 'dischargeFlowMaxSp': {'N4-Integ01': 65}}",,,
cfm stpt min,dischargeFlowCoolMinSp,dischargeFlowCoolMinSp,False,2,208,143.0,10.0,1,1,0/0,0/0,"{'dischargeFlowCoolMinSp': {'N4-Integ01': 143}, 'dischargeFlowMinSp': {'N4-Integ01': 65}}",,,
valve,waterValve,waterValve,False,2,204,202.0,10.0,1,1,0/0,0/0,"{'waterValve': {'N4-Integ02': 202}, 'twrEnteringIsoValve': {'N4-Integ04': 2}}",,,
prot clg stpt,standbyCoolSp,standbyCoolSp,False,2,204,199.0,10.0,1,1,0/0,0/0,"{'standbyCoolSp': {'N4-Integ03': 199}, 'unoccupiedCoolSp': {'N4-Integ03': 5}}",,,
hd dmp pos,hotDeckDamper,hotDeckDamper,False,2,196,140.0,10.0,1,1,0/0,0/0,"{'hotDeckDamper': {'N4-Integ02': 140}, 'hotDeckDamperFb': {'N4-Integ02': 56}}",hotDeckDamperFb,,
hd st prs,hotDeckDischargePressure,hotDeckDischargePressure,False,4,194,89.0,11.56,2,2,0/0,0/0,"{'dischargePressure': {'N4-Integ02': 16}, 'dischargePressureSp': {'N4-Integ02': 1}, 'hotDeckDischargePressure': {'N4-Integ02': 83, 'N4-Integ03': 6}, 'hotDeckLeavingPressure': {'N4-Integ03': 88}}",hotDeckDischargePressure,,
dmp cmd,dischargeDamper,dischargeDamper,False,2,188,177.0,10.0,1,1,0/0,0/0,"{'intakeDamper': {'N4-Integ02': 11}, 'dischargeDamper': {'N4-Integ04': 177}}",dischargeDamper,,
vav clg dmd,coolingDemand,coolingDemand,False,3,188,140.0,10.0,1,1,0/0,0/0,"{'coldDeckDamper': {'N4-Integ03': 29}, 'coolingDemand': {'N4-Integ03': 140}, 'coolingValve': {'N4-Integ03': 19}}",,,
cooling demand,coolingValve,coolingValve,False,2,186,186.0,10.0,1,1,0/0,0/0,"{'zoneCoolingDemand': {}, 'coolingValve': {'N4-Integ04': 186}}",,,
cd st prs,coldDeckDischargePressure,coldDeckDischargePressure,False,3,181,176.0,18.751,2,2,0/0,0/0,"{'coldDeckDischargePress': {'N4-Integ02': 2}, 'coldDeckDischargePressure': {'N4-Integ02': 82, 'N4-Integ03': 94}, 'dischargePressure': {'N4-Integ02': 3}}",coldDeckDischargePressure,,
rf spd,returnFanSpeed,returnFanSpeed,False,3,180,172.0,25.25,4,4,0/0,0/0,"{'returnFanSpeed': {'N4-Integ01': 14, 'N4-Integ02': 45, 'N4-Integ03': 37, 'N4-Integ04': 76}, 'returnFanFrequency': {'N4-Integ03': 2}, 'returnFanSpeedFb': {'N4-Integ04': 6}}",returnFanSpeed,N4-Integ06:returnFanSpeed,
clg sig,coolingValve,coolingValve,False,2,173,141.0,10.0,1,1,0/0,0/0,"{'coolingValve': {'N4-Integ02': 141}, 'coolingValveFb': {'N4-Integ02': 32}}",coolingDemand,,
vav htg dmd,heatingDemand,heatingDemand,False,2,169,140.0,10.0,1,1,0/0,0/0,"{'heatingDemand': {'N4-Integ03': 140}, 'hotDeckDamper': {'N4-Integ03': 29}}",,,
econ ena,econEnable,econEnable,False,3,167,152.0,21.836,4,4,0/0,0/0,"{'econEnable': {'N4-Integ01': 6, 'N4-Integ02': 34, 'N4-Integ03': 13, 'N4-Integ04': 99}, 'cool': {'N4-Integ03': 14}, 'econMode': {'N4-Integ04': 1}}",econEnable,,
ra rel hum,returnHumidity,returnHumidity,False,2,165,165.0,25.502,4,4,1/0,1/0,"{'returnHumidity': {'N4-Integ01': 9, 'N4-Integ02': 42, 'N4-Integ03': 61, 'N4-Integ04': 52}, 'outsideHumidity': {'N4-Integ04': 1}}",returnHumidity,N4-Integ06:returnHumidity,
current damper position,damperFb,damperFb,False,3,161,75.0,8.66,1,1,0/0,0/0,"{'damperFb': {'N4-Integ02': 75}, 'dischargeDamper': {'N4-Integ02': 54}, 'dischargeDamperFb': {'N4-Integ02': 32}}",,,
cdsa tmp sp,coldDeckDischargeTempSp,coldDeckDischargeTempSp,False,3,139,98.0,9.899,1,1,0/0,0/0,"{'coldDeckDischargeTempSp': {'N4-Integ02': 98}, 'dischargeTempSp': {'N4-Integ02': 40}, 'outsideFlowSp': {'N4-Integ02': 1}}",,,
occ cmd sts,occupancyStatus,occupancyStatus,False,2,139,86.0,9.274,1,1,0/0,0/0,"{'occupancyMode': {'N4-Integ03': 53}, 'occupancyStatus': {'N4-Integ03': 86}}",,,
clg load,coolingDemand,coolingDemand,False,2,137,113.0,17.111,3,3,0/0,0/0,"{'coolingDemand': {'N4-Integ01': 7, 'N4-Integ03': 65, 'N4-Integ04': 41}, 'zoneCoolingDemand': {'N4-Integ01': 24}}",,,
hdsa tmp,hotDeckDischargeTemp,hotDeckDischargeTemp,False,2,131,116.0,12.646,2,2,0/0,0/0,"{'hotDeckDischargeTemp': {'N4-Integ01': 7, 'N4-Integ02': 109}, 'dischargeTemp': {'N4-Integ02': 15}}",,,
hdsa tmp sp,hotDeckDischargeTempSp,hotDeckDischargeTempSp,False,2,131,116.0,10.0,1,1,0/0,0/0,"{'dischargeTempSp': {'N4-Integ02': 15}, 'hotDeckDischargeTempSp': {'N4-Integ02': 116}}",,,
cdsa tmp,coldDeckDischargeTemp,coldDeckDischargeTemp,False,2,130,91.0,11.811,2,2,0/0,0/0,"{'coldDeckDischargeTemp': {'N4-Integ01': 7, 'N4-Integ02': 84}, 'dischargeTemp': {'N4-Integ02': 39}}",,,
co2 sp,returnCO2Sp,returnCO2Sp,False,2,127,122.0,19.014,3,3,0/0,0/0,"{'zoneCO2Sp': {'N4-Integ01': 2, 'N4-Integ04': 3}, 'returnCO2Sp': {'N4-Integ02': 29, 'N4-Integ03': 43, 'N4-Integ04': 50}}",zoneCO2Sp,N4-Integ06:zoneCO2Sp,
min flow sp,dischargeFlowMinSp,dischargeFlowMinSp,False,4,126,50.0,7.071,1,1,0/0,0/0,"{'dischargeFlowCoolMinSp': {'N4-Integ01': 44}, 'dischargeFlowHeatMinSp': {'N4-Integ01': 2}, 'dischargeFlowMinSp': {'N4-Integ04': 50}, 'outsideFlowMinSp': {'N4-Integ04': 30}}",,,
fan spd,dischargeFanSpeed,dischargeFanSpeed,False,3,122,119.0,14.0,4,4,0/0,0/0,"{'dischargeFanSpeed': {'N4-Integ01': 1, 'N4-Integ02': 113, 'N4-Integ03': 4, 'N4-Integ04': 1}, 'twrFanSpeedFb': {'N4-Integ02': 2}, 'exhaustFanSpeed': {'N4-Integ04': 1}}",dryCoolerFanSpeed,,
hd st prs sp,hotDeckDischargePressureSp,hotDeckDischargePressureSp,False,3,115,96.0,13.074,2,2,0/0,0/0,"{'dischargePressureSp': {'N4-Integ02': 15}, 'hotDeckDischargePressSp': {'N4-Integ02': 4}, 'hotDeckDischargePressureSp': {'N4-Integ02': 78, 'N4-Integ04': 18}}",hotDeckDischargePressureSp,,
htg load,heatingDemand,heatingDemand,False,2,113,89.0,15.452,3,3,0/0,0/0,"{'heatingDemand': {'N4-Integ01': 7, 'N4-Integ03': 41, 'N4-Integ04': 41}, 'zoneHeatingDemand': {'N4-Integ01': 24}}",,,
cc vlv pos,coolingValve,coolingValve,False,2,107,74.0,12.0,3,3,0/0,0/0,"{'coolingValve': {'N4-Integ01': 9, 'N4-Integ03': 64, 'N4-Integ04': 1}, 'coolingValveFb': {'N4-Integ02': 33}}",coolingValveFb,,
cd st prs sp,coldDeckDischargePressureSp,coldDeckDischargePressureSp,False,3,105,99.0,13.243,2,2,0/0,0/0,"{'coldDeckDischargePressSp': {'N4-Integ02': 3}, 'coldDeckDischargePressureSp': {'N4-Integ02': 81, 'N4-Integ04': 18}, 'dischargePressureSp': {'N4-Integ02': 3}}",coldDeckDischargePressureSp,,
eff occ,occupancyMode,occupancyMode,False,2,103,101.0,19.418,4,4,0/0,0/0,"{'occupancyMode': {'N4-Integ01': 11, 'N4-Integ02': 27, 'N4-Integ03': 46, 'N4-Integ04': 17}, 'occupiedMode': {'N4-Integ04': 2}}",occupancyMode,N4-Integ06:occupancyStatus,
ma dmp,outsideDamper,outsideDamper,False,3,100,98.0,9.899,1,1,0/0,0/0,"{'mixedDamper': {'N4-Integ02': 1}, 'exhaustDamper': {'N4-Integ02': 1}, 'outsideDamper': {'N4-Integ02': 98}}",,,
oa dmp cmd,outsideDamper,outsideDamper,False,2,100,99.0,18.504,4,4,0/0,0/0,"{'outsideDamper': {'N4-Integ01': 9, 'N4-Integ02': 12, 'N4-Integ03': 19, 'N4-Integ04': 59}, 'outsideIsoDamper': {'N4-Integ04': 1}}",outsideDamper,N4-Integ06:outsideDamper,
cdsfvfd cmd,coldDeckFan,coldDeckFan,False,2,100,84.0,9.165,1,1,0/0,0/0,"{'coldDeckFan': {'N4-Integ02': 84}, 'dischargeFan': {'N4-Integ02': 16}}",,,
cdsfvfd sts,coldDeckFanStatus,coldDeckFanStatus,False,2,100,84.0,9.165,1,1,0/0,0/0,"{'coldDeckFanStatus': {'N4-Integ02': 84}, 'dischargeFanStatus': {'N4-Integ02': 16}}",,,
hdsfvfd cmd,hotDeckFan,hotDeckFan,False,2,100,85.0,9.22,1,1,0/0,0/0,"{'dischargeFan': {'N4-Integ02': 15}, 'hotDeckFan': {'N4-Integ02': 85}}",,,
hdsfvfd sts,hotDeckFanStatus,hotDeckFanStatus,False,2,100,85.0,9.22,1,1,0/0,0/0,"{'dischargeFanStatus': {'N4-Integ02': 15}, 'hotDeckFanStatus': {'N4-Integ02': 85}}",,,
ef cmd,exhaustFan,exhaustFan,False,2,99,97.0,14.657,3,3,0/0,0/0,"{'exhaustFan': {'N4-Integ02': 64, 'N4-Integ03': 32, 'N4-Integ04': 1}, 'returnFan': {'N4-Integ04': 2}}",exhaustFan,N4-Integ06:exhaustFan,
hdsfvfd spd,hotDeckFanSpeed,hotDeckFanSpeed,False,3,99,84.0,9.165,1,1,0/0,0/0,"{'dischargeFanSpeedFb': {'N4-Integ02': 14}, 'dischargeSpeedFb': {'N4-Integ02': 1}, 'hotDeckFanSpeed': {'N4-Integ02': 84}}",,,
rfvfd cmd,returnFan,returnFan,False,3,95,66.0,8.124,1,1,0/0,0/0,"{'exhaustFan': {'N4-Integ02': 28}, 'reliefDamper': {'N4-Integ02': 1}, 'returnFan': {'N4-Integ02': 66}}",,,
rfvfd sts,returnFanStatus,returnFanStatus,False,2,95,65.0,8.062,1,1,0/0,0/0,"{'exhaustFanStatus': {'N4-Integ02': 30}, 'returnFanStatus': {'N4-Integ02': 65}}",,,
sa dmpr pos,dischargeDamperFb,dischargeDamperFb,False,2,93,93.0,9.644,1,1,0/0,0/0,"{'dischargeDamper': {}, 'dischargeDamperFb': {'N4-Integ03': 93}}",,,
htg sp,occupiedHeatSp,occupiedHeatSp,False,4,93,86.0,9.274,1,1,0/0,0/0,"{'occupiedHeatSp': {'N4-Integ03': 86}, 'secLeavingTempSp': {'N4-Integ03': 1}, 'dischargeTempHeatSp': {'N4-Integ04': 4}, 'reHeatingCoilDischargeTempSp': {'N4-Integ04': 2}}",occupiedHeatSp,,
ra dmp,reliefDamper,reliefDamper,False,3,92,58.0,7.616,1,1,0/0,0/0,"{'returnDamper': {'N4-Integ02': 4, 'N4-Integ03': 6}, 'exhaustDamper': {'N4-Integ02': 24}, 'reliefDamper': {'N4-Integ02': 58}}",,N4-Integ06:returnDamper,
clg sts,coolingStageStatus,coolingStageStatus,False,2,92,91.0,9.539,1,1,0/0,0/0,"{'coolingEnable': {'N4-Integ03': 1}, 'coolingStageStatus': {'N4-Integ04': 91}}",,,
htg sts,heatingStageStatus,heatingStageStatus,False,2,91,91.0,9.539,1,1,0/0,0/0,"{'heatingStatus': {}, 'heatingStageStatus': {'N4-Integ04': 91}}",,,
rfvfd spd,returnFanSpeed,returnFanSpeed,False,2,91,64.0,8.0,1,1,0/0,0/0,"{'exhaustFanSpeed': {'N4-Integ02': 27}, 'returnFanSpeed': {'N4-Integ02': 64}}",,,
clg sp,occupiedCoolSp,occupiedCoolSp,False,2,91,87.0,9.327,1,1,0/0,0/0,"{'occupiedCoolSp': {'N4-Integ03': 87}, 'dischargeTempCoolSp': {'N4-Integ04': 4}}",occupiedCoolSp,,
co2,returnCO2,returnCO2,False,2,90,69.0,11.71,2,2,0/0,0/0,"{'returnCO2': {'N4-Integ02': 29, 'N4-Integ03': 40}, 'zoneCO2': {'N4-Integ02': 21}}",zoneCO2,,
hc vlv pos,heatingValve,heatingValve,False,2,89,72.0,14.296,3,3,0/0,0/0,"{'heatingValve': {'N4-Integ01': 10, 'N4-Integ02': 30, 'N4-Integ03': 32}, 'heatingValveFb': {'N4-Integ02': 17}}",heatingValveFb,,
fan sts,dischargeFanStatus,dischargeFanStatus,False,2,88,81.0,13.654,3,3,0/0,0/0,"{'dischargeFanStatus': {'N4-Integ01': 2, 'N4-Integ02': 57, 'N4-Integ03': 22}, 'exhaustFanStatus': {'N4-Integ04': 7}}",dischargeFanStatus,N4-Integ06:dischargeFanStatus,
oa dmp pos,outsideDamper,outsideDamper,False,4,88,63.0,10.786,3,3,0/0,0/0,"{'dischargeDamper': {'N4-Integ02': 1}, 'outsideDamper': {'N4-Integ02': 5, 'N4-Integ03': 57, 'N4-Integ04': 1}, 'outsideDamperFb': {'N4-Integ02': 7, 'N4-Integ03': 14, 'N4-Integ04': 2}, 'reliefDamper': {'N4-Integ03': 1}}",outsideDamperFb,N4-Integ06:outsideDamperFb,
cdsfvfd spd,coldDeckFanSpeed,coldDeckFanSpeed,False,3,87,84.0,9.165,1,1,0/0,0/0,"{'coldDeckFanSpeed': {'N4-Integ02': 84}, 'dischargeFanSpeed': {'N4-Integ02': 2}, 'dischargeFanSpeedFb': {'N4-Integ02': 1}}",,,
chw vlv pos,coolingValve,coolingValve,False,3,85,75.0,15.858,4,4,0/0,0/0,"{'coolingValveFb': {'N4-Integ02': 7, 'N4-Integ04': 2}, 'coolingValve': {'N4-Integ01': 22, 'N4-Integ02': 30, 'N4-Integ03': 1, 'N4-Integ04': 22}, 'secMixingValve': {'N4-Integ03': 1}}",coolingValve,,
est dmpr pos cd,coldDeckDamper,coldDeckDamper,False,2,81,52.0,7.211,1,1,0/0,0/0,"{'coldDeckDamper': {'N4-Integ02': 52}, 'dischargeDamperFb': {'N4-Integ02': 29}}",,,
est dmpr pos hd,hotDeckDamper,hotDeckDamper,False,2,81,52.0,7.211,1,1,0/0,0/0,"{'hotDeckDamper': {'N4-Integ02': 52}, 'hotDeckDamperFb': {'N4-Integ02': 29}}",,,
ef sts,exhaustFanStatus,exhaustFanStatus,False,3,80,69.0,12.314,3,3,0/0,0/0,"{'dischargeFanStatus': {'N4-Integ01': 8, 'N4-Integ02': 1}, 'exhaustFanStatus': {'N4-Integ02': 50, 'N4-Integ03': 18, 'N4-Integ04': 1}, 'returnFanStatus': {'N4-Integ04': 2}}",exhaustFanStatus,N4-Integ06:exhaustFanStatus,
ra dmp pos,returnDamper,returnDamper,False,2,80,70.0,12.362,3,3,0/0,0/0,"{'returnDamper': {'N4-Integ02': 2, 'N4-Integ03': 56, 'N4-Integ04': 12}, 'returnDamperFb': {'N4-Integ03': 10}}",,N4-Integ06:returnDamper,
max flow sp,dischargeFlowMaxSp,dischargeFlowMaxSp,False,2,80,50.0,7.071,1,1,0/0,0/0,"{'dischargeFlowMaxSp': {'N4-Integ04': 50}, 'outsideFlowMaxSp': {'N4-Integ04': 30}}",,,
ena,unitEnable,unitEnable,False,3,79,72.0,8.485,1,1,0/0,0/0,"{'systemEnable': {'N4-Integ01': 3, 'N4-Integ04': 3}, 'chillerEnable': {'N4-Integ02': 1}, 'unitEnable': {'N4-Integ04': 72}}",unitEnable,,
chw vlv,coolingValve,coolingValve,False,2,77,79.0,17.915,3,3,3/0,3/0,"{'coolingValve': {'N4-Integ01': 32, 'N4-Integ02': 15, 'N4-Integ03': 29}, 'mixingValve': {'N4-Integ01': 1}}",,N4-Integ06:coolingValve,
hw pmp sts,heatingCoilPumpStatus,heatingCoilPumpStatus,False,3,76,54.0,11.258,2,2,1/0,1/0,"{'heatingCoilPumpStatus': {'N4-Integ02': 31, 'N4-Integ03': 22}, 'secPumpStatus': {'N4-Integ02': 10, 'N4-Integ03': 5, 'N4-Integ04': 6}, 'priPumpStatus': {'N4-Integ02': 2}}",secPumpStatus,N4-Integ06:heatingCoilPumpStatus,
vfd sts,dischargeFanStatus,dischargeFanStatus,False,2,76,72.0,11.99,2,2,0/0,0/0,"{'dischargeFanStatus': {'N4-Integ01': 39, 'N4-Integ02': 33}, 'twrFanStatus': {'N4-Integ03': 4}}",,,
hw pmp cmd,heatingCoilPump,heatingCoilPump,False,2,72,54.0,11.258,2,2,1/0,1/0,"{'heatingCoilPump': {'N4-Integ02': 31, 'N4-Integ03': 22}, 'secPump': {'N4-Integ02': 7, 'N4-Integ03': 6, 'N4-Integ04': 6}}",secPump,N4-Integ06:secPump,
speed feedback,dischargeFanSpeedFb,dischargeFanSpeedFb,False,2,72,37.0,6.083,1,1,0/0,0/0,"{'dischargeFanSpeedFb': {'N4-Integ02': 37}, 'returnFanSpeedFb': {'N4-Integ02': 35}}",,,
cc v,coolingValve,coolingValve,False,2,66,65.0,10.744,2,2,0/0,0/0,"{'coolingValve': {'N4-Integ01': 12, 'N4-Integ04': 53}, 'coolingValveFb': {'N4-Integ02': 1}}",,,
oa cfm,outsideFlow,outsideFlow,False,2,62,61.0,11.585,4,4,0/0,0/0,"{'outsideFlow': {'N4-Integ01': 5, 'N4-Integ02': 1, 'N4-Integ03': 54, 'N4-Integ04': 1}, 'dischargeFlow': {'N4-Integ02': 1}}",,,
max flow cool sp,dischargeFlowCoolMaxSp,dischargeFlowCoolMaxSp,False,2,61,61.0,8.746,1,1,1/0,1/0,"{'dischargeFlowCoolMaxSp': {'N4-Integ01': 60}, 'dischargeFlowMaxSp': {'N4-Integ01': 1}}",dischargeFlowCoolMaxSp,,
econ dmp cmd,outsideDamper,outsideDamper,False,2,61,52.0,8.485,2,2,0/0,0/0,"{'outsideDamper': {'N4-Integ01': 2, 'N4-Integ04': 50}, 'outsideDampe': {'N4-Integ04': 9}}",,N4-Integ06:outsideIsoDamper,
hdcd dmp cmd,dischargeDamper,dischargeDamper,False,2,61,55.0,10.198,2,2,0/0,0/0,"{'dischargeDamper': {'N4-Integ01': 15, 'N4-Integ03': 40}, 'hotDeckDamper': {'N4-Integ03': 6}}",,,
ma dmp cmd,outsideDamper,outsideDamper,False,2,59,58.0,12.556,4,4,0/0,0/0,"{'outsideDamper': {'N4-Integ01': 1, 'N4-Integ02': 32, 'N4-Integ03': 24, 'N4-Integ04': 1}, 'minOutsideDamper': {'N4-Integ02': 1}}",outsideDamper,,
hcv,heatingValve,heatingValve,False,2,59,58.0,7.616,1,1,0/0,0/0,"{'heatingValve': {'N4-Integ02': 58}, 'heatingValveFb': {'N4-Integ02': 1}}",,,
min flow heat sp,dischargeFlowHeatMinSp,dischargeFlowHeatMinSp,False,2,57,57.0,8.483,1,1,1/0,1/0,"{'dischargeFlowHeatMinSp': {'N4-Integ01': 56}, 'dischargeFlowHeatSp': {'N4-Integ02': 1}}",dischargeFlowHeatMinSp,,
act cool sp,zoneCoolSp,zoneCoolSp,False,3,57,54.0,7.348,1,1,0/0,0/0,"{'zoneCoolSp': {'N4-Integ01': 54}, 'occupiedCoolSp': {'N4-Integ03': 1}, 'zoneTempSp': {'N4-Integ03': 2}}",,,
preheat temp,heatingCoilDischargeTemp,heatingCoilDischargeTemp,False,3,56,51.0,7.141,1,1,0/0,0/0,"{'preHeatingTemp': {'N4-Integ02': 4}, 'heatingCoilDischargeTemp': {'N4-Integ03': 51}, 'preHeatingCoilDischargeTemp': {'N4-Integ03': 1}}",,,
clg tmp,coolingCoilLeavingTemp,coolingCoilLeavingTemp,False,2,53,33.0,5.745,1,1,0/0,0/0,"{'coolingCoilLeavingTemp': {'N4-Integ02': 33}, 'coolingCoilDischargeTemp': {'N4-Integ03': 20}}",,,
sa dmp pos,damper,damper,False,2,53,35.0,5.916,1,1,0/0,0/0,"{'damper': {'N4-Integ03': 35}, 'dischargeDamper': {'N4-Integ03': 18}}",,,
sa fan status,dischargeFanStatus,dischargeFanStatus,False,2,52,42.0,10.732,2,2,3/0,3/0,"{'dischargeFanStatus': {'N4-Integ02': 3, 'N4-Integ03': 36}, 'dischargeFanStatuss': {'N4-Integ03': 13}}",dischargeFanStatus,,
valve cmd,heatingValve,heatingValve,False,2,52,39.0,7.164,2,2,0/0,0/0,"{'heatingValve': {'N4-Integ01': 1, 'N4-Integ02': 38}, 'perimeterHeatingValve': {'N4-Integ01': 13}}",,,
hum vlv cmd,humidifierValve,humidifierValve,False,2,51,50.0,11.991,3,3,0/0,0/0,"{'humidifierValve': {'N4-Integ01': 8, 'N4-Integ03': 22, 'N4-Integ04': 20}, 'returnHumidity': {'N4-Integ04': 1}}",humidifierValve,N4-Integ06:humidifierValve,
chws tmp,secLeavingTemp,secLeavingTemp,False,3,49,24.0,8.841,4,4,0/0,0/0,"{'evapLeavingTemp': {'N4-Integ02': 5}, 'secLeavingTemp': {'N4-Integ01': 1, 'N4-Integ02': 15, 'N4-Integ03': 5, 'N4-Integ04': 3}, 'priLeavingTemp': {'N4-Integ02': 19, 'N4-Integ03': 1}}",coolingCoilLeavingTemp,N4-Integ06:evapLeavingTemp,
steam valve,heatingValve,heatingValve,False,4,48,24.0,4.899,1,1,0/0,0/0,"{'steamValve': {}, 'heatingValve': {'N4-Integ02': 24}, 'priValveOneThird': {'N4-Integ02': 12}, 'priValveTwoThird': {'N4-Integ02': 12}}",,,
chwr tmp,secEnteringTemp,secEnteringTemp,False,3,47,41.0,10.395,4,4,0/0,0/0,"{'evapEnteringTemp': {'N4-Integ02': 5}, 'secEnteringTemp': {'N4-Integ01': 1, 'N4-Integ02': 33, 'N4-Integ03': 5, 'N4-Integ04': 2}, 'priReturnTemp': {'N4-Integ03': 1}}",coolingCoilEnteringTemp,N4-Integ06:evapEnteringTemp,
ccv,coolingValve,coolingValve,False,2,46,45.0,6.708,1,1,0/0,0/0,"{'coolingValve': {'N4-Integ02': 45}, 'coolingValveFb': {'N4-Integ02': 1}}",,,
oa damper pos,outsideDamperFb,outsideDamperFb,False,2,44,38.0,6.164,1,1,0/0,0/0,"{'dischargeDamper': {'N4-Integ01': 6}, 'outsideDamperFb': {'N4-Integ01': 38}}",,,
rco2 st pt,returnCO2Sp,returnCO2Sp,False,2,44,43.0,6.557,1,1,0/0,0/0,"{'returnCO2': {'N4-Integ01': 1}, 'returnCO2Sp': {'N4-Integ01': 43}}",,,
vfd spd,dischargeFanSpeed,dischargeFanSpeed,False,3,44,39.0,6.245,1,1,0/0,0/0,"{'dischargeFanSpeed': {'N4-Integ01': 39}, 'secPumpSpeed': {'N4-Integ01': 1}, 'twrFanSpeedFb': {'N4-Integ03': 4}}",,,
vfd ss,dischargeFan,dischargeFan,False,2,41,40.0,6.325,1,1,0/0,0/0,"{'dischargeFan': {'N4-Integ01': 40}, 'secPump': {'N4-Integ01': 1}}",,,
chw pmp sts,secPumpStatus,secPumpStatus,False,3,40,28.0,8.968,3,3,0/0,0/0,"{'evapPumpStatus': {'N4-Integ02': 4}, 'secPumpStatus': {'N4-Integ02': 15, 'N4-Integ03': 7, 'N4-Integ04': 6}, 'priPumpStatus': {'N4-Integ02': 1, 'N4-Integ03': 7}}",,N4-Integ06:condPumpStatus,
act heat sp,zoneHeatSp,zoneHeatSp,False,2,39,38.0,6.164,1,1,0/0,0/0,"{'zoneHeatSp': {'N4-Integ01': 38}, 'occupiedHeatSp': {'N4-Integ03': 1}}",,,
fan command,dischargeFanSpeed,dischargeFanSpeed,False,3,39,22.0,4.69,1,1,0/0,0/0,"{'exhaustFan': {'N4-Integ01': 6}, 'dischargeFanSpeed': {'N4-Integ03': 22}, 'dischargeFan': {'N4-Integ04': 11}}",dischargeFan,,
hwv comd,heatingValve,heatingValve,False,2,39,25.0,5.0,1,1,0/0,0/0,"{'heatingValve': {'N4-Integ02': 25}, 'radiantHeatingValve': {'N4-Integ02': 14}}",,,
hwv pos,heatingValveFb,heatingValveFb,False,2,39,25.0,5.0,1,1,0/0,0/0,"{'heatingValveFb': {'N4-Integ02': 25}, 'radiantHeatingValveFb': {'N4-Integ02': 14}}",,,
bldg p,buildingPressure,buildingPressure,False,2,36,39.0,10.831,2,2,4/0,4/0,"{'buildingPressure': {'N4-Integ02': 1, 'N4-Integ04': 34}, 'zonePressure': {'N4-Integ04': 1}}",,,
supply static,dischargePressure,dischargePressure,False,2,36,35.0,6.831,1,1,1/0,1/0,"{'dischargePressure': {'N4-Integ03': 34}, 'dischargePressureSp': {'N4-Integ03': 2}}",,,
fan flow,dischargeFlow,dischargeFlow,False,2,36,30.0,5.477,1,1,0/0,0/0,"{'exhaustFlow': {'N4-Integ02': 6}, 'dischargeFlow': {'N4-Integ02': 30}}",,,
econ s,econMode,econMode,False,2,36,29.0,5.385,1,1,0/0,0/0,"{'econEnable': {'N4-Integ04': 7}, 'econMode': {'N4-Integ04': 29}}",,,
ra tmp virt,returnTemp,returnTemp,False,2,35,26.0,5.099,1,1,0/0,0/0,"{'retunTemp': {'N4-Integ04': 9}, 'returnTemp': {'N4-Integ04': 26}}",,,
sf high cmd,dischargeFanSpeedMaxSp,dischargeFanSpeedMaxSp,False,2,35,20.0,4.472,1,1,0/0,0/0,"{'dischargeFanSpeedStage': {'N4-Integ04': 15}, 'dischargeFanSpeedMaxSp': {'N4-Integ04': 20}}",,,
sf low cmd,dischargeFanSpeedMinSp,dischargeFanSpeedMinSp,False,2,35,20.0,4.472,1,1,0/0,0/0,"{'dischargeFanSpeedStage': {'N4-Integ04': 15}, 'dischargeFanSpeedMinSp': {'N4-Integ04': 20}}",,,
min oa setpt,outsideDamperMinSp,outsideDamperMinSp,False,3,34,33.0,5.745,1,1,0/0,0/0,"{'minOutsideDamperMinSp': {}, 'outsideDamperMinSp': {'N4-Integ01': 33}, 'outsideFlowMinSp': {'N4-Integ03': 1}}",,,
rad,returnDamper,returnDamper,False,2,34,32.0,5.657,1,1,0/0,0/0,"{'outsideDamper': {'N4-Integ02': 2}, 'returnDamper': {'N4-Integ02': 32}}",,,
min oa dpr pos,outsideDamperMinSp,outsideDamperMinSp,False,2,33,22.0,4.69,1,1,0/0,0/0,"{'outsideDamperMinSp': {'N4-Integ01': 22}, 'minOutsideDamper': {'N4-Integ04': 11}}",,,
max sa tmp sp,dischargeTempMaxSp,dischargeTempMaxSp,False,2,33,31.0,5.568,1,1,0/0,0/0,"{'mixedTempHiSp': {'N4-Integ03': 2}, 'dischargeTempMaxSp': {'N4-Integ04': 31}}",,,
moad o,minOutsideDamper,minOutsideDamper,False,2,33,32.0,5.657,1,1,0/0,0/0,"{'minOutsideDamper': {'N4-Integ04': 32}, 'outsideDamper': {'N4-Integ04': 1}}",,,
chw pmp cmd,secPump,secPump,False,4,32,27.0,8.883,3,3,0/0,0/0,"{'evapPumpEnable': {}, 'evapPump': {'N4-Integ02': 4}, 'secPump': {'N4-Integ02': 13, 'N4-Integ03': 8, 'N4-Integ04': 6}, 'coolingCoilPump': {'N4-Integ02': 1}}",evapPump,,
hum cmd,humidifier,humidifier,False,2,32,21.0,5.773,2,2,0/0,0/0,"{'humidifier': {'N4-Integ02': 2, 'N4-Integ04': 19}, 'humidifierValve': {'N4-Integ04': 11}}",humidifierEnable,N4-Integ06:humidifierValve,
mam,minOutsideDamper,minOutsideDamper,False,2,32,30.0,5.477,1,1,0/0,0/0,"{'minOutsideDamper': {'N4-Integ02': 30}, 'outsideDamperMinSp': {'N4-Integ02': 2}}",,,
htg cmd,heatingStage,heatingStage,False,4,31,18.0,4.243,1,1,0/0,0/0,"{'heatingEnable': {}, 'heatingValve': {'N4-Integ02': 1}, 'heatingDemand': {'N4-Integ03': 12}, 'heatingStage': {'N4-Integ03': 18}}",heatingValve,,
chw vlv sig,coolingValve,coolingValve,False,2,31,19.0,5.978,2,2,0/0,0/0,"{'coolingValve': {'N4-Integ01': 5, 'N4-Integ03': 14}, 'coolingValveFb': {'N4-Integ03': 5, 'N4-Integ04': 7}}",,,
chw valve read,coolingValve,coolingValve,False,2,31,30.0,5.477,1,1,0/0,0/0,"{'coolingValve': {'N4-Integ01': 30}, 'waterValve': {'N4-Integ01': 1}}",,,
pht tmp,preHeatingCoilLeavingTemp,preHeatingCoilLeavingTemp,False,2,30,27.0,5.196,1,1,0/0,0/0,"{'preHeatingCoilDischargeTemp': {'N4-Integ04': 3}, 'preHeatingCoilLeavingTemp': {'N4-Integ04': 27}}",,,
speed cmd,returnFanSpeed,returnFanSpeed,False,2,29,17.0,4.123,1,1,0/0,0/0,"{'dischargeFanSpeed': {'N4-Integ02': 12}, 'returnFanSpeed': {'N4-Integ02': 17}}",,,
sf sts virt,dischargeFanStatus,dischargeFanStatus,False,2,29,20.0,4.472,1,1,0/0,0/0,"{'dischageFanStatus': {'N4-Integ04': 9}, 'dischargeFanStatus': {'N4-Integ04': 20}}",,,
sa sp,dischargeTempSp,dischargeTempSp,False,2,27,20.0,7.11,3,3,0/0,0/0,"{'dischargeTempSp': {'N4-Integ01': 1, 'N4-Integ02': 12, 'N4-Integ03': 7}, 'dischargePressure': {'N4-Integ04': 7}}",,,
current,secPumpCurrent,secPumpCurrent,False,6,26,12.0,3.464,1,1,0/0,0/0,"{'current': {}, 'condPumpCurrent': {'N4-Integ01': 4}, 'priPumpCurrent': {'N4-Integ01': 4}, 'twrFanCurrent': {'N4-Integ01': 3}, 'secPumpCurrent': {'N4-Integ02': 12}, 'compCurrent': {'N4-Integ04': 3}}",,,
oad o,outsideDamper,outsideDamper,False,2,26,25.0,5.899,2,2,0/0,0/0,"{'outsideDamper': {'N4-Integ02': 1, 'N4-Integ04': 24}, 'outsideDamperFb': {'N4-Integ03': 1}}",outsideDamper,,
rad o,returnDamper,returnDamper,False,2,26,25.0,5.899,2,2,0/0,0/0,"{'returnDamper': {'N4-Integ02': 1, 'N4-Integ04': 24}, 'returnDamperFb': {'N4-Integ03': 1}}",,,
avg space temp,zoneTempAvg,zoneTempAvg,False,2,25,19.0,5.873,2,2,0/0,0/0,"{'zoneTempAvg': {'N4-Integ01': 4, 'N4-Integ04': 15}, 'zoneTemp': {'N4-Integ02': 4, 'N4-Integ04': 2}}",,,
heat status,heatingEnable,heatingEnable,False,3,24,23.0,4.796,1,1,0/0,0/0,"{'heatingStatus': {}, 'heatingDemand': {'N4-Integ02': 1}, 'heatingEnable': {'N4-Integ02': 23}}",,,
crsovr dpr pos,bypassDamper,bypassDamper,False,2,24,22.0,4.69,1,1,0/0,0/0,"{'bypassDamper': {'N4-Integ01': 22}, 'dischargeIsoDamper': {'N4-Integ01': 2}}",,,
setpoint,zoneTempSp,zoneTempSp,False,3,24,16.0,4.0,1,1,0/0,0/0,"{'zoneTempSp': {'N4-Integ01': 16}, 'priLeavingTempSp': {'N4-Integ02': 6}, 'dischargeTempCoolSp': {'N4-Integ02': 2}}",priLeavingTempSp,,
fa bpy dpr,faceBypassDamper,faceBypassDamper,False,2,24,22.0,4.69,1,1,0/0,0/0,"{'faceBypassDamper': {'N4-Integ03': 22}, 'faceDamper': {'N4-Integ03': 2}}",,,
hxr stm vlv pos,DROPPED (tie),DROPPED (tie),False,2,24,,,,,,,"{'heatingValveOneThird': {'N4-Integ04': 12}, 'heatingValveTwoThird': {'N4-Integ04': 12}}",,,
ctl flow max,dischargeFlowMaxSp,dischargeFlowMaxSp,False,2,23,22.0,4.69,1,1,0/0,0/0,"{'dischargeFlowCoolMaxSp': {'N4-Integ01': 1}, 'dischargeFlowMaxSp': {'N4-Integ02': 22}}",,,
ctl flow min,dischargeFlowMinSp,dischargeFlowMinSp,False,2,23,22.0,4.69,1,1,0/0,0/0,"{'dischargeFlowCoolMinSp': {'N4-Integ01': 1}, 'dischargeFlowMinSp': {'N4-Integ02': 22}}",,,
rm rel hum,zoneHumidity,zoneHumidity,False,2,23,19.0,7.474,4,4,0/0,0/0,"{'zoneHumidity': {'N4-Integ01': 3, 'N4-Integ02': 1, 'N4-Integ03': 14, 'N4-Integ04': 1}, 'returnHumidity': {'N4-Integ03': 4}}",zoneHumidity,N4-Integ06:zoneHumidity,
ef s,exhaustFanStatus,exhaustFanStatus,False,2,23,21.0,5.472,2,2,0/0,0/0,"{'exhaustFanStatus': {'N4-Integ02': 1, 'N4-Integ04': 20}, 'exhaustFan': {'N4-Integ04': 2}}",exhaustFanStatus,,
pht,heatingCoilDischargeTemp,heatingCoilDischargeTemp,False,3,22,17.0,4.123,1,1,0/0,0/0,"{'heatingCoilDischargeTemp': {'N4-Integ01': 17}, 'preHeatingTemp': {'N4-Integ01': 1}, 'preHeatingCoilDischargeTemp': {'N4-Integ02': 4}}",,,
blr hws tmp,priLeavingTemp,priLeavingTemp,False,5,22,9.0,4.236,2,2,0/0,0/0,"{'priLeavingTemp': {'N4-Integ02': 4, 'N4-Integ04': 5}, 'priLeavingIsoValveFb': {'N4-Integ02': 1}, 'boiler': {'N4-Integ02': 1}, 'leavingTemp': {'N4-Integ02': 2, 'N4-Integ03': 3}, 'secLeavingTemp': {'N4-Integ04': 6}}",,N4-Integ06:priLeavingTemp,
ea tmp,exhaustTemp,exhaustTemp,False,2,22,21.0,6.123,2,2,0/0,0/0,"{'exhaustTemp': {'N4-Integ02': 17, 'N4-Integ03': 4}, 'wheelExhaustTemp': {'N4-Integ03': 1}}",,N4-Integ06:exhaustTemp,
chw pmp spd,secPumpSpeed,secPumpSpeed,False,4,21,15.0,6.631,3,3,0/0,0/0,"{'evapPumpSpeed': {'N4-Integ02': 2}, 'secPump': {'N4-Integ02': 2}, 'secPumpSpeed': {'N4-Integ02': 6, 'N4-Integ03': 3, 'N4-Integ04': 6}, 'secPumpSpeedFb': {'N4-Integ02': 2}}",priPumpSpeed,,
reheat mod,reHeatingValve,reHeatingValve,False,2,21,13.0,3.606,1,1,0/0,0/0,"{'reHeatingValve': {'N4-Integ02': 13}, 'heatingValve': {'N4-Integ03': 8}}",,,
cws tmp,condLeavingTemp,condLeavingTemp,False,4,20,10.0,4.0,1,1,1/0,1/0,"{'condLeavingTemp': {'N4-Integ02': 9}, 'condEnteringTemp': {'N4-Integ02': 5, 'N4-Integ04': 2}, 'twrLeavingTemp': {'N4-Integ02': 3}, 'priEnteringTemp': {'N4-Integ04': 1}}",condLeavingTemp,N4-Integ06:condLeavingTemp,
cc tmp,coolingCoilDischargeTemp,coolingCoilDischargeTemp,False,3,20,12.0,4.899,2,2,0/0,0/0,"{'coolingCoilDischargeTemp': {'N4-Integ02': 6, 'N4-Integ03': 6}, 'coolingCoilLeavingTemp': {'N4-Integ03': 1}, 'dischargeTemp': {'N4-Integ03': 7}}",coolingCoilDischargeTemp,,
ef spd,exhaustFanSpeed,exhaustFanSpeed,False,3,20,14.0,5.049,2,2,0/0,0/0,"{'exhaustFanSpeed': {'N4-Integ02': 11, 'N4-Integ03': 3}, 'exhaustFan': {'N4-Integ02': 3}, 'exhaustFanSpeedFb': {'N4-Integ02': 2, 'N4-Integ03': 1}}",exhaustFanSpeed,N4-Integ06:exhaustFanSpeed,
ph t,preHeatingCoilLeavingTemp,preHeatingCoilLeavingTemp,False,3,20,12.0,3.464,1,1,0/0,0/0,"{'preHeatingTemp': {'N4-Integ02': 3}, 'preHeatingCoilDischargeTemp': {'N4-Integ04': 5}, 'preHeatingCoilLeavingTemp': {'N4-Integ04': 12}}",,,
ra rel hum sp,returnHumiditySp,returnHumiditySp,False,2,20,13.0,3.606,1,1,0/0,0/0,"{'returnHumidSp': {'N4-Integ03': 7}, 'returnHumiditySp': {'N4-Integ03': 13}}",returnHumiditySp,,
econ sts,econStatus,econStatus,False,2,19,23.0,9.243,1,1,5/0,5/0,"{'econStatus': {'N4-Integ04': 18}, 'econEnable': {'N4-Integ03': 1}}",,,
minimum damper,outsideDamperMinSp,outsideDamperMinSp,False,2,19,18.0,4.243,1,1,0/0,0/0,"{'outsideDamperMinSp': {'N4-Integ01': 18}, 'returnDamperMinSp': {'N4-Integ01': 1}}",,,
power,DROPPED (tie),DROPPED (tie),False,5,19,,,,,,,"{'powerReal': {'N4-Integ01': 4}, 'condPumpPowerReal': {'N4-Integ01': 4}, 'priPumpPowerReal': {'N4-Integ01': 4}, 'secPumpPowerReal': {'N4-Integ01': 4}, 'twrFanPowerReal': {'N4-Integ01': 3}}",,,
run sts,chillerStatus,chillerStatus,False,5,19,8.0,2.828,1,1,0/0,0/0,"{'exhaustFanStatus': {'N4-Integ01': 1}, 'chillerStatus': {'N4-Integ02': 8}, 'condPumpStatus': {'N4-Integ02': 5}, 'evapPumpStatus': {'N4-Integ02': 1}, 'secPumpStatus': {'N4-Integ02': 4}}",,,
cooling output command,coolingValve,coolingValve,False,2,19,18.0,4.243,1,1,0/0,0/0,"{'coolingValve': {'N4-Integ03': 18}, 'coolingValveFb': {'N4-Integ03': 1}}",,,
htg req,zoneHeatingReq (override),zoneHeatingReq (override),False,2,18,,,,,,,"{'zoneHeatingDemand': {}, 'zoneHeatingReq': {'N4-Integ04': 18}}",,,
clg req,zoneCoolingReq (override),zoneCoolingReq (override),False,2,18,,,,,,,"{'zoneCoolingDemand': {}, 'zoneCoolingReq': {'N4-Integ04': 18}}",,,
ac set pt,dischargeTempSp,dischargeTempSp,False,2,18,17.0,4.123,1,1,0/0,0/0,"{'dischargeTempSp': {'N4-Integ01': 17}, 'zoneTempSp': {'N4-Integ01': 1}}",,,
hwp sts,secPumpStatus,secPumpStatus,False,4,18,10.0,4.449,2,2,0/0,0/0,"{'priPumpStatus': {'N4-Integ01': 5, 'N4-Integ03': 1}, 'heatingCoilPumpStatus': {'N4-Integ02': 1}, 'priPump': {'N4-Integ03': 1}, 'secPumpStatus': {'N4-Integ03': 6, 'N4-Integ04': 4}}",circPumpStatus,N4-Integ06:secPumpStatus,
hwp run status bi,pumpStatus,pumpStatus,False,2,18,14.0,3.742,1,1,0/0,0/0,"{'circPumpStatus': {'N4-Integ01': 4}, 'pumpStatus': {'N4-Integ01': 14}}",,,
minoacmd,minOutsideDamperFb,minOutsideDamperFb,False,2,18,14.0,3.742,1,1,0/0,0/0,"{'minOutsideDamper': {'N4-Integ01': 4}, 'minOutsideDamperFb': {'N4-Integ01': 14}}",,,
pump status,pumpStatus,pumpStatus,False,3,18,14.0,3.742,1,1,0/0,0/0,"{'secPumpStatus': {'N4-Integ01': 2}, 'pump': {'N4-Integ03': 2}, 'pumpStatus': {'N4-Integ03': 14}}",secPumpStatus,,
ut ahu cd tmp,coldDeckDischargeTemp,coldDeckDischargeTemp,False,2,18,17.0,4.123,1,1,0/0,0/0,"{'coldDeckDischargeTemp': {'N4-Integ01': 17}, 'coldDeckDischargeTempSp': {'N4-Integ01': 1}}",,,
ut ahu sf sts,dischargeFanStatus,dischargeFanStatus,False,2,18,17.0,4.123,1,1,0/0,0/0,"{'dischargeFanStatus': {'N4-Integ01': 17}, 'returnFanStatus': {'N4-Integ01': 1}}",,,
chw flw rat,evapLeavingFlow,evapLeavingFlow,False,2,18,16.0,4.0,1,1,0/0,0/0,"{'evapEnteringFlow': {'N4-Integ02': 2}, 'evapLeavingFlow': {'N4-Integ02': 16}}",,,
clg tmp sp,dischargeTempSp,dischargeTempSp,False,3,18,13.0,3.606,1,1,0/0,0/0,"{'coolSp': {'N4-Integ03': 4}, 'dischargeTempSp': {'N4-Integ03': 13}, 'dischargeTempCoolSp': {'N4-Integ04': 1}}",zoneTempSp,,
cwp sts,condPumpStatus,condPumpStatus,False,3,17,14.0,6.378,3,3,0/0,0/0,"{'condPumpStatus': {'N4-Integ01': 4, 'N4-Integ02': 3, 'N4-Integ03': 7}, 'evapPump': {'N4-Integ03': 1}, 'evapPumpStatus': {'N4-Integ03': 2}}",condPump,N4-Integ06:condPumpStatus,
hwp cmd,secPump,secPump,False,5,17,9.0,5.0,3,3,0/0,0/0,"{'priPump': {'N4-Integ01': 4, 'N4-Integ03': 1}, 'secPump': {'N4-Integ01': 1, 'N4-Integ03': 4, 'N4-Integ04': 4}, 'heatingCoilPump': {'N4-Integ02': 1}, 'circPump': {'N4-Integ03': 1}, 'priPumpStatus': {'N4-Integ03': 1}}",secPump,N4-Integ06:secPump,
sf run status bi,dischargeFanStatus,dischargeFanStatus,False,2,17,16.0,4.0,1,1,0/0,0/0,"{'dischargeFanStatus': {'N4-Integ01': 16}, 'dischargeFan': {'N4-Integ01': 1}}",,,
sf cmd sts,dischargeFan,dischargeFan,False,2,17,15.0,3.873,1,1,0/0,0/0,"{'dischargeFan': {'N4-Integ01': 15}, 'returnFan': {'N4-Integ01': 2}}",,,
cd temp,dischargeTemp,dischargeTemp,False,2,17,9.0,3.0,1,1,0/0,0/0,"{'dischargeTemp': {'N4-Integ02': 9}, 'coldDeckDischargeTemp': {'N4-Integ03': 8}}",,,
hw pmp spd,secPumpSpeed,secPumpSpeed,False,2,17,15.0,6.686,3,3,0/0,0/0,"{'secPumpSpeed': {'N4-Integ02': 5, 'N4-Integ03': 4, 'N4-Integ04': 6}, 'priPumpSpeed': {'N4-Integ03': 2}}",secPumpSpeed,,
chiller enable,chillerEnable,chillerEnable,False,2,16,19.0,16.236,2,2,13/0,13/0,"{'chillerEnable': {'N4-Integ02': 1, 'N4-Integ04': 5}, 'chiller': {'N4-Integ01': 3, 'N4-Integ02': 1, 'N4-Integ03': 1, 'N4-Integ04': 5}}",chillerEnable,N4-Integ06:chillerEnable,
hum sp,dischargeHumiditySp,dischargeHumiditySp,False,3,16,12.0,3.464,1,1,0/0,0/0,"{'zoneHumiditySp': {}, 'dischargeHumiditySp': {'N4-Integ04': 12}, 'humidifierEnableSp': {'N4-Integ04': 4}}",,N4-Integ06:returnHumiditySp,
ef status,exhaustFanStatus,exhaustFanStatus,False,2,16,16.0,6.317,2,2,1/0,1/0,"{'exhaustFanStatus': {'N4-Integ02': 4, 'N4-Integ03': 11}, 'exhaustFan': {'N4-Integ03': 1}}",,,
heat valve,heatingValve,heatingValve,False,2,16,15.0,3.873,1,1,0/0,0/0,"{'heatingValve': {'N4-Integ01': 15}, 'waterValve': {'N4-Integ01': 1}}",,,
hw pump cmd,heatingCoilPump,heatingCoilPump,False,2,16,14.0,3.742,1,1,0/0,0/0,"{'heatingCoilPump': {'N4-Integ01': 14}, 'secPump': {'N4-Integ01': 2}}",,,
hw pump sts,heatingCoilPumpStatus,heatingCoilPumpStatus,False,2,16,14.0,3.742,1,1,0/0,0/0,"{'heatingCoilPumpStatus': {'N4-Integ01': 14}, 'secPumpStatus': {'N4-Integ01': 2}}",,,
output frequency,twrFanFrequency,twrFanFrequency,False,4,16,5.0,2.236,1,1,0/0,0/0,"{'condPumpFrequency': {'N4-Integ01': 4}, 'priPumpFrequency': {'N4-Integ01': 4}, 'secPumpFrequency': {'N4-Integ02': 3}, 'twrFanFrequency': {'N4-Integ02': 5}}",,,
sts,dischargeFanStatus,dischargeFanStatus,False,4,16,7.0,2.646,1,1,0/0,0/0,"{'dischargeFanStatus': {'N4-Integ01': 7}, 'chillerStatus': {'N4-Integ02': 2}, 'twrFanStatus': {'N4-Integ02': 2}, 'priPumpStatus': {'N4-Integ03': 5}}",chillerStatus,N4-Integ06:chillerStatus,
ut ahu rf cmd,returnFan,returnFan,False,2,16,15.0,3.873,1,1,0/0,0/0,"{'returnFan': {'N4-Integ01': 15}, 'returnFanStatus': {'N4-Integ01': 1}}",,,
damper comd,dischargeDamper,dischargeDamper,False,2,16,15.0,3.873,1,1,0/0,0/0,"{'dischargeDamper': {'N4-Integ02': 15}, 'dischargeDamperFb': {'N4-Integ02': 1}}",,,
oa dpr sts,outsideDamperStatus,outsideDamperStatus,False,2,16,15.0,3.873,1,1,0/0,0/0,"{'outsideDamperStatus': {'N4-Integ02': 15}, 'outsideDamperFb': {'N4-Integ04': 1}}",,,
pre ht coil tmp,minOutsideTemp,minOutsideTemp,False,4,16,8.0,2.828,1,1,0/0,0/0,"{'heatingCoilDischargeTemp': {'N4-Integ03': 1}, 'minOutsideTemp': {'N4-Integ03': 8}, 'minOutsideTempSp': {'N4-Integ03': 1}, 'preHeatingTemp': {'N4-Integ03': 6}}",,,
pump cmd,pump,pump,False,2,16,14.0,3.742,1,1,0/0,0/0,"{'pumpStatus': {'N4-Integ03': 2}, 'pump': {'N4-Integ03': 14}}",,,
ut ahu rf sts,returnFanStatus,returnFanStatus,False,2,15,14.0,3.742,1,1,0/0,0/0,"{'returnFanStatus': {'N4-Integ01': 14}, 'returnFan': {'N4-Integ01': 1}}",,,
cdt,coldDeckDischargeTemp,coldDeckDischargeTemp,False,2,15,13.0,3.606,1,1,0/0,0/0,"{'coldDeckDischargeTemp': {'N4-Integ02': 13}, 'dischargeTemp': {'N4-Integ02': 2}}",,,
co2 sensor reading,returnCO2,returnCO2,False,2,15,8.0,2.828,1,1,0/0,0/0,"{'returnCO2': {'N4-Integ02': 8}, 'zoneCO2': {'N4-Integ02': 7}}",,,
static sp,dischargePressureSp,dischargePressureSp,False,2,15,11.0,3.317,1,1,0/0,0/0,"{'buildingPressureSp': {'N4-Integ02': 2, 'N4-Integ03': 2}, 'dischargePressureSp': {'N4-Integ04': 11}}",,,
ev flw sw,evapLeavingFlow,evapLeavingFlow,False,3,15,7.0,2.646,1,1,0/0,0/0,"{'evapEnteringFlow': {'N4-Integ03': 5}, 'evapFlowStatus': {'N4-Integ03': 3}, 'evapLeavingFlow': {'N4-Integ03': 7}}",,,
blr cmd,boilerEnable (override),boilerEnable (override),False,4,14,,,,,,,"{'boilerEnable': {'N4-Integ02': 2}, 'heatingCoilPump': {}, 'boiler': {'N4-Integ01': 2, 'N4-Integ02': 6, 'N4-Integ03': 2}, 'systemEnable': {'N4-Integ03': 2}}",boiler,N4-Integ06:boiler,
chw dp,secPressureDelta,secPressureDelta,False,2,14,12.0,6.797,4,4,0/0,0/0,"{'secPressureDelta': {'N4-Integ01': 3, 'N4-Integ02': 2, 'N4-Integ03': 2, 'N4-Integ04': 5}, 'priPressureDelta': {'N4-Integ02': 1, 'N4-Integ03': 1}}",secPressureDelta,,
cwr tmp,condEnteringTemp,condEnteringTemp,False,3,14,9.0,3.0,1,1,0/0,0/0,"{'condEnteringTemp': {'N4-Integ02': 9}, 'condLeavingTemp': {'N4-Integ02': 1, 'N4-Integ04': 2}, 'twrEnteringTemp': {'N4-Integ02': 2}}",condEnteringTemp,N4-Integ06:condEnteringTemp,
cooling,coolingStage,coolingStage,False,2,14,10.0,3.162,1,1,0/0,0/0,"{'coolingValve': {'N4-Integ02': 4}, 'coolingStage': {'N4-Integ03': 10}}",,,
oa enable,econEnableSp,econEnableSp,False,2,14,13.0,3.606,1,1,0/0,0/0,"{'econEnableSp': {'N4-Integ02': 13}, 'systemEnableSp': {'N4-Integ02': 1}}",,,
mphd c,minOutsideDamperFb,minOutsideDamperFb,False,4,14,9.0,3.0,1,1,0/0,0/0,"{'minOutsideDamper': {'N4-Integ04': 2}, 'minOutsideDamperFb': {'N4-Integ04': 9}, 'outsideDamper': {'N4-Integ04': 1}, 'outsideIsoDamper': {'N4-Integ04': 2}}",,,
chwp sts,secPumpStatus,secPumpStatus,False,3,13,9.0,4.182,2,2,0/0,0/0,"{'evapPumpStatus': {}, 'secPumpStatus': {'N4-Integ01': 3, 'N4-Integ04': 6}, 'priPumpStatus': {'N4-Integ02': 4}}",,N4-Integ06:evapPumpStatus,
chws tmp sp,secLeavingTempSp,secLeavingTempSp,False,2,13,7.0,4.464,3,3,0/0,0/0,"{'secLeavingTempSp': {'N4-Integ01': 1, 'N4-Integ02': 3, 'N4-Integ03': 3}, 'evapLeavingTempSp': {'N4-Integ02': 6}}",secLeavingTempSp,,
ra dmpr pos,outsideDamper,outsideDamper,False,2,13,12.0,3.464,1,1,0/0,0/0,"{'outsideDamper': {'N4-Integ01': 12}, 'returnDamperFb': {'N4-Integ04': 1}}",,,
static press,dischargePressure,dischargePressure,False,2,13,12.0,4.317,2,2,0/0,0/0,"{'dischargePressure': {'N4-Integ02': 1, 'N4-Integ03': 11}, 'exhaustFanEnteringPressure': {'N4-Integ02': 1}}",,Motorola_Points:dischargePressure,
valve comd,radiantHeatingValve,radiantHeatingValve,False,2,13,11.0,3.317,1,1,0/0,0/0,"{'heatingValve': {'N4-Integ02': 2}, 'radiantHeatingValve': {'N4-Integ02': 11}}",,,
valve pos,radiantHeatingValveFb,radiantHeatingValveFb,False,2,13,11.0,3.317,1,1,0/0,0/0,"{'heatingValveFb': {'N4-Integ02': 2}, 'radiantHeatingValveFb': {'N4-Integ02': 11}}",,,
dat min sp,dischargeTemp,dischargeTemp,False,2,13,12.0,3.464,1,1,0/0,0/0,"{'dischargeTemp': {'N4-Integ03': 12}, 'dischargeTempMinSp': {'N4-Integ03': 1}}",,,
mecon c,outsideIsoDamper,outsideIsoDamper,False,3,13,11.0,3.317,1,1,0/0,0/0,"{'outsideDamper': {'N4-Integ04': 1}, 'outsideIsoDamper': {'N4-Integ04': 11}, 'outsideIsoDamperFb': {'N4-Integ04': 1}}",,,
blr ena,boilerEnable,boilerEnable,False,5,12,13.0,8.968,2,2,5/0,5/0,"{'boilerEnable': {'N4-Integ03': 3, 'N4-Integ04': 5}, 'boiler': {'N4-Integ02': 1}, 'priEnteringTemp': {'N4-Integ02': 1}, 'priLeavingIsoValve': {'N4-Integ02': 1}, 'systemEnable': {'N4-Integ02': 1}}",,N4-Integ06:boilerEnable,
cwr t,condEnteringTemp,condEnteringTemp,False,5,12,5.0,3.732,2,2,1/0,1/0,"{'condEnteringTemp': {'N4-Integ02': 1, 'N4-Integ04': 3}, 'condLeavingTemp': {'N4-Integ02': 3, 'N4-Integ04': 1}, 'secEnteringTemp': {'N4-Integ02': 2}, 'twrEnteringTemp': {'N4-Integ02': 1}, 'twrLeavingTemp': {'N4-Integ04': 1}}",,,
capacity,coolingDemand,coolingDemand,False,2,12,10.0,3.162,1,1,0/0,0/0,"{'chillerLoad': {'N4-Integ01': 2}, 'coolingDemand': {'N4-Integ03': 10}}",,,
ftr sig,perimeterValve,perimeterValve,False,2,12,11.0,3.317,1,1,0/0,0/0,"{'perimeterHeatingValve': {'N4-Integ01': 1}, 'perimeterValve': {'N4-Integ01': 11}}",,,
hw dp,secPressureDelta,secPressureDelta,False,3,12,10.0,4.828,3,3,0/0,0/0,"{'priPressureDelta': {'N4-Integ01': 1}, 'secPressureDelta': {'N4-Integ02': 1, 'N4-Integ03': 1, 'N4-Integ04': 8}, 'secPressureDeltaSp': {'N4-Integ03': 1}}",secPressureDelta,,
blr hwr tmp,priEnteringTemp,priEnteringTemp,False,5,12,6.0,3.414,2,2,0/0,0/0,"{'priEnteringTemp': {'N4-Integ02': 4, 'N4-Integ04': 2}, 'priLeavingIsoValve': {'N4-Integ02': 1}, 'priLeavingTemp': {'N4-Integ02': 1}, 'enteringTemp': {'N4-Integ03': 3}, 'secEnteringTemp': {'N4-Integ03': 1}}",,,
chwp c,evapPump,evapPump,False,3,12,7.0,2.646,1,1,0/0,0/0,"{'priPump': {'N4-Integ02': 3}, 'evapPump': {'N4-Integ04': 7}, 'secPump': {'N4-Integ04': 2}}",,,
chwp s,evapPumpStatus,evapPumpStatus,False,3,12,7.0,2.646,1,1,0/0,0/0,"{'priPumpStatus': {'N4-Integ02': 3}, 'evapPumpStatus': {'N4-Integ04': 7}, 'secPumpStatus': {'N4-Integ04': 2}}",,,
chwp pri chw pmp cmd,priPump,priPump,False,2,12,9.0,4.182,2,2,0/0,0/0,"{'evapPump': {'N4-Integ02': 3}, 'priPump': {'N4-Integ03': 6, 'N4-Integ04': 3}}",,,
chwp pri chw pmp sts,priPumpStatus,priPumpStatus,False,2,12,9.0,4.182,2,2,0/0,0/0,"{'evapPumpStatus': {'N4-Integ02': 3}, 'priPumpStatus': {'N4-Integ03': 6, 'N4-Integ04': 3}}",,,
oa tmp ena sp,econEnableSp,econEnableSp,False,2,12,11.0,3.317,1,1,0/0,0/0,"{'systemEnableSp': {'N4-Integ02': 1}, 'econEnableSp': {'N4-Integ04': 11}}",,,
rsp,zoneTempSp,zoneTempSp,False,2,12,11.0,3.317,1,1,0/0,0/0,"{'returnPressure': {'N4-Integ02': 1}, 'zoneTempSp': {'N4-Integ02': 11}}",,,
cd flw sw,condFlowStatus,condFlowStatus,False,2,12,7.0,2.646,1,1,0/0,0/0,"{'condEnteringFlow': {'N4-Integ03': 5}, 'condFlowStatus': {'N4-Integ03': 7}}",,,
chwr t,evapEnteringTemp,evapEnteringTemp,False,2,11,7.0,4.414,2,2,1/0,1/0,"{'evapEnteringTemp': {'N4-Integ02': 4, 'N4-Integ04': 2}, 'secEnteringTemp': {'N4-Integ02': 4, 'N4-Integ04': 1}}",,,
chws t,evapLeavingTemp,evapLeavingTemp,False,2,11,7.0,4.414,2,2,1/0,1/0,"{'evapLeavingTemp': {'N4-Integ02': 4, 'N4-Integ04': 2}, 'secLeavingTemp': {'N4-Integ02': 4, 'N4-Integ04': 1}}",,,
chwp chw pmp sts,secPumpStatus,secPumpStatus,False,3,11,7.0,4.414,3,3,0/0,0/0,"{'condPumpStatus': {'N4-Integ01': 1}, 'evapPumpStatus': {'N4-Integ01': 1, 'N4-Integ04': 2}, 'secPumpStatus': {'N4-Integ02': 2, 'N4-Integ03': 4, 'N4-Integ04': 1}}",,,
cwp cw pmp sts,condPumpStatus,condPumpStatus,False,2,11,10.0,5.06,3,3,0/0,0/0,"{'condPumpStatus': {'N4-Integ01': 1, 'N4-Integ03': 7, 'N4-Integ04': 2}, 'evapPumpStatus': {'N4-Integ01': 1}}",,N4-Integ06:condPumpStatus,
output percent,DROPPED (tie),DROPPED (tie),False,3,11,,,,,,,"{'condPumpSpeed': {'N4-Integ01': 4}, 'priPumpSpeed': {'N4-Integ01': 4}, 'twrFanFrequency': {'N4-Integ01': 3}}",,,
output volt,DROPPED (tie),DROPPED (tie),False,3,11,,,,,,,"{'condPumpVoltage': {'N4-Integ01': 4}, 'priPumpVoltage': {'N4-Integ01': 4}, 'twrFanVoltage': {'N4-Integ01': 3}}",,,
chws flw rat,secLeavingFlow,secLeavingFlow,False,2,11,9.0,3.0,1,1,0/0,0/0,"{'evapLeavingFlow': {'N4-Integ02': 2}, 'secLeavingFlow': {'N4-Integ02': 9}}",,,
dpsp,dischargePressureSp,dischargePressureSp,False,2,11,10.0,3.162,1,1,0/0,0/0,"{'dischargePressureSp': {'N4-Integ02': 10}, 'secPressureDeltaSp': {'N4-Integ02': 1}}",,,
hct,heatingCoilDischargeTemp,heatingCoilDischargeTemp,False,2,11,10.0,3.162,1,1,0/0,0/0,"{'heatingCoilDischargeTemp': {'N4-Integ02': 10}, 'heatingCoilLeavingTemp': {'N4-Integ02': 1}}",,,
oa dmp min pos,minOutsideDamper,minOutsideDamper,False,2,11,7.0,2.646,1,1,0/0,0/0,"{'outsideDamperMinSp': {'N4-Integ02': 4}, 'minOutsideDamper': {'N4-Integ03': 7}}",outsideDamperMinSp,,
s,DROPPED (tie),DROPPED (tie),False,4,11,,,,,,,"{'chiller': {'N4-Integ02': 2}, 'dischargeFanStatus': {'N4-Integ02': 4}, 'exhaustFanStatus': {'N4-Integ02': 4}, 'secPumpStatus': {'N4-Integ02': 1}}",,,
dat max sp,dischargeTemp,dischargeTemp,False,2,11,10.0,3.162,1,1,0/0,0/0,"{'dischargeTemp': {'N4-Integ03': 10}, 'dischargeTempMaxSp': {'N4-Integ03': 1}}",,,
hwp blr pmp cmd,secPump,secPump,False,2,11,7.0,2.646,1,1,0/0,0/0,"{'priPump': {'N4-Integ03': 4}, 'secPump': {'N4-Integ03': 7}}",,,
hwp blr pmp sts,secPumpStatus,secPumpStatus,False,2,11,7.0,2.646,1,1,0/0,0/0,"{'priPumpStatus': {'N4-Integ03': 4}, 'secPumpStatus': {'N4-Integ03': 7}}",,,
vnt dmpr,exhaustDamper,exhaustDamper,False,2,11,10.0,3.162,1,1,0/0,0/0,"{'exhaustDamper': {'N4-Integ03': 10}, 'outsideDamper': {'N4-Integ03': 1}}",,,
vnt dmpr fdbk,exhaustDamperFb,exhaustDamperFb,False,2,11,10.0,3.162,1,1,0/0,0/0,"{'exhaustDamperFb': {'N4-Integ03': 10}, 'outsideDamperFb': {'N4-Integ03': 1}}",,,
vnt flow,exhaustFlow,exhaustFlow,False,2,11,10.0,3.162,1,1,0/0,0/0,"{'exhaustFlow': {'N4-Integ03': 10}, 'outsideFlow': {'N4-Integ03': 1}}",,,
zn sp,zoneTempSp,zoneTempSp,False,2,11,10.0,4.378,2,2,0/0,0/0,"{'zoneTempSp': {'N4-Integ03': 7, 'N4-Integ04': 3}, 'zonePressure': {'N4-Integ04': 1}}",zoneTempSp,,
max sa st prs sp,dischargeFlowMaxSp,dischargeFlowMaxSp,False,2,11,9.0,3.0,1,1,0/0,0/0,"{'dischargePressureMaxSp': {'N4-Integ04': 2}, 'dischargeFlowMaxSp': {'N4-Integ04': 9}}",,,
min sa st prs sp,dischargeFlowMinSp,dischargeFlowMinSp,False,2,11,9.0,3.0,1,1,0/0,0/0,"{'dischargePressureMinSp': {'N4-Integ04': 2}, 'dischargeFlowMinSp': {'N4-Integ04': 9}}",,,
cws t,condEnteringTemp (override),condEnteringTemp (override),False,6,10,,,,,,,"{'condLeavingTemp': {'N4-Integ02': 2, 'N4-Integ04': 3}, 'evapLeavingTemp': {}, 'secLeavingTemp': {'N4-Integ02': 2}, 'twrLeavingTemp': {'N4-Integ02': 1}, 'twrEnteringTemp': {'N4-Integ04': 1}, 'condEnteringTemp': {'N4-Integ04': 1}}",,,
chwp cmd,priPump,priPump,False,4,10,6.0,3.464,2,2,0/0,0/0,"{'evapPumpEnable': {}, 'priPump': {'N4-Integ02': 3, 'N4-Integ03': 3}, 'evapPump': {'N4-Integ03': 3}, 'secPump': {'N4-Integ04': 1}}",,N4-Integ06:evapPump,
unit on off,dischargeFan,dischargeFan,False,2,10,10.0,3.162,1,1,0/0,0/0,"{'unitStatus': {}, 'dischargeFan': {'N4-Integ03': 10}}",,,
c,DROPPED (tie),DROPPED (tie),False,3,10,,,,,,,"{'dischargeFan': {'N4-Integ02': 4}, 'exhaustFan': {'N4-Integ02': 4}, 'secPump': {'N4-Integ02': 2}}",,,
ct spd,twrFanSpeed,twrFanSpeed,False,2,10,8.0,4.878,3,3,0/0,0/0,"{'twrFanSpeed': {'N4-Integ02': 3, 'N4-Integ03': 3, 'N4-Integ04': 2}, 'twrFanSpeedFb': {'N4-Integ03': 2}}",twrFanSpeed,,
hws tmp sp,secLeavingTempSp,secLeavingTempSp,False,3,10,7.0,4.414,3,3,0/0,0/0,"{'leavingTempSp': {'N4-Integ02': 2}, 'priLeavingTempSp': {'N4-Integ02': 1}, 'secLeavingTempSp': {'N4-Integ02': 4, 'N4-Integ03': 2, 'N4-Integ04': 1}}",secLeavingTempSp,N4-Integ06:secLeavingTempSp,
min oad,minOutsideDamper,minOutsideDamper,False,2,10,7.0,2.646,1,1,0/0,0/0,"{'outsideDamperMinSp': {'N4-Integ02': 3}, 'minOutsideDamper': {'N4-Integ04': 7}}",,,
pmp spd cmd,condPumpSpeed,condPumpSpeed,False,3,10,5.0,2.236,1,1,0/0,0/0,"{'condPumpSpeed': {'N4-Integ02': 5}, 'evapPumpSpeed': {'N4-Integ02': 1}, 'secPumpSpeed': {'N4-Integ02': 4}}",,,
vfd running,dischargeFanStatus,dischargeFanStatus,False,2,10,6.0,2.449,1,1,0/0,0/0,"{'dischargeFanStatus': {'N4-Integ02': 6}, 'returnFanStatus': {'N4-Integ02': 4}}",,,
cc tmp sp,dischargeTempSp,dischargeTempSp,False,2,10,9.0,3.0,1,1,0/0,0/0,"{'coolingCoilDischargeTempSp': {'N4-Integ03': 1}, 'dischargeTempSp': {'N4-Integ03': 9}}",,,
hx stm vlv cmd,DROPPED (tie),DROPPED (tie),False,2,10,,,,,,,"{'priValveOneThird': {'N4-Integ03': 2, 'N4-Integ04': 3}, 'priValveTwoThird': {'N4-Integ03': 2, 'N4-Integ04': 3}}",heatingValveOneThird,,
pre ht vlv cmd,minOutsideHeatingStage,minOutsideHeatingStage,False,3,10,8.0,2.828,1,1,0/0,0/0,"{'minOutsideHeatingStage': {'N4-Integ03': 8}, 'heatingValve': {'N4-Integ03': 1}, 'minOutsideDamper': {'N4-Integ03': 1}}",,,
min osa flow spt,minOutsideFlow,minOutsideFlow,False,2,10,9.0,3.0,1,1,0/0,0/0,"{'minOutsideFlow': {'N4-Integ04': 9}, 'minOutsideFlowSp': {'N4-Integ04': 1}}",,,
rlfd o,reliefDamper,reliefDamper,False,2,10,8.0,2.828,1,1,0/0,0/0,"{'reliefDamper': {'N4-Integ04': 8}, 'reliefDamperFb': {'N4-Integ04': 2}}",,,
sa st sp,dischargePressureSp,dischargePressureSp,False,2,10,6.0,2.449,1,1,0/0,0/0,"{'dischargePressure': {'N4-Integ04': 4}, 'dischargePressureSp': {'N4-Integ04': 6}}",,,
byp dmp cmd,bypassDamper,bypassDamper,False,2,9,10.0,4.828,1,1,2/0,2/0,"{'bypassDamper': {'N4-Integ02': 8}, 'bypassDamperFb': {'N4-Integ02': 1}}",,N4-Integ06:bypassDamper,
zn co,zoneCO,zoneCO,False,2,9,13.0,8.236,2,2,4/0,4/0,"{'zoneCO': {'N4-Integ02': 5, 'N4-Integ04': 4}, 'zoneCO2': {}}",,,
min oa damper cmd,minOutsideDamper,minOutsideDamper,False,2,9,11.0,5.828,1,1,3/0,3/0,"{'minOutsideDamper': {'N4-Integ02': 8}, 'outsideDamper': {'N4-Integ02': 1}}",,,
stm vlv,heatingValve,heatingValve,False,3,9,6.0,2.449,1,1,0/0,0/0,"{'steamValve': {}, 'heatingValve': {'N4-Integ02': 6}, 'heatingValveTwoThird': {'N4-Integ04': 3}}",,,
boiler return temp,enteringTemp,enteringTemp,False,3,9,6.0,2.449,1,1,0/0,0/0,"{'heatingCoilEnteringTemp': {}, 'enteringTemp': {'N4-Integ01': 6}, 'priEnteringTemp': {'N4-Integ04': 3}}",,,
pmp spd,secPumpSpeed,secPumpSpeed,False,2,9,9.0,4.182,2,2,0/0,0/0,"{'secPumpSpeed': {'N4-Integ01': 3, 'N4-Integ02': 6}, 'pumpSpeed': {}}",condPumpSpeed,,
pump status bi,boosterPumpStatus,boosterPumpStatus,False,2,9,8.0,2.828,1,1,0/0,0/0,"{'boosterPumpStatus': {'N4-Integ01': 8}, 'evapPumpStatus': {'N4-Integ01': 1}}",,,
ccfbd,coolingValveFb,coolingValveFb,False,3,9,6.0,2.449,1,1,0/0,0/0,"{'coolingValveFb': {'N4-Integ02': 6}, 'faceBypassDamper': {'N4-Integ02': 2}, 'faceBypassDamperFb': {'N4-Integ02': 1}}",,,
chwp o,evapPumpSpeed,evapPumpSpeed,False,3,9,4.0,2.0,1,1,0/0,0/0,"{'priPumpSpeed': {'N4-Integ02': 3}, 'evapPumpSpeed': {'N4-Integ04': 4}, 'secPumpSpeed': {'N4-Integ04': 2}}",,,
co2 s,zoneCO2Sp,zoneCO2Sp,False,2,9,5.0,2.236,1,1,0/0,0/0,"{'returnCO2Sp': {'N4-Integ02': 4}, 'zoneCO2Sp': {'N4-Integ02': 5}}",,,
pct,DROPPED (tie),DROPPED (tie),False,3,9,,,,,,,"{'dischargeFanSpeed': {'N4-Integ02': 4}, 'exhaustFanSpeed': {'N4-Integ02': 4}, 'secPumpSpeed': {'N4-Integ02': 1}}",,,
rwt,secEnteringTemp,secEnteringTemp,False,2,9,8.0,2.828,1,1,0/0,0/0,"{'compEnteringTemp': {'N4-Integ02': 1}, 'secEnteringTemp': {'N4-Integ02': 8}}",,,
swt,secLeavingTemp,secLeavingTemp,False,2,9,8.0,2.828,1,1,0/0,0/0,"{'compLeavingTemp': {'N4-Integ02': 1}, 'secLeavingTemp': {'N4-Integ02': 8}}",,,
vfd cmd,dischargeFanSpeed,dischargeFanSpeed,False,2,9,5.0,3.0,2,2,0/0,0/0,"{'dischargeFanSpeed': {'N4-Integ02': 1, 'N4-Integ04': 4}, 'returnFanSpeed': {'N4-Integ04': 4}}",,,
ret dpr pos,returnDamper,returnDamper,False,2,9,8.0,2.828,1,1,0/0,0/0,"{'returnDamper': {'N4-Integ04': 8}, 'returnDamperFb': {'N4-Integ04': 1}}",,,
byp vlv,bypassValve,bypassValve,False,2,8,13.0,9.732,2,2,6/0,6/0,"{'bypassValve': {'N4-Integ01': 3, 'N4-Integ03': 4}, 'priLeavingIsoValve': {'N4-Integ01': 1}}",secBypassValve,N4-Integ06:bypassValve,
motor current,twrFanCurrent,twrFanCurrent,False,3,8,5.0,2.236,1,1,0/0,0/0,"{'current': {}, 'secPumpCurrent': {'N4-Integ02': 3}, 'twrFanCurrent': {'N4-Integ02': 5}}",,,
hws t,secLeavingTemp,secLeavingTemp,False,3,8,7.0,3.732,2,2,0/0,0/0,"{'heatingCoilLeavingTemp': {}, 'priEnteringTemp': {'N4-Integ02': 1}, 'secLeavingTemp': {'N4-Integ02': 3, 'N4-Integ04': 4}}",secLeavingTemp,,
ma dmpr,outsideDamper,outsideDamper,False,2,8,8.0,3.646,2,2,0/0,0/0,"{'mixedDamper': {}, 'outsideDamper': {'N4-Integ02': 7, 'N4-Integ04': 1}}",returnDamper,,
chwp vfd spd,secPumpSpeed,secPumpSpeed,False,2,8,6.0,2.449,1,1,0/0,0/0,"{'secPumpSpeed': {'N4-Integ01': 6}, 'secPumpSpeedFb': {'N4-Integ04': 2}}",,,
circ ss,circPumpSpeed,circPumpSpeed,False,2,8,6.0,2.449,1,1,0/0,0/0,"{'circPump': {'N4-Integ01': 2}, 'circPumpSpeed': {'N4-Integ01': 6}}",,,
heat cool mode,hvacMode,hvacMode,False,2,8,5.0,2.236,1,1,0/0,0/0,"{'hvacMode': {'N4-Integ01': 5}, 'occupancyMode': {'N4-Integ02': 3}}",heatingEnable,,
lvg cnd w temp,condLeavingTemp,condLeavingTemp,False,2,8,7.0,3.732,2,2,0/0,0/0,"{'condLeavingTemp': {'N4-Integ01': 3, 'N4-Integ02': 4}, 'condEnteringTemp': {'N4-Integ03': 1}}",,,
pmp cmd,secPump,secPump,False,4,8,3.0,1.732,1,1,0/0,0/0,"{'secPump': {'N4-Integ01': 3}, 'heatingCoilPump': {'N4-Integ02': 1}, 'evapPump': {'N4-Integ02': 2}, 'condPump': {'N4-Integ02': 2}}",secPump,,
pmp sts,secPumpStatus,secPumpStatus,False,4,8,3.0,1.732,1,1,0/0,0/0,"{'secPumpStatus': {'N4-Integ01': 3}, 'heatingCoilPumpStatus': {'N4-Integ02': 1}, 'evapPumpStatus': {'N4-Integ02': 2}, 'condPumpStatus': {'N4-Integ02': 2}}",secPumpStatus,,
ct isov c,DROPPED (tie),DROPPED (tie),False,3,8,,,,,,,"{'twrIsoValve': {'N4-Integ02': 2}, 'twrEnteringIsoValve': {'N4-Integ04': 3}, 'twrLeavingIsoValve': {'N4-Integ04': 3}}",,,
erp,DROPPED (tie),DROPPED (tie),False,2,8,,,,,,,"{'wheelExhaustPressure': {'N4-Integ02': 4}, 'recPump': {'N4-Integ02': 4}}",,,
hus,dischargeHumidity,dischargeHumidity,False,2,8,7.0,2.646,1,1,0/0,0/0,"{'dischargeHumidity': {'N4-Integ02': 7}, 'returnHumiditySp': {'N4-Integ02': 1}}",,,
hd oa dampers,DROPPED (tie),DROPPED (tie),False,2,8,,,,,,,"{'minOutsideDamper': {'N4-Integ02': 4}, 'outsideDamper': {'N4-Integ02': 4}}",,,
kilowatt hours,twrFanConsumption,twrFanConsumption,False,2,8,5.0,2.236,1,1,0/0,0/0,"{'secPumpConsumption': {'N4-Integ02': 3}, 'twrFanConsumption': {'N4-Integ02': 5}}",,,
ph o,preHeatingValve,preHeatingValve,False,2,8,5.0,3.0,2,2,0/0,0/0,"{'preHeatingValve': {'N4-Integ02': 4, 'N4-Integ04': 1}, 'heatingValve': {'N4-Integ03': 2, 'N4-Integ04': 1}}",preHeatingValve,,
chl chw iso vlv cmd,priEnteringIsoValve,priEnteringIsoValve,False,3,8,4.0,2.0,1,1,0/0,0/0,"{'evapIsoValve': {'N4-Integ03': 3}, 'priEnteringIsoValve': {'N4-Integ03': 4}, 'condIsoValve': {'N4-Integ03': 1}}",,,
chwp spd,secPumpSpeed,secPumpSpeed,False,5,8,3.0,1.732,1,1,0/0,0/0,"{'condPumpSpeed': {'N4-Integ03': 1}, 'evapPumpFrequency': {'N4-Integ03': 2}, 'priPumpSpeedFb': {'N4-Integ03': 1}, 'priPumpSpeed': {'N4-Integ03': 1}, 'secPumpSpeed': {'N4-Integ04': 3}}",,,
hw vlv sig,heatingValveFb,heatingValveFb,False,2,8,5.0,2.236,1,1,0/0,0/0,"{'heatingValve': {'N4-Integ03': 3}, 'heatingValveFb': {'N4-Integ03': 5}}",,,
oa damper status,outsideIsoDamperFb,outsideIsoDamperFb,False,2,8,5.0,2.236,1,1,0/0,0/0,"{'outsideDamperFb': {'N4-Integ03': 3}, 'outsideIsoDamperFb': {'N4-Integ03': 5}}",,,
econ mode,econMode (override),econMode (override),False,3,7,,,,,,,"{'econStatus': {}, 'econMode': {'N4-Integ02': 6}, 'econEnable': {'N4-Integ04': 1}}",,N4-Integ06:econStatus,
heating setpt,zoneHeatSp,zoneHeatSp,False,2,7,7.0,2.646,1,1,0/0,0/0,"{'heatingEnableSp': {}, 'zoneHeatSp': {'N4-Integ01': 7}}",,,
chw pump sts,coolingCoilPumpStatus,coolingCoilPumpStatus,False,3,7,4.0,2.0,1,1,0/0,0/0,"{'evapPumpStatus': {}, 'coolingCoilPumpStatus': {'N4-Integ01': 4}, 'secPumpStatus': {'N4-Integ01': 3}}",,,
chw dif prs,secPressureDelta,secPressureDelta,False,2,7,6.0,4.732,4,4,0/0,0/0,"{'secPressureDelta': {'N4-Integ01': 1, 'N4-Integ02': 3, 'N4-Integ03': 1, 'N4-Integ04': 1}, 'evapPressureDelta': {'N4-Integ02': 1}}",,N4-Integ06:secPressureDelta,
hr pump status,pumpStatus,pumpStatus,False,2,7,4.0,2.0,1,1,0/0,0/0,"{'reclaimPumpStatus': {'N4-Integ01': 3}, 'pumpStatus': {'N4-Integ03': 4}}",,,
run stop act,condPumpStatus,condPumpStatus,False,2,7,4.0,2.0,1,1,0/0,0/0,"{'condPumpStatus': {'N4-Integ01': 4}, 'twrFanStatus': {'N4-Integ01': 3}}",,,
run stop cmd,condPump,condPump,False,2,7,4.0,2.0,1,1,0/0,0/0,"{'condPump': {'N4-Integ01': 4}, 'dischargeFan': {'N4-Integ01': 3}}",,,
start stop,priPump,priPump,False,2,7,4.0,2.0,1,1,0/0,0/0,"{'priPump': {'N4-Integ01': 4}, 'chiller': {'N4-Integ02': 3}}",,,
status,priPumpStatus,priPumpStatus,False,2,7,4.0,2.0,1,1,0/0,0/0,"{'chillerStatus': {'N4-Integ01': 3}, 'priPumpStatus': {'N4-Integ01': 4}}",,,
iso vlv cmd,twrIsoValve,twrIsoValve,False,2,7,4.0,2.0,1,1,0/0,0/0,"{'twrIsoValve': {'N4-Integ02': 4}, 'priLeavingIsoValve': {'N4-Integ02': 3}}",,N4-Integ06:priEnteringIsoValve,
sf air flw sw,dischargeFanStatus,dischargeFanStatus,False,2,7,4.0,2.0,1,1,0/0,0/0,"{'dischargeFanStatus': {'N4-Integ02': 4}, 'dischargeFlowStatus': {'N4-Integ02': 3}}",,,
stv,DROPPED (tie),DROPPED (tie),False,3,7,,,,,,,"{'heatingValveTwoThird': {'N4-Integ02': 1}, 'priValveOneThird': {'N4-Integ02': 3}, 'priValveTwoThird': {'N4-Integ02': 3}}",,,
stm vlv pos,DROPPED (tie),DROPPED (tie),False,3,7,,,,,,,"{'heatingValveOneThird': {'N4-Integ02': 3}, 'heatingValveTwoThird': {'N4-Integ02': 3}, 'heatingValveFb': {'N4-Integ02': 1}}",,,
nsb sp,nightSetbackMode,nightSetbackMode,False,2,7,6.0,2.449,1,1,0/0,0/0,"{'nightSetbackMode': {'N4-Integ03': 6}, 'unoccupiedHeatSp': {'N4-Integ03': 1}}",,,
oa dmp pos px,outsideDamperFb,outsideDamperFb,False,2,7,4.0,2.0,1,1,0/0,0/0,"{'outsideDamperFb': {'N4-Integ03': 4}, 'reliefDamper': {'N4-Integ03': 3}}",,,
ra dmp pos px,returnDamperFb,returnDamperFb,False,2,7,6.0,2.449,1,1,0/0,0/0,"{'returnDamper': {'N4-Integ03': 1}, 'returnDamperFb': {'N4-Integ03': 6}}",,,
rec pmp sts,heatingCoilPumpStatus,heatingCoilPumpStatus,False,2,7,4.0,2.0,1,1,0/0,0/0,"{'circPumpStatus': {'N4-Integ03': 3}, 'heatingCoilPumpStatus': {'N4-Integ03': 4}}",,,
ch en,chillerEnable,chillerEnable,False,2,6,8.0,6.732,1,1,5/0,5/0,"{'chillerEnable': {'N4-Integ04': 3}, 'chiller': {'N4-Integ02': 3}}",,,
econ sp,econEnableSp,econEnableSp,False,2,6,8.0,5.236,1,1,3/0,3/0,"{'econEnableSp': {'N4-Integ04': 5}, 'econSp': {'N4-Integ02': 1}}",,,
boiler supply temp,leavingTemp,leavingTemp,False,2,6,6.0,2.449,1,1,0/0,0/0,"{'heatingCoilLeavingTemp': {}, 'leavingTemp': {'N4-Integ01': 6}}",,,
chw dif prs sp,secPressureDeltaSp,secPressureDeltaSp,False,2,6,5.0,3.0,2,2,0/0,0/0,"{'secPressureDeltaSp': {'N4-Integ01': 1, 'N4-Integ02': 4}, 'evapPressureDeltaSp': {'N4-Integ02': 1}}",secPressureDeltaSp,,
ch chw iso vlv cmd,DROPPED (tie),DROPPED (tie),False,2,6,,,,,,,"{'evapIsoValve': {'N4-Integ01': 3}, 'evapEnteringIsoValve': {'N4-Integ04': 3}}",,N4-Integ06:evapLeavingIsoValve,
ea st prs,exhaustPressure,exhaustPressure,False,2,6,5.0,2.236,1,1,0/0,0/0,"{'returnPressure': {'N4-Integ01': 1}, 'exhaustPressure': {'N4-Integ02': 5}}",exhaustPressure,N4-Integ06:exhaustPressure,
ea st prs sp,exhaustPressureSp,exhaustPressureSp,False,2,6,4.0,2.0,1,1,0/0,0/0,"{'returnPressureSp': {'N4-Integ01': 2}, 'exhaustPressureSp': {'N4-Integ02': 4}}",exhaustPressureSp,,
hw fl,secEnteringFlow,secEnteringFlow,False,2,6,5.0,2.236,1,1,0/0,0/0,"{'priLeavingFlow': {'N4-Integ01': 1}, 'secEnteringFlow': {'N4-Integ04': 5}}",,,
bldg st prs avg,buildingPressureAvg,buildingPressureAvg,False,2,6,4.0,2.0,1,1,0/0,0/0,"{'buildingPressure': {'N4-Integ02': 2}, 'buildingPressureAvg': {'N4-Integ02': 4}}",buildingPressureAvg,,
chp,priPump,priPump,False,2,6,5.0,2.236,1,1,0/0,0/0,"{'coolingCoilPump': {'N4-Integ02': 1}, 'priPump': {'N4-Integ02': 5}}",,,
chw swt,coolingCoilLeavingTemp,coolingCoilLeavingTemp,False,2,6,4.0,2.0,1,1,0/0,0/0,"{'coolingCoilLeavingTemp': {'N4-Integ02': 4}, 'secLeavingTemp': {'N4-Integ02': 2}}",,,
ct fan,DROPPED (tie),DROPPED (tie),False,2,6,,,,,,,"{'dischargeFan': {'N4-Integ02': 3}, 'twrFan': {'N4-Integ03': 3}}",,,
clg vlv pos,coolingValveFb,coolingValveFb,False,2,6,5.0,2.236,1,1,0/0,0/0,"{'coolingValve': {'N4-Integ02': 1}, 'coolingValveFb': {'N4-Integ03': 5}}",,,
oa dmp min cmd,minOutsideDamper,minOutsideDamper,False,2,6,4.0,2.732,2,2,0/0,0/0,"{'minOutsideDamper': {'N4-Integ02': 3, 'N4-Integ04': 1}, 'minOutsideDamperFb': {'N4-Integ02': 2}}",,N4-Integ06:minOutsideDamper,
vcm on rly fan,dischargeFan,dischargeFan,False,2,6,4.0,2.0,1,1,0/0,0/0,"{'dischargeFan': {'N4-Integ02': 4}, 'occupancyMode': {'N4-Integ02': 2}}",,,
chl cmd,chiller,chiller,False,2,6,4.0,2.732,2,2,0/0,0/0,"{'chillerStatus': {'N4-Integ03': 2}, 'chiller': {'N4-Integ03': 1, 'N4-Integ04': 3}}",,,
ct byp vlv pos,DROPPED (tie),DROPPED (tie),False,2,6,,,,,,,"{'twrBypassValveFb': {'N4-Integ03': 3}, 'twrBypassValve': {'N4-Integ04': 3}}",,,
oara dmp pos,outsideDamper,outsideDamper,False,2,6,4.0,2.0,1,1,0/0,0/0,"{'outsideDamper': {'N4-Integ03': 4}, 'reliefDamper': {'N4-Integ03': 2}}",,,
ahu chwr tmp,DROPPED (tie),DROPPED (tie),False,2,6,,,,,,,"{'coolingCoilLeavingTemp': {'N4-Integ04': 3}, 'secEnteringTemp': {'N4-Integ04': 3}}",,,
ahu chws tmp,DROPPED (tie),DROPPED (tie),False,2,6,,,,,,,"{'coolingCoilEnteringTemp': {'N4-Integ04': 3}, 'secLeavingTemp': {'N4-Integ04': 3}}",,,
output speed,DROPPED (tie),DROPPED (tie),False,2,6,,,,,,,"{'condPumpSpeed': {'N4-Integ04': 3}, 'secPumpSpeed': {'N4-Integ04': 3}}",,,
running,DROPPED (tie),DROPPED (tie),False,2,6,,,,,,,"{'condPump': {'N4-Integ04': 3}, 'secPump': {'N4-Integ04': 3}}",,,
ch cmd,chillerEnable,chillerEnable,False,2,5,6.0,6.0,0,0,6/0,6/0,"{'chillerEnable': {}, 'chiller': {'N4-Integ01': 4, 'N4-Integ03': 1}}",,N4-Integ06:chiller,
heat enable,heatingEnable,heatingEnable,False,2,5,5.0,2.236,1,1,0/0,0/0,"{'heatingEnableSp': {}, 'heatingEnable': {'N4-Integ02': 5}}",,Motorola_Points:heatingEnable,
steam valve cmd,heatingValve,heatingValve,False,2,5,5.0,2.236,1,1,0/0,0/0,"{'steamValve': {}, 'heatingValve': {'N4-Integ02': 5}}",,,
chws temp,secLeavingTemp,secLeavingTemp,False,3,5,4.0,2.828,2,2,0/0,0/0,"{'evapLeavingTemp': {}, 'priLeavingTemp': {'N4-Integ03': 1}, 'secLeavingTemp': {'N4-Integ03': 2, 'N4-Integ04': 2}}",,,
hws temp,secLeavingTemp,secLeavingTemp,False,3,5,4.0,2.828,2,2,0/0,0/0,"{'heatingCoilLeavingTemp': {}, 'heatingCoilEnteringTemp': {'N4-Integ03': 1}, 'secLeavingTemp': {'N4-Integ03': 2, 'N4-Integ04': 2}}",secLeavingTemp,,
hwr temp,secEnteringTemp,secEnteringTemp,False,3,5,4.0,2.828,2,2,0/0,0/0,"{'heatingCoilEnteringTemp': {}, 'heatingCoilLeavingTemp': {'N4-Integ03': 1}, 'secEnteringTemp': {'N4-Integ03': 2, 'N4-Integ04': 2}}",secEnteringTemp,,
hwr t,secEnteringTemp,secEnteringTemp,False,3,5,4.0,2.732,2,2,0/0,0/0,"{'heatingCoilEnteringTemp': {}, 'priLeavingTemp': {'N4-Integ02': 1}, 'secEnteringTemp': {'N4-Integ02': 3, 'N4-Integ04': 1}}",,,
vlv,DROPPED (tie),DROPPED (tie),False,3,5,,,,,,,"{'priValveOneThird': {'N4-Integ01': 2}, 'priValve': {'N4-Integ01': 2}, 'heatingValve': {'N4-Integ02': 1}}",,,
cbz ah ph sp,preHeatingCoilDischargeTempSp,preHeatingCoilDischargeTempSp,False,2,5,4.0,2.0,1,1,0/0,0/0,"{'preHeatingCoilDischargeTempSp': {'N4-Integ01': 4}, 'heatingCoilDischargeTempSp': {'N4-Integ01': 1}}",,,
cbz ah pre h vlv,preHeatingValve,preHeatingValve,False,2,5,4.0,2.0,1,1,0/0,0/0,"{'preHeatingValve': {'N4-Integ01': 4}, 'heatingValve': {'N4-Integ01': 1}}",,,
cbz ah pre h temp,preHeatingCoilDischargeTemp,preHeatingCoilDischargeTemp,False,2,5,4.0,2.0,1,1,0/0,0/0,"{'preHeatingCoilDischargeTemp': {'N4-Integ01': 4}, 'heatingCoilDischargeTemp': {'N4-Integ01': 1}}",,,
cbz cwr temp,twrEnteringTemp,twrEnteringTemp,False,2,5,4.0,2.0,1,1,0/0,0/0,"{'condLeavingTemp': {'N4-Integ01': 1}, 'twrEnteringTemp': {'N4-Integ01': 4}}",,,
hwp vfd spd,secPumpSpeed,secPumpSpeed,False,2,5,3.0,1.732,1,1,0/0,0/0,"{'priPumpSpeed': {'N4-Integ01': 2}, 'secPumpSpeed': {'N4-Integ01': 3}}",,,
hx vlv cmd,priValve,priValve,False,2,5,4.0,2.0,1,1,0/0,0/0,"{'priValve': {'N4-Integ01': 4}, 'heatingValve': {'N4-Integ01': 1}}",,,
hw r tmp,secEnteringTemp,secEnteringTemp,False,2,5,4.0,2.732,2,2,0/0,0/0,"{'priEnteringTemp': {'N4-Integ01': 1}, 'secEnteringTemp': {'N4-Integ01': 1, 'N4-Integ04': 3}}",,,
hw s tmp,secLeavingTemp,secLeavingTemp,False,2,5,4.0,2.732,2,2,0/0,0/0,"{'priLeavingTemp': {'N4-Integ01': 1}, 'secLeavingTemp': {'N4-Integ01': 1, 'N4-Integ04': 3}}",,,
hw sys ena,systemEnable,systemEnable,False,3,5,3.0,3.0,3,3,0/0,0/0,"{'systemEnable': {'N4-Integ01': 1, 'N4-Integ02': 1, 'N4-Integ03': 1}, 'boiler': {'N4-Integ02': 1}, 'heatingEnable': {'N4-Integ02': 1}}",systemEnable,,
blr blr lvg tmp,priLeavingTemp,priLeavingTemp,False,2,5,3.0,1.732,1,1,0/0,0/0,"{'waterLeavingTemp': {'N4-Integ02': 2}, 'priLeavingTemp': {'N4-Integ03': 3}}",,,
chw iso vlv cmd,evapEnteringIsoValve,evapEnteringIsoValve,False,2,5,3.0,1.732,1,1,0/0,0/0,"{'evapEnteringIsoValve': {'N4-Integ02': 3}, 'evapLeavingIsoValve': {'N4-Integ02': 2}}",evapEnteringIsoValve,,
chw rwt,coolingCoilEnteringTemp,coolingCoilEnteringTemp,False,2,5,4.0,2.0,1,1,0/0,0/0,"{'coolingCoilEnteringTemp': {'N4-Integ02': 4}, 'secEnteringTemp': {'N4-Integ02': 1}}",,,
ct iso vlv,DROPPED (tie),DROPPED (tie),False,3,5,,,,,,,"{'twrLeavingIsoValve': {'N4-Integ02': 2}, 'twrIsoValve': {'N4-Integ02': 1}, 'twrEnteringIsoValve': {'N4-Integ04': 2}}",,N4-Integ06:twrEnteringIsoValve,
cws tmp sp,twrLeavingTempSp,twrLeavingTempSp,False,3,5,3.0,1.732,1,1,0/0,0/0,"{'condEnteringTempSp': {'N4-Integ02': 1}, 'condLeavingTempSp': {'N4-Integ02': 1}, 'twrLeavingTempSp': {'N4-Integ02': 3}}",condLeavingTempSp,N4-Integ06:condLeavingTempSp,
dehum mode,dehumidEnable,dehumidEnable,False,3,5,4.0,2.0,1,1,0/0,0/0,"{'dehumidEnable': {'N4-Integ02': 4}, 'dehumidifierStatus': {'N4-Integ02': 1}, 'dehumidMode': {}}",,N4-Integ06:dehumidMode,
ef cur sw,exhaustFan,exhaustFan,False,2,5,3.0,1.732,1,1,0/0,0/0,"{'exhaustFan': {'N4-Integ02': 3}, 'exhaustFanStatus': {'N4-Integ02': 2}}",,,
isovlv c,DROPPED (tie),DROPPED (tie),False,3,5,,,,,,,"{'priEnteringIsoValve': {'N4-Integ02': 2}, 'priLeavingIsoValve': {'N4-Integ02': 1}, 'twrEnteringIsoValve': {'N4-Integ02': 2}}",,,
rlf dmp cmd,exhaustDamper,exhaustDamper,False,2,5,4.0,2.0,1,1,0/0,0/0,"{'exhaustDamper': {'N4-Integ02': 4}, 'reliefDamper': {'N4-Integ04': 1}}",reliefDamper,N4-Integ06:reliefDamper,
chwr temp,secEnteringTemp,secEnteringTemp,False,2,5,4.0,2.828,2,2,0/0,0/0,"{'priEnteringTemp': {'N4-Integ03': 1}, 'secEnteringTemp': {'N4-Integ03': 2, 'N4-Integ04': 2}}",,,
hx ena,systemEnable,systemEnable,False,2,5,3.0,1.732,1,1,0/0,0/0,"{'heatingEnable': {'N4-Integ03': 2}, 'systemEnable': {'N4-Integ04': 3}}",,,
pre ht tmp sp,minOutsideTempSp,minOutsideTempSp,False,3,5,3.0,1.732,1,1,0/0,0/0,"{'minOutsideTempSp': {'N4-Integ03': 3}, 'heatingCoilDischargeTempSp': {'N4-Integ03': 1}, 'preHeatingTempSp': {'N4-Integ03': 1}}",,,
sf spd sig,dischargeFanSpeedFb,dischargeFanSpeedFb,False,2,5,4.0,2.0,1,1,0/0,0/0,"{'dischargeFanSpeedFb': {'N4-Integ03': 4}, 'returnFanSpeed': {'N4-Integ03': 1}}",,,
under flr tmp sp,zoneTempSp,zoneTempSp,False,2,5,3.0,1.732,1,1,0/0,0/0,"{'dischargeTempSp': {'N4-Integ03': 2}, 'zoneTempSp': {'N4-Integ03': 3}}",,,
chiller capacity,chillerLoad,chillerLoad,False,2,5,3.0,1.732,1,1,0/0,0/0,"{'chillerLoad': {'N4-Integ04': 3}, 'chillerSpeedFb': {'N4-Integ04': 2}}",,N4-Integ06:chillerDemand,
cooling state,DROPPED (tie),DROPPED (tie),False,3,4,,,,,,,"{'coolingStatus': {}, 'coolingEnable': {'N4-Integ02': 2}, 'coolingStage': {'N4-Integ02': 2}}",,,
steamvlv cmd,DROPPED (tie),DROPPED (tie),False,3,4,,,,,,,"{'steamValve': {}, 'heatingValveOneThird': {'N4-Integ02': 2}, 'heatingValveTwoThird': {'N4-Integ02': 2}}",,,
hw pump status,heatingCoilPumpStatus,heatingCoilPumpStatus,False,2,4,3.0,2.414,1,1,1/0,1/0,"{'heatingCoilPumpStatus': {'N4-Integ03': 2}, 'priPumpStatus': {'N4-Integ01': 2}}",,,
chilled water return temp,coolingCoilLeavingTemp,coolingCoilLeavingTemp,False,2,4,4.0,2.0,1,1,0/0,0/0,"{'evapEnteringTemp': {}, 'coolingCoilLeavingTemp': {'N4-Integ02': 4}}",,,
oa min cfm,outsideFlow,outsideFlow,False,2,4,4.0,2.0,1,1,0/0,0/0,"{'minOutsideFlow': {}, 'outsideFlow': {'N4-Integ02': 4}}",,,
chiller cw lev tt,condLeavingTemp,condLeavingTemp,False,2,4,3.0,1.732,1,1,0/0,0/0,"{'condLeavingTemp': {'N4-Integ01': 3}, 'evapLeavingTemp': {'N4-Integ01': 1}}",,,
chw r tmp,secEnteringTemp,secEnteringTemp,False,3,4,2.0,2.0,2,2,0/0,0/0,"{'evapEnteringTemp': {'N4-Integ01': 1}, 'priEnteringTemp': {'N4-Integ01': 1}, 'secEnteringTemp': {'N4-Integ01': 1, 'N4-Integ02': 1}}",,,
chw s tmp,secLeavingTemp,secLeavingTemp,False,3,4,2.0,2.0,2,2,0/0,0/0,"{'evapLeavingTemp': {'N4-Integ01': 1}, 'priLeavingTemp': {'N4-Integ01': 1}, 'secLeavingTemp': {'N4-Integ01': 1, 'N4-Integ02': 1}}",,,
cw pump s s,DROPPED (tie),DROPPED (tie),False,2,4,,,,,,,"{'priPump': {'N4-Integ01': 2}, 'condPump': {'N4-Integ01': 2}}",,,
cw pump vfd,DROPPED (tie),DROPPED (tie),False,2,4,,,,,,,"{'priPumpSpeed': {'N4-Integ01': 2}, 'condPumpSpeed': {'N4-Integ01': 2}}",,,
cw s tmp,twrLeavingTemp,twrLeavingTemp,False,3,4,2.0,1.414,1,1,0/0,0/0,"{'priLeavingTemp': {'N4-Integ01': 1}, 'condLeavingTemp': {'N4-Integ02': 1}, 'twrLeavingTemp': {'N4-Integ02': 2}}",,,
ev ent wtr tmp,DROPPED (tie),DROPPED (tie),False,2,4,,,,,,,"{'evapEnteringTemp': {'N4-Integ01': 2}, 'evapReturnTemp': {'N4-Integ02': 2}}",,,
hwp vfd,priPumpSpeed,priPumpSpeed,False,2,4,3.0,1.732,1,1,0/0,0/0,"{'priPumpSpeed': {'N4-Integ01': 3}, 'secPumpSpeed': {'N4-Integ01': 1}}",,,
hw dp sp,secPressureDeltaSp,secPressureDeltaSp,False,2,4,3.0,1.732,1,1,0/0,0/0,"{'priPressureDeltaSp': {'N4-Integ01': 1}, 'secPressureDeltaSp': {'N4-Integ04': 3}}",,,
rf cmd sts,returnFan,returnFan,False,2,4,3.0,1.732,1,1,0/0,0/0,"{'exhaustFan': {'N4-Integ01': 1}, 'returnFan': {'N4-Integ01': 3}}",,,
ut blr blr ena,boiler,boiler,False,2,4,3.0,1.732,1,1,0/0,0/0,"{'boiler': {'N4-Integ01': 3}, 'systemEnable': {'N4-Integ01': 1}}",,,
unit enable,systemEnable,systemEnable,False,2,4,3.0,2.414,2,2,0/0,0/0,"{'occupancyMode': {'N4-Integ01': 1}, 'systemEnable': {'N4-Integ01': 2, 'N4-Integ02': 1}}",,,
nvo drv speed,secPumpSpeed,secPumpSpeed,False,3,4,2.0,1.414,1,1,0/0,0/0,"{'secPumpSpeed': {'N4-Integ01': 2}, 'twrFanSpeed': {'N4-Integ01': 1}, 'dischargeFanSpeedFb': {'N4-Integ02': 1}}",,,
cwpb s,condPumpStatus,condPumpStatus,False,3,4,2.0,1.414,1,1,0/0,0/0,"{'condPumpStatus': {'N4-Integ02': 2}, 'secPumpStatus': {'N4-Integ02': 1}, 'condPump': {'N4-Integ02': 1}}",,,
cwr v,condLeavingIsoValve,condLeavingIsoValve,False,3,4,2.0,1.414,1,1,0/0,0/0,"{'condLeavingIsoValve': {'N4-Integ02': 2}, 'coolingValve': {'N4-Integ02': 1}, 'priLeavingIsoValve': {'N4-Integ02': 1}}",,,
cws temp sp,condEnteringTempSp,condEnteringTempSp,False,2,4,3.0,1.732,1,1,0/0,0/0,"{'condEnteringTempSp': {'N4-Integ02': 3}, 'condLeavingTempSp': {'N4-Integ02': 1}}",,,
hw pmp ena,DROPPED (tie),DROPPED (tie),False,2,4,,,,,,,"{'secPump': {'N4-Integ02': 2}, 'priPump': {'N4-Integ02': 2}}",heatingCoilPumpEnable,,
humidity sp,DROPPED (tie),DROPPED (tie),False,2,4,,,,,,,"{'returnHumiditySp': {'N4-Integ02': 2}, 'zoneHumiditySp': {'N4-Integ02': 2}}",,,
sec hwr tmp,secEnteringTemp,secEnteringTemp,False,2,4,3.0,1.732,1,1,0/0,0/0,"{'secEnteringTemp': {'N4-Integ02': 3}, 'secLeavingTemp': {'N4-Integ04': 1}}",,,
chl chw iso vlv pos,DROPPED (tie),DROPPED (tie),False,2,4,,,,,,,"{'condIsoValveFb': {'N4-Integ03': 2}, 'evapIsoValveFb': {'N4-Integ03': 2}}",,,
cwp cw pmp spd,condPumpSpeed,condPumpSpeed,False,3,4,2.0,1.414,1,1,0/0,0/0,"{'evapPumpFrequency': {'N4-Integ03': 1}, 'condPumpFrequency': {'N4-Integ03': 1}, 'condPumpSpeed': {'N4-Integ04': 2}}",,,
schw pump status,secPumpStatus,secPumpStatus,False,2,4,3.0,1.732,1,1,0/0,0/0,"{'pumpEnable': {'N4-Integ03': 1}, 'secPumpStatus': {'N4-Integ03': 3}}",,,
cond water return temp,twrEnteringTemp,twrEnteringTemp,False,2,3,3.0,1.732,1,1,0/0,0/0,"{'condEnteringTemp': {}, 'twrEnteringTemp': {'N4-Integ03': 3}}",,,
min oa sp,minOutsideDamperMinSp,minOutsideDamperMinSp,False,3,3,3.0,3.0,0,0,3/0,3/0,"{'minOutsideDamperMinSp': {}, 'minOutsideDamper': {'N4-Integ02': 1}, 'outsideFlowMinSp': {'N4-Integ02': 2}}",,,
ra fan sig,returnFanSpeed,returnFanSpeed,False,2,3,3.0,1.732,1,1,0/0,0/0,"{'returnFan': {}, 'returnFanSpeed': {'N4-Integ01': 3}}",,,
hw sup t,secLeavingTemp,secLeavingTemp,False,2,3,3.0,1.732,1,1,0/0,0/0,"{'heatingCoilLeavingTemp': {}, 'secLeavingTemp': {'N4-Integ01': 3}}",,,
chws flow,evapLeavingFlow,evapLeavingFlow,False,4,3,2.0,2.0,0,0,2/0,2/0,"{'evapLeavingFlow': {}, 'priLeavingFlow': {'N4-Integ03': 1}, 'secLeavingFlow': {'N4-Integ04': 1}, 'secEnteringFlow': {'N4-Integ04': 1}}",,,
chw pmp fdbk,secPumpSpeedFb,secPumpSpeedFb,False,2,3,3.0,1.732,1,1,0/0,0/0,"{'evapPumpStatus': {}, 'secPumpSpeedFb': {'N4-Integ02': 3}}",,,
oa humidity,outsideHumidity,outsideHumidity,False,2,3,6.0,6.0,2,2,4/0,4/0,"{'outsideHumidity': {'N4-Integ02': 1, 'N4-Integ03': 1}, 'outsideHumidty': {'N4-Integ01': 1}}",,,
condp start control,condPump,condPump,False,2,3,2.0,1.414,1,1,0/0,0/0,"{'condPump': {'N4-Integ01': 2}, 'condfPump': {'N4-Integ01': 1}}",,,
ct enable,twrFan,twrFan,False,2,3,3.0,1.732,1,1,0/0,0/0,"{'twrFan': {'N4-Integ01': 3}, 'twrEnable': {}}",,,
chw p1 sts,secPumpStatus,secPumpStatus,False,2,3,2.0,2.0,2,2,0/0,0/0,"{'evapPumpStatus': {'N4-Integ01': 1}, 'secPumpStatus': {'N4-Integ02': 1, 'N4-Integ04': 1}}",,,
chw p2 sts,secPumpStatus,secPumpStatus,False,2,3,2.0,2.0,2,2,0/0,0/0,"{'evapPumpStatus': {'N4-Integ01': 1}, 'secPumpStatus': {'N4-Integ02': 1, 'N4-Integ04': 1}}",,,
cw p1 sts,condPumpStatus,condPumpStatus,False,2,3,2.0,2.0,2,2,0/0,0/0,"{'condPumpStatus': {'N4-Integ01': 1, 'N4-Integ02': 1}, 'priPumpStatus': {'N4-Integ01': 1}}",condPumpStatus,,
heat ex ecw,evapEnteringTemp,evapEnteringTemp,False,2,3,2.0,1.414,1,1,0/0,0/0,"{'condEnteringTemp': {'N4-Integ01': 1}, 'evapEnteringTemp': {'N4-Integ01': 2}}",,,
stop run state,secPumpStatus,secPumpStatus,False,2,3,2.0,1.414,1,1,0/0,0/0,"{'secPumpStatus': {'N4-Integ01': 2}, 'twrFanStatus': {'N4-Integ01': 1}}",,,
nvi ref pcnt vfd speed stpt,secPumpSpeedSp,secPumpSpeedSp,False,2,3,2.0,1.414,1,1,0/0,0/0,"{'secPumpSpeedSp': {'N4-Integ01': 2}, 'twrFanSpeedSp': {'N4-Integ01': 1}}",,,
nvo drv curnt,secPumpCurrent,secPumpCurrent,False,2,3,2.0,1.414,1,1,0/0,0/0,"{'secPumpCurrent': {'N4-Integ01': 2}, 'twrFanCurrent': {'N4-Integ01': 1}}",,,
nvo drv pwr,secPumpPowerReal,secPumpPowerReal,False,2,3,2.0,1.414,1,1,0/0,0/0,"{'secPumpPowerReal': {'N4-Integ01': 2}, 'twrFanPowerReal': {'N4-Integ01': 1}}",,,
nvo output hz,secPumpFrequency,secPumpFrequency,False,2,3,2.0,1.414,1,1,0/0,0/0,"{'secPumpFrequency': {'N4-Integ01': 2}, 'twrFanFrequency': {'N4-Integ01': 1}}",,,
blr blr ena,boiler,boiler,False,2,3,2.0,1.414,1,1,0/0,0/0,"{'boiler': {'N4-Integ02': 2}, 'systemEnable': {'N4-Integ03': 1}}",,,
blr iso vlv cmd,priEnteringIsoValve,priEnteringIsoValve,False,2,3,2.0,1.414,1,1,0/0,0/0,"{'priEnteringIsoValve': {'N4-Integ02': 2}, 'priLeavingIsoValve': {'N4-Integ02': 1}}",,,
chwbypv o,secBypassValve,secBypassValve,False,2,3,2.0,2.0,2,2,0/0,0/0,"{'secBypassValve': {'N4-Integ02': 1, 'N4-Integ04': 1}, 'bypassValve': {'N4-Integ02': 1}}",,,
cw sup tmp,condLeavingTemp,condLeavingTemp,False,2,3,2.0,1.414,1,1,0/0,0/0,"{'condLeavingTemp': {'N4-Integ02': 2}, 'twrLeavingTemp': {'N4-Integ04': 1}}",,,
dps,dischargeEnthalpySp,dischargeEnthalpySp,False,2,3,2.0,1.414,1,1,0/0,0/0,"{'dischargeEnthalpySp': {'N4-Integ02': 2}, 'secPressureDeltaSp': {'N4-Integ02': 1}}",,,
fa byp dpr,faceDamper,faceDamper,False,2,3,2.0,1.414,1,1,0/0,0/0,"{'faceBypassDamper': {'N4-Integ02': 1}, 'faceDamper': {'N4-Integ02': 2}}",,,
gly pmp sts,recPumpStatus,recPumpStatus,False,2,3,2.0,1.414,1,1,0/0,0/0,"{'recPumpStatus': {'N4-Integ02': 2}, 'circPumpStatus': {'N4-Integ04': 1}}",secPumpStatus,,
hw byp vlv cmd,secBypassValve,secBypassValve,False,2,3,2.0,2.0,2,2,0/0,0/0,"{'secBypassValve': {'N4-Integ02': 1, 'N4-Integ04': 1}, 'bypassValve': {'N4-Integ04': 1}}",,,
hxhwr tmp,secEnteringTemp,secEnteringTemp,False,2,3,2.0,1.414,1,1,0/0,0/0,"{'secEnteringTemp': {'N4-Integ02': 2}, 'priEnteringTemp': {'N4-Integ04': 1}}",,,
hxu sew t,secEnteringTemp,secEnteringTemp,False,2,3,2.0,1.414,1,1,0/0,0/0,"{'secEnteringTemp': {'N4-Integ02': 2}, 'secLeavingTemp': {'N4-Integ02': 1}}",,,
hxu slw t,secLeavingTemp,secLeavingTemp,False,2,3,2.0,1.414,1,1,0/0,0/0,"{'secLeavingTemp': {'N4-Integ02': 2}, 'secEnteringTemp': {'N4-Integ02': 1}}",,,
pchwp ss,priPump,priPump,False,2,3,2.0,1.414,1,1,0/0,0/0,"{'priPump': {'N4-Integ02': 2}, 'priPumpStatus': {'N4-Integ02': 1}}",,,
rlf o,returnFanSpeed,returnFanSpeed,False,2,3,2.0,1.414,1,1,0/0,0/0,"{'exhaustDamper': {'N4-Integ02': 1}, 'returnFanSpeed': {'N4-Integ04': 2}}",,,
bo chwp ss,evapPump,evapPump,False,2,3,2.0,1.414,1,1,0/0,0/0,"{'evapPump': {'N4-Integ03': 2}, 'evapPumpStatus': {'N4-Integ03': 1}}",,,
ch liq flow switch stat,evapFlowStatus,evapFlowStatus,False,2,3,2.0,1.414,1,1,0/0,0/0,"{'evapFlowStatus': {'N4-Integ03': 2}, 'evapLeavingFlow': {'N4-Integ03': 1}}",,,
chl ena cmd,chiller,chiller,False,2,3,2.0,1.414,1,1,0/0,0/0,"{'chiller': {'N4-Integ03': 2}, 'chillerStatus': {'N4-Integ03': 1}}",,,
cnd flow switch stat,condLeavingFlow,condLeavingFlow,False,2,3,2.0,1.414,1,1,0/0,0/0,"{'condFlowStatus': {'N4-Integ03': 1}, 'condLeavingFlow': {'N4-Integ03': 2}}",,,
chw dp sp,secPressureDeltaSp,secPressureDeltaSp,False,2,3,2.0,1.414,1,1,0/0,0/0,"{'priPressureDeltaSp': {'N4-Integ03': 1}, 'secPressureDeltaSp': {'N4-Integ04': 2}}",secPressureDeltaSp,,
chw s temp,evapLeavingTemp,evapLeavingTemp,False,2,3,2.0,1.414,1,1,0/0,0/0,"{'evapLeavingTemp': {'N4-Integ03': 2}, 'secLeavingTemp': {'N4-Integ03': 1}}",,,
cw s temp,condLeavingTemp,condLeavingTemp,False,2,3,2.0,1.414,1,1,0/0,0/0,"{'condEnteringTemp': {'N4-Integ03': 1}, 'condLeavingTemp': {'N4-Integ03': 2}}",,,
phc tmp sp,preHeatingCoilDischargeTempSp,preHeatingCoilDischargeTempSp,False,2,3,2.0,1.414,1,1,0/0,0/0,"{'preHeatingCoilDischargeTempSp': {'N4-Integ03': 2}, 'preHeatingTempSp': {'N4-Integ03': 1}}",,,
smp pmp sts,secPumpStatus,secPumpStatus,False,2,3,3.0,1.732,1,1,0/0,0/0,"{'secPumpStatus': {'N4-Integ03': 3}, 'sumpPumpStatus': {}}",,,
sa pr sp,dischargePressureSp,dischargePressureSp,False,2,3,2.0,1.414,1,1,0/0,0/0,"{'dischargePressure': {'N4-Integ03': 1}, 'dischargePressureSp': {'N4-Integ03': 2}}",,,
bst pmp en,circPumpEnable,circPumpEnable,False,2,3,2.0,1.414,1,1,0/0,0/0,"{'circPump': {'N4-Integ04': 1}, 'circPumpEnable': {'N4-Integ04': 2}}",,,
ch ena twr,chiller,chiller,False,2,3,2.0,1.414,1,1,0/0,0/0,"{'chiller': {'N4-Integ04': 2}, 'twrEnable': {'N4-Integ04': 1}}",,,
cond sat temp,compDischargeSatTemp,compDischargeSatTemp,False,2,3,2.0,1.414,1,1,0/0,0/0,"{'compDischargeSatTemp': {'N4-Integ04': 2}, 'compLiquidLineTemp': {'N4-Integ04': 1}}",,N4-Integ06:compDischargeSatTemp,
dc f1 dc fan sts,dischargeFanSpeed,dischargeFanSpeed,False,2,3,2.0,1.414,1,1,0/0,0/0,"{'dischargeFanStatus': {'N4-Integ04': 1}, 'dischargeFanSpeed': {'N4-Integ04': 2}}",,,
ecn mode,econMode,econMode,False,2,3,2.0,1.414,1,1,0/0,0/0,"{'econEnable': {'N4-Integ04': 1}, 'econMode': {'N4-Integ04': 2}}",,,
evap pressure,compEnteringPressure,compEnteringPressure,False,2,3,2.0,1.414,1,1,0/0,0/0,"{'compEnteringPressure': {'N4-Integ04': 2}, 'compSuctionPressure': {'N4-Integ04': 1}}",,N4-Integ06:evapLeavingPressure,
evap sat temp,compEnteringTemp,compEnteringTemp,False,2,3,2.0,1.414,1,1,0/0,0/0,"{'compEnteringTemp': {'N4-Integ04': 2}, 'compSuctionSatTemp': {'N4-Integ04': 1}}",,N4-Integ06:compSuctionSatTemp,
inlet tmp,priEnteringTemp,priEnteringTemp,False,2,3,3.0,1.732,1,1,0/0,0/0,"{'priEnteringTemp': {'N4-Integ04': 3}, 'inletTemp': {}}",,,
boiler stat,systemActive,systemActive,False,2,2,2.0,1.414,1,1,0/0,0/0,"{'boilerStatus': {}, 'systemActive': {'N4-Integ03': 2}}",,,
econ available,econEnable,econEnable,False,2,2,2.0,2.0,2,2,0/0,0/0,"{'econStatus': {}, 'econEnable': {'N4-Integ02': 1, 'N4-Integ04': 1}}",,,
occupied cool spt,occupiedCoolSp,occupiedCoolSp,False,2,2,3.0,3.0,1,1,2/0,2/0,"{'occupiedCoolSp': {'N4-Integ02': 1}, 'unoccupiedCoolSp': {'N4-Integ02': 1}}",,,
stm vlv pos cmd,priHeatingValve,priHeatingValve,False,2,2,2.0,1.414,1,1,0/0,0/0,"{'steamValve': {}, 'priHeatingValve': {'N4-Integ03': 2}}",,,
chw ret tmp,DROPPED (tie),DROPPED (tie),False,3,2,,,,,,,"{'evapEnteringTemp': {}, 'priEnteringTemp': {'N4-Integ02': 1}, 'secEnteringTemp': {'N4-Integ03': 1}}",,N4-Integ06:secEnteringTemp,
chw r temp,evapEnteringTemp,evapEnteringTemp,False,2,2,2.0,2.0,1,1,1/0,1/0,"{'evapEnteringTemp': {'N4-Integ03': 1}, 'secEnteringTemp': {'N4-Integ03': 1}}",,,
chw sup tmp,evapLeavingTemp,evapLeavingTemp,False,3,2,2.0,2.0,0,0,2/0,2/0,"{'evapLeavingTemp': {}, 'priLeavingTemp': {'N4-Integ02': 1}, 'secLeavingTemp': {'N4-Integ03': 1}}",,N4-Integ06:secLeavingTemp,
chwp enable,secPump,secPump,False,2,2,2.0,1.414,1,1,0/0,0/0,"{'evapPumpEnable': {}, 'secPump': {'N4-Integ03': 2}}",,,
chwp en,secPumpEnable,secPumpEnable,False,2,2,2.0,1.414,1,1,0/0,0/0,"{'evapPumpEnable': {}, 'secPumpEnable': {'N4-Integ04': 2}}",,,
chw pmp ena,DROPPED (tie),DROPPED (tie),False,3,2,,,,,,,"{'evapPumpEnable': {}, 'priPump': {'N4-Integ02': 1}, 'secPumpEnable': {'N4-Integ02': 1}}",,,
chwp status,secPumpStatus,secPumpStatus,False,2,2,2.0,1.414,1,1,0/0,0/0,"{'evapPumpStatus': {}, 'secPumpStatus': {'N4-Integ03': 2}}",,,
chw pump status,secPumpStatus,secPumpStatus,False,2,2,2.0,1.414,1,1,0/0,0/0,"{'evapPumpStatus': {}, 'secPumpStatus': {'N4-Integ03': 2}}",,,
oa min flow,outsideFlow,outsideFlow,False,2,2,2.0,1.414,1,1,0/0,0/0,"{'minOutsideFlow': {}, 'outsideFlow': {'N4-Integ02': 2}}",outsideFlowMinSp,,
v,DROPPED (tie),DROPPED (tie),False,2,2,,,,,,,"{'priValveOneThird': {'N4-Integ01': 1}, 'priValveTwoThird': {'N4-Integ01': 1}}",,,
chw diff prs,DROPPED (tie),DROPPED (tie),False,2,2,,,,,,,"{'secPressureDelta': {'N4-Integ01': 1}, 'evapPressureDelta': {'N4-Integ03': 1}}",,,
cw p01 ena,DROPPED (tie),DROPPED (tie),False,2,2,,,,,,,"{'condPump': {'N4-Integ01': 1}, 'priPump': {'N4-Integ01': 1}}",,,
cw p01 spd,DROPPED (tie),DROPPED (tie),False,2,2,,,,,,,"{'condPumpSpeed': {'N4-Integ01': 1}, 'priPumpSpeed': {'N4-Integ01': 1}}",,,
cw r tmp,DROPPED (tie),DROPPED (tie),False,2,2,,,,,,,"{'priEnteringTemp': {'N4-Integ01': 1}, 'condEnteringTemp': {'N4-Integ02': 1}}",,,
dx ena,DROPPED (tie),DROPPED (tie),False,2,2,,,,,,,"{'coolingStage': {'N4-Integ01': 1}, 'coolingStageEnable': {'N4-Integ04': 1}}",,,
hx chw s tmp,DROPPED (tie),DROPPED (tie),False,2,2,,,,,,,"{'condLeavingTemp': {'N4-Integ01': 1}, 'secLeavingTemp': {'N4-Integ01': 1}}",,,
hx cw rtmp,DROPPED (tie),DROPPED (tie),False,2,2,,,,,,,"{'condEnteringTemp': {'N4-Integ01': 1}, 'priLeavingTemp': {'N4-Integ01': 1}}",,,
hx cw stmp,DROPPED (tie),DROPPED (tie),False,2,2,,,,,,,"{'condLeavingTemp': {'N4-Integ01': 1}, 'priEnteringTemp': {'N4-Integ01': 1}}",,,
jwr temp,DROPPED (tie),DROPPED (tie),False,2,2,,,,,,,"{'priLeavingTemp': {'N4-Integ01': 1}, 'secEnteringTemp': {'N4-Integ01': 1}}",,,
p1 ct sts,DROPPED (tie),DROPPED (tie),False,2,2,,,,,,,"{'circPumpStatus': {'N4-Integ01': 1}, 'secPumpStatus': {'N4-Integ01': 1}}",,,
p1 spd,DROPPED (tie),DROPPED (tie),False,2,2,,,,,,,"{'circPumpSpeed': {'N4-Integ01': 1}, 'secPumpSpeed': {'N4-Integ01': 1}}",condPumpSpeed,,
p2 spd,DROPPED (tie),DROPPED (tie),False,2,2,,,,,,,"{'circPumpSpeed': {'N4-Integ01': 1}, 'secPumpSpeed': {'N4-Integ01': 1}}",condPumpSpeed,,
p8 cmd,DROPPED (tie),DROPPED (tie),False,2,2,,,,,,,"{'secPump': {'N4-Integ01': 1}, 'condPump': {'N4-Integ04': 1}}",,,
p8 sts,DROPPED (tie),DROPPED (tie),False,2,2,,,,,,,"{'secPumpStatus': {'N4-Integ01': 1}, 'condPumpStatus': {'N4-Integ04': 1}}",,,
pchw p01 ena,DROPPED (tie),DROPPED (tie),False,2,2,,,,,,,"{'evapPump': {'N4-Integ01': 1}, 'secPump': {'N4-Integ01': 1}}",,,
pchw p1 sts,DROPPED (tie),DROPPED (tie),False,2,2,,,,,,,"{'evapPumpStatus': {'N4-Integ01': 1}, 'secPumpStatus': {'N4-Integ01': 1}}",,,
primary he return temp,DROPPED (tie),DROPPED (tie),False,2,2,,,,,,,"{'priEnteringTemp': {'N4-Integ01': 1}, 'priLeavingTemp': {'N4-Integ01': 1}}",,,
chb s,DROPPED (tie),DROPPED (tie),False,2,2,,,,,,,"{'chillerStatus': {'N4-Integ02': 1}, 'condPumpStatus': {'N4-Integ02': 1}}",,,
ct ena,systemEnable,systemEnable,False,2,2,2.0,1.414,1,1,0/0,0/0,"{'systemEnable': {'N4-Integ02': 2}, 'twrEnable': {}}",twrFan,,
cts temp,DROPPED (tie),DROPPED (tie),False,2,2,,,,,,,"{'twrLeavingTemp': {'N4-Integ02': 1}, 'condLeavingTemp': {'N4-Integ02': 1}}",,,
cvwhcs c,DROPPED (tie),DROPPED (tie),False,2,2,,,,,,,"{'priMixingValve': {'N4-Integ02': 1}, 'secLeavingIsoValve': {'N4-Integ02': 1}}",,,
cw sp,DROPPED (tie),DROPPED (tie),False,2,2,,,,,,,"{'condLeavingTempSp': {'N4-Integ02': 1}, 'twrLeavingTempSp': {'N4-Integ04': 1}}",,,
cws sp,DROPPED (tie),DROPPED (tie),False,2,2,,,,,,,"{'secLeavingTempSp': {'N4-Integ02': 1}, 'twrLeavingTempSp': {'N4-Integ02': 1}}",,,
ch wtr vlv pos,DROPPED (tie),DROPPED (tie),False,2,2,,,,,,,"{'coolingValve': {'N4-Integ02': 1}, 'coolingValveFb': {'N4-Integ02': 1}}",,,
dp,DROPPED (tie),DROPPED (tie),False,2,2,,,,,,,"{'secLeavingPressure': {'N4-Integ02': 1}, 'secPressureDelta': {'N4-Integ02': 1}}",,,
hrwe t,DROPPED (tie),DROPPED (tie),False,2,2,,,,,,,"{'wheelExhaustTemp': {'N4-Integ02': 1}, 'wheelReturnTemp': {'N4-Integ02': 1}}",,,
hrwr t,DROPPED (tie),DROPPED (tie),False,2,2,,,,,,,"{'wheelExhaustTemp': {'N4-Integ02': 1}, 'wheelReturnTemp': {'N4-Integ02': 1}}",,,
ht rec sw tmp,DROPPED (tie),DROPPED (tie),False,2,2,,,,,,,"{'recEaCoilEnteringTemp': {'N4-Integ02': 1}, 'recEaCoilLeavingTemp': {'N4-Integ02': 1}}",,,
hx vlv,DROPPED (tie),DROPPED (tie),False,2,2,,,,,,,"{'priValveOneThird': {'N4-Integ02': 1}, 'priValveTwoThird': {'N4-Integ02': 1}}",,,
phw f,DROPPED (tie),DROPPED (tie),False,2,2,,,,,,,"{'heatingCoilEnteringFlow': {'N4-Integ02': 1}, 'secEnteringFlow': {'N4-Integ04': 1}}",,,
pchwp sts,DROPPED (tie),DROPPED (tie),False,2,2,,,,,,,"{'priPump': {'N4-Integ02': 1}, 'priPumpStatus': {'N4-Integ02': 1}}",,,
sys,DROPPED (tie),DROPPED (tie),False,2,2,,,,,,,"{'chiller': {'N4-Integ02': 1}, 'chillerEnable': {'N4-Integ02': 1}}",,,
af w spd,DROPPED (tie),DROPPED (tie),False,2,2,,,,,,,"{'dischargeFanSpeed': {'N4-Integ03': 1}, 'returnFanSpeed': {'N4-Integ03': 1}}",,,
af w sts,DROPPED (tie),DROPPED (tie),False,2,2,,,,,,,"{'dischargeFanStatus': {'N4-Integ03': 1}, 'returnFanStatus': {'N4-Integ03': 1}}",,,
cdp iso vlv pos,DROPPED (tie),DROPPED (tie),False,2,2,,,,,,,"{'condIsoValveFb': {'N4-Integ03': 1}, 'evapIsoValveFb': {'N4-Integ03': 1}}",,,
ct enbl,twrFan,twrFan,False,2,2,2.0,1.414,1,1,0/0,0/0,"{'twrFan': {'N4-Integ03': 2}, 'twrEnable': {}}",,,
chw sys enab,DROPPED (tie),DROPPED (tie),False,2,2,,,,,,,"{'chillerEnable': {'N4-Integ03': 1}, 'systemEnable': {'N4-Integ03': 1}}",,,
ea dmp sts,DROPPED (tie),DROPPED (tie),False,2,2,,,,,,,"{'exhaustDamper': {'N4-Integ03': 1}, 'exhaustDamperFb': {'N4-Integ03': 1}}",exhaustDamperFb,,
flw rat,DROPPED (tie),DROPPED (tie),False,2,2,,,,,,,"{'dischargeFlow': {'N4-Integ03': 1}, 'secLeavingFlow': {'N4-Integ03': 1}}",,,
hw diff prs,DROPPED (tie),DROPPED (tie),False,2,2,,,,,,,"{'secPressureDelta': {'N4-Integ03': 1}, 'secLeavingPressure': {'N4-Integ04': 1}}",,,
chl v4 v7 cmd,DROPPED (tie),DROPPED (tie),False,2,2,,,,,,,"{'condEnteringIsoValve': {'N4-Integ04': 1}, 'evapEnteringIsoValve': {'N4-Integ04': 1}}",,,
chl v4 v7 sts,DROPPED (tie),DROPPED (tie),False,2,2,,,,,,,"{'condEnteringIsoValveFb': {'N4-Integ04': 1}, 'evapEnteringIsoValveFb': {'N4-Integ04': 1}}",,,
chl v5 v8 cmd,DROPPED (tie),DROPPED (tie),False,2,2,,,,,,,"{'condEnteringIsoValve': {'N4-Integ04': 1}, 'evapEnteringIsoValve': {'N4-Integ04': 1}}",,,
chl v5 v8 sts,DROPPED (tie),DROPPED (tie),False,2,2,,,,,,,"{'condEnteringIsoValveFb': {'N4-Integ04': 1}, 'evapEnteringIsoValveFb': {'N4-Integ04': 1}}",,,
chl v6 v9 cmd,DROPPED (tie),DROPPED (tie),False,2,2,,,,,,,"{'condEnteringIsoValve': {'N4-Integ04': 1}, 'evapEnteringIsoValve': {'N4-Integ04': 1}}",,,
chl v6 v9 sts,DROPPED (tie),DROPPED (tie),False,2,2,,,,,,,"{'condEnteringIsoValveFb': {'N4-Integ04': 1}, 'evapEnteringIsoValveFb': {'N4-Integ04': 1}}",,,
dtwr tmp,DROPPED (tie),DROPPED (tie),False,2,2,,,,,,,"{'waterCoilLeavingTemp': {'N4-Integ04': 1}, 'waterLeavingTemp': {'N4-Integ04': 1}}",,,
hf s,DROPPED (tie),DROPPED (tie),False,2,2,,,,,,,"{'exhaustFanStatus': {'N4-Integ04': 1}, 'outsideFanStatus': {'N4-Integ04': 1}}",,,
hx free clg vlv cmd,DROPPED (tie),DROPPED (tie),False,2,2,,,,,,,"{'priEnteringIsoValve': {'N4-Integ04': 1}, 'secLeavingIsoValve': {'N4-Integ04': 1}}",,,
hx mech clg vlv cmd,DROPPED (tie),DROPPED (tie),False,2,2,,,,,,,"{'condEnteringIsoValve': {'N4-Integ04': 1}, 'evapLeavingIsoValve': {'N4-Integ04': 1}}",,,
oad c,DROPPED (tie),DROPPED (tie),False,2,2,,,,,,,"{'outsideIsoDamper': {'N4-Integ04': 1}, 'outsideDamper': {'N4-Integ04': 1}}",,,
s sp,DROPPED (tie),DROPPED (tie),False,2,2,,,,,,,"{'dischargeFlow': {'N4-Integ04': 1}, 'dischargePressure': {'N4-Integ04': 1}}",,,
bypass valve,bypassValve,bypassValve,False,2,1,18.0,18.0,0,0,18/0,18/0,"{'bypassValve': {}, 'evapBypassValve': {'N4-Integ02': 1}}",,,
chiller cmd,chillerEnable,chillerEnable,False,2,1,5.0,5.0,0,0,5/0,5/0,"{'chillerEnable': {}, 'systemEnable': {'N4-Integ02': 1}}",,,
comp,comp,comp,False,2,1,4.0,4.0,0,0,4/0,4/0,"{'comp': {}, 'coolingStage': {'N4-Integ02': 1}}",,,
dehum enable,dehumidEnable (override),dehumidEnable (override),False,2,1,,,,,,,"{'dehumidEnable': {'N4-Integ02': 1}, 'dehumidifier': {}}",,,
dew point,zoneDewpoint,zoneDewpoint,False,2,1,6.0,6.0,0,0,6/0,6/0,"{'zoneDewpoint': {}, 'outsideDewpoint': {'N4-Integ01': 1}}",,,
economizer status,econStatus (override),econStatus (override),False,2,1,,,,,,,"{'econEnable': {'N4-Integ03': 1}, 'econStatus': {}}",,,
htg status,heatingStatus,heatingStatus,False,2,1,4.0,4.0,0,0,4/0,4/0,"{'heatingStatus': {}, 'heatingStageStatus': {'N4-Integ04': 1}}",,,
min oa setpoint,minOutsideDamperMinSp,minOutsideDamperMinSp,False,2,1,2.0,2.0,0,0,2/0,2/0,"{'minOutsideDamperMinSp': {}, 'minOutsideFlow': {'N4-Integ02': 1}}",,,
oa min flow spt,minOutsideFlowSp (override),minOutsideFlowSp (override),False,3,1,,,,,,,"{'minOutsideDamperMinSp': {}, 'minOutsideFlowSp': {}, 'outsideFlowMinSp': {'N4-Integ02': 1}}",,,
dehum dmd,dehumidDemand,dehumidDemand,False,2,1,3.0,3.0,0,0,3/0,3/0,"{'dehumidDemand': {}, 'dehumidifierDemand': {'N4-Integ02': 1}}",,,
dehum sp,dehumidSp,dehumidSp,False,2,1,5.0,5.0,0,0,5/0,5/0,"{'dehumidSp': {}, 'zoneHumiditySp': {'N4-Integ04': 1}}",,,
ea fan cmd,exhaustFanEnable,exhaustFanEnable,False,2,1,3.0,3.0,0,0,3/0,3/0,"{'exhaustFanEnable': {}, 'exhaustFan': {'N4-Integ01': 1}}",,,
chw sup temp,evapLeavingTemp,evapLeavingTemp,False,2,1,5.0,5.0,0,0,5/0,5/0,"{'evapLeavingTemp': {}, 'secLeavingTemp': {'N4-Integ01': 1}}",,,
chw sup t,evapLeavingTemp,evapLeavingTemp,False,2,1,3.0,3.0,0,0,3/0,3/0,"{'evapLeavingTemp': {}, 'secLeavingTemp': {'N4-Integ01': 1}}",,,
hw return temp,heatingCoilEnteringTemp,heatingCoilEnteringTemp,False,2,1,2.0,2.0,0,0,2/0,2/0,"{'heatingCoilEnteringTemp': {}, 'secEnteringTemp': {'N4-Integ03': 1}}",,,
unit status,unitStatus,unitStatus,False,2,1,2.0,2.0,0,0,2/0,2/0,"{'unitStatus': {}, 'chillerStatus': {'N4-Integ03': 1}}",,N4-Integ06:chillerStatus,
rh vlv pos,reHeatingValveFb,reHeatingValveFb,False,2,1,4.0,4.0,0,0,4/0,4/0,"{'reHeatingValveFb': {}, 'heatingValve': {'N4-Integ04': 1}}",,,
htg dmd,zoneHeatingDemand,zoneHeatingDemand,False,2,1,5.0,5.0,0,0,5/0,5/0,"{'zoneHeatingDemand': {}, 'heatingDemand': {'N4-Integ02': 1}}",,,
stm tmp,priEnteringTemp,priEnteringTemp,False,2,1,1.0,1.0,1,1,0/0,0/0,"{'priEnteringTemp': {'N4-Integ03': 1}, 'steamTemp': {}}",,,
zone temp max sp,zoneTempMaxSp (override),zoneTempMaxSp (override),False,2,0,,,,,,,"{'zoneTempMaxSp': {}, 'zoneTempHiSp': {}}",,,
zntm spt,DROPPED (override),DROPPED (override),False,2,0,,,,,,,"{'zoneTempMaxSp': {}, 'zoneTempMinSp': {}}",,,
zntm sp,DROPPED (override),DROPPED (override),False,2,0,,,,,,,"{'zoneTempMaxSp': {}, 'zoneTempMinSp': {}}",,,
chilleralarm,chillerAlarm (override),chillerAlarm (override),False,2,0,,,,,,,"{'chillerAlarm': {}, 'chillerFault': {}}",,,
chiller alarm,chillerAlarm (override),chillerAlarm (override),False,2,0,,,,,,,"{'chillerAlarm': {}, 'chillerFault': {}}",,,
ch alarm,chillerAlarm (override),chillerAlarm (override),False,2,0,,,,,,,"{'chillerAlarm': {}, 'chillerFault': {}}",,,
bypass dmpr pos,bypassDamperFb (override),bypassDamperFb (override),False,2,0,,,,,,,"{'bypassDamper': {}, 'bypassDamperFb': {}}",,,
bypass damper pos,DROPPED (override),DROPPED (override),False,2,0,,,,,,,"{'bypassDamperFb': {}, 'bypassDamper': {}}",,,
byp dmpr pos,bypassDamperFb (override),bypassDamperFb (override),False,2,0,,,,,,,"{'bypassDamperFb': {}, 'bypassDamper': {}}",,,
comp start,compEnable (override),compEnable (override),False,2,0,,,,,,,"{'comp': {}, 'compEnable': {}}",,,
cmp start,compEnable (override),compEnable (override),False,2,0,,,,,,,"{'comp': {}, 'compEnable': {}}",,,
compressor start,compEnable (override),compEnable (override),False,2,0,,,,,,,"{'comp': {}, 'compEnable': {}}",,,
compfault,compFault (override),compFault (override),False,2,0,,,,,,,"{'compAlarm': {}, 'compFault': {}}",,,
comp fault,compFault (override),compFault (override),False,2,0,,,,,,,"{'compAlarm': {}, 'compFault': {}}",,,
compflt,compFault (override),compFault (override),False,2,0,,,,,,,"{'compAlarm': {}, 'compFault': {}}",,,
comp flt,compFault (override),compFault (override),False,2,0,,,,,,,"{'compAlarm': {}, 'compFault': {}}",,,
comperror,compAlarm (override),compAlarm (override),False,2,0,,,,,,,"{'compAlarm': {}, 'compFault': {}}",,,
comp error,compFault (override),compFault (override),False,2,0,,,,,,,"{'compAlarm': {}, 'compFault': {}}",,,
cmpfault,compFault (override),compFault (override),False,2,0,,,,,,,"{'compAlarm': {}, 'compFault': {}}",,,
cmp fault,compFault (override),compFault (override),False,2,0,,,,,,,"{'compAlarm': {}, 'compFault': {}}",,,
cmpflt,compFault (override),compFault (override),False,2,0,,,,,,,"{'compAlarm': {}, 'compFault': {}}",,,
cmp flt,compFault (override),compFault (override),False,2,0,,,,,,,"{'compAlarm': {}, 'compFault': {}}",,,
cmp error,compFault (override),compFault (override),False,2,0,,,,,,,"{'compAlarm': {}, 'compFault': {}}",,,
compressorfault,compFault (override),compFault (override),False,2,0,,,,,,,"{'compAlarm': {}, 'compFault': {}}",,,
compressor fault,compFault (override),compFault (override),False,2,0,,,,,,,"{'compAlarm': {}, 'compFault': {}}",,,
compressorflt,compFault (override),compFault (override),False,2,0,,,,,,,"{'compAlarm': {}, 'compFault': {}}",,,
compressor flt,compFault (override),compFault (override),False,2,0,,,,,,,"{'compAlarm': {}, 'compFault': {}}",,,
comp en,compEnable,compEnable,False,2,0,5.0,5.0,0,0,5/0,5/0,"{'compEnable': {}, 'compEnergy': {}}",,,
cmp en,compEnable,compEnable,False,2,0,4.0,4.0,0,0,4/0,4/0,"{'compEnable': {}, 'compEnergy': {}}",,,
compressor en,compEnable,compEnable,False,2,0,4.0,4.0,0,0,4/0,4/0,"{'compEnable': {}, 'compEnergy': {}}",,,
dehumid enable,dehumidEnable (override),dehumidEnable (override),False,2,0,,,,,,,"{'dehumidEnable': {}, 'dehumidifier': {}}",,,
dehumidifier enable,dehumidEnable (override),dehumidEnable (override),False,2,0,,,,,,,"{'dehumidEnable': {}, 'dehumidifier': {}}",,,
dehumid en cmd,dehumidEnable,dehumidEnable,False,2,0,2.0,2.0,0,0,2/0,2/0,"{'dehumidEnable': {}, 'dehumidifierEnable': {}}",,,
dehumidifier enable cmd,dehumidEnable,dehumidEnable,False,2,0,1.0,1.0,0,0,1/0,1/0,"{'dehumidEnable': {}, 'dehumidifierEnable': {}}",,,
dehum setpoint,dehumidSp (override),dehumidSp (override),False,2,0,,,,,,,"{'dehumidEnableSp': {}, 'dehumidSp': {}}",,,
zone temp min sp,zoneTempMinSp (override),zoneTempMinSp (override),False,2,0,,,,,,,"{'zoneTempMinSp': {}, 'zoneTempLoSp': {}}",,,
zone temp low sp,zoneTempMinSp (override),zoneTempMinSp (override),False,2,0,,,,,,,"{'zoneTempMinSp': {}, 'zoneTempLoSp': {}}",,,
zone temperature low setpoint,DROPPED (override),DROPPED (override),False,2,0,,,,,,,"{'zoneTempMinSp': {}, 'zoneTempLoSp': {}}",,,
zone hum sp,dehumidSp (override),dehumidSp (override),False,2,0,,,,,,,"{'zoneHumiditySp': {}, 'dehumidSp': {}}",,,
space hum spt,dehumidSp (override),dehumidSp (override),False,2,0,,,,,,,"{'zoneHumiditySp': {}, 'dehumidSp': {}}",,,
zone energy,zoneEnergy (override),zoneEnergy (override),False,2,0,,,,,,,"{'zoneEnergy': {}, 'energy': {}}",,,
zone co,zoneCO,zoneCO,False,2,0,11.0,11.0,0,0,11/0,11/0,"{'zoneCO': {}, 'zoneCO2': {}}",,,
dehumidifier status,dehumidifierStatus (override),dehumidifierStatus (override),False,2,0,,,,,,,"{'dehumidifier': {}, 'dehumidifierStatus': {}}",,,
dehum status,dehumidifierStatus (override),dehumidifierStatus (override),False,2,0,,,,,,,"{'dehumidifier': {}, 'dehumidifierStatus': {}}",,,
econ status,econStatus (override),econStatus (override),False,2,0,,,,,,,"{'econEnable': {}, 'econStatus': {}}",,,
econo status,econStatus (override),econStatus (override),False,2,0,,,,,,,"{'econEnable': {}, 'econStatus': {}}",,,
econ state,econStatus (override),econStatus (override),False,2,0,,,,,,,"{'econStatus': {}, 'econMode': {}}",,,
economizer state,econStatus (override),econStatus (override),False,2,0,,,,,,,"{'econStatus': {}, 'econMode': {}}",,,
econo state,econStatus (override),econStatus (override),False,2,0,,,,,,,"{'econStatus': {}, 'econMode': {}}",,,
economizer mode,econMode (override),econMode (override),False,2,0,,,,,,,"{'econStatus': {}, 'econMode': {}}",,,
exhaust cmd,exhaustFanEnable (override),exhaustFanEnable (override),False,2,0,,,,,,,"{'exhaustDamper': {}, 'exhaustFanEnable': {}}",,,
enable freeze protection,freezeProtectEnable (override),freezeProtectEnable (override),False,2,0,,,,,,,"{'freezeProtect': {}, 'freezeProtectEnable': {}}",,,
enable frost protection,freezeProtectEnable (override),freezeProtectEnable (override),False,2,0,,,,,,,"{'freezeProtect': {}, 'freezeProtectEnable': {}}",,,
enable frz protect,freezeProtectEnable (override),freezeProtectEnable (override),False,2,0,,,,,,,"{'freezeProtect': {}, 'freezeProtectEnable': {}}",,,
enable frz pro,freezeProtectEnable (override),freezeProtectEnable (override),False,2,0,,,,,,,"{'freezeProtect': {}, 'freezeProtectEnable': {}}",,,
freeze protect enable,freezeProtectEnable (override),freezeProtectEnable (override),False,2,0,,,,,,,"{'freezeProtect': {}, 'freezeProtectEnable': {}}",,,
frost prot enable,freezeProtectEnable (override),freezeProtectEnable (override),False,2,0,,,,,,,"{'freezeProtect': {}, 'freezeProtectEnable': {}}",,,
frz prot enable,freezeProtectEnable (override),freezeProtectEnable (override),False,2,0,,,,,,,"{'freezeProtect': {}, 'freezeProtectEnable': {}}",,,
frz protect enable,freezeProtectEnable (override),freezeProtectEnable (override),False,2,0,,,,,,,"{'freezeProtect': {}, 'freezeProtectEnable': {}}",,,
humidifier enable cmd,humidifierEnable (override),humidifierEnable (override),False,2,0,,,,,,,"{'humidifier': {}, 'humidifierEnable': {}}",,,
humidifier en cmd,humidifierEnable (override),humidifierEnable (override),False,2,0,,,,,,,"{'humidifier': {}, 'humidifierEnable': {}}",,,
humid en cmd,humidifierEnable (override),humidifierEnable (override),False,2,0,,,,,,,"{'humidifier': {}, 'humidifierEnable': {}}",,,
oa min setpoint,minOutsideFlowSp (override),minOutsideFlowSp (override),False,2,0,,,,,,,"{'minOutsideDamperMinSp': {}, 'outsideTempLoSp': {}}",,,
oa min spt,minOutsideFlowSp (override),minOutsideFlowSp (override),False,2,0,,,,,,,"{'minOutsideDamperMinSp': {}, 'minOutsideFlowSp': {}}",,,
oa minimum setpoint,minOutsideFlowSp (override),minOutsideFlowSp (override),False,2,0,,,,,,,"{'minOutsideDamperMinSp': {}, 'minOutsideFlowSp': {}}",,,
cold deck damper pos,coldDeckDamperFb (override),coldDeckDamperFb (override),False,2,0,,,,,,,"{'coldDeckDamper': {}, 'coldDeckDamperFb': {}}",,,
dis fan cmd,dischargeFan (override),dischargeFan (override),False,2,0,,,,,,,"{'dischargeFan': {}, 'dischargeFanSpeed': {}}",,,
sa temp clg lo sp,DROPPED (override),DROPPED (override),False,2,0,,,,,,,"{'dischargeTempCoolMinSp': {}, 'dischargeTempLoSp': {}}",,,
sa dehumid sp,DROPPED (override),DROPPED (override),False,2,0,,,,,,,"{'dischargeTempDehumidSp': {}, 'dischargeDehumidSp': {}}",,,
sa dehum sp,DROPPED (override),DROPPED (override),False,2,0,,,,,,,"{'dischargeTempDehumidSp': {}, 'dischargeDehumidSp': {}}",,,
supply dehumid sp,dischargeDehumidSp (override),dischargeDehumidSp (override),False,2,0,,,,,,,"{'dischargeTempDehumidSp': {}, 'dischargeDehumidSp': {}}",,,
sa dehum cmd sp,DROPPED (override),DROPPED (override),False,2,0,,,,,,,"{'dischargeTempDehumidSp': {}, 'dischargeDehumidSp': {}}",,,
sup dehum sp,DROPPED (override),DROPPED (override),False,2,0,,,,,,,"{'dischargeTempDehumidSp': {}, 'dischargeDehumidSp': {}}",,,
da dehum sp,dischargeDehumidSp (override),dischargeDehumidSp (override),False,2,0,,,,,,,"{'dischargeTempDehumidSp': {}, 'dischargeDehumidSp': {}}",,,
disch dehum sp,dischargeDehumidSp (override),dischargeDehumidSp (override),False,2,0,,,,,,,"{'dischargeTempDehumidSp': {}, 'dischargeDehumidSp': {}}",,,
chw pos,coolingValveFb (override),coolingValveFb (override),False,2,0,,,,,,,"{'coolingValve': {}, 'coolingValveFb': {}}",,,
cool valve position,coolingValveFb (override),coolingValveFb (override),False,2,0,,,,,,,"{'coolingValve': {}, 'coolingValveFb': {}}",,,
line current,DROPPED (tie),DROPPED (tie),False,4,0,,,,,,,"{'current': {}, 'currentPhaseA': {}, 'currentPhaseB': {}, 'currentPhaseC': {}}",,,
phase current,DROPPED (tie),DROPPED (tie),False,4,0,,,,,,,"{'current': {}, 'currentPhaseA': {}, 'currentPhaseB': {}, 'currentPhaseC': {}}",,,
l1 current,currentPhaseA (override),currentPhaseA (override),False,2,0,,,,,,,"{'current': {}, 'currentPhaseA': {}}",,,
l2 current,currentPhaseB (override),currentPhaseB (override),False,2,0,,,,,,,"{'current': {}, 'currentPhaseB': {}}",,,
l3 current,currentPhaseC (override),currentPhaseC (override),False,2,0,,,,,,,"{'current': {}, 'currentPhaseC': {}}",,,
compressor current,current,current,False,2,0,1.0,1.0,0,0,1/0,1/0,"{'current': {}, 'compCurrent': {}}",,,
line i,DROPPED (tie),DROPPED (tie),False,3,0,,,,,,,"{'currentPhaseA': {}, 'currentPhaseB': {}, 'currentPhaseC': {}}",,,
ph current,DROPPED (tie),DROPPED (tie),False,3,0,,,,,,,"{'currentPhaseA': {}, 'currentPhaseB': {}, 'currentPhaseC': {}}",,,
ph i,DROPPED (tie),DROPPED (tie),False,3,0,,,,,,,"{'currentPhaseA': {}, 'currentPhaseB': {}, 'currentPhaseC': {}}",,,
phase i,DROPPED (tie),DROPPED (tie),False,3,0,,,,,,,"{'currentPhaseA': {}, 'currentPhaseB': {}, 'currentPhaseC': {}}",,,
line current max,DROPPED (tie),DROPPED (tie),False,3,0,,,,,,,"{'currentPhaseAMax': {}, 'currentPhaseBMax': {}, 'currentPhaseCMax': {}}",,,
line i max,DROPPED (tie),DROPPED (tie),False,3,0,,,,,,,"{'currentPhaseAMax': {}, 'currentPhaseBMax': {}, 'currentPhaseCMax': {}}",,,
phase current max,DROPPED (tie),DROPPED (tie),False,3,0,,,,,,,"{'currentPhaseAMax': {}, 'currentPhaseBMax': {}, 'currentPhaseCMax': {}}",,,
ph currentmax,DROPPED (tie),DROPPED (tie),False,3,0,,,,,,,"{'currentPhaseAMax': {}, 'currentPhaseBMax': {}, 'currentPhaseCMax': {}}",,,
ph i max,DROPPED (tie),DROPPED (tie),False,3,0,,,,,,,"{'currentPhaseAMax': {}, 'currentPhaseBMax': {}, 'currentPhaseCMax': {}}",,,
phase i max,DROPPED (tie),DROPPED (tie),False,3,0,,,,,,,"{'currentPhaseAMax': {}, 'currentPhaseBMax': {}, 'currentPhaseCMax': {}}",,,
dehumid demand,dehumidDemand,dehumidDemand,False,2,0,6.0,6.0,0,0,6/0,6/0,"{'dehumidDemand': {}, 'dehumidifierDemand': {}}",,,
dehum demand,dehumidDemand,dehumidDemand,False,2,0,1.0,1.0,0,0,1/0,1/0,"{'dehumidDemand': {}, 'dehumidifierDemand': {}}",,,
dehum req,dehumidDemand,dehumidDemand,False,2,0,3.0,3.0,0,0,3/0,3/0,"{'dehumidDemand': {}, 'dehumidifierDemand': {}}",,,
dehumid req,dehumidDemand,dehumidDemand,False,2,0,3.0,3.0,0,0,3/0,3/0,"{'dehumidDemand': {}, 'dehumidifierDemand': {}}",,,
dehmd demand,dehumidDemand,dehumidDemand,False,2,0,4.0,4.0,0,0,4/0,4/0,"{'dehumidDemand': {}, 'dehumidifierDemand': {}}",,,
dehumidifier demand,dehumidDemand,dehumidDemand,False,2,0,4.0,4.0,0,0,4/0,4/0,"{'dehumidDemand': {}, 'dehumidifierDemand': {}}",,,
dehumd demand,dehumidDemand,dehumidDemand,False,2,0,3.0,3.0,0,0,3/0,3/0,"{'dehumidDemand': {}, 'dehumidifierDemand': {}}",,,
supply air dpt hi limit,DROPPED (override),DROPPED (override),False,2,0,,,,,,,"{'dischargeDewpointHiAlarm': {}, 'dischargeDewpointHiSp': {}}",,,
sup dpt hi limit,DROPPED (override),DROPPED (override),False,2,0,,,,,,,"{'dischargeDewpointHiAlarm': {}, 'dischargeDewpointHiSp': {}}",,,
discharge dpt hi thresh,dischargeDewpointHiSp (override),dischargeDewpointHiSp (override),False,2,0,,,,,,,"{'dischargeDewpointHiAlarm': {}, 'dischargeDewpointHiSp': {}}",,,
supply fan hz,dischargeFanFrequency (override),dischargeFanFrequency (override),False,2,0,,,,,,,"{'dischargeFanFrequency': {}, 'dischargeFanSpeed': {}}",,,
ra fan out,returnFanSpeed (override),returnFanSpeed (override),False,2,0,,,,,,,"{'returnFan': {}, 'returnFanSpeed': {}}",,,
zn co2 max sp,zoneCO2HiSp,zoneCO2HiSp,False,2,0,1.0,1.0,0,0,1/0,1/0,"{'zoneCO2HiSp': {}, 'zoneCO2MaxSp': {}}",,,
zn hi co2 trip,DROPPED (override),DROPPED (override),False,2,0,,,,,,,"{'zoneCO2HiSp': {}, 'zoneCO2Alarm': {}}",,,
min oa cfm sp,minOutsideFlowSp (override),minOutsideFlowSp (override),False,2,0,,,,,,,"{'minOutsideFlow': {}, 'minOutsideFlowSp': {}}",,,
oa min flow sp,minOutsideFlowSp (override),minOutsideFlowSp (override),False,2,0,,,,,,,"{'minOutsideFlow': {}, 'minOutsideFlowSp': {}}",,,
minoa flow sp,minOutsideFlowSp (override),minOutsideFlowSp (override),False,2,0,,,,,,,"{'minOutsideFlow': {}, 'minOutsideFlowSp': {}}",,,
oa min setting,minOutsideFlowSp (override),minOutsideFlowSp (override),False,2,0,,,,,,,"{'minOutsideFlow': {}, 'minOutsideFlowSp': {}}",,,
oa min cfm setpt,minOutsideFlowSp (override),minOutsideFlowSp (override),False,2,0,,,,,,,"{'minOutsideFlow': {}, 'minOutsideFlowSp': {}}",,,
oa min cfm target,minOutsideFlowSp (override),minOutsideFlowSp (override),False,2,0,,,,,,,"{'minOutsideFlow': {}, 'minOutsideFlowSp': {}}",,,
oa cfm min sp,minOutsideFlowSp (override),minOutsideFlowSp (override),False,2,0,,,,,,,"{'minOutsideFlow': {}, 'minOutsideFlowSp': {}}",,,
zone voc alarm,zoneVOCLevelAlarm (override),zoneVOCLevelAlarm (override),False,2,0,,,,,,,"{'zoneVOCLevelAlarm': {}, 'zoneVOCAlarm': {}}",,,
zn voc alm,zoneVOCLevelAlarm (override),zoneVOCLevelAlarm (override),False,2,0,,,,,,,"{'zoneVOCLevelAlarm': {}, 'zoneVOCAlarm': {}}",,,
zone voc min setpoint,zoneVOCMinSp (override),zoneVOCMinSp (override),False,2,0,,,,,,,"{'zoneVOCMinSp': {}, 'zoneVOCLoSp': {}}",,,
zn voc min sp,zoneVOCMinSp (override),zoneVOCMinSp (override),False,2,0,,,,,,,"{'zoneVOCMinSp': {}, 'zoneVOCLoSp': {}}",,,
zn voc min setpoint,zoneVOCMinSp (override),zoneVOCMinSp (override),False,2,0,,,,,,,"{'zoneVOCMinSp': {}, 'zoneVOCLoSp': {}}",,,
space voc min sp,zoneVOCMinSp (override),zoneVOCMinSp (override),False,2,0,,,,,,,"{'zoneVOCMinSp': {}, 'zoneVOCLoSp': {}}",,,
zone voc max setpoint,zoneVOCMaxSp (override),zoneVOCMaxSp (override),False,2,0,,,,,,,"{'zoneVOCMaxSp': {}, 'zoneVOCHiSp': {}}",,,
zn voc max sp,zoneVOCMaxSp (override),zoneVOCMaxSp (override),False,2,0,,,,,,,"{'zoneVOCMaxSp': {}, 'zoneVOCHiSp': {}}",,,
zn voc max setpoint,zoneVOCMaxSp (override),zoneVOCMaxSp (override),False,2,0,,,,,,,"{'zoneVOCMaxSp': {}, 'zoneVOCHiSp': {}}",,,
space voc max sp,zoneVOCMaxSp (override),zoneVOCMaxSp (override),False,2,0,,,,,,,"{'zoneVOCMaxSp': {}, 'zoneVOCHiSp': {}}",,,
zn purge active,DROPPED (override),DROPPED (override),False,2,0,,,,,,,"{'zonePurge': {}, 'zonePurgeStatus': {}}",,,
zone purge status,zonePurgeStatus (override),zonePurgeStatus (override),False,2,0,,,,,,,"{'zonePurge': {}, 'zonePurgeStatus': {}}",,,
zn purge stat,zonePurgeStatus (override),zonePurgeStatus (override),False,2,0,,,,,,,"{'zonePurge': {}, 'zonePurgeStatus': {}}",,,
space press min setpoint,DROPPED (override),DROPPED (override),False,2,0,,,,,,,"{'zonePressureMinSp': {}, 'zonePressureLoSp': {}}",,,
space press max setpoint,DROPPED (override),DROPPED (override),False,2,0,,,,,,,"{'zonePressureMaxSp': {}, 'zonePressureHiSp': {}}",,,
heating request,zoneHeatingReq (override),zoneHeatingReq (override),False,2,0,,,,,,,"{'zoneHeatingDemand': {}, 'zoneHeatingReq': {}}",,,
htg request,zoneHeatingReq (override),zoneHeatingReq (override),False,2,0,,,,,,,"{'zoneHeatingDemand': {}, 'zoneHeatingReq': {}}",,,
htgrequest,zoneHeatingReq (override),zoneHeatingReq (override),False,2,0,,,,,,,"{'zoneHeatingDemand': {}, 'zoneHeatingReq': {}}",,,
heating req,zoneHeatingReq (override),zoneHeatingReq (override),False,2,0,,,,,,,"{'zoneHeatingDemand': {}, 'zoneHeatingReq': {}}",,,
zn htg req,DROPPED (override),DROPPED (override),False,2,0,,,,,,,"{'zoneHeatingDemand': {}, 'zoneHeatingReq': {}}",,,
zone heating request,DROPPED (override),DROPPED (override),False,2,0,,,,,,,"{'zoneHeatingDemand': {}, 'zoneHeatingReq': {}}",,,
cooling request,zoneCoolingReq (override),zoneCoolingReq (override),False,2,0,,,,,,,"{'zoneCoolingDemand': {}, 'zoneCoolingReq': {}}",,,
clg request,zoneCoolingReq (override),zoneCoolingReq (override),False,2,0,,,,,,,"{'zoneCoolingDemand': {}, 'zoneCoolingReq': {}}",,,
clgrequest,zoneCoolingReq (override),zoneCoolingReq (override),False,2,0,,,,,,,"{'zoneCoolingDemand': {}, 'zoneCoolingReq': {}}",,,
cooling req,zoneCoolingReq (override),zoneCoolingReq (override),False,2,0,,,,,,,"{'zoneCoolingDemand': {}, 'zoneCoolingReq': {}}",,,
zn clg req,DROPPED (override),DROPPED (override),False,2,0,,,,,,,"{'zoneCoolingDemand': {}, 'zoneCoolingReq': {}}",,,
zone cooling request,DROPPED (override),DROPPED (override),False,2,0,,,,,,,"{'zoneCoolingDemand': {}, 'zoneCoolingReq': {}}",,,
ct ent flo,DROPPED (tie),DROPPED (tie),False,2,0,,,,,,,"{'twrEnteringFlow': {}, 'twrLeavingFlow': {}}",,,
ct ent flw,DROPPED (tie),DROPPED (tie),False,2,0,,,,,,,"{'twrEnteringFlow': {}, 'twrLeavingFlow': {}}",,,
ct enter flo,DROPPED (tie),DROPPED (tie),False,2,0,,,,,,,"{'twrEnteringFlow': {}, 'twrLeavingFlow': {}}",,,
ct enter flw,DROPPED (tie),DROPPED (tie),False,2,0,,,,,,,"{'twrEnteringFlow': {}, 'twrLeavingFlow': {}}",,,
ct entr flo,DROPPED (tie),DROPPED (tie),False,2,0,,,,,,,"{'twrEnteringFlow': {}, 'twrLeavingFlow': {}}",,,
ct entr flw,DROPPED (tie),DROPPED (tie),False,2,0,,,,,,,"{'twrEnteringFlow': {}, 'twrLeavingFlow': {}}",,,
