text,context,context_label,name_only_label,rows
return temp,eq general | unit degf | kind analog,zoneTemp,returnTemp,1017
vlv pos,eq t us acb acb | unit percent | kind analog,waterValveFb,heatingValveFb,608
vlv comd,eq t us acb acb | unit percent | kind analog,waterValve,heatingValve,608
rhc vlv cmd,unit percent | kind analog,heatingValve,reHeatingValve,436
heat cool,eq t us acb acb | unit heat | kind binary,heatingEnable,hvacMode,374
rhc vlv cmd,eq floor | unit percent | kind analog,heatingValve,reHeatingValve,316
heat cool,eq t us acb acb | unit cool | kind binary,heatingEnable,hvacMode,234
uoc clg sp,eq l2 vav | unit degf | kind analog,dischargeFlowUnoccCoolSp,unoccupiedCoolSp,178
vlv comd,eq level vav | unit percent | kind analog,reHeatingValve,heatingValve,178
clg flow min,eq t us vav | unit cfm | kind analog,dischargeFlowMinSp,dischargeFlowCoolMinSp,178
clg flow max,eq t us vav | unit cfm | kind analog,dischargeFlowMaxSp,dischargeFlowCoolMaxSp,178
vlv pos,eq level vav | unit percent | kind analog,reHeatingValveFb,heatingValveFb,178
da f ll,eq vav fl vav | unit cfm | kind analog,dischargeFlowMinSp,dischargeFlowCoolMinSp,160
da f hl,eq vav fl vav | unit cfm | kind analog,dischargeFlowMaxSp,dischargeFlowCoolMaxSp,160
uoc clg sp,eq l1 vav | unit degf | kind analog,dischargeFlowUnoccCoolSp,unoccupiedCoolSp,156
out,eq ecp x gfx ahu zn dampers | kind analog,dischargeDamper,zoneTemp,151
zn t sp htg,eq th flr vav | unit degc | kind analog,zoneHeatSp,occupiedHeatSp,151
zn t sp clg,eq th flr vav | unit degc | kind analog,zoneCoolSp,occupiedCoolSp,151
heat cool,eq t us vav | unit heat | kind binary,heatingEnable,hvacMode,151
d,eq th flr vav | unit percent | kind analog,dischargeDamper,damper,151
vlv pos,eq level fpv | unit percent | kind analog,reHeatingValveFb,heatingValveFb,144
vlv comd,eq level fpv | unit percent | kind analog,reHeatingValve,heatingValve,144
damper pos,eq ahu ddva vs | unit percent | kind analog,coldDeckDamper,dischargeDamper,128
clg o,eq dole ftu | unit percent | kind analog,coolingDemand,coolingValve,126
inlet dmp cmd,eq fpb | unit percent | kind analog,intakeDamper,dischargeDamper,119
rhc vlv cmd,eq fp vav | unit percent | kind analog,heatingValve,reHeatingValve,103
htg flow max,eq ahu vav dd | unit cfm | kind analog,hotDeckDischargeFlowSp,dischargeFlowHeatMaxSp,101
out,eq fp vav multiply | unit percent | kind analog,dischargeDamperFb,zoneTemp,97
inlet dmp pos,eq vav | unit percent | kind analog,dischargeDamperFb,dischargeDamper,85
current damper position,eq data | unit percent | kind analog,dischargeDamper,damperFb,77
heat cool,eq ahu vav dd | unit cool | kind binary,heatingEnable,hvacMode,73
out,eq vav eff htg sp | unit degf | kind analog,zoneHeatSp,zoneTemp,71
out,eq vav sa tmp sp | unit degf | kind analog,dischargeTempSp,zoneTemp,71
out,eq vav eff clg sp | unit degf | kind analog,zoneCoolSp,zoneTemp,71
out,eq vav effect sp | unit degf | kind analog,zoneTempSp,zoneTemp,71
out,eq vav inlet dpr cmd | unit percent | kind analog,dischargeDamper,zoneTemp,71
out,eq vav inlet air vol | unit cfm | kind analog,dischargeFlow,zoneTemp,71
out,eq vav inlet air vol sp | unit cfm | kind analog,dischargeFlowSp,zoneTemp,71
clg flow min,eq t us vav | kind analog,dischargeFlowMinSp,dischargeFlowCoolMinSp,69
clg flow max,eq t us vav | kind analog,dischargeFlowMaxSp,dischargeFlowCoolMaxSp,69
heat cool,eq t us vav | unit cool | kind binary,heatingEnable,hvacMode,66
htg vlv pos,eq bj a vs | unit percent | kind analog,heatingValveFb,heatingValve,66
out,eq vav unit status | unit true | kind binary,occupancyMode,zoneTemp,66
d,eq nd flr vav | unit percent | kind analog,dischargeDamper,damper,64
zn t sp clg,eq nd flr vav | unit degc | kind analog,zoneCoolSp,occupiedCoolSp,64
zn t sp htg,eq nd flr vav | unit degc | kind analog,zoneHeatSp,occupiedHeatSp,64
zn t sp htg,eq st flr vav | unit degc | kind analog,zoneHeatSp,occupiedHeatSp,63
zn t sp clg,eq st flr vav | unit degc | kind analog,zoneCoolSp,occupiedCoolSp,63
d,eq st flr vav | unit percent | kind analog,dischargeDamper,damper,63
damper pos,eq ahu sdva vs | unit percent | kind analog,coldDeckDamper,dischargeDamper,60
air flow,eq ahu | unit percent | kind analog,dischargeDamperFb,dischargeFlow,59
out,eq fpb eff htg sp | unit degf | kind analog,zoneHeatSp,zoneTemp,58
out,eq fpb inlet air vol sp | unit cfm | kind analog,dischargeFlowSp,zoneTemp,58
out,eq fpb htg stg cmd | unit percent | kind analog,heatingValve,zoneTemp,58
out,eq fpb inlet dpr cmd | unit percent | kind analog,dischargeDamper,zoneTemp,58
out,eq fpb effect sp | unit degf | kind analog,zoneTempSp,zoneTemp,58
out,eq fpb unit status | unit true | kind binary,occupiedMode,zoneTemp,58
out,eq fpb sa tmp sp | unit degf | kind analog,dischargeTempSp,zoneTemp,58
out,eq fpb inlet air vol | unit cfm | kind analog,dischargeFlow,zoneTemp,58
out,eq fpb sa tmp | unit degf | kind analog,dischargeTemp,zoneTemp,58
out,eq fpb eff clg sp | unit degf | kind analog,zoneCoolSp,zoneTemp,58
out,eq fpb fan cmd | unit true | kind binary,dischargeFan,zoneTemp,57
out,eq fpb fan sts | unit on | kind binary,dischargeFanStatus,zoneTemp,57
out,eq vav multiply | unit percent | kind analog,dischargeDamperFb,zoneTemp,56
max inlet air flw sp,eq vav n s ps | unit cfm | kind analog,dischargeFlowMinSp,dischargeFlowMaxSp,55
clg air flow,eq vav | unit cfm | kind analog,dischargeFlow,coldDeckDischargeFlow,54
cd dmp pos,eq flr s sys vav | unit percent | kind analog,coldDeckDamperFb,coldDeckDamper,51
nci max flow,eq ncfb b ninth floor b i5 | unit cfm | kind analog,dischargeFlowMaxSp,dischargeFlowCoolMaxSp,48
nci max flow,eq ncfb c ninth floor c i5 | unit cfm | kind analog,dischargeFlowMaxSp,dischargeFlowCoolMaxSp,46
out,eq vav occ clg sp | unit degf | kind analog,occupiedCoolSp,zoneTemp,46
nci max flow,eq ncfb a ninth floor a i5 | unit cfm | kind analog,dischargeFlowMaxSp,dischargeFlowCoolMaxSp,46
out,eq vav occ htg sp | unit degf | kind analog,occupiedHeatSp,zoneTemp,46
out,eq vav uoc htg sp | unit degf | kind analog,unoccupiedHeatSp,zoneTemp,46
out,eq vav uoc clg sp | unit degf | kind analog,unoccupiedCoolSp,zoneTemp,46
out,eq vav inlet dpr pos | unit percent | kind analog,dischargeDamperFb,zoneTemp,46
nci max flow,eq ncfb a public level a pl i5 | unit cfm | kind analog,dischargeFlowMaxSp,dischargeFlowCoolMaxSp,45
rhc vlv cmd,eq f1 outputs | unit percent | kind analog,heatingValve,reHeatingValve,43
heat cool,eq ahu vav dd | unit heat | kind binary,heatingEnable,hvacMode,41
bldg st prs,eq flr s ahu sys | unit inwc | kind analog,buildingPressureSp,buildingPressure,41
bldg st prs,eq flr n ahu sys | unit inwc | kind analog,buildingPressureSp,buildingPressure,40
htg o,eq dole ftu | unit percent | kind analog,heatingStageMod,heatingValve,40
ctl temp,eq air handling systems t us | unit degf | kind analog,zoneTempSp,zoneTemp,39
hw vlv pos,eq ahu vav | unit percent | kind analog,heatingValveFb,heatingValve,39
zn t sp htg,eq rd flr vav | unit degc | kind analog,zoneHeatSp,occupiedHeatSp,38
nci max flow,eq ncfb b public level b pl c5 | unit cfm | kind analog,dischargeFlowMaxSp,dischargeFlowCoolMaxSp,38
vlv comd,eq level fcu | unit percent | kind analog,coolingValve,heatingValve,38
vlv pos,eq level fcu | unit percent | kind analog,coolingValveFb,heatingValveFb,38
zn t sp clg,eq rd flr vav | unit degc | kind analog,zoneCoolSp,occupiedCoolSp,38
nci max flow,eq ncfb c third floor c c5 | unit cfm | kind analog,dischargeFlowMaxSp,dischargeFlowCoolMaxSp,38
d,eq rd flr vav | unit percent | kind analog,dischargeDamper,damper,38
speed feedback,eq s ef vfd | unit percent | kind analog,returnFanSpeedFb,dischargeFanSpeedFb,33
clg load,eq vav up | unit percent | kind analog,zoneCoolingDemand,coolingDemand,31
vlv pos,eq t us acb | unit percent | kind analog,waterValveFb,heatingValveFb,31
vlv comd,eq t us acb | unit percent | kind analog,waterValve,heatingValve,31
htg load,eq vav up | unit percent | kind analog,zoneHeatingDemand,heatingDemand,31
nci max flow,eq ncfb c second floor c c5 | unit cfm | kind analog,dischargeFlowMaxSp,dischargeFlowCoolMaxSp,30
nci max flow,eq ncfb c public level c pl c5 | unit cfm | kind analog,dischargeFlowMaxSp,dischargeFlowCoolMaxSp,30
vav clg dmd,eq ddb | unit percent | kind analog,coldDeckDamper,coolingDemand,29
max inlet air flw sp,eq vav s s ps | unit cfm | kind analog,dischargeFlowMinSp,dischargeFlowMaxSp,29
vav htg dmd,eq ddb | unit percent | kind analog,hotDeckDamper,heatingDemand,29
min cl vol sp,eq flr east vav | unit cfm | kind analog,dischargeFlowMinSp,dischargeFlowCoolMinSp,28
max cl vol sp,eq flr east vav | unit cfm | kind analog,dischargeFlowMaxSp,dischargeFlowCoolMaxSp,28
dmp pos,eq flr east vav | unit percent | kind analog,damper,dischargeDamper,28
min ht vol sp,eq flr east vav | unit cfm | kind analog,dischargeFlowHeatSp,dischargeFlowHeatMinSp,28
nci max flow,eq ncfb c sixth floor c c5 | unit cfm | kind analog,dischargeFlowMaxSp,dischargeFlowCoolMaxSp,28
nci max flow,eq ncfb c seventh floor c c5 | unit cfm | kind analog,dischargeFlowMaxSp,dischargeFlowCoolMaxSp,28
heat cool,eq t us | unit heat | kind binary,heatingEnable,hvacMode,27
nci max flow,eq ncfb b seventh floor b i5 | unit cfm | kind analog,dischargeFlowMaxSp,dischargeFlowCoolMaxSp,27
nci max flow,eq ncfb b third floor b c5 | unit cfm | kind analog,dischargeFlowMaxSp,dischargeFlowCoolMaxSp,26
nci max flow,eq ncfb b fith floor b i5 | unit cfm | kind analog,dischargeFlowMaxSp,dischargeFlowCoolMaxSp,26
damper pos,eq atu | unit percent | kind analog,damper,dischargeDamper,26
nci max flow,eq ncfb a eight floor a i5 | unit cfm | kind analog,dischargeFlowMaxSp,dischargeFlowCoolMaxSp,26
nci min flow,eq us attorneys va vs vav | unit cfm | kind analog,dischargeFlowCoolMinSp,dischargeFlowMinSp,26
nci max flow,eq ncfb c fourth floor c c5 | unit cfm | kind analog,dischargeFlowMaxSp,dischargeFlowCoolMaxSp,26
max flow,eq atu | unit cfm | kind analog,dischargeFlowMaxSp,dischargeFlowCoolMaxSp,26
nci max flow,eq ncfb b eighth floor b i5 | unit cfm | kind analog,dischargeFlowMaxSp,dischargeFlowCoolMaxSp,26
nci max flow,eq ncfb a fifth floor a i5 | unit cfm | kind analog,dischargeFlowMaxSp,dischargeFlowCoolMaxSp,26
cc vlv pos,eq ahu | unit percent | kind analog,coolingValveFb,coolingValve,26
nci max flow,eq ncfb a seventh floor a i5 | unit cfm | kind analog,dischargeFlowMaxSp,dischargeFlowCoolMaxSp,26
nci max flow,eq ncfb b third floor b i5 | unit cfm | kind analog,dischargeFlowMaxSp,dischargeFlowCoolMaxSp,25
nci max flow,eq ncfb a second floor a i5 | unit cfm | kind analog,dischargeFlowMaxSp,dischargeFlowCoolMaxSp,25
nci max flow,eq ncfb a third floor a i5 | unit cfm | kind analog,dischargeFlowMaxSp,dischargeFlowCoolMaxSp,25
damper pos,eq fvav | unit percent | kind analog,dischargeDamperFb,dischargeDamper,25
out,eq vav htg stg cmd | unit percent | kind analog,heatingValve,zoneTemp,25
nci max flow,eq ncfb b fourth floor b i5 | unit cfm | kind analog,dischargeFlowMaxSp,dischargeFlowCoolMaxSp,25
nci max flow,eq ncfb b fourth floor b c5 | unit cfm | kind analog,dischargeFlowMaxSp,dischargeFlowCoolMaxSp,25
nci max flow,eq ncfb b sixth floor b i5 | unit cfm | kind analog,dischargeFlowMaxSp,dischargeFlowCoolMaxSp,24
nci max flow,eq ncfb b sixth floor b c5 | unit cfm | kind analog,dischargeFlowMaxSp,dischargeFlowCoolMaxSp,24
nci max flow,eq ncfb c fifth floor c c5 | unit cfm | kind analog,dischargeFlowMaxSp,dischargeFlowCoolMaxSp,24
min flow sp,eq v floor vav | unit cfm | kind analog,dischargeFlowCoolMinSp,dischargeFlowMinSp,24
nci max flow,eq ncfb b fith floor b c5 | unit cfm | kind analog,dischargeFlowMaxSp,dischargeFlowCoolMaxSp,24
nci max flow,eq ncfb b seventh floor b c5 | unit cfm | kind analog,dischargeFlowMaxSp,dischargeFlowCoolMaxSp,24
nci max flow,eq ncfb a public level a pl c5 | unit cfm | kind analog,dischargeFlowMaxSp,dischargeFlowCoolMaxSp,24
nci max flow,eq ncfb a fourth floor a i5 | unit cfm | kind analog,dischargeFlowMaxSp,dischargeFlowCoolMaxSp,24
nci max flow,eq ncfb a sixth floor a i5 | unit cfm | kind analog,dischargeFlowMaxSp,dischargeFlowCoolMaxSp,24
nci max flow,eq ncfb a sixth floor a c5 | unit cfm | kind analog,dischargeFlowMaxSp,dischargeFlowCoolMaxSp,24
clg sig,eq a cs fl ac | unit percent | kind analog,coolingValveFb,coolingValve,23
nci max flow,eq ncfb c fourth floor c i5 | unit cfm | kind analog,dischargeFlowMaxSp,dischargeFlowCoolMaxSp,23
nci max flow,eq ncfb c seventh floor c i5 | unit cfm | kind analog,dischargeFlowMaxSp,dischargeFlowCoolMaxSp,23
bypass damper,eq s | unit percent | kind analog,faceBypassDamper,bypassDamper,23
nci max flow,eq ncfb a second floor a c5 | unit cfm | kind analog,dischargeFlowMaxSp,dischargeFlowCoolMaxSp,23
nci max flow,eq ncfb c eighth floor c c5 | unit cfm | kind analog,dischargeFlowMaxSp,dischargeFlowCoolMaxSp,23
nci max flow,eq ncfb c fifth floor c i5 | unit cfm | kind analog,dischargeFlowMaxSp,dischargeFlowCoolMaxSp,23
cfm stpt min,eq v floor vav | kind analog,dischargeFlowMinSp,dischargeFlowCoolMinSp,23
cfm stpt max,eq v floor vav | kind analog,dischargeFlowMaxSp,dischargeFlowCoolMaxSp,23
nci max flow,eq ncfb a fourth floor a c5 | unit cfm | kind analog,dischargeFlowMaxSp,dischargeFlowCoolMaxSp,23
inlet dmp cmd,eq vav rh | unit percent | kind analog,intakeDamper,dischargeDamper,23
nci max flow,eq ncfb b eighth floor b c5 | unit cfm | kind analog,dischargeFlowMaxSp,dischargeFlowCoolMaxSp,23
nci max flow,eq ncfb c sixth floor c i5 | unit cfm | kind analog,dischargeFlowMaxSp,dischargeFlowCoolMaxSp,23
vlv pos,eq t us acb a | unit percent | kind analog,waterValveFb,heatingValveFb,22
nci max flow,eq ncfb a seventh floor a c5 | unit cfm | kind analog,dischargeFlowMaxSp,dischargeFlowCoolMaxSp,22
vlv comd,eq t us acb a | unit percent | kind analog,waterValve,heatingValve,22
rhc vlv cmd,eq f2 outputs | unit percent | kind analog,heatingValve,reHeatingValve,22
nci max flow,eq ncfb c eighth floor c i5 | unit cfm | kind analog,dischargeFlowMaxSp,dischargeFlowCoolMaxSp,22
heat cool,eq t us acb | unit cool | kind binary,heatingEnable,hvacMode,22
heat cool,eq t us acb a | unit cool | kind binary,heatingEnable,hvacMode,21
nci max flow,eq ncfb c third floor c i5 | unit cfm | kind analog,dischargeFlowMaxSp,dischargeFlowCoolMaxSp,21
heat cool,eq ahu vav | unit cool | kind binary,heatingEnable,hvacMode,21
heat cool,eq ahu vav | unit heat | kind binary,heatingEnable,hvacMode,21
clg flow max,eq t us fpvav | unit cfm | kind analog,dischargeFlowMaxSp,dischargeFlowCoolMaxSp,21
clg flow min,eq t us fpvav | unit cfm | kind analog,dischargeFlowMinSp,dischargeFlowCoolMinSp,21
nci max flow,eq ncfb a fifth floor a c5 | unit cfm | kind analog,dischargeFlowMaxSp,dischargeFlowCoolMaxSp,21
nci max flow,eq ncfb a third floor a c5 | unit cfm | kind analog,dischargeFlowMaxSp,dischargeFlowCoolMaxSp,21
nci max flow,eq ncfb a eight floor a c5 | unit cfm | kind analog,dischargeFlowMaxSp,dischargeFlowCoolMaxSp,21
hd dmp pos,eq flr s sys vav | unit percent | kind analog,hotDeckDamperFb,hotDeckDamper,21
dmpr pos,eq dd b rm oa | unit percent | kind analog,outsideDamperFb,dischargeDamperFb,19
min flow sp,eq dd b rm oa | unit cfm | kind analog,outsideFlowMinSp,dischargeFlowMinSp,19
dmpr cmd,eq dd b rm oa | unit percent | kind analog,outsideDamper,dischargeDamper,19
act fl sp,eq dd b rm oa | unit cfm | kind analog,outsideFlowSp,dischargeFlowSp,19
damper position,eq va vs cc vav cc | unit percent | kind analog,dischargeDamper,dischargeDamperFb,19
occ cmd,eq mechanical | unit occupied | kind analog,occupancyModeOvr,occupancyMode,19
vav clg dmd,unit percent | kind analog,coolingValve,coolingDemand,19
max flow sp,eq dd b rm oa | unit cfm | kind analog,outsideFlowMaxSp,dischargeFlowMaxSp,19
co2,eq t us fpvav | unit ppm | kind analog,zoneCO2,returnCO2,19
nci min flow,eq iz vav s vav | unit cfm | kind analog,dischargeFlowCoolMinSp,dischargeFlowMinSp,19
nci min flow,eq va vs cc vav cc | unit cfm | kind analog,dischargeFlowCoolMinSp,dischargeFlowMinSp,19
heat cool,eq t us fpvav | unit heat | kind binary,heatingEnable,hvacMode,19
act fl,eq dd b rm oa | unit cfm | kind analog,outsideFlow,dischargeFlow,19
occ clg sp,eq flr e terms ft | unit degf | kind analog,zoneCoolSp,occupiedCoolSp,19
nci max flow,eq ncfb c second floor c i5 | unit cfm | kind analog,dischargeFlowMaxSp,dischargeFlowCoolMaxSp,18
vlv comd,eq t us acbb acbb | unit percent | kind analog,waterValve,heatingValve,18
rhc vlv cmd,eq v1 outputs | unit percent | kind analog,heatingValve,reHeatingValve,18
rhc vlv cmd,eq fp cv vav | unit percent | kind analog,heatingValve,reHeatingValve,18
cfm stpt max,eq v floor fpb | kind analog,dischargeFlowMaxSp,dischargeFlowCoolMaxSp,18
vlv pos,eq t us acbb acbb | unit percent | kind analog,waterValveFb,heatingValveFb,18
cfm stpt min,eq v floor fpb | kind analog,dischargeFlowMinSp,dischargeFlowCoolMinSp,18
cfm stpt max,eq v floor n vav | kind analog,dischargeFlowMaxSp,dischargeFlowCoolMaxSp,17
out,eq fp cv vav multiply | unit percent | kind analog,dischargeDamperFb,zoneTemp,17
cfm stpt min,eq v floor n vav | kind analog,dischargeFlowMinSp,dischargeFlowCoolMinSp,17
nci max flow,eq ncfb b second floor b i5 | unit cfm | kind analog,dischargeFlowMaxSp,dischargeFlowCoolMaxSp,17
zn t,eq dole ahu | unit degf | kind analog,zoneTempAvg,zoneTemp,16
out,eq hvac econo damper | unit percent | kind analog,outsideDamper,zoneTemp,16
clg tmp,eq ahu ahu | unit degf | kind analog,coolingCoilDischargeTemp,coolingCoilLeavingTemp,16
damper position,eq secret service va vs ssvav | unit percent | kind analog,dischargeDamper,dischargeDamperFb,16
hd dmp pos,eq flr n vave | unit percent | kind analog,hotDeckDamperFb,hotDeckDamper,16
cd dmp pos,eq flr n vave | unit percent | kind analog,coldDeckDamperFb,coldDeckDamper,16
eff clg sp,eq ahu | unit degf | kind analog,occupiedCoolSp,zoneCoolSp,15
out,eq ef vav multiply | unit percent | kind analog,dischargeDamperFb,zoneTemp,15
chws tmp,eq ahu | unit degf | kind analog,priLeavingTemp,secLeavingTemp,15
htg vlv pos,eq bjb a vs | unit percent | kind analog,heatingValveFb,heatingValve,15
hwv comd,eq ahu vav frd | unit percent | kind analog,radiantHeatingValve,heatingValve,14
hwv pos,eq ahu vav frd | unit percent | kind analog,radiantHeatingValveFb,heatingValveFb,14
nci max flow,eq ncfb b second floor b c5 | unit cfm | kind analog,dischargeFlowMaxSp,dischargeFlowCoolMaxSp,14
rhc vlv cmd,eq fg outputs | unit percent | kind analog,heatingValve,reHeatingValve,14
occ clg sp,eq flr lw terms rm bw | unit degf | kind analog,zoneCoolSp,occupiedCoolSp,14
out,eq hvac nvo ra temp | unit degf | kind analog,returnTemp,zoneTemp,14
hwr tmp,eq ahu | unit degf | kind analog,priEnteringTemp,secEnteringTemp,14
out,eq hvac ra damper | unit percent | kind analog,returnDamper,zoneTemp,14
occ cmd sts,eq flr lw terms rm bw | unit occupied | kind analog,occupancyMode,occupancyStatus,14
heat stage,eq ahu vav dd | unit off | kind binary,exhaustTemp,heatingStage,13
heat cool,eq ahu vav frd | unit heat | kind binary,heatingEnable,hvacMode,13
hc vlv pos,eq ahu | unit percent | kind analog,heatingValveFb,heatingValve,13
out,eq vav sa tmp | unit degf | kind analog,dischargeTemp,zoneTemp,13
nci max flow,eq ncfb b service level b sl c5 | unit cfm | kind analog,dischargeFlowMaxSp,dischargeFlowCoolMaxSp,13
valve cmd,eq v floor vav | unit percent | kind analog,perimeterHeatingValve,heatingValve,13
out,eq hvac min oa damper | unit percent | kind analog,minOutsideDamper,zoneTemp,12
heat,eq vav | unit percent | kind analog,perimeterValve,heatingStage,12
max cl vol sp,eq basement vav be | unit cfm | kind analog,dischargeFlowMaxSp,dischargeFlowCoolMaxSp,12
min cl vol sp,eq basement vav be | unit cfm | kind analog,dischargeFlowMinSp,dischargeFlowCoolMinSp,12
out,eq ahu sf sts | unit running | kind binary,dischargeFanStatus,zoneTemp,12
min ht vol sp,eq basement vav be | unit cfm | kind analog,dischargeFlowHeatSp,dischargeFlowHeatMinSp,12
min flow sp,eq vav | unit cfm | kind analog,dischargeFlowCoolMinSp,dischargeFlowMinSp,12
htg cmd,eq flr lw terms ft lw | unit off | kind binary,heatingDemand,heatingStage,12
occ clg sp,eq flr lw terms ft lw | unit degf | kind analog,zoneCoolSp,occupiedCoolSp,12
occ cmd sts,eq flr lw terms ft lw | unit occupied | kind analog,occupancyMode,occupancyStatus,12
damper pos,eq ddva vs dds | unit percent | kind analog,coldDeckDamper,dischargeDamper,12
dmp pos,eq basement vav be | unit percent | kind analog,damper,dischargeDamper,12
heat cool,eq vav | unit heat | kind binary,heatingEnable,hvacMode,12
sf high cmd,eq ptac n outs | unit stop | kind binary,dischargeFanSpeedStage,dischargeFanSpeedMaxSp,12
zn t sp htg,eq th flr fv b2 | unit degc | kind analog,zoneHeatSp,occupiedHeatSp,11
cd dmp pos,eq flr n vav | unit percent | kind analog,coldDeckDamperFb,coldDeckDamper,11
zn t sp clg,eq th flr fv b2 | unit degc | kind analog,zoneCoolSp,occupiedCoolSp,11
zn t sp clg,eq th flr fv b1 | unit degc | kind analog,zoneCoolSp,occupiedCoolSp,11
out,eq nci unocc heat sp | unit degf | kind analog,unoccupiedHeatSp,zoneTemp,11
effclg sp,eq vav | unit degf | kind analog,zoneCoolSp,occupiedCoolSp,11
min ht vol sp,eq court th floor | unit cfm | kind analog,hotDeckDischargeFlowMinSp,dischargeFlowHeatMinSp,11
min oa dpr pos,eq ahu p | unit percent | kind analog,minOutsideDamper,outsideDamperMinSp,11
hd dmp pos,eq flr n vav | unit percent | kind analog,hotDeckDamperFb,hotDeckDamper,11
max cl vol sp,eq court th floor | unit cfm | kind analog,coldDeckDischargeFlowMaxSp,dischargeFlowCoolMaxSp,11
cdsa tmp,eq flr n ahus | unit degf | kind analog,dischargeTemp,coldDeckDischargeTemp,11
cdsa tmp sp,eq flr n ahus | unit degf | kind analog,dischargeTempSp,coldDeckDischargeTempSp,11
effhtg sp,eq vav | unit degf | kind analog,zoneHeatSp,occupiedHeatSp,11
out,eq nci occ heat sp | unit degf | kind analog,occupiedHeatSp,zoneTemp,11
out,eq nci occ cool sp | unit degf | kind analog,occupiedCoolSp,zoneTemp,11
out,eq nci unocc cool sp | unit degf | kind analog,unoccupiedCoolSp,zoneTemp,11
dmp cmd,eq vav | unit percent | kind analog,intakeDamper,dischargeDamper,11
d,eq th flr fv b2 | unit percent | kind analog,dischargeDamper,damper,11
sf spd,eq ahu p | unit percent | kind analog,dischargeFanSpeedFb,dischargeFanSpeed,11
speed cmd,eq s sf vfd | unit percent | kind analog,dischargeFanSpeed,returnFanSpeed,11
d,eq th flr fv b1 | unit percent | kind analog,dischargeDamper,damper,11
zn t sp htg,eq th flr fv b1 | unit degc | kind analog,zoneHeatSp,occupiedHeatSp,11
min cl vol sp,eq court th floor | unit cfm | kind analog,coldDeckDischargeFlowMinSp,dischargeFlowCoolMinSp,11
heat cool,eq t us acbb acbb | unit heat | kind binary,heatingEnable,hvacMode,10
sa dmp pos,eq flr e terms ft | unit percent | kind analog,dischargeDamper,damper,10
zn t sp htg,eq th flr fv a2 | unit degc | kind analog,zoneHeatSp,occupiedHeatSp,10
htg vlv pos,eq bab a vs | unit percent | kind analog,heatingValveFb,heatingValve,10
hw vlv pos,eq ahu cav | unit percent | kind analog,heatingValveFb,heatingValve,10
rhc vlv cmd,eq v2 outputs | unit percent | kind analog,heatingValve,reHeatingValve,10
d,eq th flr fv a2 | unit percent | kind analog,dischargeDamper,damper,10
eff htg sp,eq ac ddvav up | unit degf | kind analog,occupiedHeatSp,zoneHeatSp,10
eff rm tmp clg sp,eq ac vav eff rm tmp sp | unit degf | kind analog,occupiedCoolSp,zoneCoolSp,10
eff rm tmp htg sp,eq ac vav eff rm tmp sp | unit degf | kind analog,occupiedHeatSp,zoneHeatSp,10
effclg sp,eq fpb | unit degf | kind analog,zoneCoolSp,occupiedCoolSp,10
eff clg sp,eq ac ddvav up | unit degf | kind analog,occupiedCoolSp,zoneCoolSp,10
out,eq hvac heat valve | unit percent | kind analog,heatingValve,zoneTemp,10
inlet dmp pos,eq ac vav ins | unit percent | kind analog,dischargeDamperFb,dischargeDamper,10
zn t sp clg,eq th flr fv a2 | unit degc | kind analog,zoneCoolSp,occupiedCoolSp,10
occ cmd sts,eq flr e terms ft | unit occupied | kind analog,occupancyMode,occupancyStatus,10
d,eq th flr fv a1 | unit percent | kind analog,dischargeDamper,damper,9
nci min flow,eq va vs g vav g | unit cfm | kind analog,dischargeFlowCoolMinSp,dischargeFlowMinSp,9
oa dmp pos,eq level ahu | unit percent | kind analog,outsideDamperFb,outsideDamper,9
damper pos,eq ddva vs ddb | unit percent | kind analog,coldDeckDamper,dischargeDamper,9
heat cool,eq t us acb | unit heat | kind binary,heatingEnable,hvacMode,9
rhc vlv cmd,eq f6 sw outputs | unit percent | kind analog,heatingValve,reHeatingValve,9
hum cmd,eq ecb oahu | unit percent | kind analog,humidifierValve,humidifier,9
min cl vol sp,eq flr west vav west | unit cfm | kind analog,dischargeFlowMinSp,dischargeFlowCoolMinSp,9
cdsa tmp sp,eq flr s ahus | unit degf | kind analog,dischargeTempSp,coldDeckDischargeTempSp,9
out,eq fp vav multiply | kind analog,dischargeDamperFb,zoneTemp,9
dmp pos,eq flr west vav west | unit percent | kind analog,damper,dischargeDamper,9
damper position,eq va vs g vav g | unit percent | kind analog,dischargeDamper,dischargeDamperFb,9
chw vlv sig,eq ahu | unit percent | kind analog,coolingValveFb,coolingValve,9
min ht vol sp,eq flr west vav west | unit cfm | kind analog,dischargeFlowHeatSp,dischargeFlowHeatMinSp,9
occ clg sp,eq flr e terms rm | unit degf | kind analog,zoneCoolSp,occupiedCoolSp,9
zn t sp htg,eq th flr fv a1 | unit degc | kind analog,zoneHeatSp,occupiedHeatSp,9
rhc vlv cmd,eq vb | unit percent | kind analog,heatingValve,reHeatingValve,9
oaf cmd,eq ecb oahu | unit on | kind binary,dischargeFan,outsideFan,9
current damper position,eq nw data | unit percent | kind analog,dischargeDamperFb,damperFb,9
oaf sts,eq ecb oahu | unit on | kind binary,dischargeFanStatus,outsideFanStatus,9
max cl vol sp,eq flr west vav west | unit cfm | kind analog,dischargeFlowMaxSp,dischargeFlowCoolMaxSp,9
cdsa tmp,eq flr s ahus | unit degf | kind analog,dischargeTemp,coldDeckDischargeTemp,9
zn t sp clg,eq th flr fv a1 | unit degc | kind analog,zoneCoolSp,occupiedCoolSp,9
out,eq hvac chw valve | unit percent | kind analog,coolingValve,zoneTemp,8
vlv pos,eq t us acb a acb | unit percent | kind analog,waterValveFb,heatingValveFb,8
vlv pos,eq t us acbb acb | unit percent | kind analog,waterValveFb,heatingValveFb,8
vlv comd,eq t us acb a acb | unit percent | kind analog,waterValve,heatingValve,8
min oa dmp pos sp,eq ahu | unit percent | kind analog,minOutsideDamper,minOutsideFaceDamper,8
inlet dmp pos,eq cav | unit percent | kind analog,dischargeDamperFb,dischargeDamper,8
reheat mod,eq ub lb display data | unit percent | kind analog,heatingValve,reHeatingValve,8
vlv comd,eq t us acbb acb | unit percent | kind analog,waterValve,heatingValve,8
occ cmd sts,eq flr e terms rm | unit occupied | kind analog,occupancyMode,occupancyStatus,8
occ sts,eq vav | unit on | kind binary,occupancySensor,occupancyMode,8
min ht vol sp,eq court nd floor | unit cfm | kind analog,hotDeckDischargeFlowMinSp,dischargeFlowHeatMinSp,8
max cl vol sp,eq court nd floor | unit cfm | kind analog,coldDeckDischargeFlowMaxSp,dischargeFlowCoolMaxSp,8
zn t sp clg,eq bsmt fc | unit degc | kind analog,zoneCoolSp,occupiedCoolSp,8
heat cool,eq t us acbb acbb | unit cool | kind binary,heatingEnable,hvacMode,8
rhc vlv cmd,eq f4 ne outputs | unit percent | kind analog,heatingValve,reHeatingValve,8
zn t sp htg,eq bsmt fc | unit degc | kind analog,zoneHeatSp,occupiedHeatSp,8
sys ena,eq mechanical | unit enable | kind binary,unitEnable,systemEnable,8
rhc vlv cmd,eq f6 se outputs | unit percent | kind analog,heatingValve,reHeatingValve,8
rhc vlv cmd,eq f3 sw outputs | unit percent | kind analog,heatingValve,reHeatingValve,8
rhc vlv cmd,eq f5 sw outputs | unit percent | kind analog,heatingValve,reHeatingValve,8
rhc vlv cmd,eq f5 ne outputs | unit percent | kind analog,heatingValve,reHeatingValve,8
rhc vlv cmd,eq f4 sw outputs | unit percent | kind analog,heatingValve,reHeatingValve,8
fan command,eq th floor ahu | unit on | kind binary,dischargeFan,dischargeFanSpeed,8
min cl vol sp,eq court nd floor | unit cfm | kind analog,coldDeckDischargeFlowMinSp,dischargeFlowCoolMinSp,8
out,eq hvac nvo cold deck sa temp | unit degf | kind analog,coldDeckDischargeTemp,zoneTemp,8
cd temp,eq bln node ahu | unit degf | kind analog,coldDeckDischargeTemp,dischargeTemp,8
heat cool,eq ahu cav | unit cool | kind binary,heatingEnable,hvacMode,8
heat,eq pim logic | unit off | kind binary,heatingDemand,heatingStage,8
out,eq hvac nvo hot deck sa temp | unit degf | kind analog,hotDeckDischargeTemp,zoneTemp,8
max flow,eq atu a | unit cfm | kind analog,dischargeFlowMaxSp,dischargeFlowCoolMaxSp,7
chw vlv sig,eq ahu cntrl io | unit percent | kind analog,coolingValveFb,coolingValve,7
heat cool,eq ahu vav fd | unit heat | kind binary,heatingEnable,hvacMode,7
rhc vlv cmd,eq f3 se outputs | unit percent | kind analog,heatingValve,reHeatingValve,7
min flow stpt,eq denney fifth ddva vs | unit cfm | kind analog,dischargeFlowHeatSp,dischargeFlowCoolMinSp,7
fan cmd act,eq ahu ef | unit off | kind binary,exhaustFan,dischargeFan,7
fan sts,eq ahu ef | unit off | kind binary,exhaustFanStatus,dischargeFanStatus,7
rhc vlv cmd,eq f3 ne outputs | unit percent | kind analog,heatingValve,reHeatingValve,7
damper pos,eq vav a | unit percent | kind analog,dischargeDamperFb,dischargeDamper,7
sa sp,eq ahu p | unit inwc | kind analog,dischargePressure,dischargeTempSp,7
oa flow min sp,eq ahu cntrl a vs | unit cfm | kind analog,outsideFlowMinSp,minOutsideFlowSp,7
damper pos,eq denney fifth ddva vs | unit percent | kind analog,coldDeckDamper,dischargeDamper,7
rhc vlv cmd,eq f4 se outputs | unit percent | kind analog,heatingValve,reHeatingValve,7
rhc vlv cmd,eq f3 nw outputs | unit percent | kind analog,heatingValve,reHeatingValve,7
clg sig,eq a cs bsmnt ac | unit percent | kind analog,coolingValveFb,coolingValve,7
rhc vlv cmd,eq f6 ne outputs | unit percent | kind analog,heatingValve,reHeatingValve,7
rhc vlv cmd,eq f5 se outputs | unit percent | kind analog,heatingValve,reHeatingValve,7
damper pos,eq atu a | unit percent | kind analog,damper,dischargeDamper,7
sf low cmd,eq ptac n outs | unit stop | kind binary,dischargeFanSpeedStage,dischargeFanSpeedMinSp,7
damper pos,eq sdva vs sdb | unit percent | kind analog,coldDeckDamper,dischargeDamper,7
d,eq st flr vav b | unit percent | kind analog,dischargeDamper,damper,6
nvo damper pos,unit percent | kind analog,damper,dischargeDamper,6
rhc vlv cmd,eq f4 nw outputs | unit percent | kind analog,heatingValve,reHeatingValve,6
d,eq st flr vav a | unit percent | kind analog,dischargeDamper,damper,6
sys ena,eq sf ne monitoring | unit on | kind binary,occupancyMode,systemEnable,6
clg dmd,eq air handling systems | unit off | kind binary,coolingDemand,zoneCoolingDemand,6
rhc vlv cmd,eq f5 nw outputs | unit percent | kind analog,heatingValve,reHeatingValve,6
setpoint,eq hot water systems blr | unit degf | kind analog,priLeavingTempSp,zoneTempSp,6
min cl vol sp,eq flr center vav | unit cfm | kind analog,dischargeFlowMinSp,dischargeFlowCoolMinSp,6
blr hws tmp,eq mechanical hw | unit degf | kind analog,secLeavingTemp,priLeavingTemp,6
zn t sp htg,eq st flr vav b | unit degc | kind analog,zoneHeatSp,occupiedHeatSp,6
sys ena,eq sf se monitoring | unit on | kind binary,occupancyMode,systemEnable,6
current damper position,eq sw data | unit percent | kind analog,dischargeDamperFb,damperFb,6
sf spd,eq hvu | unit percent | kind analog,dischargeFanFrequency,dischargeFanSpeed,6
damper pos,eq atu b | unit percent | kind analog,damper,dischargeDamper,6
max cl vol sp,eq flr center vav | unit cfm | kind analog,dischargeFlowMaxSp,dischargeFlowCoolMaxSp,6
min ht vol sp,eq flr center vav | unit cfm | kind analog,dischargeFlowHeatSp,dischargeFlowHeatMinSp,6
out,eq hvac nvo oa temp | unit degf | kind analog,outsideTemp,zoneTemp,6
zn t sp clg,eq st flr vav a | unit degc | kind analog,zoneCoolSp,occupiedCoolSp,6
max flow,eq atu b | unit cfm | kind analog,dischargeFlowMaxSp,dischargeFlowCoolMaxSp,6
dmp pos,eq flr center vav | unit percent | kind analog,damper,dischargeDamper,6
nci max flow,eq ncfb a service level a sl ld c5 | unit cfm | kind analog,dischargeFlowMaxSp,dischargeFlowCoolMaxSp,6
ra rel hum sp,eq ahu w | unit percent | kind analog,returnHumidSp,returnHumiditySp,6
dmpr pos,eq dd c rm oa | unit percent | kind analog,outsideDamperFb,dischargeDamperFb,6
dmpr cmd,eq dd c rm oa | unit percent | kind analog,outsideDamper,dischargeDamper,6
rf spd,eq ahu p | unit percent | kind analog,returnFanSpeedFb,returnFanSpeed,6
hdcd dmp cmd,eq ac ddvav outs | unit percent | kind analog,hotDeckDamper,dischargeDamper,6
max flow sp,eq dd c rm oa | unit cfm | kind analog,outsideFlowMaxSp,dischargeFlowMaxSp,6
zn t sp htg,eq st flr vav a | unit degc | kind analog,zoneHeatSp,occupiedHeatSp,6
act fl sp,eq dd c rm oa | unit cfm | kind analog,outsideFlowSp,dischargeFlowSp,6
act fl,eq dd c rm oa | unit cfm | kind analog,outsideFlow,dischargeFlow,6
cfm stpt max,eq v floor n fpb | kind analog,dischargeFlowMaxSp,dischargeFlowCoolMaxSp,6
inlet dmp pos,eq vav rh | unit percent | kind analog,intakeDamperFb,dischargeDamper,6
out,eq vav multiply | kind analog,dischargeDamperFb,zoneTemp,6
cfm stpt min,eq v floor n fpb | kind analog,dischargeFlowMinSp,dischargeFlowCoolMinSp,6
inlet dmp cmd,eq general office ahu fpb | unit percent | kind analog,intakeDamper,dischargeDamper,6
min flow sp,eq dd c rm oa | unit cfm | kind analog,outsideFlowMinSp,dischargeFlowMinSp,6
out,eq hvac relief damper | unit percent | kind analog,reliefDamper,zoneTemp,6
zn t sp clg,eq st flr vav b | unit degc | kind analog,zoneCoolSp,occupiedCoolSp,6
heat cool,eq q3 ahu | unit cool | kind binary,heatingEnable,hvacMode,5
ef spd,eq ahu | unit percent | kind analog,exhaustFan,exhaustFanSpeed,5
out,eq vav unit status | unit false | kind binary,occupancyMode,zoneTemp,5
vlv pos,eq t us bcb | unit percent | kind analog,coolingValveFb,heatingValveFb,5
zn t sp htg,eq th flr vav a | unit degc | kind analog,zoneHeatSp,occupiedHeatSp,5
damper pos,eq vav b | unit percent | kind analog,dischargeDamperFb,dischargeDamper,5
heat cool,eq q2 ahu | unit heat | kind binary,heatingEnable,hvacMode,5
heat cool,eq ahu vav fd w2 | unit heat | kind binary,heatingEnable,hvacMode,5
d,eq rd flr vav b | unit percent | kind analog,dischargeDamper,damper,5
bldg st prs,eq flr a ahu sys | unit inwc | kind analog,buildingPressureSp,buildingPressure,5
zn t sp htg,eq rd flr vav b | unit degc | kind analog,zoneHeatSp,occupiedHeatSp,5
rm rel hum,eq ahu | unit percent | kind analog,returnHumidity,zoneHumidity,5
oa dmp pos px,eq ahu | unit percent | kind analog,reliefDamper,outsideDamperFb,5
d,eq th flr vav a | unit percent | kind analog,dischargeDamper,damper,5
sys ena,eq sf nw monitoring | unit on | kind binary,occupancyMode,systemEnable,5
rhc vlv cmd,eq f6 nw outputs | unit percent | kind analog,heatingValve,reHeatingValve,5
zn t sp htg,eq th flr vav b | unit degc | kind analog,zoneHeatSp,occupiedHeatSp,5
sf low cmd,eq ptac n outs | unit start | kind binary,dischargeFanSpeedStage,dischargeFanSpeedMinSp,5
zn t sp clg,eq th flr vav a | unit degc | kind analog,zoneCoolSp,occupiedCoolSp,5
oa dpr pos,eq wf ahu n | unit percent | kind analog,outsideDamperSp,outsideDamper,5
zn t sp clg,eq th flr vav b | unit degc | kind analog,zoneCoolSp,occupiedCoolSp,5
min flow sp,eq ssa vav | unit cfm | kind analog,dischargeFlowCoolMinSp,dischargeFlowMinSp,5
zn t sp clg,eq rd flr vav b | unit degc | kind analog,zoneCoolSp,occupiedCoolSp,5
ra rel hum sp,eq ahu e | unit percent | kind analog,returnHumidSp,returnHumiditySp,5
prot clg stpt,unit degf | kind analog,unoccupiedCoolSp,standbyCoolSp,5
vlv comd,eq t us bcb | unit percent | kind analog,coolingValve,heatingValve,5
d,eq th flr vav b | unit percent | kind analog,dischargeDamper,damper,5
ctl stpt,eq t us bcb | unit degf | kind analog,zoneTempSpLocal,zoneTempSp,5
heat cool,eq t us acbb acb | unit cool | kind binary,heatingEnable,hvacMode,5
heat cool,eq t us acb a acb | unit heat | kind binary,heatingEnable,hvacMode,5
sys ena,eq sf sw monitoring | unit on | kind binary,occupancyMode,systemEnable,5
rhc vlv cmd,eq vg outputs | unit percent | kind analog,heatingValve,reHeatingValve,4
oa dpr pos,eq wf m ahu ne | unit percent | kind analog,outsideDamperSp,outsideDamper,4
oa dpr pos,eq wf m ahu nw | unit percent | kind analog,outsideDamperSp,outsideDamper,4
oa dpr pos,eq wf m ahu se | unit percent | kind analog,outsideDamperSp,outsideDamper,4
oa dpr pos,eq wf ahu s | unit percent | kind analog,outsideDamperSp,outsideDamper,4
avg space temp,eq s | unit degf | kind analog,zoneTemp,zoneTempAvg,4
min cl vol sp,eq court rd floor | unit cfm | kind analog,coldDeckDischargeFlowMinSp,dischargeFlowCoolMinSp,4
act fl,eq dd d rm oa | unit cfm | kind analog,outsideFlow,dischargeFlow,4
act fl sp,eq dd d rm oa | unit cfm | kind analog,outsideFlowSp,dischargeFlowSp,4
chws sp,eq chilled water systems ch | unit degf | kind analog,evapLeavingTempSp,secLeavingTempSp,4
clg o,eq dole vav | unit percent | kind analog,coolingDemand,coolingValve,4
damper pos,eq sdva vs sdb a | unit percent | kind analog,coldDeckDamper,dischargeDamper,4
damper pos,eq vvoa | unit percent | kind analog,outsideDamperFb,dischargeDamper,4
oa dmp pos,eq fcu | unit percent | kind analog,outsideDamperFb,outsideDamper,4
hw pmp sts,eq ecb hw pumps | unit on | kind binary,secPumpStatus,heatingCoilPumpStatus,4
hw pmp cmd,eq ecb hw pumps | unit on | kind binary,secPump,heatingCoilPump,4
oa dpr pos,eq wf s ahu s | unit percent | kind analog,outsideDamperSp,outsideDamper,4
current,eq sandra day pp vfd | unit amps | kind analog,priPumpCurrent,secPumpCurrent,4
current,eq sandra day cwp vfd | unit amps | kind analog,condPumpCurrent,secPumpCurrent,4
damper pos,eq atu c | unit percent | kind analog,damper,dischargeDamper,4
co2 s,eq air handling systems a p | unit ppm | kind analog,returnCO2Sp,zoneCO2Sp,4
cooling,eq mnb ahc c | unit percent | kind analog,coolingValve,coolingStage,4
oa dmp pos,eq ahu | unit percent | kind analog,outsideDamperFb,outsideDamper,4
oa dmp min pos,eq fcu | unit percent | kind analog,outsideDamperMinSp,minOutsideDamper,4
oa dpr pos,eq wf m ahu sw | unit percent | kind analog,outsideDamperSp,outsideDamper,4
rhc vlv cmd,eq v6 nw outputs | unit percent | kind analog,heatingValve,reHeatingValve,4
rhc vlv cmd,eq v6 ne outputs | unit percent | kind analog,heatingValve,reHeatingValve,4
out,eq chw chwp chw pmp spd | unit percent | kind analog,secPumpSpeed,zoneTemp,4
rhc vlv cmd,eq ahub | unit percent | kind analog,heatingValve,reHeatingValve,4
vfd spd,eq chw system | unit rpm | kind analog,twrFanSpeedFb,dischargeFanSpeed,4
dat,eq mnb ahc c | unit degf | kind analog,ahuDischargeTemp,dischargeTemp,4
nci max flow,eq ncfb b service level b sl i5 | unit cfm | kind analog,dischargeFlowMaxSp,dischargeFlowCoolMaxSp,4
out,eq ahu p bldg dp spt | unit inwc | kind analog,buildingPressureSp,zoneTemp,4
chw vlv pos,eq wf s ahu s | unit percent | kind analog,coolingValveFb,coolingValve,4
out,eq ahu p static press setpoint | unit inwc | kind analog,dischargePressureSp,zoneTemp,4
heat cool,eq ahu vav fd w3 | unit heat | kind binary,heatingEnable,hvacMode,4
vlv comd,eq t us acbb | unit percent | kind analog,waterValve,heatingValve,4
vlv comd,eq level vav c | unit percent | kind analog,reHeatingValve,heatingValve,4
vfd running,eq george th fl r fan wall | unit running | kind binary,returnFanStatus,dischargeFanStatus,4
heat cool,eq ahu vav fd w1 | unit cool | kind binary,heatingEnable,hvacMode,4
vlv comd,eq level vav u2 | unit percent | kind analog,reHeatingValve,heatingValve,4
chw f,eq chilled water systems ch | unit galmin | kind analog,evapLeavingFlow,secLeavingFlow,4
output frequency,eq sandra day pp vfd | unit hz | kind analog,priPumpFrequency,twrFanFrequency,4
dmpr pos,eq dd d rm oa | unit percent | kind analog,outsideDamperFb,dischargeDamperFb,4
preheat temp,eq mnb ahc c | unit degf | kind analog,preHeatingTemp,heatingCoilDischargeTemp,4
heat cool,eq ahu vav fd e2 | unit cool | kind binary,heatingEnable,hvacMode,4
inlet dmp cmd,eq private office ahu vav | unit percent | kind analog,intakeDamper,dischargeDamper,4
output frequency,eq sandra day cwp vfd | unit hz | kind analog,condPumpFrequency,twrFanFrequency,4
vlv pos,eq level vav u2 | unit percent | kind analog,reHeatingValveFb,heatingValveFb,4
heat cool,eq ahu vav fd n2 | unit cool | kind binary,heatingEnable,hvacMode,4
return temp,eq general | unit degfalarminhibit | kind analog,zoneTemp,returnTemp,4
dmpr cmd,eq dd d rm oa | unit percent | kind analog,outsideDamper,dischargeDamper,4
heat cool,eq ahu vav fd n1 | unit heat | kind binary,heatingEnable,hvacMode,4
vlv pos,eq level vav j1 | unit percent | kind analog,reHeatingValveFb,heatingValveFb,4
vlv pos,eq level vav c | unit percent | kind analog,reHeatingValveFb,heatingValveFb,4
vlv comd,eq level vav j1 | unit percent | kind analog,reHeatingValve,heatingValve,4
min ht vol sp,eq court rd floor | unit cfm | kind analog,hotDeckDischargeFlowMinSp,dischargeFlowHeatMinSp,4
min flow stpt,eq denney second nass vavs | unit cfm | kind analog,dischargeFlowHeatSp,dischargeFlowCoolMinSp,4
max flow,eq atu c | unit cfm | kind analog,dischargeFlowMaxSp,dischargeFlowCoolMaxSp,4
effclg sp,eq nd flr vav | unit degc | kind analog,zoneCoolSp,occupiedCoolSp,4
ef sts,eq cb idf w | unit off | kind binary,dischargeFanStatus,exhaustFanStatus,4
max cl vol sp,eq court rd floor | unit cfm | kind analog,coldDeckDischargeFlowMaxSp,dischargeFlowCoolMaxSp,4
vlv pos,eq t us acbb | unit percent | kind analog,waterValveFb,heatingValveFb,4
zn t,eq ahu c | unit degc | kind analog,returnTemp,zoneTemp,4
hc vlv pos,eq fcu | unit percent | kind analog,heatingValveFb,heatingValve,4
cc vlv pos,eq fcu | unit percent | kind analog,coolingValveFb,coolingValve,4
cdsa tmp sp,eq flr bs ahus | unit degf | kind analog,dischargeTempSp,coldDeckDischargeTempSp,4
min flow sp,eq dd d rm oa | unit cfm | kind analog,outsideFlowMinSp,dischargeFlowMinSp,4
cd dmp pos,eq flr s sys vavsd | unit percent | kind analog,coldDeckDamperFb,coldDeckDamper,4
max flow sp,eq dd d rm oa | unit cfm | kind analog,outsideFlowMaxSp,dischargeFlowMaxSp,4
max inlet air flw sp,eq vav ne s ps | unit cfm | kind analog,dischargeFlowMinSp,dischargeFlowMaxSp,4
out,eq hvac re heat valve | unit percent | kind analog,reHeatingValve,zoneTemp,4
effhtg sp,eq nd flr vav | unit degc | kind analog,zoneHeatSp,occupiedHeatSp,4
blr hws tmp,eq hws blr | unit degf | kind analog,leavingTemp,priLeavingTemp,3
blr hwr tmp,eq hws blr | unit degf | kind analog,enteringTemp,priEnteringTemp,3
cd dmp pos,eq flr n svav | unit percent | kind analog,coldDeckDamperFb,coldDeckDamper,3
cc tmp,eq ahu w1 | unit degf | kind analog,dischargeTemp,coolingCoilDischargeTemp,3
cc tmp,eq ahu e1 | unit degf | kind analog,dischargeTemp,coolingCoilDischargeTemp,3
boiler return temp,eq knslm cb ins | unit degf | kind analog,priEnteringTemp,enteringTemp,3
cd dmp pos,eq flr n vav a | unit percent | kind analog,coldDeckDamperFb,coldDeckDamper,3
min cl vol sp,eq cd west | unit cfm | kind analog,coldDeckDischargeFlowMinSp,dischargeFlowCoolMinSp,3
min cl vol sp,eq cd east | unit cfm | kind analog,coldDeckDischargeFlowMinSp,dischargeFlowCoolMinSp,3
zn t sp clg,eq nd flr fcu | unit degc | kind analog,zoneCoolSp,occupiedCoolSp,3
zn t,eq ahu b | unit degc | kind analog,returnTemp,zoneTemp,3
zn t sp clg,eq st flr fc | unit degc | kind analog,zoneCoolSp,occupiedCoolSp,3
ef s,eq dole ahu | unit off | kind binary,exhaustFan,exhaustFanStatus,3
hd dmp pos,eq flr n vav a | unit percent | kind analog,hotDeckDamperFb,hotDeckDamper,3
hd dmp pos,eq flr n svav | unit percent | kind analog,hotDeckDamperFb,hotDeckDamper,3
zn t sp htg,eq rd flr fv a1 | unit degc | kind analog,zoneHeatSp,occupiedHeatSp,3
fan flow,eq q4 strob | kind analog,exhaustFlow,dischargeFlow,3
fan flow,eq q1 strob | kind analog,exhaustFlow,dischargeFlow,3
zn t sp clg,eq rd flr fv a1 | unit degc | kind analog,zoneCoolSp,occupiedCoolSp,3
ch en,eq emd chillers chillers | unit off | kind binary,chiller,chillerEnable,3
min flow stpt,eq denney second sdva vs | unit cfm | kind analog,dischargeFlowHeatSp,dischargeFlowCoolMinSp,3
min ht vol sp,eq hd east | unit cfm | kind analog,hotDeckDischargeFlowMinSp,dischargeFlowHeatMinSp,3
max cl vol sp,eq cd west | unit cfm | kind analog,coldDeckDischargeFlowMaxSp,dischargeFlowCoolMaxSp,3
max cl vol sp,eq cd east | unit cfm | kind analog,coldDeckDischargeFlowMaxSp,dischargeFlowCoolMaxSp,3
ph t,eq ahu | unit degf | kind analog,preHeatingTemp,preHeatingCoilLeavingTemp,3
out,eq doas sf sts | unit running | kind binary,dischargeFanStatus,zoneTemp,3
heat cool,eq ahu vav fd e1 | unit cool | kind binary,heatingEnable,hvacMode,3
econ ena,eq ahu e | unit off | kind binary,cool,econEnable,3
ef sts,eq cb idf e | unit off | kind binary,dischargeFanStatus,exhaustFanStatus,3
output frequency,eq emd chillers emd pump drive | unit hz | kind analog,secPumpFrequency,twrFanFrequency,3
chlr ena,eq chilled water systems chl | unit off | kind binary,chillerEnable,chiller,3
min ht vol sp,eq hd west | unit cfm | kind analog,hotDeckDischargeFlowMinSp,dischargeFlowHeatMinSp,3
chw pmp cmd,eq chilled water systems chwp | unit off | kind binary,evapPump,secPump,3
motor current,eq emd chillers emd pump drive | unit amps | kind analog,secPumpCurrent,twrFanCurrent,3
chwp sts,eq chw ps | unit stopped | kind binary,priPumpStatus,secPumpStatus,3
hws tmp sp,eq hws | unit degf | kind analog,leavingTempSp,secLeavingTempSp,3
chws tmp sp,eq chilled water systems chl | unit degf | kind analog,evapLeavingTempSp,secLeavingTempSp,3
chwp o,eq emd chillers chillers | unit percent | kind analog,priPumpSpeed,evapPumpSpeed,3
chwr tmp,eq chilled water systems chl | unit degf | kind analog,evapEnteringTemp,secEnteringTemp,3
co2 sp,eq ecb ahu b | unit ppm | kind analog,zoneCO2Sp,returnCO2Sp,3
start stop,eq chiller | unit off | kind binary,chiller,priPump,3
chws tmp,eq chilled water systems chl | unit degf | kind analog,evapLeavingTemp,secLeavingTemp,3
heat cool,eq ahu vav fd n4 | unit cool | kind binary,heatingEnable,hvacMode,3
heat cool,eq ahu vav fd n3 | unit cool | kind binary,heatingEnable,hvacMode,3
heat cool,eq ahu vav fd n1 | unit cool | kind binary,heatingEnable,hvacMode,3
ret t,eq usfch basement hx | unit degf | kind analog,secEnteringTemp,returnTemp,3
pmp spd cmd,eq chw nla chwp | unit percent | kind analog,secPumpSpeed,condPumpSpeed,3
clg o,eq dole ftu a | unit percent | kind analog,coolingDemand,coolingValve,3
sys ena,eq hws | unit on | kind binary,heatingEnable,systemEnable,3
hw pmp sts,eq flr bn hw sys | unit on | kind binary,priPumpStatus,heatingCoilPumpStatus,3
nvo damper pos,eq ddb | unit percent | kind analog,damper,dischargeDamper,3
stm vlv,eq htg sys hx | unit percent | kind analog,heatingValveTwoThird,heatingValve,3
status,eq sandra day ch york elink | unit stopped | kind binary,chillerStatus,priPumpStatus,3
ct iso vlv cmd,eq chilled water systems ct | unit closed | kind binary,twrEnteringIsoValve,twrIsoValve,3
cwr t,eq chilled water systems ch | unit degf | kind analog,condLeavingTemp,condEnteringTemp,3
run sts,eq chw nla cwp | unit off | kind binary,condPumpStatus,chillerStatus,3
run stop cmd,eq ph eco fan sf | unit stop | kind binary,dischargeFan,condPump,3
sf low cmd,eq ptac s outputs | unit stop | kind binary,dischargeFanSpeedStage,dischargeFanSpeedMinSp,3
heat cool,eq ahu vav fd s3 | unit cool | kind binary,heatingEnable,hvacMode,3
heat cool,eq ahu vav fd s1 | unit cool | kind binary,heatingEnable,hvacMode,3
out,eq ahu p ret dpr cmd | unit percent | kind analog,returnDamper,zoneTemp,3
heat cool,eq ahu vav frd s1 | unit cool | kind binary,heatingEnable,hvacMode,3
out,eq ddb nci unocc heat sp | unit degf | kind analog,unoccupiedHeatSp,zoneTemp,3
out,eq ddb nci unocc cool sp | unit degf | kind analog,unoccupiedCoolSp,zoneTemp,3
out,eq ddb nci occ heat sp | unit degf | kind analog,occupiedHeatSp,zoneTemp,3
out,eq ddb nci occ cool sp | unit degf | kind analog,occupiedCoolSp,zoneTemp,3
current,unit amps | kind analog,compCurrent,secPumpCurrent,3
current,eq sandra day ct vfd | unit amps | kind analog,twrFanCurrent,secPumpCurrent,3
hw pmp cmd,eq hot water systems hwp | unit off | kind binary,secPump,heatingCoilPump,3
d,eq rd flr fv a1 | unit percent | kind analog,dischargeDamper,damper,3
sf high cmd,eq ptac s outputs | unit stop | kind binary,dischargeFanSpeedStage,dischargeFanSpeedMaxSp,3
heat cool,eq t us acb a acb | unit cool | kind binary,heatingEnable,hvacMode,3
heat cool,eq q3 fcu | unit cool | kind binary,heatingEnable,hvacMode,3
heat cool mode,unit heating | kind binary,occupancyMode,hvacMode,3
heat cool,eq t us acbb | unit cool | kind binary,heatingEnable,hvacMode,3
rhc vlv cmd,eq v5 sw outputs | unit percent | kind analog,heatingValve,reHeatingValve,3
damper position,eq batfeva vs vav | kind analog,dischargeDamper,dischargeDamperFb,3
damper pos,eq sdva vs sdb b | unit percent | kind analog,coldDeckDamper,dischargeDamper,3
heat cool,eq ahu vav fd w3 | unit cool | kind binary,heatingEnable,hvacMode,3
heat cool,eq ahu vav fd w2 | unit cool | kind binary,heatingEnable,hvacMode,3
heat cool,eq ahu vav fd w1 | unit heat | kind binary,heatingEnable,hvacMode,3
heat cool,eq t us acbb acb | unit heat | kind binary,heatingEnable,hvacMode,3
rhc vlv cmd,eq v5 se outputs | unit percent | kind analog,heatingValve,reHeatingValve,3
rhc vlv cmd,eq v4 se outputs | unit percent | kind analog,heatingValve,reHeatingValve,3
rhc vlv cmd,eq v3 se outputs | unit percent | kind analog,heatingValve,reHeatingValve,3
rhc vlv cmd,eq v3 ne outputs | unit percent | kind analog,heatingValve,reHeatingValve,3
damper pos,eq vav c | unit percent | kind analog,dischargeDamperFb,dischargeDamper,3
heat cool,eq q3 ahu | unit heat | kind binary,heatingEnable,hvacMode,3
heat cool,eq ahu vav fd w4 | unit heat | kind binary,heatingEnable,hvacMode,3
occ status,eq fc us fcu b | unit occupied | kind binary,occupancySensor,occupancyMode,3
cdsfvfd cmd,eq flr n ahu sys | unit running | kind binary,dischargeFan,coldDeckFan,3
zn t sp htg,eq nd flr fcu | unit degc | kind analog,zoneHeatSp,occupiedHeatSp,3
zn t sp htg,eq st flr fc | unit degc | kind analog,zoneHeatSp,occupiedHeatSp,3
zn t sp clg,eq rd flr fv b1 | unit degc | kind analog,zoneCoolSp,occupiedCoolSp,2
out,eq vav sa temp | unit degf | kind analog,dischargeTemp,zoneTemp,2
out,eq vav nci unocc cool sp | unit degf | kind analog,unoccupiedCoolSp,zoneTemp,2
out,eq vav nci occ cool sp | unit degf | kind analog,occupiedCoolSp,zoneTemp,2
out,eq vav nci max cfmsp | unit cfm | kind analog,dischargeFlowMaxSp,zoneTemp,2
hd dmp pos,eq flr s sys vavdd | unit percent | kind analog,hotDeckDamperFb,hotDeckDamper,2
pre ht vlv cmd,eq ahu west | unit off | kind binary,heatingValve,minOutsideHeatingStage,2
pre ht vlv cmd,eq ahu e | unit on | kind binary,minOutsideDamper,minOutsideHeatingStage,2
act cool sp,eq penthouse ahu em | unit degf | kind analog,zoneTempSp,zoneCoolSp,2
fan spd,eq wf ct | unit percent | kind analog,twrFanSpeedFb,dischargeFanSpeed,2
fan command,eq ef ef | unit active | kind binary,exhaustFan,dischargeFanSpeed,2
zn t sp clg,eq rd flr fv a2 | unit degc | kind analog,zoneCoolSp,occupiedCoolSp,2
zn t sp clg,eq nd flr vav b | unit degc | kind analog,zoneCoolSp,occupiedCoolSp,2
zn t sp clg,eq nd flr vav a | unit degc | kind analog,zoneCoolSp,occupiedCoolSp,2
min flow stpt,eq denney third sdva vs | unit cfm | kind analog,dischargeFlowHeatSp,dischargeFlowCoolMinSp,2
ccfbd,eq air handling systems a p | unit psi | kind analog,faceBypassDamper,coolingValveFb,2
heat cool,eq ahu vav fd w5 | unit heat | kind binary,heatingEnable,hvacMode,2
heat cool,eq ahu vav fd w4 | unit cool | kind binary,heatingEnable,hvacMode,2
occ htg sp,eq vav | unit degf | kind analog,zoneHeatSp,occupiedHeatSp,2
cd dmp pos,eq flr s sys vavdd | unit percent | kind analog,coldDeckDamperFb,coldDeckDamper,2
blr hws tmp,eq hws | unit degf | kind analog,leavingTemp,priLeavingTemp,2
zn t sp clg,eq th flr vav a1 | unit degc | kind analog,zoneCoolSp,occupiedCoolSp,2
min cl vol sp,eq flr east vav e4 | unit cfm | kind analog,dischargeFlowMinSp,dischargeFlowCoolMinSp,2
min cl vol sp,eq flr east vav e1 | unit cfm | kind analog,dischargeFlowMinSp,dischargeFlowCoolMinSp,2
zn t sp htg,eq th flr vav a1 | unit degc | kind analog,zoneHeatSp,occupiedHeatSp,2
zn t sp htg,eq th flr fvav b2 | unit degc | kind analog,zoneHeatSp,occupiedHeatSp,2
zn t sp htg,eq th flr fvav b1 | unit degc | kind analog,zoneHeatSp,occupiedHeatSp,2
zn t sp htg,eq th flr fvav a2 | unit degc | kind analog,zoneHeatSp,occupiedHeatSp,2
zn t sp htg,eq nd flr vav b | unit degc | kind analog,zoneHeatSp,occupiedHeatSp,2
zn t sp htg,eq nd flr vav a | unit degc | kind analog,zoneHeatSp,occupiedHeatSp,2
cdsa tmp,eq flr bs ahus | unit degf | kind analog,dischargeTemp,coldDeckDischargeTemp,2
min cl vol sp,eq flr east vav e9 | unit cfm | kind analog,dischargeFlowMinSp,dischargeFlowCoolMinSp,2
rhc vlv cmd,eq u4 rm a rm a | kind analog,heatingValve,reHeatingValve,2
dmp pos,eq flr east vav e7 | unit percent | kind analog,damper,dischargeDamper,2
dmp pos,eq flr east vav e6 | unit percent | kind analog,damper,dischargeDamper,2
dmp pos,eq flr east vav e5 | unit percent | kind analog,damper,dischargeDamper,2
dmp pos,eq flr east vav e4 | unit percent | kind analog,damper,dischargeDamper,2
dmp pos,eq flr east vav e1 | unit percent | kind analog,damper,dischargeDamper,2
damper pos,eq vav d | unit percent | kind analog,dischargeDamperFb,dischargeDamper,2
damper pos,eq sdva vs sdb c | unit percent | kind analog,coldDeckDamper,dischargeDamper,2
heat cool,eq ahu vav frd w1 | unit heat | kind binary,heatingEnable,hvacMode,2
heat cool,eq ahu vav frd w1 | unit cool | kind binary,heatingEnable,hvacMode,2
heat cool,eq ahu vav frd s1 | unit heat | kind binary,heatingEnable,hvacMode,2
occ cmd,eq mechanical | unit unoccupied | kind analog,occupancyModeOvr,occupancyMode,2
occ cmd,eq mechanical s5 ab | unit occupied | kind analog,occupancyModeOvr,occupancyMode,2
occ cmd,eq mechanical s4 ab | unit occupied | kind analog,occupancyModeOvr,occupancyMode,2
occ cmd,eq mechanical s3 ab | unit occupied | kind analog,occupancyModeOvr,occupancyMode,2
heat cool,eq ahu vav frd e1 | unit cool | kind binary,heatingEnable,hvacMode,2
return temp,eq york chiller | kind analog,evapEnteringTemp,returnTemp,2
return temp,eq sw dual temp | unit degf | kind analog,secEnteringTemp,returnTemp,2
return temp,eq se dual temp | unit degf | kind analog,secEnteringTemp,returnTemp,2
return temp,eq s dual temp | unit degf | kind analog,secEnteringTemp,returnTemp,2
return temp,eq nw dual temp | unit degf | kind analog,secEnteringTemp,returnTemp,2
return temp,eq ne dual temp | unit degf | kind analog,secEnteringTemp,returnTemp,2
return temp,eq n dual temp | unit degf | kind analog,secEnteringTemp,returnTemp,2
dmp pos,eq flr east vav e9 | unit percent | kind analog,damper,dischargeDamper,2
dmp pos,eq flr east vav e8 | unit percent | kind analog,damper,dischargeDamper,2
pump status,eq ncfb a public level kitchen cooling loop | unit off | kind binary,secPumpStatus,pumpStatus,2
out,eq ahu rf sts | unit running | kind binary,returnFanStatus,zoneTemp,2
heat cool,eq ahu vav fd s3 | unit heat | kind binary,heatingEnable,hvacMode,2
occ clg sp,eq vav | unit degf | kind analog,zoneCoolSp,occupiedCoolSp,2
heat cool,eq t us acb g | unit cool | kind binary,heatingEnable,hvacMode,2
heat cool,eq t us acb f acb b | unit cool | kind binary,heatingEnable,hvacMode,2
rhc vlv cmd,eq u4 rm rm | kind analog,heatingValve,reHeatingValve,2
rhc vlv cmd,eq general office ahu fpb | unit percent | kind analog,heatingValve,reHeatingValve,2
d,eq nd flr vav a | unit percent | kind analog,dischargeDamper,damper,2
d,eq th flr vav a1 | unit percent | kind analog,dischargeDamper,damper,2
d,eq th flr fvav b2 | unit percent | kind analog,dischargeDamper,damper,2
d,eq th flr fvav b1 | unit percent | kind analog,dischargeDamper,damper,2
d,eq th flr fvav a2 | unit percent | kind analog,dischargeDamper,damper,2
d,eq th flr fvav a1 | unit percent | kind analog,dischargeDamper,damper,2
heat cool,eq t us acb a acb d | unit heat | kind binary,heatingEnable,hvacMode,2
heat cool,eq t us fpvav | unit cool | kind binary,heatingEnable,hvacMode,2
rhc vlv cmd,eq v6 sw outputs | unit percent | kind analog,heatingValve,reHeatingValve,2
rhc vlv cmd,eq v6 se outputs | unit percent | kind analog,heatingValve,reHeatingValve,2
damper pos,unit percent | kind analog,damper,dischargeDamper,2
damper pos,eq vav e | unit percent | kind analog,dischargeDamperFb,dischargeDamper,2
damper pos,eq ddva vs atu | unit percent | kind analog,coldDeckDamper,dischargeDamper,2
occ cmd,eq mechanical s2 ab | unit occupied | kind analog,occupancyModeOvr,occupancyMode,2
rhc vlv cmd,eq ahu | unit percent | kind analog,heatingValve,reHeatingValve,2
oa damper pos,eq ncfb c public level c pl ac | unit percent | kind analog,dischargeDamper,outsideDamperFb,2
hw pmp sts,eq hws b1 | unit stopped | kind binary,secPumpStatus,heatingCoilPumpStatus,2
d,eq rd flr vav a | unit percent | kind analog,dischargeDamper,damper,2
d,eq rd flr fv b2 | unit percent | kind analog,dischargeDamper,damper,2
d,eq rd flr fv b1 | unit percent | kind analog,dischargeDamper,damper,2
d,eq rd flr fv a2 | unit percent | kind analog,dischargeDamper,damper,2
d,eq nd flr vav b | unit percent | kind analog,dischargeDamper,damper,2
oaf cmd,eq ahu | unit on | kind binary,minOutsideFan,outsideFan,2
htg sp,eq erv | unit degf | kind analog,reHeatingCoilDischargeTempSp,occupiedHeatSp,2
oa dpr pos,eq wf n ahu n | unit percent | kind analog,outsideDamperSp,outsideDamper,2
oa dpr pos,eq ahu | unit percent | kind analog,outsideDamperFb,outsideDamper,2
sf air flw sw,unit on | kind binary,dischargeFlowStatus,dischargeFanStatus,2
setpoint,eq hvu sbw logic hvu | unit degf | kind analog,dischargeTempCoolSp,zoneTempSp,2
sa st prs sp,eq ahu n9 ahu | unit inwc | kind analog,outsideFlowSp,dischargePressureSp,2
cwr tmp,eq chilled water systems ct | unit degf | kind analog,twrEnteringTemp,condEnteringTemp,2
cwr t,eq chilled water systems hxb | unit degf | kind analog,secEnteringTemp,condEnteringTemp,2
co2 sp,eq v floor ahu | unit ppm | kind analog,zoneCO2Sp,returnCO2Sp,2
run stop act,eq sandra day ct vfd | unit stop | kind binary,twrFanStatus,condPumpStatus,2
speed feedback,eq ef vfd | unit percent | kind analog,returnFanSpeedFb,dischargeFanSpeedFb,2
heat cool,eq ahu vav fd s2 | unit heat | kind binary,heatingEnable,hvacMode,2
heat cool,eq ahu vav fd s2 | unit cool | kind binary,heatingEnable,hvacMode,2
heat cool,eq ahu vav fd s1 | unit heat | kind binary,heatingEnable,hvacMode,2
out,eq ahu p ret dpr pos | unit percent | kind analog,returnDamperFb,zoneTemp,2
heat cool,eq ahu vav frd e2 | unit cool | kind binary,heatingEnable,hvacMode,2
heat cool,eq ahu vav frd e1 | unit heat | kind binary,heatingEnable,hvacMode,2
out,eq cp a nvo ch cw leave temp | unit degf | kind analog,condLeavingTemp,zoneTemp,2
out,eq cp a nvo ch cw enter temp | unit degf | kind analog,condEnteringTemp,zoneTemp,2
hw pmp cmd,eq hw sys | unit off | kind binary,secPump,heatingCoilPump,2
hw pmp cmd,eq hot water systems hwp | unit on | kind binary,secPump,heatingCoilPump,2
hw pmp cmd,eq ecb hw pumps | unit off | kind binary,secPump,heatingCoilPump,2
hum cmd,eq ecb ahu b | unit percent | kind analog,humidifierValve,humidifier,2
oa dmp pos,eq erv | unit percent | kind analog,outsideDamperFb,outsideDamper,2
supply temp,eq s dual temp | unit degf | kind analog,secLeavingTemp,dischargeTemp,2
supply temp,eq nw dual temp | unit degf | kind analog,secLeavingTemp,dischargeTemp,2
supply temp,eq ne dual temp | unit degf | kind analog,secLeavingTemp,dischargeTemp,2
supply temp,eq n dual temp | unit degf | kind analog,secLeavingTemp,dischargeTemp,2
hw pump status,eq ncfb c service level central plant heating loop | unit on | kind binary,priPumpStatus,heatingCoilPumpStatus,2
supply temp,eq york chiller | kind analog,evapLeavingTemp,dischargeTemp,2
hw pmp sts,eq hot water systems hwp | unit off | kind binary,secPumpStatus,heatingCoilPumpStatus,2
hw pmp sts,eq ecb hw pumps | unit off | kind binary,secPumpStatus,heatingCoilPumpStatus,2
hw pmp spd,eq hw sys outs | unit percent | kind analog,priPumpSpeed,secPumpSpeed,2
nci min flow,eq iz vav s vav a | unit cfm | kind analog,dischargeFlowCoolMinSp,dischargeFlowMinSp,2
sts,eq wf ct | unit stopped | kind binary,twrFanStatus,dischargeFanStatus,2
sts,eq chilled water systems ch | unit off | kind analog,chillerStatus,dischargeFanStatus,2
ct spd,eq chiller plant cooling towers | unit percent | kind analog,twrFanSpeedFb,twrFanSpeed,2
ct iso vlv cmd,eq chilled water systems ct | unit open | kind binary,twrEnteringIsoValve,twrIsoValve,2
crsovr dpr pos,eq cb mua | unit percent | kind analog,dischargeIsoDamper,bypassDamper,2
condenser,eq ac outs | unit percent | kind analog,condFanSpeed,cond,2
clg tmp,eq north equip room ahu | unit degf | kind analog,coolingCoilDischargeTemp,coolingCoilLeavingTemp,2
chws tmp,eq chiller | unit degf | kind analog,evapLeavingTemp,secLeavingTemp,2
clg sig,eq ac fl ac | unit percent | kind analog,coolingValveFb,coolingValve,2
out,eq cp a nvo ch chw leave temp | unit degf | kind analog,evapLeavingTemp,zoneTemp,2
heat cool,eq ahu vav fd n5 | unit cool | kind binary,heatingEnable,hvacMode,2
heat cool,eq ahu vav fd n4 | unit heat | kind binary,heatingEnable,hvacMode,2
heat cool,eq ahu vav fd n3 | unit heat | kind binary,heatingEnable,hvacMode,2
out,eq cp a nvo ch chw diff press | unit psi | kind analog,evapLeavingPressure,zoneTemp,2
rad,eq air handling systems a p | unit percent | kind analog,outsideDamper,returnDamper,2
pre ht coil tmp,eq ahu west | unit degf | kind analog,heatingCoilDischargeTemp,minOutsideTemp,2
pre ht coil tmp,eq ahu w | unit degf | kind analog,preHeatingTemp,minOutsideTemp,2
pre ht coil tmp,eq ahu e | unit degf | kind analog,preHeatingTemp,minOutsideTemp,2
pmp sts,eq chws | unit off | kind binary,evapPumpStatus,secPumpStatus,2
ea st prs sp,eq mz ahu | unit inwc | kind analog,returnPressureSp,exhaustPressureSp,2
clg o,eq dole ftu b | unit percent | kind analog,coolingDemand,coolingValve,2
supply temp,eq se dual temp | unit degf | kind analog,secLeavingTemp,dischargeTemp,2
vlv comd,eq level vav ju | unit percent | kind analog,reHeatingValve,heatingValve,2
vlv comd,eq level fpv u2 | unit percent | kind analog,reHeatingValve,heatingValve,2
vlv comd,eq level fpv r | unit percent | kind analog,reHeatingValve,heatingValve,2
supply temp,eq sw dual temp | unit degf | kind analog,secLeavingTemp,dischargeTemp,2
chws tmp sp,eq chiller | unit degf | kind analog,evapLeavingTempSp,secLeavingTempSp,2
chws tmp,eq eru | unit degf | kind analog,priLeavingTemp,secLeavingTemp,2
hwp vfd spd,unit percent | kind analog,priPumpSpeed,secPumpSpeed,2
hwp sts,eq boiler system | unit off | kind binary,priPumpStatus,secPumpStatus,2
nci max flow,eq ncfb b public level b pl i5 | unit cfm | kind analog,dischargeFlowMaxSp,dischargeFlowCoolMaxSp,2
chwp pri chw pmp cmd,eq chiller cm | unit stop | kind binary,evapPump,priPump,2
chwp o,eq dole chw system | unit percent | kind analog,secPumpSpeed,evapPumpSpeed,2
chws t,eq chilled water systems hxb | unit degf | kind analog,secLeavingTemp,evapLeavingTemp,2
chws flw rat,eq trane chiller | unit percent | kind analog,evapLeavingFlow,secLeavingFlow,2
chwr tmp,eq chiller | unit degf | kind analog,evapEnteringTemp,secEnteringTemp,2
chwr t,eq chilled water systems hxb | unit degf | kind analog,secEnteringTemp,evapEnteringTemp,2
chwp vfd spd,unit percent | kind analog,secPumpSpeedFb,secPumpSpeed,2
vlv comd,eq t us acb a acb d | unit percent | kind analog,waterValve,heatingValve,2
inlet dmp cmd,eq conference rm ahu fpb | unit percent | kind analog,intakeDamper,dischargeDamper,2
inlet dmp cmd,eq brdr sec fas ahu fpb | unit percent | kind analog,intakeDamper,dischargeDamper,2
mphd c,eq dole ahu | unit open | kind binary,outsideIsoDamper,minOutsideDamperFb,2
minoacmd,eq v floor n ahu | unit percent | kind analog,minOutsideDamper,minOutsideDamperFb,2
sys ena,eq sf ww monitoring | unit on | kind binary,occupancyMode,systemEnable,2
vfd sts,eq chw system | unit stop | kind binary,twrFanStatus,dischargeFanStatus,2
vfd sts,eq chw system | unit run | kind binary,twrFanStatus,dischargeFanStatus,2
valve,eq cooling towers towers | unit open | kind binary,twrEnteringIsoValve,waterValve,2
chwp ss,eq v floor chwp | unit off | kind binary,secPump,evapPumpEnable,2
chwp s,eq emd chillers chillers | unit off | kind binary,priPumpStatus,evapPumpStatus,2
chwp s,eq dole chw system | unit off | kind binary,secPumpStatus,evapPumpStatus,2
chwp pri chw pmp sts,eq chiller cm | unit stopped | kind binary,evapPumpStatus,priPumpStatus,2
hwr tmp,eq eru | unit degf | kind analog,priEnteringTemp,secEnteringTemp,2
vlv comd,eq level vav q | unit percent | kind analog,reHeatingValve,heatingValve,2
vlv comd,eq level vav m2 | unit percent | kind analog,reHeatingValve,heatingValve,2
vlv pos,eq level fpv u2 | unit percent | kind analog,reHeatingValveFb,heatingValveFb,2
chw pmp spd,eq norris cotton chiller | unit percent | kind analog,evapPumpSpeed,secPumpSpeed,2
chw pmp cmd,eq norris cotton chiller | unit off | kind binary,evapPump,secPump,2
chw iso vlv cmd,eq chilled water systems chl | unit percent | kind analog,evapLeavingIsoValve,evapEnteringIsoValve,2
chw flw rat,eq chilled water systems chl | unit galmin | kind analog,evapEnteringFlow,evapLeavingFlow,2
vlv pos,eq level fpv r | unit percent | kind analog,reHeatingValveFb,heatingValveFb,2
chwp c,eq emd chillers chillers | unit off | kind binary,priPump,evapPump,2
chwp c,eq dole chw system | unit off | kind binary,secPump,evapPump,2
chw vlv pos,eq erv | unit percent | kind analog,coolingValveFb,coolingValve,2
vlv comd,eq level fpv j1 | unit percent | kind analog,reHeatingValve,heatingValve,2
vlv comd,eq t us acbb a acbb | unit percent | kind analog,waterValve,heatingValve,2
vlv comd,eq t us acb g | unit percent | kind analog,waterValve,heatingValve,2
vlv comd,eq t us acb f acb b | unit percent | kind analog,waterValve,heatingValve,2
chw v,eq chilled water systems hxb | unit percent | kind analog,secEnteringIsoValve,coolingValve,2
chw pump sts,eq zfb cw hw pumps vlvs cw system | unit off | kind binary,secPumpStatus,coolingCoilPumpStatus,2
chw pmp sts,eq norris cotton chiller | unit off | kind binary,evapPumpStatus,secPumpStatus,2
min ht vol sp,eq flr east vav e7 | unit cfm | kind analog,dischargeFlowHeatSp,dischargeFlowHeatMinSp,2
min ht vol sp,eq flr east vav e6 | unit cfm | kind analog,dischargeFlowHeatSp,dischargeFlowHeatMinSp,2
vlv pos,eq t us acbb a acbb | unit percent | kind analog,waterValveFb,heatingValveFb,2
vlv pos,eq t us acb g | unit percent | kind analog,waterValveFb,heatingValveFb,2
vlv pos,eq t us acb f acb b | unit percent | kind analog,waterValveFb,heatingValveFb,2
chlr cmd,eq chws | unit off | kind binary,chiller,chillerEnable,2
chlr cmd,eq chws outs | unit off | kind binary,chiller,chillerEnable,2
chlr cmd,eq chilled water systems chl | unit off | kind binary,chiller,chillerEnable,2
minoacmd,eq v floor ahu | unit percent | kind analog,minOutsideDamper,minOutsideDamperFb,2
min oa sp,eq mnb ahc c | unit percent | kind analog,outsideFlowMinSp,minOutsideDamperMinSp,2
inlet dmp cmd,eq training room ahu fpb | unit percent | kind analog,intakeDamper,dischargeDamper,2
inlet dmp cmd,eq room ahu vav | unit percent | kind analog,intakeDamper,dischargeDamper,2
min oa flow,eq mnb ahc c | unit cfm | kind analog,outsideFlowMinSp,minOutsideFlow,2
vlv pos,eq level vav q | unit percent | kind analog,reHeatingValveFb,heatingValveFb,2
vlv pos,eq level vav m2 | unit percent | kind analog,reHeatingValveFb,heatingValveFb,2
vlv pos,eq level vav ju | unit percent | kind analog,reHeatingValveFb,heatingValveFb,2
ch ena twr,eq chillers chiller | unit enabled | kind binary,twrEnable,chiller,2
ch ena,unit off | kind binary,chiller,chillerEnable,2
vlv pos,eq level fpv j1 | unit percent | kind analog,reHeatingValveFb,heatingValveFb,2
iso vlv cmd,eq hot water systems blr | unit off | kind binary,priLeavingIsoValve,twrIsoValve,2
min ht vol sp,eq flr east vav e9 | unit cfm | kind analog,dischargeFlowHeatSp,dischargeFlowHeatMinSp,2
pmp cmd,eq chws | unit off | kind binary,evapPump,secPump,2
pht,eq q2 ahu | unit degf | kind analog,preHeatingCoilDischargeTemp,heatingCoilDischargeTemp,2
heat cool,eq ahu vav fd e4 | unit cool | kind binary,heatingEnable,hvacMode,2
heat cool,eq ahu vav fd e3 | unit heat | kind binary,heatingEnable,hvacMode,2
heat cool,eq ahu vav fd e3 | unit cool | kind binary,heatingEnable,hvacMode,2
heat cool,eq ahu vav fd e1 | unit heat | kind binary,heatingEnable,hvacMode,2
heat cool,eq ahu cav | unit heat | kind binary,heatingEnable,hvacMode,2
econ ena,eq ahu w | unit off | kind binary,cool,econEnable,2
eff occ,eq erv | unit ococcupied | kind analog,occupiedMode,occupancyMode,2
ef spd,unit percent | kind analog,exhaustFanSpeedFb,exhaustFanSpeed,2
min ht vol sp,eq flr east vav e8 | unit cfm | kind analog,dischargeFlowHeatSp,dischargeFlowHeatMinSp,2
cc vlv pos,eq eru | unit percent | kind analog,coolingValveFb,coolingValve,2
cc tmp,eq ahu w2 | unit degf | kind analog,dischargeTemp,coolingCoilDischargeTemp,2
vlv pos,eq t us acb a acb d | unit percent | kind analog,waterValveFb,heatingValveFb,2
min ht vol sp,eq flr east vav e5 | unit cfm | kind analog,dischargeFlowHeatSp,dischargeFlowHeatMinSp,2
min ht vol sp,eq flr east vav e4 | unit cfm | kind analog,dischargeFlowHeatSp,dischargeFlowHeatMinSp,2
min ht vol sp,eq flr east vav e1 | unit cfm | kind analog,dischargeFlowHeatSp,dischargeFlowHeatMinSp,2
max cl vol sp,eq flr east vav e9 | unit cfm | kind analog,dischargeFlowMaxSp,dischargeFlowCoolMaxSp,2
max cl vol sp,eq flr east vav e8 | unit cfm | kind analog,dischargeFlowMaxSp,dischargeFlowCoolMaxSp,2
max cl vol sp,eq flr east vav e7 | unit cfm | kind analog,dischargeFlowMaxSp,dischargeFlowCoolMaxSp,2
max cl vol sp,eq flr east vav e6 | unit cfm | kind analog,dischargeFlowMaxSp,dischargeFlowCoolMaxSp,2
max cl vol sp,eq flr east vav e5 | unit cfm | kind analog,dischargeFlowMaxSp,dischargeFlowCoolMaxSp,2
max cl vol sp,eq flr east vav e4 | unit cfm | kind analog,dischargeFlowMaxSp,dischargeFlowCoolMaxSp,2
max cl vol sp,eq flr east vav e1 | unit cfm | kind analog,dischargeFlowMaxSp,dischargeFlowCoolMaxSp,2
chl cmd,eq bchillwatersystem chw sys | unit on | kind binary,chillerStatus,chiller,2
chl chw iso vlv cmd,eq bchillwatersystem chw sys | unit closed | kind binary,evapIsoValve,priEnteringIsoValve,2
chiller enable,eq chiller | unit disabled | kind binary,chiller,chillerEnable,2
blr blr lvg tmp,eq boiler cm | unit degf | kind analog,waterLeavingTemp,priLeavingTemp,2
avg space temp,eq ndio math sequence | unit degf | kind analog,zoneTemp,zoneTempAvg,2
cdt,eq air handling systems a p | unit degf | kind analog,dischargeTemp,coldDeckDischargeTemp,2
ef cmd,eq erv | unit on | kind binary,returnFan,exhaustFan,2
capacity,eq chiller | unit percent | kind analog,chillerLoad,coolingDemand,2
boiler start,eq ejbfc hot water hot water | unit off | kind binary,boiler,boilerEnable,2
min cl vol sp,eq flr east vav e6 | unit cfm | kind analog,dischargeFlowMinSp,dischargeFlowCoolMinSp,2
min cl vol sp,eq flr east vav e5 | unit cfm | kind analog,dischargeFlowMinSp,dischargeFlowCoolMinSp,2
max sa tmp sp,eq ahu | unit degf | kind analog,mixedTempHiSp,dischargeTempMaxSp,2
zn t sp clg,eq th flr fvav b2 | unit degc | kind analog,zoneCoolSp,occupiedCoolSp,2
zn t sp clg,eq th flr fvav b1 | unit degc | kind analog,zoneCoolSp,occupiedCoolSp,2
zn t sp clg,eq th flr fvav a2 | unit degc | kind analog,zoneCoolSp,occupiedCoolSp,2
zn t sp clg,eq th flr fvav a1 | unit degc | kind analog,zoneCoolSp,occupiedCoolSp,2
zn t sp htg,eq rd flr fv a2 | unit degc | kind analog,zoneHeatSp,occupiedHeatSp,2
zn t sp clg,eq rd flr vav a | unit degc | kind analog,zoneCoolSp,occupiedCoolSp,2
zn t sp clg,eq rd flr fv b2 | unit degc | kind analog,zoneCoolSp,occupiedCoolSp,2
min cl vol sp,eq flr east vav e8 | unit cfm | kind analog,dischargeFlowMinSp,dischargeFlowCoolMinSp,2
min cl vol sp,eq flr east vav e7 | unit cfm | kind analog,dischargeFlowMinSp,dischargeFlowCoolMinSp,2
out,eq hvac oa damper | unit percent | kind analog,outsideDamper,zoneTemp,2
out,eq trane chiller chlr chlr sts | unit stopped | kind binary,chillerStatus,zoneTemp,2
out,eq setpoint constant unoccupied heat | unit degf | kind analog,unoccupiedHeatSp,zoneTemp,2
out,eq setpoint constant unoccupied cool | unit degf | kind analog,unoccupiedCoolSp,zoneTemp,2
out,eq setpoint constant occupied heat | unit degf | kind analog,occupiedHeatSp,zoneTemp,2
out,eq setpoint constant occupied cool | unit degf | kind analog,occupiedCoolSp,zoneTemp,2
ev flw sw,eq chl | unit on | kind binary,evapFlowStatus,evapLeavingFlow,2
ena,eq usfch basement hx | unit off | kind binary,systemEnable,unitEnable,2
fan status,eq ef ef | unit active | kind binary,exhaustFanStatus,dischargeFanStatus,2
zn t sp htg,eq rd flr fv b1 | unit degc | kind analog,zoneHeatSp,occupiedHeatSp,2
zn t sp htg,eq rd flr fv b2 | unit degc | kind analog,zoneHeatSp,occupiedHeatSp,2
zn t sp htg,eq rd flr vav a | unit degc | kind analog,zoneHeatSp,occupiedHeatSp,2
zn t sp htg,eq th flr fvav a1 | unit degc | kind analog,zoneHeatSp,occupiedHeatSp,2
air temp sp,eq cau b | unit degf | kind analog,dischargeTempSp,returnTempSp,2
zn tmp,eq v1 rm | unit percent | kind analog,heatingValve,zoneTemp,1
bst pmp en,eq prettyman ahu g heat cool control | unit on | kind binary,circPump,circPumpEnable,1
boiler start,eq ejbfc hot water hot water | unit run | kind binary,boiler,boilerEnable,1
bo chwp ss,eq plant | unit false | kind binary,evapPumpStatus,evapPump,1
blr iso vlv cmd,eq hws | unit closed | kind binary,priLeavingIsoValve,priEnteringIsoValve,1
blr iso fbk,eq flr bn hw sys | unit on | kind binary,boiler,priLeavingIsoValveFb,1
zn t sp htg,eq bsmt fc b | unit degc | kind analog,zoneHeatSp,occupiedHeatSp,1
zn t sp htg,eq bsmt fc a | unit degc | kind analog,zoneHeatSp,occupiedHeatSp,1
zn t sp clg,eq th flr fvav | unit degc | kind analog,zoneCoolSp,occupiedCoolSp,1
ccv,eq air handling systems mau p | unit volts | kind analog,coolingValveFb,coolingValve,1
cc vlv pos,eq ahub | unit percent | kind analog,coolingValveFb,coolingValve,1
cc vlv cmd,eq chiller cm | unit percent | kind analog,coolingValveFb,coolingValve,1
cc v,eq mahu a os | unit percent | kind analog,coolingValveFb,coolingValve,1
cdsa tmp sp,eq flr bn ahus | unit degf | kind analog,dischargeTempSp,coldDeckDischargeTempSp,1
cdsa tmp,eq flr bn ahus | unit degf | kind analog,dischargeTemp,coldDeckDischargeTemp,1
cd flw sw,eq heat recover chillers hrc c2 | unit off | kind binary,condEnteringFlow,condFlowStatus,1
cd flw sw,eq heat recover chillers hrc c1 | unit on | kind binary,condEnteringFlow,condFlowStatus,1
min flow sp,eq dd e rm oa | unit cfm | kind analog,outsideFlowMinSp,dischargeFlowMinSp,1
min flow heat sp,eq vav fl vav | unit cfm | kind analog,dischargeFlowHeatSp,dischargeFlowHeatMinSp,1
min flow,eq atu | unit cfm | kind analog,dischargeFlowMinSp,dischargeFlowCoolMinSp,1
min cl vol sp,eq flr north east vav c8 | unit cfm | kind analog,dischargeFlowMinSp,dischargeFlowCoolMinSp,1
min cl vol sp,eq flr north east vav c7 | unit cfm | kind analog,dischargeFlowMinSp,dischargeFlowCoolMinSp,1
min cl vol sp,eq flr north east vav c6 | unit cfm | kind analog,dischargeFlowMinSp,dischargeFlowCoolMinSp,1
min cl vol sp,eq flr north east vav c5 | unit cfm | kind analog,dischargeFlowMinSp,dischargeFlowCoolMinSp,1
min cl vol sp,eq flr north east vav c4 | unit cfm | kind analog,dischargeFlowMinSp,dischargeFlowCoolMinSp,1
min cl vol sp,eq flr north east vav c3 | unit cfm | kind analog,dischargeFlowMinSp,dischargeFlowCoolMinSp,1
min cl vol sp,eq flr north east vav c2 | unit cfm | kind analog,dischargeFlowMinSp,dischargeFlowCoolMinSp,1
min cl vol sp,eq flr north east vav c1 | unit cfm | kind analog,dischargeFlowMinSp,dischargeFlowCoolMinSp,1
max sa st prs sp,eq ahu wb logic | unit inwc | kind analog,dischargePressureMaxSp,dischargeFlowMaxSp,1
max sa st prs sp,eq ac s ps | unit inwc | kind analog,dischargePressureMaxSp,dischargeFlowMaxSp,1
max flow sp,eq dd e rm oa | unit cfm | kind analog,outsideFlowMaxSp,dischargeFlowMaxSp,1
max flow cool sp,eq ncfb b second floor b i5 | unit cfm | kind analog,dischargeFlowMaxSp,dischargeFlowCoolMaxSp,1
min cl vol sp,eq flr east vav e3 | unit cfm | kind analog,dischargeFlowMinSp,dischargeFlowCoolMinSp,1
max flow,eq atu b1 | unit cfm | kind analog,dischargeFlowMaxSp,dischargeFlowCoolMaxSp,1
max cl vol sp,eq flr north east vav c8 | unit cfm | kind analog,dischargeFlowMaxSp,dischargeFlowCoolMaxSp,1
max cl vol sp,eq flr north east vav c7 | unit cfm | kind analog,dischargeFlowMaxSp,dischargeFlowCoolMaxSp,1
max cl vol sp,eq flr north east vav c6 | unit cfm | kind analog,dischargeFlowMaxSp,dischargeFlowCoolMaxSp,1
max cl vol sp,eq flr north east vav c5 | unit cfm | kind analog,dischargeFlowMaxSp,dischargeFlowCoolMaxSp,1
max cl vol sp,eq flr north east vav c4 | unit cfm | kind analog,dischargeFlowMaxSp,dischargeFlowCoolMaxSp,1
max cl vol sp,eq flr north east vav c3 | unit cfm | kind analog,dischargeFlowMaxSp,dischargeFlowCoolMaxSp,1
max cl vol sp,eq flr north east vav c2 | unit cfm | kind analog,dischargeFlowMaxSp,dischargeFlowCoolMaxSp,1
max cl vol sp,eq flr north east vav c1 | unit cfm | kind analog,dischargeFlowMaxSp,dischargeFlowCoolMaxSp,1
min flow stpt,eq denney fourth sdva vs | unit cfm | kind analog,dischargeFlowHeatSp,dischargeFlowCoolMinSp,1
min flow stpt,eq ddva vs ddc b | unit cfm | kind analog,dischargeFlowHeatSp,dischargeFlowCoolMinSp,1
min flow sp,eq vav c | unit cfm | kind analog,dischargeFlowCoolMinSp,dischargeFlowMinSp,1
min flow sp,eq vav b | unit cfm | kind analog,dischargeFlowCoolMinSp,dischargeFlowMinSp,1
min flow sp,eq vav a | unit cfm | kind analog,dischargeFlowCoolMinSp,dischargeFlowMinSp,1
min flow sp,eq ddvavm | unit cfm | kind analog,dischargeFlowHeatMinSp,dischargeFlowMinSp,1
min flow sp,eq ddvavm north east | unit cfm | kind analog,dischargeFlowHeatMinSp,dischargeFlowMinSp,1
max cl vol sp,eq flr center vav w8 | unit cfm | kind analog,dischargeFlowMaxSp,dischargeFlowCoolMaxSp,1
max cl vol sp,eq flr center vav w7 | unit cfm | kind analog,dischargeFlowMaxSp,dischargeFlowCoolMaxSp,1
max cl vol sp,eq flr center vav w6 | unit cfm | kind analog,dischargeFlowMaxSp,dischargeFlowCoolMaxSp,1
max cl vol sp,eq flr center vav w5 | unit cfm | kind analog,dischargeFlowMaxSp,dischargeFlowCoolMaxSp,1
max cl vol sp,eq flr center vav w4 | unit cfm | kind analog,dischargeFlowMaxSp,dischargeFlowCoolMaxSp,1
min ht vol sp,eq flr center vav w8 | unit cfm | kind analog,dischargeFlowHeatSp,dischargeFlowHeatMinSp,1
min ht vol sp,eq flr center vav w7 | unit cfm | kind analog,dischargeFlowHeatSp,dischargeFlowHeatMinSp,1
min ht vol sp,eq flr center vav w6 | unit cfm | kind analog,dischargeFlowHeatSp,dischargeFlowHeatMinSp,1
min ht vol sp,eq flr center vav w5 | unit cfm | kind analog,dischargeFlowHeatSp,dischargeFlowHeatMinSp,1
min ht vol sp,eq flr center vav w4 | unit cfm | kind analog,dischargeFlowHeatSp,dischargeFlowHeatMinSp,1
min ht vol sp,eq flr center vav w3 | unit cfm | kind analog,dischargeFlowHeatSp,dischargeFlowHeatMinSp,1
min ht vol sp,eq flr center vav w2 | unit cfm | kind analog,dischargeFlowHeatSp,dischargeFlowHeatMinSp,1
min ht vol sp,eq flr center vav w1 | unit cfm | kind analog,dischargeFlowHeatSp,dischargeFlowHeatMinSp,1
min flow stpt,eq denney third ddva vs | unit cfm | kind analog,dischargeFlowHeatSp,dischargeFlowCoolMinSp,1
max flow,eq atu d | unit cfm | kind analog,dischargeFlowMaxSp,dischargeFlowCoolMaxSp,1
max flow,eq atu b2 | unit cfm | kind analog,dischargeFlowMaxSp,dischargeFlowCoolMaxSp,1
max cl vol sp,eq flr center vav w2 | unit cfm | kind analog,dischargeFlowMaxSp,dischargeFlowCoolMaxSp,1
max cl vol sp,eq flr center vav w1 | unit cfm | kind analog,dischargeFlowMaxSp,dischargeFlowCoolMaxSp,1
mam,eq air handling systems a p | unit percent | kind analog,outsideDamperMinSp,minOutsideDamper,1
mam,eq air handling systems a p | kind analog,outsideDamperMinSp,minOutsideDamper,1
lvg cnd w temp,eq central plant logic chiller | kind enum,condEnteringTemp,condLeavingTemp,1
iso vlv cmd,eq hot water systems blr | unit on | kind binary,priLeavingIsoValve,twrIsoValve,1
min ht vol sp,eq flr north east vav c4 | unit cfm | kind analog,dischargeFlowHeatSp,dischargeFlowHeatMinSp,1
min ht vol sp,eq flr north east vav c3 | unit cfm | kind analog,dischargeFlowHeatSp,dischargeFlowHeatMinSp,1
min ht vol sp,eq flr north east vav c2 | unit cfm | kind analog,dischargeFlowHeatSp,dischargeFlowHeatMinSp,1
min ht vol sp,eq flr north east vav c1 | unit cfm | kind analog,dischargeFlowHeatSp,dischargeFlowHeatMinSp,1
min ht vol sp,eq flr east vav e3 | unit cfm | kind analog,dischargeFlowHeatSp,dischargeFlowHeatMinSp,1
min ht vol sp,eq flr east vav e2 | unit cfm | kind analog,dischargeFlowHeatSp,dischargeFlowHeatMinSp,1
min ht vol sp,eq flr center vav w9 | unit cfm | kind analog,dischargeFlowHeatSp,dischargeFlowHeatMinSp,1
max cl vol sp,eq flr east vav e3 | unit cfm | kind analog,dischargeFlowMaxSp,dischargeFlowCoolMaxSp,1
max cl vol sp,eq flr east vav e2 | unit cfm | kind analog,dischargeFlowMaxSp,dischargeFlowCoolMaxSp,1
max cl vol sp,eq flr center vav w9 | unit cfm | kind analog,dischargeFlowMaxSp,dischargeFlowCoolMaxSp,1
inlet dmp cmd,eq receptionist ahu fpb | unit percent | kind analog,intakeDamper,dischargeDamper,1
inlet dmp cmd,eq reception ahu vav | unit percent | kind analog,intakeDamper,dischargeDamper,1
inlet dmp cmd,eq private office dfo ahu fpb | unit percent | kind analog,intakeDamper,dischargeDamper,1
inlet dmp cmd,eq private office ahu fpb | unit percent | kind analog,intakeDamper,dischargeDamper,1
inlet dmp cmd,eq private office adms ahu fpb | unit percent | kind analog,intakeDamper,dischargeDamper,1
min oa setpt,eq ejbfc v ahu cafe | unit cfm | kind analog,outsideFlowMinSp,outsideDamperMinSp,1
min oa setpoint,eq s | unit cfm | kind analog,minOutsideFlow,minOutsideDamperMinSp,1
min oa flow,eq mnb pahu b | unit cfm | kind analog,outsideFlowMinSp,minOutsideFlow,1
min oa dmp pos sp,eq ahu w | unit percent | kind analog,minOutsideDamper,minOutsideFaceDamper,1
min oa dmp pos sp,eq ahu a | unit percent | kind analog,minOutsideDamper,minOutsideFaceDamper,1
min oa damper cmd,eq cau g h logic h fans | unit percent | kind analog,outsideDamper,minOutsideDamper,1
min ht vol sp,eq flr north east vav c8 | unit cfm | kind analog,dischargeFlowHeatSp,dischargeFlowHeatMinSp,1
min ht vol sp,eq flr north east vav c7 | unit cfm | kind analog,dischargeFlowHeatSp,dischargeFlowHeatMinSp,1
min ht vol sp,eq flr north east vav c6 | unit cfm | kind analog,dischargeFlowHeatSp,dischargeFlowHeatMinSp,1
min ht vol sp,eq flr north east vav c5 | unit cfm | kind analog,dischargeFlowHeatSp,dischargeFlowHeatMinSp,1
max cl vol sp,eq flr center vav w3 | unit cfm | kind analog,dischargeFlowMaxSp,dischargeFlowCoolMaxSp,1
inlet dmp cmd,eq bs team room ahu fpb | unit percent | kind analog,intakeDamper,dischargeDamper,1
inlet dmp cmd,eq break room ahu vav | unit percent | kind analog,intakeDamper,dischargeDamper,1
hxhwr tmp,eq annex hw plant io | unit degf | kind analog,priEnteringTemp,secEnteringTemp,1
hx vlv cmd,eq zfb generator hx hx | unit percent | kind analog,heatingValve,priValve,1
moad o,eq ahu md a | unit percent | kind analog,outsideDamper,minOutsideDamper,1
min sa st prs sp,eq ahu wb logic | unit inwc | kind analog,dischargePressureMinSp,dischargeFlowMinSp,1
min sa st prs sp,eq ac s ps | unit inwc | kind analog,dischargePressureMinSp,dischargeFlowMinSp,1
min oad,eq mnb pahu c | unit percent | kind analog,outsideDamperMinSp,minOutsideDamper,1
min oad,eq mnb pahu b | unit percent | kind analog,outsideDamperMinSp,minOutsideDamper,1
min oad,eq mnb pahu a | unit percent | kind analog,outsideDamperMinSp,minOutsideDamper,1
min oa sp,eq mnb ahc c | unit cfm | kind analog,outsideFlowMinSp,minOutsideDamperMinSp,1
inlet dmp cmd,eq war room ahu fpb | unit percent | kind analog,intakeDamper,dischargeDamper,1
inlet dmp cmd,eq video tele ahu fpb | unit percent | kind analog,intakeDamper,dischargeDamper,1
inlet dmp cmd,eq vavrh | unit percent | kind analog,intakeDamper,dischargeDamper,1
inlet dmp cmd,eq trade team ahu vav | unit percent | kind analog,intakeDamper,dischargeDamper,1
inlet dmp cmd,eq toliets ahu vav | unit percent | kind analog,intakeDamper,dischargeDamper,1
hx chws temp,eq mnb chiller system | unit degf | kind analog,evapLeavingTemp,secLeavingTemp,1
hx chwr temp,eq mnb chiller system | unit degf | kind analog,evapEnteringTemp,secEnteringTemp,1
hws tmp sp,eq flr bn hw sys | unit degf | kind analog,priLeavingTempSp,secLeavingTempSp,1
hws temp,eq level ahu g3 | unit degf | kind analog,heatingCoilEnteringTemp,secLeavingTemp,1
hws t,eq ch hxp | unit degf | kind analog,priEnteringTemp,secLeavingTemp,1
hwr tmp,eq ahub | unit degf | kind analog,priEnteringTemp,secEnteringTemp,1
hwr temp,eq level ahu g3 | unit degf | kind analog,heatingCoilLeavingTemp,secEnteringTemp,1
nci max flow,eq ncfb a fourth floor a | unit cfm | kind analog,dischargeFlowMaxSp,dischargeFlowCoolMaxSp,1
inlet dmp cmd,eq private office adfo ahu fpb | unit percent | kind analog,intakeDamper,dischargeDamper,1
inlet dmp cmd,eq private office adbs ahu fpb | unit percent | kind analog,intakeDamper,dischargeDamper,1
inlet dmp cmd,eq office ahu vav | unit percent | kind analog,intakeDamper,dischargeDamper,1
inlet dmp cmd,eq ms team room ahu fpb | unit percent | kind analog,intakeDamper,dischargeDamper,1
inlet dmp cmd,eq mens locker rm a ahu vav | unit percent | kind analog,intakeDamper,dischargeDamper,1
inlet dmp cmd,eq elevator lobby ahu vav | unit percent | kind analog,intakeDamper,dischargeDamper,1
inlet dmp cmd,eq dfo conference ahu fpb | unit percent | kind analog,intakeDamper,dischargeDamper,1
inlet dmp cmd,eq bs team room ahu vav | unit percent | kind analog,intakeDamper,dischargeDamper,1
hwp sts,unit on | kind binary,priPumpStatus,secPumpStatus,1
hwp sts,unit off | kind binary,priPumpStatus,secPumpStatus,1
hwp sts,eq boiler system | unit on | kind binary,priPumpStatus,secPumpStatus,1
hwp sts,eq ahu | unit off | kind binary,heatingCoilPumpStatus,secPumpStatus,1
hwp cmd,unit on | kind binary,priPump,secPump,1
hwp cmd,unit off | kind binary,priPump,secPump,1
hwp cmd,eq boiler system | unit off | kind binary,priPump,secPump,1
hwp cmd,eq ahu | unit off | kind binary,heatingCoilPump,secPump,1
hw vlv sig,eq ahu w | unit percent | kind analog,heatingValve,heatingValveFb,1
hw vlv sig,eq ahu cr | unit percent | kind analog,heatingValve,heatingValveFb,1
hw vlv pos,eq hhw | unit percent | kind analog,mixingValve,heatingValve,1
hw vlv pos,eq ahu vav fred | unit percent | kind analog,heatingValveFb,heatingValve,1
hx ena,eq hx | unit enable | kind binary,heatingEnable,systemEnable,1
hx ena,eq hx | unit disable | kind binary,heatingEnable,systemEnable,1
hx cws temp,eq mnb chiller system | unit degf | kind analog,condEnteringTemp,priEnteringTemp,1
hx cwr temp,eq mnb chiller system | unit degf | kind analog,condLeavingTemp,priLeavingTemp,1
hw sys ena,eq hw sys | unit enabled | kind binary,boiler,systemEnable,1
hw sys ena,eq flr bn hw sys | unit on | kind binary,heatingEnable,systemEnable,1
hw s tmp,unit degf | kind analog,priLeavingTemp,secLeavingTemp,1
hw return temp,eq general | unit degf | kind analog,secEnteringTemp,heatingCoilEnteringTemp,1
hw r tmp,unit degf | kind analog,priEnteringTemp,secEnteringTemp,1
hw pump sts,eq zfb cw hw pumps vlvs hw system | unit on | kind binary,secPumpStatus,heatingCoilPumpStatus,1
hw pump sts,eq zfb cw hw pumps vlvs hw system | unit off | kind binary,secPumpStatus,heatingCoilPumpStatus,1
hw pump cmd,eq zfb cw hw pumps vlvs hw system | unit on | kind binary,secPump,heatingCoilPump,1
hw pump cmd,eq zfb cw hw pumps vlvs hw system | unit off | kind binary,secPump,heatingCoilPump,1
hw pmp sts,eq secondary hw loop hhwp m2 | unit on | kind binary,secPumpStatus,heatingCoilPumpStatus,1
hw pmp sts,eq secondary hw loop hhwp m1 | unit off | kind binary,secPumpStatus,heatingCoilPumpStatus,1
hw pmp sts,eq secondary hw loop hhwp c2 | unit on | kind binary,secPumpStatus,heatingCoilPumpStatus,1
hw pmp sts,eq hws | unit stopped | kind binary,secPumpStatus,heatingCoilPumpStatus,1
nci max flow,eq ncfb c public level c pl i5 | unit cfm | kind analog,dischargeFlowMaxSp,dischargeFlowCoolMaxSp,1
nci max flow,eq ncfb c ninth floor c c5 | unit cfm | kind analog,dischargeFlowMaxSp,dischargeFlowCoolMaxSp,1
hwr t,eq ch hxp | unit degf | kind analog,priLeavingTemp,secEnteringTemp,1
hw pmp sts,eq hws | unit running | kind binary,secPumpStatus,heatingCoilPumpStatus,1
hw pmp sts,eq hws b1 | unit running | kind binary,secPumpStatus,heatingCoilPumpStatus,1
hw pmp sts,eq hw sys | unit on | kind binary,secPumpStatus,heatingCoilPumpStatus,1
hw pmp sts,eq hw sys | unit off | kind binary,secPumpStatus,heatingCoilPumpStatus,1
hw pmp sts,eq flr bn hw sys | unit off | kind binary,secPumpStatus,heatingCoilPumpStatus,1
hw pmp cmd,eq secondary hw loop hhwp m2 | unit on | kind binary,secPump,heatingCoilPump,1
hw pmp cmd,eq secondary hw loop hhwp m1 | unit off | kind binary,secPump,heatingCoilPump,1
hw pmp cmd,eq secondary hw loop hhwp c2 | unit on | kind binary,secPump,heatingCoilPump,1
hw pmp cmd,eq secondary hw loop hhwp c1 | unit off | kind binary,secPump,heatingCoilPump,1
hw pmp cmd,eq hws | unit on | kind binary,secPump,heatingCoilPump,1
nvo drv speed,eq hvac sfan | unit percent | kind analog,dischargeFanSpeedFb,secPumpSpeed,1
nvo drv speed,eq clg twr fan vfd | unit percent | kind analog,twrFanSpeed,secPumpSpeed,1
nvo drv pwr,eq clg twr fan vfd | unit kw | kind analog,twrFanPowerReal,secPumpPowerReal,1
nvo drv curnt,eq clg twr fan vfd | unit amps | kind analog,twrFanCurrent,secPumpCurrent,1
nvi ref pcnt vfd speed stpt,eq clg twr fan vfd | unit percent | kind analog,twrFanSpeedSp,secPumpSpeedSp,1
hw vlv pos,eq ahu vav fd | unit percent | kind analog,heatingValveFb,heatingValve,1
hw fl,unit galmin | kind analog,priLeavingFlow,secEnteringFlow,1
hw dp sp,unit psi | kind analog,priPressureDeltaSp,secPressureDeltaSp,1
hw dp,unit psi | kind analog,priPressureDelta,secPressureDelta,1
hw dp,eq mcs central plant | unit psi | kind analog,secPressureDeltaSp,secPressureDelta,1
hw byp vlv cmd,eq mechanical hw | unit percent | kind analog,bypassValve,secBypassValve,1
oa dmp pos,eq level ahu g1 | unit percent | kind analog,outsideDamperFb,outsideDamper,1
oa dmp pos,eq ahu a | unit percent | kind analog,outsideDamperFb,outsideDamper,1
oa damper status,eq general | unit closed | kind binary,outsideDamperFb,outsideIsoDamperFb,1
oa damper pos,eq ncfb c ninth floor c roof ac c | unit open | kind binary,dischargeDamper,outsideDamperFb,1
oa damper pos,eq ncfb b public level b pl ac | unit percent | kind analog,dischargeDamper,outsideDamperFb,1
oa damper pos,eq ncfb b public level b pl ac rf | unit percent | kind analog,dischargeDamper,outsideDamperFb,1
oa damper pos,eq ncfb b ninth floor b roof ac b | unit open | kind binary,dischargeDamper,outsideDamperFb,1
oa damper pos,eq ncfb a ninth floor a roof ac a | unit open | kind binary,dischargeDamper,outsideDamperFb,1
oa cfm,eq a | unit cfm | kind analog,dischargeFlow,outsideFlow,1
oa byp dmp cmd,eq ahu c2 | unit closed | kind binary,outsideIsoDamper,bypassDamper,1
nvo output hz,eq clg twr fan vfd | unit hz | kind analog,twrFanFrequency,secPumpFrequency,1
htg stg cmd,eq vav s outputs | unit off | kind binary,reHeatingStage,heatingStage,1
htg status,eq ahu wb up | unit enabled | kind analog,heatingStageStatus,heatingStatus,1
htg sp,eq hp plant | unit degf | kind analog,secLeavingTempSp,occupiedHeatSp,1
htg sp,eq ahu mb a | unit degc | kind analog,dischargeTempHeatSp,occupiedHeatSp,1
htg sp,eq ahu ma a | unit degc | kind analog,dischargeTempHeatSp,occupiedHeatSp,1
htg sp,eq ahu b a | unit degc | kind analog,dischargeTempHeatSp,occupiedHeatSp,1
htg sp,eq ahu a a | unit degc | kind analog,dischargeTempHeatSp,occupiedHeatSp,1
htg flow min,eq fvav | unit cfm | kind analog,dischargeFlowCoolMinSp,dischargeFlowHeatMinSp,1
htg dmd,eq air handling systems | unit on | kind binary,heatingDemand,zoneHeatingDemand,1
htg cmd,eq unt | unit percent | kind analog,heatingValve,heatingStage,1
oa dpr sts,eq prettyman ahuc io | unit percent | kind analog,outsideDamperFb,outsideDamperStatus,1
oa dpr pos,eq wf ahu k | unit percent | kind analog,outsideDamperSp,outsideDamper,1
oa dpr pos,eq wf ahu a | unit percent | kind analog,outsideDamperSp,outsideDamper,1
oa dmp pos,eq level ahu g3 | unit percent | kind analog,outsideDamperFb,outsideDamper,1
oa dmp pos,eq level ahu g2 | unit percent | kind analog,outsideDamperFb,outsideDamper,1
hw pmp cmd,eq hws | unit off | kind binary,secPump,heatingCoilPump,1
hr pump status,eq ncfb b ninth floor exhaust to oa energy recovery system | unit on | kind binary,reclaimPumpStatus,pumpStatus,1
hr pump status,eq ncfb a ninth floor exhaust to oa energy recovery system | unit on | kind binary,reclaimPumpStatus,pumpStatus,1
heat cool,eq t us acbb | unit heat | kind binary,heatingEnable,hvacMode,1
occ clg sp,eq flr e terms ft e3 | unit degf | kind analog,zoneCoolSp,occupiedCoolSp,1
occ clg sp,eq flr e terms ft e1 | unit degf | kind analog,zoneTempSp,occupiedCoolSp,1
occ clg sp,eq flr e terms elev lobby | unit degf | kind analog,zoneCoolSp,occupiedCoolSp,1
oara dmp pos,eq ahu west | unit percent | kind analog,reliefDamper,outsideDamper,1
oara dmp pos,eq ahu dmz | unit percent | kind analog,reliefDamper,outsideDamper,1
oaf sts,eq ahu | unit on | kind binary,minOutsideFan,outsideFanStatus,1
oaf cmd,eq ahu | unit off | kind binary,minOutsideFan,outsideFan,1
oaf cmd,eq ahu c | unit off | kind binary,minOutsideFan,outsideFan,1
oaf cmd,eq ahu abe | unit off | kind binary,minOutsideFan,outsideFan,1
oad o,eq chiller eru | unit percent | kind analog,outsideDamperFb,outsideDamper,1
oa tmp ena sp,eq hot water systems hws | unit degf | kind analog,systemEnableSp,econEnableSp,1
oa enable,eq snow melt north entry logic | unit degf | kind analog,systemEnableSp,econEnableSp,1
htg tmp sp,eq us bsmt ahu usms ahu | unit degf | kind analog,dischargeTempHeatSp,heatSp,1
occ cmd,eq mechanical sc | unit occupied | kind analog,occupancyModeOvr,occupancyMode,1
occ cmd,eq mechanical sb | unit occupied | kind analog,occupancyModeOvr,occupancyMode,1
occ cmd,eq mechanical sa | unit occupied | kind analog,occupancyModeOvr,occupancyMode,1
occ cmd,eq mechanical cr | unit unoccupied | kind analog,occupancyModeOvr,occupancyMode,1
occ cmd,eq mechanical b | unit unoccupied | kind analog,occupancyModeOvr,occupancyMode,1
occ clg sp,eq flr e terms ft e9 | unit degf | kind analog,zoneCoolSp,occupiedCoolSp,1
occ clg sp,eq flr e terms ft e8 | unit degf | kind analog,zoneCoolSp,occupiedCoolSp,1
occ clg sp,eq flr e terms ft e7 | unit degf | kind analog,zoneCoolSp,occupiedCoolSp,1
occ clg sp,eq flr e terms ft e6 | unit degf | kind analog,zoneCoolSp,occupiedCoolSp,1
occ clg sp,eq flr e terms ft e5 | unit degf | kind analog,zoneCoolSp,occupiedCoolSp,1
occ clg sp,eq flr e terms ft e4 | unit degf | kind analog,zoneCoolSp,occupiedCoolSp,1
heat cool,eq t us acbb a acbb | unit heat | kind binary,heatingEnable,hvacMode,1
heat cool,eq t us acbb a acbb | unit cool | kind binary,heatingEnable,hvacMode,1
heat cool,eq t us acb a | unit heat | kind binary,heatingEnable,hvacMode,1
htg air flow,eq cau g h logic h fans | unit cfm | kind analog,dischargeFlow,hotDeckDischargeFlow,1
hr pump status,eq ncfb c ninth floor exhaust to oa energy recovery system | unit on | kind binary,reclaimPumpStatus,pumpStatus,1
heat cool,eq ahu vav fred | unit cool | kind binary,heatingEnable,hvacMode,1
heat cool,eq ahu vav frd | unit cool | kind binary,heatingEnable,hvacMode,1
heat cool,eq ahu vav frd w2 | unit heat | kind binary,heatingEnable,hvacMode,1
heat cool,eq ahu vav frd sw | unit heat | kind binary,heatingEnable,hvacMode,1
heat cool,eq ahu vav frd sw | unit cool | kind binary,heatingEnable,hvacMode,1
heat cool,eq ahu vav frd s4 | unit heat | kind binary,heatingEnable,hvacMode,1
occ cmd sts,eq flr e terms ft e2 | unit occupied | kind analog,occupancyMode,occupancyStatus,1
occ cmd sts,eq flr e terms elev lobby | unit occupied | kind analog,occupancyMode,occupancyStatus,1
occ cmd,eq mechanical sk | unit occupied | kind analog,occupancyModeOvr,occupancyMode,1
occ cmd,eq mechanical sja | unit unoccupied | kind analog,occupancyModeOvr,occupancyMode,1
occ cmd,eq mechanical sj | unit occupied | kind analog,occupancyModeOvr,occupancyMode,1
occ cmd,eq mechanical sh | unit occupied | kind analog,occupancyModeOvr,occupancyMode,1
occ cmd,eq mechanical sg | unit occupied | kind analog,occupancyModeOvr,occupancyMode,1
occ cmd,eq mechanical sf | unit occupied | kind analog,occupancyModeOvr,occupancyMode,1
occ cmd,eq mechanical se | unit occupied | kind analog,occupancyModeOvr,occupancyMode,1
occ cmd,eq mechanical sd | unit occupied | kind analog,occupancyModeOvr,occupancyMode,1
heat cool,eq ahu vav frd e2 | unit heat | kind binary,heatingEnable,hvacMode,1
heat cool,eq ahu vav fd w7 | unit heat | kind binary,heatingEnable,hvacMode,1
heat cool,eq ahu vav fd w6 | unit heat | kind binary,heatingEnable,hvacMode,1
heat cool,eq ahu vav fd w6 | unit cool | kind binary,heatingEnable,hvacMode,1
heat cool,eq ahu vav fd w5 | unit cool | kind binary,heatingEnable,hvacMode,1
occ status,eq fc us fcu b | unit unoccupied | kind binary,occupancySensor,occupancyMode,1
occ heat setpt,eq ncfb b second floor b i5 | unit degf | kind analog,zoneHeatSp,occupiedHeatSp,1
occ cool setpt,eq ncfb b second floor b i5 | unit degf | kind analog,zoneCoolSp,occupiedCoolSp,1
occ cmd sts,eq flr e terms ft e9 | unit occupied | kind analog,occupancyMode,occupancyStatus,1
occ cmd sts,eq flr e terms ft e8 | unit occupied | kind analog,occupancyMode,occupancyStatus,1
occ cmd sts,eq flr e terms ft e7 | unit occupied | kind analog,occupancyMode,occupancyStatus,1
occ cmd sts,eq flr e terms ft e6 | unit occupied | kind analog,occupancyMode,occupancyStatus,1
occ cmd sts,eq flr e terms ft e5 | unit occupied | kind analog,occupancyMode,occupancyStatus,1
occ cmd sts,eq flr e terms ft e4 | unit occupied | kind analog,occupancyMode,occupancyStatus,1
occ cmd sts,eq flr e terms ft e3 | unit occupied | kind analog,occupancyMode,occupancyStatus,1
heat cool,eq q2 ahu | unit cool | kind binary,heatingEnable,hvacMode,1
heat cool,eq ahu vav fd s | unit cool | kind binary,heatingEnable,hvacMode,1
out,eq ahu p oa flow spt | unit cfm | kind analog,outsideFlow,zoneTemp,1
out,eq ahu p oa dpr pos | unit percent | kind analog,outsideDamperFb,zoneTemp,1
out,eq ahu p minoa dmp o | unit percent | kind analog,minOutsideDamperFb,zoneTemp,1
out,eq ahu p min oa flw | unit cfm | kind analog,minOutsideFlow,zoneTemp,1
out,eq ahu p ma tmp sp | unit degf | kind analog,mixedTempSp,zoneTemp,1
out,eq ahu p econ dpr pos | unit percent | kind analog,outsideDamperFb,zoneTemp,1
out,eq ahu ma tmp | unit degf | kind analog,mixedTemp,zoneTemp,1
out,eq ahu ma dmp min cmd | unit percent | kind analog,outsideDamper,zoneTemp,1
out,eq ahu hc vlv cmd | unit percent | kind analog,heatingValve,zoneTemp,1
out,eq ahu cc vlv cmd | unit percent | kind analog,coolingValve,zoneTemp,1
occupied cool spt,eq vav cs monitor | unit degf | kind analog,unoccupiedCoolSp,occupiedCoolSp,1
occ sts,eq unt | unit on | kind binary,occupancySensor,occupancyMode,1
heat cool,eq ahu vav frd nw | unit cool | kind binary,heatingEnable,hvacMode,1
heat cool,eq ahu vav frd n6 | unit heat | kind binary,heatingEnable,hvacMode,1
heat cool,eq ahu vav frd n | unit heat | kind binary,heatingEnable,hvacMode,1
heat cool,eq ahu vav fd e6 | unit cool | kind binary,heatingEnable,hvacMode,1
heat cool,eq ahu vav fd e5 | unit cool | kind binary,heatingEnable,hvacMode,1
out,eq cooling damper | unit percent | kind analog,damper,zoneTemp,1
out,eq chw vlv postion | unit percent | kind analog,coolingValve,zoneTemp,1
out,eq ahu sf sts | unit on | kind binary,dischargeFanStatus,zoneTemp,1
out,eq ahu sf cmd | unit on | kind binary,dischargeFan,zoneTemp,1
out,eq ahu sa tmp | unit degf | kind analog,dischargeTemp,zoneTemp,1
out,eq ahu rm tmp sp | unit degf | kind analog,zoneTempSp,zoneTemp,1
out,eq ahu ra tmp | unit degf | kind analog,returnTemp,zoneTemp,1
out,eq ahu p sf ena | unit off | kind binary,dischargeFan,zoneTemp,1
out,eq ahu p sa st prs spt | unit inwc | kind analog,dischargePressureSp,zoneTemp,1
out,eq ahu p sa flow | unit cfm | kind analog,dischargeFlow,zoneTemp,1
out,eq ahu p rm hum spt | unit percentrh | kind analog,returnHumiditySp,zoneTemp,1
heat cool,eq ahu vav fd w0 | unit cool | kind binary,heatingEnable,hvacMode,1
heat cool,eq ahu vav fd s4 | unit heat | kind binary,heatingEnable,hvacMode,1
heat cool,eq ahu vav fd s4 | unit cool | kind binary,heatingEnable,hvacMode,1
heat cool,eq ahu fcu e | unit cool | kind binary,heatingEnable,hvacMode,1
out,eq doas ht rec wh sts | unit stopped | kind binary,energyRecoveryMode,zoneTemp,1
out,eq doas ef sts | unit running | kind binary,exhaustFanStatus,zoneTemp,1
out,eq doas ef spd | unit percent | kind analog,exhaustFanSpeed,zoneTemp,1
out,eq doas ea rel hum | unit percent | kind analog,exhaustHumidity,zoneTemp,1
out,eq doas ea enth | unit btu | kind analog,exhaustEnthalpy,zoneTemp,1
out,eq doas cc vlv cmd | unit percent | kind analog,coolingValve,zoneTemp,1
out,eq doas active static sp | unit inwc | kind analog,dischargePressureSp,zoneTemp,1
out,eq cp a nvo chw supply temp | unit degf | kind analog,secLeavingTemp,zoneTemp,1
out,eq cp a nvo chw return temp | unit degf | kind analog,secEnteringTemp,zoneTemp,1
heat cool,eq ahu vav fd n8 | unit heat | kind binary,heatingEnable,hvacMode,1
heat cool,eq ahu vav fd n7 | unit heat | kind binary,heatingEnable,hvacMode,1
heat cool,eq ahu vav fd n6 | unit cool | kind binary,heatingEnable,hvacMode,1
heat cool,eq ahu vav fd n5 | unit heat | kind binary,heatingEnable,hvacMode,1
heat cool,eq ahu vav fd n2 | unit heat | kind binary,heatingEnable,hvacMode,1
heat cool,eq ahu vav fd n | unit heat | kind binary,heatingEnable,hvacMode,1
hct,eq air handling systems mau p | unit degf | kind analog,heatingCoilLeavingTemp,heatingCoilDischargeTemp,1
out,eq e ct spd | unit percent | kind analog,twrFanSpeed,zoneTemp,1
out,eq e ct iso vlv | unit percent | kind analog,twrIsoValve,zoneTemp,1
out,eq e chw dp penthouse | unit psi | kind analog,evapPressureDelta,zoneTemp,1
out,eq doas static sp max | unit inwc | kind analog,dischargePressureMaxSp,zoneTemp,1
out,eq doas sf spd | unit percent | kind analog,dischargeFanSpeed,zoneTemp,1
out,eq doas sf cmd | unit start | kind binary,dischargeFan,zoneTemp,1
out,eq doas ph tmp sp | unit degf | kind analog,preHeatingCoilDischargeTempSp,zoneTemp,1
out,eq doas occ cmd | unit occ | kind binary,occupancyMode,zoneTemp,1
out,eq doas oa enth | unit btu | kind analog,outsideEnthalpy,zoneTemp,1
heat cool,eq ahu vav fd e2 | unit heat | kind binary,heatingEnable,hvacMode,1
heat cool,eq ahu vav fd b1 | unit heat | kind binary,heatingEnable,hvacMode,1
heat cool,eq ahu vav fd a2 | unit cool | kind binary,heatingEnable,hvacMode,1
heat cool,eq ahu vav cafe in | unit heat | kind binary,heatingEnable,hvacMode,1
heat cool,eq ahu vav cafe ex | unit heat | kind binary,heatingEnable,hvacMode,1
heat cool,eq ahu fcu ne | unit heat | kind binary,heatingEnable,hvacMode,1
fan status,eq vav monitor | unit off | kind binary,dischargeFan,dischargeFanStatus,1
fan status,eq sp | unit inactive | kind binary,exhaustFan,dischargeFanStatus,1
fan status,eq hwp sp sp ef sp | unit inactive | kind binary,exhaustFan,dischargeFanStatus,1
fan status,eq hwp sp sp ef sp | unit active | kind binary,exhaustFan,dischargeFanStatus,1
fan status,eq hwp sp sp ef ef | unit active | kind binary,exhaustFanStatus,dischargeFanStatus,1
fan status,eq hwp sp erv sp | unit inactive | kind binary,exhaustFan,dischargeFanStatus,1
fan status,eq hwp sp ef ef sp | unit inactive | kind binary,exhaustFan,dischargeFanStatus,1
fan status,eq hwp sp ef ef ef | unit inactive | kind binary,exhaustFanStatus,dischargeFanStatus,1
fan status,eq hwp sp ef ef ef | unit active | kind binary,exhaustFanStatus,dischargeFanStatus,1
out,eq fpb fan sts | unit off | kind binary,dischargeFanStatus,zoneTemp,1
out,eq fpb fan cmd | unit false | kind binary,dischargeFan,zoneTemp,1
heat,eq vav fl vav | unit percent | kind analog,heatingValve,heatingStage,1
heat,eq vav c | unit percent | kind analog,perimeterValve,heatingStage,1
heat,eq vav b | unit percent | kind analog,perimeterValve,heatingStage,1
heat,eq vav a | unit percent | kind analog,perimeterValve,heatingStage,1
hcv,eq air handling systems mau p | unit volts | kind analog,heatingValveFb,heatingValve,1
fan spd,eq ahu ef | unit percent | kind analog,exhaustFanSpeed,dischargeFanSpeed,1
fan command,eq st floor ahu | unit on | kind binary,dischargeFan,dischargeFanSpeed,1
fan command,eq rd floor ahu | unit on | kind binary,dischargeFan,dischargeFanSpeed,1
fan command,eq nd floor ahu | unit on | kind binary,dischargeFan,dischargeFanSpeed,1
fan command,eq hwp sp sp ef ef | unit active | kind binary,exhaustFan,dischargeFanSpeed,1
fan command,eq hwp sp ef ef ef | unit inactive | kind binary,exhaustFan,dischargeFanSpeed,1
fan command,eq hwp sp ef ef ef | unit active | kind binary,exhaustFan,dischargeFanSpeed,1
fan command,eq chiller hwp ef | unit active | kind binary,exhaustFan,dischargeFanSpeed,1
fa byp dpr,eq hvu fan | unit percent | kind analog,faceBypassDamper,faceDamper,1
out,eq mnb pahu c any sf cmd | unit true | kind binary,dischargeFan,zoneTemp,1
out,eq mnb pahu b any sf cmd | unit true | kind binary,dischargeFan,zoneTemp,1
out,eq mnb pahu a any sf cmd | unit true | kind binary,dischargeFan,zoneTemp,1
out,eq hvac nvo r fan static press | unit inwc | kind analog,returnPressure,zoneTemp,1
hc vlv cmd,eq chiller cm | unit percent | kind analog,heatingValveFb,heatingValve,1
gly pmp sts,eq ahu ins | unit off | kind binary,circPumpStatus,recPumpStatus,1
flow rate,eq cw flow ct | unit galmin | kind analog,twrEnteringFlow,condLeavingFlowTotal,1
ef sts,eq cb idf e | unit on | kind binary,dischargeFanStatus,exhaustFanStatus,1
ef sts,eq ahu ef | unit off | kind binary,dischargeFanStatus,exhaustFanStatus,1
out,eq vav inlet air temp | unit degf | kind analog,dischargeTemp,zoneTemp,1
evap pump status bv,eq acc | unit active | kind binary,evapPump,evapPumpStatus,1
ev flw sw,eq heat recover chillers hrc c2 | unit off | kind binary,evapEnteringFlow,evapLeavingFlow,1
ev flw sw,eq heat recover chillers hrc c1 | unit on | kind binary,evapEnteringFlow,evapLeavingFlow,1
ev flw sw,eq heat pumps hp c3 | unit on | kind binary,evapEnteringFlow,evapLeavingFlow,1
ev flw sw,eq heat pumps hp c2 | unit on | kind binary,evapEnteringFlow,evapLeavingFlow,1
ev flw sw,eq heat pumps hp c1 | unit on | kind binary,evapEnteringFlow,evapLeavingFlow,1
ev flw sw,eq chl | unit off | kind binary,evapFlowStatus,evapLeavingFlow,1
ena,eq usfch basement hx | unit on | kind binary,systemEnable,unitEnable,1
ena,eq prettyman hw plant plant enable | unit enable | kind binary,systemEnable,unitEnable,1
ena,eq chilled water systems ch | unit off | kind binary,chillerEnable,unitEnable,1
ena,eq annex snow melt system plant enable | unit enable | kind binary,systemEnable,unitEnable,1
ena,eq annex hw plant plant enable | unit enable | kind binary,systemEnable,unitEnable,1
fan status,eq chiller hwp ef | unit active | kind binary,exhaustFanStatus,dischargeFanStatus,1
ph o,eq chiller bcu | unit percent | kind analog,heatingValve,preHeatingValve,1
ph o,eq chiller bcu b | unit percent | kind analog,heatingValve,preHeatingValve,1
ph o,eq ahu b1 d | unit percent | kind analog,heatingValve,preHeatingValve,1
ef cur sw,eq ahu | unit off | kind binary,exhaustFanStatus,exhaustFan,1
econ sts,eq rtu c1 | unit on | kind binary,econEnable,econStatus,1
econ sp,eq emd chillers hx econ | unit degf | kind analog,econSp,econEnableSp,1
econ s,eq ahu mc a | unit true | kind binary,econEnable,econMode,1
econ s,eq ahu mb a | unit open | kind binary,econEnable,econMode,1
econ s,eq ahu ma a | unit open | kind binary,econEnable,econMode,1
econ s,eq ahu b1 i | unit on | kind binary,econEnable,econMode,1
econ s,eq ahu b a | unit true | kind binary,econEnable,econMode,1
econ s,eq ahu b a | unit open | kind binary,econEnable,econMode,1
econ s,eq ahu a a | unit open | kind binary,econEnable,econMode,1
econ ena,eq ahu dmz | unit off | kind binary,cool,econEnable,1
ef sts,eq erv | unit stopped | kind binary,returnFanStatus,exhaustFanStatus,1
ef sts,eq erv | unit running | kind binary,returnFanStatus,exhaustFanStatus,1
drive status,eq ahu c sfvfd | unit off | kind binary,dischargeFanStatus,returnFanStatus,1
dpsp,eq chilled water chw | unit psi | kind analog,secPressureDeltaSp,dischargePressureSp,1
dps,eq fl htx | unit psi | kind analog,secPressureDeltaSp,dischargeEnthalpySp,1
dpr o,eq ahu j | unit percent | kind analog,outsideDamper,dischargeDamper,1
dpr o,eq ahu f a | unit percent | kind analog,outsideDamper,dischargeDamper,1
dpr o,eq ahu b2 a | unit percent | kind analog,outsideDamper,dischargeDamper,1
dmpr pos,eq dd e rm oa | unit percent | kind analog,outsideDamperFb,dischargeDamperFb,1
pmp spd cmd,eq chw roybal chwp | unit percent | kind analog,secPumpSpeed,condPumpSpeed,1
pmp spd cmd,eq chw nla chwp a | unit percent | kind analog,secPumpSpeed,condPumpSpeed,1
pmp cmd,eq unt | unit on | kind binary,condPump,secPump,1
pmp cmd,eq unt | unit off | kind binary,condPump,secPump,1
pmp cmd,eq ahu | unit on | kind binary,heatingCoilPump,secPump,1
pht,eq q3 ahu | unit degf | kind analog,preHeatingCoilDischargeTemp,heatingCoilDischargeTemp,1
pht,eq q1 ahu | unit degf | kind analog,preHeatingCoilDischargeTemp,heatingCoilDischargeTemp,1
phc tmp sp,eq ahu c2 | unit degf | kind analog,preHeatingTempSp,preHeatingCoilDischargeTempSp,1
ph t,eq ahu b2 a | unit degc | kind analog,preHeatingCoilDischargeTemp,preHeatingCoilLeavingTemp,1
ra dmp,eq level ahu g2 | unit percent | kind analog,returnDamper,reliefDamper,1
ra dmp,eq level ahu g1 | unit percent | kind analog,returnDamper,reliefDamper,1
pump status bi,eq acc acc | unit active | kind binary,evapPumpStatus,boosterPumpStatus,1
preheat temp,eq ejbfc v ahu cafe | unit degf | kind analog,preHeatingCoilDischargeTemp,heatingCoilDischargeTemp,1
pre ht tmp sp,eq ahu west | unit degf | kind analog,heatingCoilDischargeTempSp,minOutsideTempSp,1
pre ht tmp sp,eq ahu w | unit degf | kind analog,preHeatingTempSp,minOutsideTempSp,1
pmp sts,eq unt | unit on | kind binary,condPumpStatus,secPumpStatus,1
pmp sts,eq unt | unit off | kind binary,condPumpStatus,secPumpStatus,1
pmp sts,eq ahu | unit on | kind binary,heatingCoilPumpStatus,secPumpStatus,1
econ ena,eq ahu cr | unit off | kind binary,cool,econEnable,1
econ ena,eq ahu c | unit off | kind binary,cool,econEnable,1
econ ena,eq ahu abwb | unit off | kind binary,cool,econEnable,1
econ ena,eq ahu abe | unit off | kind binary,cool,econEnable,1
ea tmp,eq ahu m3 | unit degf | kind analog,wheelExhaustTemp,exhaustTemp,1
ea st prs,eq mz ahu | unit inwc | kind analog,returnPressure,exhaustPressure,1
ea fan cmd,eq zorinsky ahu ahu | unit on | kind binary,exhaustFan,exhaustFanEnable,1
rco2 st pt,eq floor oa | unit ppm | kind analog,returnCO2,returnCO2Sp,1
rad o,eq chiller eru | unit percent | kind analog,returnDamperFb,returnDamper,1
ra dmpr pos,eq wjc ew ahu | unit percent | kind analog,returnDamperFb,outsideDamper,1
ra dmp pos,eq penthouse ahu w2 | unit percent | kind analog,returnDamperFb,returnDamper,1
ra dmp pos,eq penthouse ahu w1 | unit percent | kind analog,returnDamperFb,returnDamper,1
ra dmp pos,eq lower level b ahu l2 | unit percent | kind analog,returnDamperFb,returnDamper,1
ra dmp pos,eq lower level ahu l6 | unit percent | kind analog,returnDamperFb,returnDamper,1
ra dmp pos,eq lower level ahu l3 | unit percent | kind analog,returnDamperFb,returnDamper,1
ra dmp pos,eq lower level ahu l1 | unit percent | kind analog,returnDamperFb,returnDamper,1
ra dmp pos,eq level ahu g3 | unit percent | kind analog,returnDamperFb,returnDamper,1
ra dmp pos,eq level ahu g2 | unit percent | kind analog,returnDamperFb,returnDamper,1
ra dmp pos,eq level ahu g1 | unit percent | kind analog,returnDamperFb,returnDamper,1
ra dmp,eq lower level b ahu l2 | unit percent | kind analog,returnDamper,reliefDamper,1
ra dmp,eq lower level ahu l6 | unit percent | kind analog,returnDamper,reliefDamper,1
ra dmp,eq lower level ahu l3 | unit percent | kind analog,returnDamper,reliefDamper,1
ra dmp,eq lower level ahu l1 | unit percent | kind analog,returnDamper,reliefDamper,1
dmpr cmd,eq dd e rm oa | unit percent | kind analog,outsideDamper,dischargeDamper,1
dmp pos,eq flr north east vav c8 | unit percent | kind analog,damper,dischargeDamper,1
dmp pos,eq flr north east vav c7 | unit percent | kind analog,damper,dischargeDamper,1
dmp pos,eq flr north east vav c6 | unit percent | kind analog,damper,dischargeDamper,1
dmp pos,eq flr north east vav c5 | unit percent | kind analog,damper,dischargeDamper,1
dmp pos,eq flr north east vav c4 | unit percent | kind analog,damper,dischargeDamper,1
dmp pos,eq flr north east vav c3 | unit percent | kind analog,damper,dischargeDamper,1
dmp pos,eq flr north east vav c2 | unit percent | kind analog,damper,dischargeDamper,1
dmp pos,eq flr north east vav c1 | unit percent | kind analog,damper,dischargeDamper,1
rec pmp sts,eq ahu c3 | unit on | kind binary,circPumpStatus,heatingCoilPumpStatus,1
rec pmp sts,eq ahu c2 | unit on | kind binary,circPumpStatus,heatingCoilPumpStatus,1
rec pmp sts,eq ahu c1 | unit on | kind binary,circPumpStatus,heatingCoilPumpStatus,1
rec pmp cmd,eq ahu m4 | unit on | kind binary,heatingCoilPump,circPump,1
rec pmp cmd,eq ahu m3 | unit on | kind binary,heatingCoilPump,circPump,1
rec pmp cmd,eq ahu m2 | unit on | kind binary,heatingCoilPump,circPump,1
rec pmp cmd,eq ahu m1 | unit on | kind binary,heatingCoilPump,circPump,1
dehum mode,eq ahu | unit off | kind binary,dehumidifierStatus,dehumidEnable,1
dehum dmd,eq ahu | unit percent | kind analog,dehumidifierDemand,dehumidDemand,1
dat min sp,eq lower level b ahu l2 | unit degf | kind analog,dischargeTempMinSp,dischargeTemp,1
dat max sp,eq lower level b ahu l2 | unit degf | kind analog,dischargeTempMaxSp,dischargeTemp,1
damper position,eq ncfb b second floor b i5 | unit percent | kind analog,dischargeDamper,dischargeDamperFb,1
rhc vlv cmd,eq brdr sec fas ahu fpb | unit percent | kind analog,heatingValve,reHeatingValve,1
rhc vlv cmd,eq a | unit percent | kind analog,heatingValve,reHeatingValve,1
rh vlv pos,eq d1 mezz d lotts new court rm | unit percent | kind analog,heatingValve,reHeatingValveFb,1
dmp pos,eq flr east vav e3 | unit percent | kind analog,damper,dischargeDamper,1
dmp pos,eq flr east vav e2 | unit percent | kind analog,damper,dischargeDamper,1
dmp pos,eq flr center vav w9 | unit percent | kind analog,damper,dischargeDamper,1
dmp pos,eq flr center vav w8 | unit percent | kind analog,damper,dischargeDamper,1
dmp pos,eq flr center vav w7 | unit percent | kind analog,damper,dischargeDamper,1
dmp pos,eq flr center vav w6 | unit percent | kind analog,damper,dischargeDamper,1
dmp pos,eq flr center vav w5 | unit percent | kind analog,damper,dischargeDamper,1
dmp pos,eq flr center vav w4 | unit percent | kind analog,damper,dischargeDamper,1
damper pos,eq ddva vs ddc a | unit percent | kind analog,coldDeckDamper,dischargeDamper,1
damper pos,eq ddva vs ddb b | unit percent | kind analog,coldDeckDamper,dischargeDamper,1
damper pos,eq ddva vs ddb a | unit percent | kind analog,coldDeckDamper,dischargeDamper,1
damper pos,eq ddva vs dda b | unit percent | kind analog,coldDeckDamper,dischargeDamper,1
damper pos,eq ddva vs dda a | unit percent | kind analog,coldDeckDamper,dischargeDamper,1
damper pos,eq vvoa b | unit percent | kind analog,outsideDamperFb,dischargeDamper,1
damper pos,eq vvoa a | unit percent | kind analog,outsideDamperFb,dischargeDamper,1
damper pos,eq vav | kind analog,dischargeDamperFb,dischargeDamper,1
damper pos,eq vav g | unit percent | kind analog,dischargeDamperFb,dischargeDamper,1
damper pos,eq vav f | unit percent | kind analog,dischargeDamperFb,dischargeDamper,1
damper pos,eq sdva vs sdb d | unit percent | kind analog,coldDeckDamper,dischargeDamper,1
dmp pos,eq flr center vav w3 | unit percent | kind analog,damper,dischargeDamper,1
dmp pos,eq flr center vav w2 | unit percent | kind analog,damper,dischargeDamper,1
dmp pos,eq flr center vav w1 | unit percent | kind analog,damper,dischargeDamper,1
dew point,eq weather local | unit degf | kind analog,outsideDewpoint,zoneDewpoint,1
dehum sp,eq ahu b1 ga | unit percent | kind analog,zoneHumiditySp,dehumidSp,1
d,eq th flr fvav | unit percent | kind analog,dischargeDamper,damper,1
rhc vlv cmd,eq v5 nw outputs | unit percent | kind analog,heatingValve,reHeatingValve,1
rhc vlv cmd,eq v5 ne outputs | unit percent | kind analog,heatingValve,reHeatingValve,1
rhc vlv cmd,eq v4 ne outputs | unit percent | kind analog,heatingValve,reHeatingValve,1
rhc vlv cmd,eq u4 rm c wm rm c | kind analog,heatingValve,reHeatingValve,1
damper pos,eq atu d | unit percent | kind analog,damper,dischargeDamper,1
damper pos,eq atu b2 | unit percent | kind analog,damper,dischargeDamper,1
damper pos,eq atu b1 | unit percent | kind analog,damper,dischargeDamper,1
damper comd,eq fvav | unit percent | kind analog,dischargeDamperFb,dischargeDamper,1
damper cmd,eq vav fl vav | unit percent | kind analog,damper,dischargeDamper,1
da f hl,eq va vs vav b | unit lps | kind analog,dischargeFlowHeatMaxSp,dischargeFlowCoolMaxSp,1
d,eq va vs vav b | unit percent | kind analog,dischargeDamper,damper,1
damper pos,eq sdva vs sd exist | unit percent | kind analog,coldDeckDamper,dischargeDamper,1
damper pos,eq sdva vs sd exist a | unit percent | kind analog,coldDeckDamper,dischargeDamper,1
damper pos,eq denney third ddva vs | unit percent | kind analog,coldDeckDamper,dischargeDamper,1
damper pos,eq ddva vs ddc b | unit percent | kind analog,coldDeckDamper,dischargeDamper,1
run sts,eq chw nla cwp a | unit off | kind binary,condPumpStatus,chillerStatus,1
run sts,eq chw nla chwp | unit on | kind binary,secPumpStatus,chillerStatus,1
run sts,eq chw nla chwp a | unit off | kind binary,secPumpStatus,chillerStatus,1
run stop act,eq sandra day ct vfd | unit run | kind binary,twrFanStatus,condPumpStatus,1
rsp,eq air handling systems mau p | unit m | kind analog,returnPressure,zoneTempSp,1
rm tmp,eq ahu abwb | unit degf | kind analog,returnTemp,zoneTemp,1
rm co2,eq vav ins | unit ppm | kind analog,zoneCO,zoneCO2,1
rlf o,eq ahu | unit percent | kind analog,exhaustDamper,returnFanSpeed,1
rlf dmp cmd,eq ahu outs | unit percent | kind analog,reliefDamper,exhaustDamper,1
d,eq nd flr fv b2 | unit percent | kind analog,dischargeDamper,damper,1
d,eq nd flr fv b1 | unit percent | kind analog,dischargeDamper,damper,1
d,eq nd flr fv a1 | unit percent | kind analog,dischargeDamper,damper,1
d,eq ah us ahu p | unit percent | kind analog,outsideDamper,damper,1
cws tmp sp,eq chws | unit degf | kind analog,condEnteringTempSp,twrLeavingTempSp,1
cws tmp sp,eq chilled water systems chl | unit degf | kind analog,condLeavingTempSp,twrLeavingTempSp,1
cws tmp,eq chws | unit degf | kind analog,condEnteringTemp,condLeavingTemp,1
cwr t,eq dole towers | unit degf | kind analog,twrLeavingTemp,condEnteringTemp,1
cwr t,eq chilled water systems cw | unit degf | kind analog,twrEnteringTemp,condEnteringTemp,1
cw sup tmp,eq tower | unit degc | kind analog,twrLeavingTemp,condLeavingTemp,1
cw s tmp,eq wf cw | unit degf | kind analog,condLeavingTemp,twrLeavingTemp,1
cw s tmp,eq cb condenser water system | unit degf | kind analog,priLeavingTemp,twrLeavingTemp,1
sa dmp pos,eq flr e terms ft e8 | unit percent | kind analog,dischargeDamper,damper,1
sa dmp pos,eq flr e terms ft e7 | unit percent | kind analog,dischargeDamper,damper,1
sa dmp pos,eq flr e terms ft e6 | unit percent | kind analog,dischargeDamper,damper,1
sa dmp pos,eq flr e terms ft e5 | unit percent | kind analog,dischargeDamper,damper,1
sa dmp pos,eq flr e terms ft e4 | unit percent | kind analog,dischargeDamper,damper,1
sa dmp pos,eq flr e terms ft e3 | unit percent | kind analog,dischargeDamper,damper,1
sa dmp pos,eq flr e terms ft e2 | unit percent | kind analog,dischargeDamper,damper,1
rwt,eq flb cdw | unit degf | kind analog,compEnteringTemp,secEnteringTemp,1
run sts,eq vfd | unit off | kind binary,exhaustFanStatus,chillerStatus,1
run sts,eq chw roybal cwp | unit off | kind binary,condPumpStatus,chillerStatus,1
run sts,eq chw roybal chwp | unit off | kind binary,secPumpStatus,chillerStatus,1
ctl flow min,unit cfm | kind analog,dischargeFlowCoolMinSp,dischargeFlowMinSp,1
sf air flw sw,eq gs | unit on | kind binary,dischargeFlowStatus,dischargeFanStatus,1
sec hwr tmp,eq hws ins | unit degf | kind analog,secLeavingTemp,secEnteringTemp,1
schw dp sp,unit psi | kind analog,secPressureDeltaSp,secLeavingPressureSp,1
sa tmp,eq flr s ahu sys | unit degf | kind analog,coldDeckDischargeTemp,dischargeTemp,1
sa tmp,eq flr n ahu sys | unit degf | kind analog,coldDeckDischargeTemp,dischargeTemp,1
sa pr sp,eq ahu b | unit inwc | kind analog,dischargePressure,dischargePressureSp,1
sa dmp pos,eq flr e terms ft e9 | unit percent | kind analog,dischargeDamper,damper,1
cws tmp,eq chw roybal plnt | unit degf | kind analog,condEnteringTemp,condLeavingTemp,1
cws tmp,eq annex chw plant io | unit degf | kind analog,condEnteringTemp,condLeavingTemp,1
cws temp sp,eq chiller cm | unit degf | kind analog,condLeavingTempSp,condEnteringTempSp,1
cwr v,eq chilled water systems hxb | unit percent | kind analog,priLeavingIsoValve,condLeavingIsoValve,1
cwr tmp,unit degc | kind analog,condLeavingTemp,condEnteringTemp,1
cwr tmp,eq chw roybal plnt | unit degf | kind analog,condLeavingTemp,condEnteringTemp,1
cwr tmp,eq annex chw plant io | unit degf | kind analog,condLeavingTemp,condEnteringTemp,1
cwr t,eq io | unit degf | kind analog,condLeavingTemp,condEnteringTemp,1
clg tmp sp,eq us bsmt ahu usms ahu | unit degf | kind analog,dischargeTempCoolSp,dischargeTempSp,1
clg tmp,eq south equip room ahu | unit degf | kind analog,coolingCoilDischargeTemp,coolingCoilLeavingTemp,1
static sp,eq emd floor high rise building press | unit inwc | kind analog,buildingPressureSp,dischargePressureSp,1
static sp,eq ahu w2 | unit inwc | kind analog,buildingPressureSp,dischargePressureSp,1
static sp,eq ahu w1 | unit inwc | kind analog,buildingPressureSp,dischargePressureSp,1
static press,eq b | unit inwc | kind analog,exhaustFanEnteringPressure,dischargePressure,1
speed cmd,eq s sf vfd | kind enum,dischargeFanSpeed,returnFanSpeed,1
sf spd,eq south equip room ahu | unit hz | kind analog,dischargeFanFrequency,dischargeFanSpeed,1
sf spd,eq chiller cm | unit percent | kind analog,dischargeFanSpeedFb,dischargeFanSpeed,1
sf run status bi,eq hwp sp erv erv | unit inactive | kind binary,dischargeFan,dischargeFanStatus,1
cw s temp,eq central plant logic chiller | unit degf | kind analog,condEnteringTemp,condLeavingTemp,1
current damper position,eq ce data | unit percent | kind analog,dischargeDamperFb,damperFb,1
cur hw sup tmp sp,eq hws | unit degf | kind analog,secLeavingTempSp,priLeavingTempSp,1
ctl temp,eq t us rmphsouth | unit degf | kind analog,zoneTempSp,zoneTemp,1
ctl temp,eq t us rmphnowest | unit degf | kind analog,zoneTempSp,zoneTemp,1
ctl temp,eq t us rmpheast | unit degf | kind analog,zoneTempSp,zoneTemp,1
clg sts,eq rtu c1 | unit off | kind binary,coolingEnable,coolingStageStatus,1
clg sp,eq ahu mb a | unit degc | kind analog,dischargeTempCoolSp,occupiedCoolSp,1
clg sp,eq ahu ma a | unit degc | kind analog,dischargeTempCoolSp,occupiedCoolSp,1
clg sp,eq ahu b a | unit degc | kind analog,dischargeTempCoolSp,occupiedCoolSp,1
clg sp,eq ahu a a | unit degc | kind analog,dischargeTempCoolSp,occupiedCoolSp,1
clg o,eq dole ftu c | unit percent | kind analog,coolingDemand,coolingValve,1
sts,eq hrc c2 pchwpc | unit off | kind binary,priPumpStatus,dischargeFanStatus,1
sts,eq hrc c1 pchwpc | unit on | kind binary,priPumpStatus,dischargeFanStatus,1
sts,eq hp c3 pchwpc | unit on | kind binary,priPumpStatus,dischargeFanStatus,1
sts,eq hp c2 pchwpc | unit on | kind binary,priPumpStatus,dischargeFanStatus,1
sts,eq hp c1 pchwpc | unit on | kind binary,priPumpStatus,dischargeFanStatus,1
stop run state,eq clg twr fan vfd | unit off | kind binary,twrFanStatus,secPumpStatus,1
static sp,eq emd subbase north low rise building press | unit inwc | kind analog,buildingPressureSp,dischargePressureSp,1
ctl flow max,unit cfm | kind analog,dischargeFlowCoolMaxSp,dischargeFlowMaxSp,1
comp,eq eru e | unit off | kind binary,coolingStage,comp,1
clg vlv pos,eq ahu | unit percent | kind analog,coolingValve,coolingValveFb,1
chws t,eq chiller plant a | unit degc | kind analog,secLeavingTemp,evapLeavingTemp,1
chws flow,eq mcs cogen plant | unit galmin | kind analog,priLeavingFlow,evapLeavingFlow,1
chwr temp,eq mcs cogen plant | unit degf | kind analog,priEnteringTemp,secEnteringTemp,1
chwr t,eq emd chillers chillers | unit degf | kind analog,secEnteringTemp,evapEnteringTemp,1
chwr t,eq chiller plant a | unit degc | kind analog,secEnteringTemp,evapEnteringTemp,1
unit enable,eq down | unit enable | kind binary,occupancyMode,systemEnable,1
under flr tmp sp,eq ahulw | unit degf | kind analog,dischargeTempSp,zoneTempSp,1
sys ena,eq sf gd monitoring | unit on | kind binary,occupancyMode,systemEnable,1
sys ena,eq mechanical | unit disable | kind binary,unitEnable,systemEnable,1
sys ena,eq mechanical sja | unit disable | kind binary,unitEnable,systemEnable,1
sys ena,eq chws | unit on | kind binary,chiller,systemEnable,1
swt,eq flb cdw | unit degf | kind analog,compLeavingTemp,secLeavingTemp,1
clg dmd,eq ab | unit off | kind binary,coolingDemand,zoneCoolingDemand,1
chws tmp,eq chw cw sys | unit degfalarminhibit | kind analog,priLeavingTemp,secLeavingTemp,1
chws tmp,eq ahub | unit degf | kind analog,priLeavingTemp,secLeavingTemp,1
clg tmp,eq ah us ahu | unit degf | kind analog,coolingCoilDischargeTemp,coolingCoilLeavingTemp,1
chw vlv pos,eq fcu mt b | unit percent | kind analog,coolingValveFb,coolingValve,1
chw vlv pos,eq fcu mt a | unit percent | kind analog,coolingValveFb,coolingValve,1
vfd ss,eq floor chwp | unit on | kind binary,secPump,dischargeFan,1
vfd spd,eq floor chwp | unit percent | kind analog,secPumpSpeed,dischargeFanSpeed,1
unit status,eq mcs multistak | unit on | kind binary,chillerStatus,unitStatus,1
chwp sts,eq chw ps | unit running | kind binary,priPumpStatus,secPumpStatus,1
chwp s,eq emd chillers chillers | unit on | kind binary,priPumpStatus,evapPumpStatus,1
chwp pri chw pmp sts,eq chiller cm | unit running | kind binary,evapPumpStatus,priPumpStatus,1
chwp pri chw pmp cmd,eq chiller cm | unit run | kind binary,evapPump,priPump,1
chwp cmd,eq d5 sub bsmt west chilled water system | unit on | kind binary,secPump,priPump,1
chwp cmd,eq central plant logic | unit stop | kind binary,evapPump,priPump,1
chwp cmd,eq bchillwatersystem chw sys | unit on | kind binary,evapPump,priPump,1
chwp cmd,eq bchillwatersystem chw sys | unit off | kind binary,evapPump,priPump,1
chwp chw pmp sts,eq mechanical chw | unit on | kind binary,evapPumpStatus,secPumpStatus,1
chws temp,eq mcs cogen plant | unit degf | kind analog,priLeavingTemp,secLeavingTemp,1
chws t,eq emd chillers chillers | unit degf | kind analog,secLeavingTemp,evapLeavingTemp,1
chw pump sts,eq zfb cw hw pumps vlvs cw system | unit on | kind binary,secPumpStatus,coolingCoilPumpStatus,1
chw pmp sts,eq hrc m2 pchwp m7 | unit on | kind binary,priPumpStatus,secPumpStatus,1
chw pmp sts,eq hrc m1 pchwp m6 | unit off | kind binary,priPumpStatus,secPumpStatus,1
vlv comd,eq level vav r | unit percent | kind analog,reHeatingValve,heatingValve,1
vlv comd,eq level vav c1 | unit percent | kind analog,reHeatingValve,heatingValve,1
vlv comd,eq level fpv u1 s | unit percent | kind analog,reHeatingValve,heatingValve,1
vlv comd,eq level fpv u1 n | unit percent | kind analog,reHeatingValve,heatingValve,1
vlv comd,eq level fpv m2 | unit percent | kind analog,reHeatingValve,heatingValve,1
chwp chw pmp sts,eq mechanical chw | unit off | kind binary,evapPumpStatus,secPumpStatus,1
chwp chw pmp cmd,eq mechanical chw | unit on | kind binary,evapPump,secPump,1
chwp chw pmp cmd,eq mechanical chw | unit off | kind binary,evapPump,secPump,1
chwp chw pmp cmd,eq chws outs | unit stop | kind binary,evapPump,secPump,1
chwp c,eq emd chillers chillers | unit on | kind binary,priPump,evapPump,1
chwbypv o,eq chw plant | unit percent | kind analog,bypassValve,secBypassValve,1
chw vlv pos,eq fcu p data | unit percent | kind analog,coolingValveFb,coolingValve,1
chw vlv pos,eq fcu mt | unit percent | kind analog,coolingValveFb,coolingValve,1
chw p2 cmd,eq cb g chw | unit stop | kind binary,evapPump,secPump,1
chw p1 sts,eq cb g chw | unit stopped | kind binary,evapPumpStatus,secPumpStatus,1
chw flow,eq floor chiller interface | unit on | kind binary,evapFlowStatus,secLeavingFlow,1
chw flow,eq floor chiller interface | unit off | kind binary,evapFlowStatus,secLeavingFlow,1
vlv pos,eq level fpv u1 n | unit percent | kind analog,reHeatingValveFb,heatingValveFb,1
vlv pos,eq level fpv m2 | unit percent | kind analog,reHeatingValveFb,heatingValveFb,1
chw vlv pos,eq chw | unit percent | kind analog,secMixingValve,coolingValve,1
chw vlv,eq usfch basement ch water | unit percent | kind analog,mixingValve,coolingValve,1
chw valve read,eq ncfb b ninth floor b roof ac b | unit percent | kind analog,waterValve,coolingValve,1
chw sup tmp,eq norris cotton chiller | unit degf | kind analog,priLeavingTemp,evapLeavingTemp,1
chw sup tmp,eq chw sys | unit degf | kind analog,secLeavingTemp,evapLeavingTemp,1
chw sup temp,eq v floor chiller | unit degf | kind analog,secLeavingTemp,evapLeavingTemp,1
chw sup t,eq usfch basement ch water | unit degf | kind analog,secLeavingTemp,evapLeavingTemp,1
chw sp,eq chiller | unit degf | kind analog,evapLeavingTempSp,priLeavingTempSp,1
chw s temp,eq plant | unit degf | kind analog,secLeavingTemp,evapLeavingTemp,1
chw r temp,eq plant | unit degf | kind analog,secEnteringTemp,evapEnteringTemp,1
chw dif prs sp,eq chilled water systems chw | unit psi | kind analog,evapPressureDeltaSp,secPressureDeltaSp,1
chp,eq air handling systems mau p | unit off | kind binary,coolingCoilPump,priPump,1
chlr ena,eq chws | unit on | kind binary,chillerEnable,chiller,1
chlr ena,eq chws | unit enable | kind binary,chillerEnable,chiller,1
chlr ena,eq chws down | unit locked | kind binary,systemEnable,chiller,1
chlr cmd,eq central plant logic | unit stop | kind binary,chiller,chillerEnable,1
vlv pos,eq level vav r | unit percent | kind analog,reHeatingValveFb,heatingValveFb,1
vlv pos,eq level vav c1 | unit percent | kind analog,reHeatingValveFb,heatingValveFb,1
vlv pos,eq level fpv u1 s | unit percent | kind analog,reHeatingValveFb,heatingValveFb,1
chw pmp sts,eq hp m5 pchwp m5 | unit on | kind binary,priPumpStatus,secPumpStatus,1
chw pmp sts,eq hp m4 pchwp m4 | unit off | kind binary,priPumpStatus,secPumpStatus,1
chw pmp sts,eq hp m3 pchwp m3 | unit on | kind binary,priPumpStatus,secPumpStatus,1
chw pmp sts,eq hp m2 pchwp m2 | unit on | kind binary,priPumpStatus,secPumpStatus,1
chw pmp sts,eq hp m1 pchwp m1 | unit off | kind binary,priPumpStatus,secPumpStatus,1
chw pmp cmd,eq air handling systems | unit off | kind binary,coolingCoilPump,secPump,1
chw p2 sts,eq cb g chw | unit stopped | kind binary,evapPumpStatus,secPumpStatus,1
chiller enable,eq ncfb c service level central plant chiller plant | unit off | kind binary,chiller,chillerEnable,1
chiller enable,eq mcs multistak | unit auto | kind binary,chiller,chillerEnable,1
chiller enable,eq daikin chiller i os | unit on | kind binary,chiller,chillerEnable,1
chiller enable,eq daikin chiller i os | unit off | kind binary,chiller,chillerEnable,1
chiller enable,eq chiller | unit enabled | kind binary,chiller,chillerEnable,1
chiller cmd,eq chillers logic | unit on | kind binary,systemEnable,chillerEnable,1
ch ena,unit on | kind binary,chiller,chillerEnable,1
ch ena,eq cb g chw | unit stop | kind binary,chiller,chillerEnable,1
zn t sp clg,eq bsmt fc b | unit degc | kind analog,zoneCoolSp,occupiedCoolSp,1
zn t sp clg,eq bsmt fc a | unit degc | kind analog,zoneCoolSp,occupiedCoolSp,1
zn sp,eq ahu a | unit pa | kind analog,zonePressure,zoneTempSp,1
chw flow,eq b chill water system chiller plant | unit galmin | kind analog,evapLeavingFlow,secLeavingFlow,1
chw f,eq dole chw system | unit galminalarminhibit | kind analog,secEnteringFlow,secLeavingFlow,1
chw dp sp,eq chw sys | unit psi | kind analog,priPressureDeltaSp,secPressureDeltaSp,1
chw dp,eq emd chillers chillers | unit psi | kind analog,priPressureDelta,secPressureDelta,1
chw dp,eq chw sys | unit psi | kind analog,priPressureDelta,secPressureDelta,1
cd flw sw,eq heat pumps hp c3 | unit on | kind binary,condEnteringFlow,condFlowStatus,1
cd flw sw,eq heat pumps hp c2 | unit on | kind binary,condEnteringFlow,condFlowStatus,1
cd flw sw,eq heat pumps hp c1 | unit on | kind binary,condEnteringFlow,condFlowStatus,1
zn t sp clg,eq nd flr fv b2 | unit degc | kind analog,zoneCoolSp,occupiedCoolSp,1
zn t sp clg,eq nd flr fv b1 | unit degc | kind analog,zoneCoolSp,occupiedCoolSp,1
zn t sp clg,eq nd flr fv a1 | unit degc | kind analog,zoneCoolSp,occupiedCoolSp,1
ch cmd,eq mcs cogen plant | unit disable | kind binary,chiller,chillerEnable,1
ch cmd,eq chws | unit stop | kind binary,chiller,chillerEnable,1
ch cmd,eq chws | unit not | kind binary,chiller,chillerEnable,1
ch cmd,eq cb g chw | unit stop | kind binary,chiller,chillerEnable,1
ch cmd,eq cb g chw | unit start | kind binary,chiller,chillerEnable,1
cfm stpt min,eq v floor fpb a | kind analog,dischargeFlowMinSp,dischargeFlowCoolMinSp,1
cfm stpt max,eq v floor fpb a | kind analog,dischargeFlowMaxSp,dischargeFlowCoolMaxSp,1
chiller enable,eq norris cotton chiller | unit off | kind binary,chiller,chillerEnable,1
chiller enable,eq ncfb c service level chiller | unit off | kind binary,chiller,chillerEnable,1
chiller enable,eq ncfb c service level central plant chiller plant | unit on | kind binary,chiller,chillerEnable,1
act cool sp,eq vvoa | unit degf | kind analog,occupiedCoolSp,zoneCoolSp,1
zn t sp htg,eq nd flr fv b2 | unit degc | kind analog,zoneHeatSp,occupiedHeatSp,1
zn t sp htg,eq nd flr fv b1 | unit degc | kind analog,zoneHeatSp,occupiedHeatSp,1
zn t sp htg,eq nd flr fv a1 | unit degc | kind analog,zoneHeatSp,occupiedHeatSp,1
blr hws iso ena,eq flr bn hw sys | unit on | kind binary,priLeavingTemp,priLeavingIsoValve,1
blr hwr tmp,eq energy center hot water system | unit degf | kind analog,secEnteringTemp,priEnteringTemp,1
blr ena,eq hws | unit off | kind binary,systemEnable,boilerEnable,1
blr ena,eq flr bn hw sys | unit on | kind binary,priEnteringTemp,boilerEnable,1
blr blr ena,eq energy center hot water system | unit off | kind binary,systemEnable,boiler,1
bldg st prs avg,eq building | kind analog,buildingPressure,buildingPressureAvg,1
bldg st prs avg,eq ab a2 b | unit inwc | kind analog,buildingPressure,buildingPressureAvg,1
bldg st prs,eq flr ts s ahu sys | unit inwc | kind analog,buildingPressureSp,buildingPressure,1
bldg st prs,eq flr ts n ahu sys | unit inwc | kind analog,buildingPressureSp,buildingPressure,1
bypass valve,eq chiller cm | unit open | kind binary,evapBypassValve,bypassValve,1
byp vlv,eq ph chw upper | unit percent | kind analog,priLeavingIsoValve,bypassValve,1
byp dmp cmd,eq chiller cm | unit percent | kind analog,bypassDamperFb,bypassDamper,1
min cl vol sp,eq flr east vav e2 | unit cfm | kind analog,dischargeFlowMinSp,dischargeFlowCoolMinSp,1
min cl vol sp,eq flr center vav w9 | unit cfm | kind analog,dischargeFlowMinSp,dischargeFlowCoolMinSp,1
min cl vol sp,eq flr center vav w8 | unit cfm | kind analog,dischargeFlowMinSp,dischargeFlowCoolMinSp,1
min cl vol sp,eq flr center vav w7 | unit cfm | kind analog,dischargeFlowMinSp,dischargeFlowCoolMinSp,1
min cl vol sp,eq flr center vav w6 | unit cfm | kind analog,dischargeFlowMinSp,dischargeFlowCoolMinSp,1
min cl vol sp,eq flr center vav w5 | unit cfm | kind analog,dischargeFlowMinSp,dischargeFlowCoolMinSp,1
min cl vol sp,eq flr center vav w4 | unit cfm | kind analog,dischargeFlowMinSp,dischargeFlowCoolMinSp,1
min cl vol sp,eq flr center vav w3 | unit cfm | kind analog,dischargeFlowMinSp,dischargeFlowCoolMinSp,1
min cl vol sp,eq flr center vav w2 | unit cfm | kind analog,dischargeFlowMinSp,dischargeFlowCoolMinSp,1
min cl vol sp,eq flr center vav w1 | unit cfm | kind analog,dischargeFlowMinSp,dischargeFlowCoolMinSp,1
zn t sp htg,eq th flr fvav | unit degc | kind analog,zoneHeatSp,occupiedHeatSp,1
air flow,eq eru e | unit airflow | kind binary,dischargeFanStatus,dischargeFlow,1
act heat sp,eq vvoa | unit degf | kind analog,occupiedHeatSp,zoneHeatSp,1
act fl sp,eq ecb vv b rm | unit degf | kind analog,zoneCoolSp,dischargeFlowSp,1
act fl sp,eq dd e rm oa | unit cfm | kind analog,outsideFlowSp,dischargeFlowSp,1
act fl,eq dd e rm oa | unit cfm | kind analog,outsideFlow,dischargeFlow,1
