text,target,source
ah d temp,ahuDischargeTemp,eo66-dn-v1
ah da temperature,ahuDischargeTemp,eo66-dn-v1
ah da tmp,ahuDischargeTemp,eo66-dn-v1
ah dch t,ahuDischargeTemp,eo66-dn-v1
ah dch temp,ahuDischargeTemp,eo66-dn-v1
ah dch temperature,ahuDischargeTemp,eo66-dn-v1
ah disch t,ahuDischargeTemp,eo66-dn-v1
ah disch temp,ahuDischargeTemp,eo66-dn-v1
ah disch temperature,ahuDischargeTemp,eo66-dn-v1
ah disch tmp,ahuDischargeTemp,eo66-dn-v1
ah discharge temperature,ahuDischargeTemp,eo66-dn-v1
ah discharge tmp,ahuDischargeTemp,eo66-dn-v1
ah dsch t,ahuDischargeTemp,eo66-dn-v1
ah sa t,ahuDischargeTemp,eo66-dn-v1
ah sa temperature,ahuDischargeTemp,eo66-dn-v1
ah supply t,ahuDischargeTemp,eo66-dn-v1
ah supply tmp,ahuDischargeTemp,eo66-dn-v1
ahu d t,ahuDischargeTemp,eo66-dn-v1
ahu d temp,ahuDischargeTemp,eo66-dn-v1
ahu d temperature,ahuDischargeTemp,eo66-dn-v1
ahu da t,ahuDischargeTemp,eo66-dn-v1
ahu da temp,ahuDischargeTemp,eo66-dn-v1
ahu da temperature,ahuDischargeTemp,eo66-dn-v1
ahu da tmp,ahuDischargeTemp,eo66-dn-v1
ahu dch temperature,ahuDischargeTemp,eo66-dn-v1
ahu dch tmp,ahuDischargeTemp,eo66-dn-v1
ahu dis tmp,ahuDischargeTemp,eo66-dn-v1
ahu disch temp,ahuDischargeTemp,eo66-dn-v1
ahu disch temperature,ahuDischargeTemp,eo66-dn-v1
ahu disch tmp,ahuDischargeTemp,eo66-dn-v1
ahu discharge t,ahuDischargeTemp,eo66-dn-v1
ahu discharge temperature,ahuDischargeTemp,eo66-dn-v1
ahu dsch temp,ahuDischargeTemp,eo66-dn-v1
ahu dsch temperature,ahuDischargeTemp,eo66-dn-v1
ahu dsch tmp,ahuDischargeTemp,eo66-dn-v1
ahu sa t,ahuDischargeTemp,eo66-dn-v1
ahu sa temp,ahuDischargeTemp,eo66-dn-v1
ahu sa temperature,ahuDischargeTemp,eo66-dn-v1
ahu supply t,ahuDischargeTemp,eo66-dn-v1
ahu supply tmp,ahuDischargeTemp,eo66-dn-v1
blr act en production,boilerLoad,eo66-dn-v1
blr act energy production,boilerLoad,eo66-dn-v1
blr act enrg production,boilerLoad,eo66-dn-v1
blr act enrgy prod,boilerLoad,eo66-dn-v1
blr act enrgy production,boilerLoad,eo66-dn-v1
blr actual energy production,boilerLoad,eo66-dn-v1
blr actual er prod,boilerLoad,eo66-dn-v1
boil act en prod,boilerLoad,eo66-dn-v1
boil act energy production,boilerLoad,eo66-dn-v1
boil act engy prod,boilerLoad,eo66-dn-v1
boil act er prod,boilerLoad,eo66-dn-v1
boil act er production,boilerLoad,eo66-dn-v1
boil actual en prod,boilerLoad,eo66-dn-v1
boil actual energy prod,boilerLoad,eo66-dn-v1
boil actual engy prod,boilerLoad,eo66-dn-v1
boil actual engy production,boilerLoad,eo66-dn-v1
boil actual enrg production,boilerLoad,eo66-dn-v1
boiler act energy production,boilerLoad,eo66-dn-v1
boiler act engy production,boilerLoad,eo66-dn-v1
boiler act enrg prod,boilerLoad,eo66-dn-v1
boiler act enrg production,boilerLoad,eo66-dn-v1
boiler act enrgy prod,boilerLoad,eo66-dn-v1
boiler act enrgy production,boilerLoad,eo66-dn-v1
boiler act er production,boilerLoad,eo66-dn-v1
boiler actual energy production,boilerLoad,eo66-dn-v1
boiler actual engy prod,boilerLoad,eo66-dn-v1
boiler actual engy production,boilerLoad,eo66-dn-v1
boiler actual enrg production,boilerLoad,eo66-dn-v1
boiler actual er production,boilerLoad,eo66-dn-v1
boilr act engy prod,boilerLoad,eo66-dn-v1
boilr act enrg production,boilerLoad,eo66-dn-v1
boilr act enrgy prod,boilerLoad,eo66-dn-v1
boilr act enrgy production,boilerLoad,eo66-dn-v1
boilr act er production,boilerLoad,eo66-dn-v1
boilr actual en prod,boilerLoad,eo66-dn-v1
boilr actual en production,boilerLoad,eo66-dn-v1
boilr actual energy prod,boilerLoad,eo66-dn-v1
boilr actual engy prod,boilerLoad,eo66-dn-v1
boilr actual engy production,boilerLoad,eo66-dn-v1
boilr actual enrg prod,boilerLoad,eo66-dn-v1
blr stage,boilerStage,eo66-dn-v1
blr stg,boilerStage,eo66-dn-v1
boil stage,boilerStage,eo66-dn-v1
boil stg,boilerStage,eo66-dn-v1
boiler stage,boilerStage,eo66-dn-v1
boiler stg,boilerStage,eo66-dn-v1
boilr stage,boilerStage,eo66-dn-v1
boilr stg,boilerStage,eo66-dn-v1
boost p c,boosterPump,eo66-dn-v1
boost p cmd,boosterPump,eo66-dn-v1
boost p cmnd,boosterPump,eo66-dn-v1
boost p command,boosterPump,eo66-dn-v1
boost pmp c,boosterPump,eo66-dn-v1
boost pmp cmd,boosterPump,eo66-dn-v1
boost pmp cmnd,boosterPump,eo66-dn-v1
boost pmp command,boosterPump,eo66-dn-v1
boost pump c,boosterPump,eo66-dn-v1
boost pump cmd,boosterPump,eo66-dn-v1
boost pump cmnd,boosterPump,eo66-dn-v1
boost pump command,boosterPump,eo66-dn-v1
booster p c,boosterPump,eo66-dn-v1
booster p cmd,boosterPump,eo66-dn-v1
booster p cmnd,boosterPump,eo66-dn-v1
booster p command,boosterPump,eo66-dn-v1
booster pmp c,boosterPump,eo66-dn-v1
booster pmp cmd,boosterPump,eo66-dn-v1
booster pmp cmnd,boosterPump,eo66-dn-v1
booster pmp command,boosterPump,eo66-dn-v1
booster pump c,boosterPump,eo66-dn-v1
booster pump cmd,boosterPump,eo66-dn-v1
booster pump cmnd,boosterPump,eo66-dn-v1
booster pump command,boosterPump,eo66-dn-v1
bst p c,boosterPump,eo66-dn-v1
bst p cmd,boosterPump,eo66-dn-v1
bst p cmnd,boosterPump,eo66-dn-v1
bst p command,boosterPump,eo66-dn-v1
bst pmp c,boosterPump,eo66-dn-v1
bst pmp cmd,boosterPump,eo66-dn-v1
bst pmp cmnd,boosterPump,eo66-dn-v1
bst pmp command,boosterPump,eo66-dn-v1
bst pump c,boosterPump,eo66-dn-v1
bst pump cmd,boosterPump,eo66-dn-v1
bst pump cmnd,boosterPump,eo66-dn-v1
bst pump command,boosterPump,eo66-dn-v1
boost p s,boosterPumpStatus,eo66-dn-v1
boost p st,boosterPumpStatus,eo66-dn-v1
boost p status,boosterPumpStatus,eo66-dn-v1
boost p sts,boosterPumpStatus,eo66-dn-v1
boost pmp s,boosterPumpStatus,eo66-dn-v1
boost pmp st,boosterPumpStatus,eo66-dn-v1
boost pmp stat,boosterPumpStatus,eo66-dn-v1
boost pmp status,boosterPumpStatus,eo66-dn-v1
boost pmp sts,boosterPumpStatus,eo66-dn-v1
boost pump s,boosterPumpStatus,eo66-dn-v1
boost pump st,boosterPumpStatus,eo66-dn-v1
boost pump stat,boosterPumpStatus,eo66-dn-v1
boost pump status,boosterPumpStatus,eo66-dn-v1
boost pump sts,boosterPumpStatus,eo66-dn-v1
booster p s,boosterPumpStatus,eo66-dn-v1
booster p st,boosterPumpStatus,eo66-dn-v1
booster p stat,boosterPumpStatus,eo66-dn-v1
booster p status,boosterPumpStatus,eo66-dn-v1
booster p sts,boosterPumpStatus,eo66-dn-v1
booster pmp st,boosterPumpStatus,eo66-dn-v1
booster pmp status,boosterPumpStatus,eo66-dn-v1
booster pmp sts,boosterPumpStatus,eo66-dn-v1
booster pump s,boosterPumpStatus,eo66-dn-v1
booster pump stat,boosterPumpStatus,eo66-dn-v1
booster pump status,boosterPumpStatus,eo66-dn-v1
booster pump sts,boosterPumpStatus,eo66-dn-v1
bst p s,boosterPumpStatus,eo66-dn-v1
bst p st,boosterPumpStatus,eo66-dn-v1
bst p stat,boosterPumpStatus,eo66-dn-v1
bst p status,boosterPumpStatus,eo66-dn-v1
bst p sts,boosterPumpStatus,eo66-dn-v1
bst pmp s,boosterPumpStatus,eo66-dn-v1
bst pmp st,boosterPumpStatus,eo66-dn-v1
bst pmp stat,boosterPumpStatus,eo66-dn-v1
bst pmp sts,boosterPumpStatus,eo66-dn-v1
bst pump s,boosterPumpStatus,eo66-dn-v1
bst pump st,boosterPumpStatus,eo66-dn-v1
bst pump stat,boosterPumpStatus,eo66-dn-v1
bst pump status,boosterPumpStatus,eo66-dn-v1
bst pump sts,boosterPumpStatus,eo66-dn-v1
b p average,buildingPressureAvg,eo66-dn-v1
b p avg,buildingPressureAvg,eo66-dn-v1
b pr average,buildingPressureAvg,eo66-dn-v1
b pr avg,buildingPressureAvg,eo66-dn-v1
b pres average,buildingPressureAvg,eo66-dn-v1
b pres avg,buildingPressureAvg,eo66-dn-v1
b presr average,buildingPressureAvg,eo66-dn-v1
b presr avg,buildingPressureAvg,eo66-dn-v1
b press average,buildingPressureAvg,eo66-dn-v1
b press avg,buildingPressureAvg,eo66-dn-v1
b pressure average,buildingPressureAvg,eo66-dn-v1
b pressure avg,buildingPressureAvg,eo66-dn-v1
b prs avg,buildingPressureAvg,eo66-dn-v1
bld pres avg,buildingPressureAvg,eo66-dn-v1
bld presr avg,buildingPressureAvg,eo66-dn-v1
bld press average,buildingPressureAvg,eo66-dn-v1
bld press avg,buildingPressureAvg,eo66-dn-v1
bld pressure avg,buildingPressureAvg,eo66-dn-v1
bld prs average,buildingPressureAvg,eo66-dn-v1
bld prs avg,buildingPressureAvg,eo66-dn-v1
bldg pr average,buildingPressureAvg,eo66-dn-v1
bldg pres average,buildingPressureAvg,eo66-dn-v1
bldg pres avg,buildingPressureAvg,eo66-dn-v1
bldg presr average,buildingPressureAvg,eo66-dn-v1
bldg press average,buildingPressureAvg,eo66-dn-v1
bldg pressure average,buildingPressureAvg,eo66-dn-v1
bldg pressure avg,buildingPressureAvg,eo66-dn-v1
bldg prs avg,buildingPressureAvg,eo66-dn-v1
blg p average,buildingPressureAvg,eo66-dn-v1
blg pres avg,buildingPressureAvg,eo66-dn-v1
blg presr average,buildingPressureAvg,eo66-dn-v1
blg press avg,buildingPressureAvg,eo66-dn-v1
blg prs average,buildingPressureAvg,eo66-dn-v1
blg prs avg,buildingPressureAvg,eo66-dn-v1
building p average,buildingPressureAvg,eo66-dn-v1
building presr average,buildingPressureAvg,eo66-dn-v1
building pressure average,buildingPressureAvg,eo66-dn-v1
building pressure avg,buildingPressureAvg,eo66-dn-v1
building prs average,buildingPressureAvg,eo66-dn-v1
building prs avg,buildingPressureAvg,eo66-dn-v1
bp valv or,bypassValveOvr,eo66-dn-v1
bp valv override,bypassValveOvr,eo66-dn-v1
bp valv ovr,bypassValveOvr,eo66-dn-v1
bp valv ovrd,bypassValveOvr,eo66-dn-v1
bp valve or,bypassValveOvr,eo66-dn-v1
bp valve override,bypassValveOvr,eo66-dn-v1
bp valve ovr,bypassValveOvr,eo66-dn-v1
bp valve ovrd,bypassValveOvr,eo66-dn-v1
bp vlv or,bypassValveOvr,eo66-dn-v1
bp vlv override,bypassValveOvr,eo66-dn-v1
bp vlv ovr,bypassValveOvr,eo66-dn-v1
bp vlv ovrd,bypassValveOvr,eo66-dn-v1
byp valv or,bypassValveOvr,eo66-dn-v1
byp valv override,bypassValveOvr,eo66-dn-v1
byp valv ovr,bypassValveOvr,eo66-dn-v1
byp valv ovrd,bypassValveOvr,eo66-dn-v1
byp valve or,bypassValveOvr,eo66-dn-v1
byp valve override,bypassValveOvr,eo66-dn-v1
byp valve ovr,bypassValveOvr,eo66-dn-v1
byp valve ovrd,bypassValveOvr,eo66-dn-v1
byp vlv or,bypassValveOvr,eo66-dn-v1
byp vlv override,bypassValveOvr,eo66-dn-v1
byp vlv ovr,bypassValveOvr,eo66-dn-v1
byp vlv ovrd,bypassValveOvr,eo66-dn-v1
bypass valv or,bypassValveOvr,eo66-dn-v1
bypass valv override,bypassValveOvr,eo66-dn-v1
bypass valv ovr,bypassValveOvr,eo66-dn-v1
bypass valv ovrd,bypassValveOvr,eo66-dn-v1
bypass valve or,bypassValveOvr,eo66-dn-v1
bypass valve override,bypassValveOvr,eo66-dn-v1
bypass valve ovr,bypassValveOvr,eo66-dn-v1
bypass valve ovrd,bypassValveOvr,eo66-dn-v1
bypass vlv or,bypassValveOvr,eo66-dn-v1
bypass vlv override,bypassValveOvr,eo66-dn-v1
bypass vlv ovr,bypassValveOvr,eo66-dn-v1
bypass vlv ovrd,bypassValveOvr,eo66-dn-v1
circ p eb,circPumpEnable,eo66-dn-v1
circ p en,circPumpEnable,eo66-dn-v1
circ p ena,circPumpEnable,eo66-dn-v1
circ p enab,circPumpEnable,eo66-dn-v1
circ p enable,circPumpEnable,eo66-dn-v1
circ p enb,circPumpEnable,eo66-dn-v1
circ p enbl,circPumpEnable,eo66-dn-v1
circ pmp eb,circPumpEnable,eo66-dn-v1
circ pmp en,circPumpEnable,eo66-dn-v1
circ pmp ena,circPumpEnable,eo66-dn-v1
circ pmp enab,circPumpEnable,eo66-dn-v1
circ pmp enable,circPumpEnable,eo66-dn-v1
circ pmp enb,circPumpEnable,eo66-dn-v1
circ pmp enbl,circPumpEnable,eo66-dn-v1
circ pump eb,circPumpEnable,eo66-dn-v1
circ pump ena,circPumpEnable,eo66-dn-v1
circ pump enable,circPumpEnable,eo66-dn-v1
circ pump enb,circPumpEnable,eo66-dn-v1
circ pump enbl,circPumpEnable,eo66-dn-v1
circulation p eb,circPumpEnable,eo66-dn-v1
circulation p en,circPumpEnable,eo66-dn-v1
circulation p ena,circPumpEnable,eo66-dn-v1
circulation p enab,circPumpEnable,eo66-dn-v1
circulation p enable,circPumpEnable,eo66-dn-v1
circulation p enb,circPumpEnable,eo66-dn-v1
circulation p enbl,circPumpEnable,eo66-dn-v1
circulation pmp eb,circPumpEnable,eo66-dn-v1
circulation pmp en,circPumpEnable,eo66-dn-v1
circulation pmp ena,circPumpEnable,eo66-dn-v1
circulation pmp enab,circPumpEnable,eo66-dn-v1
circulation pmp enable,circPumpEnable,eo66-dn-v1
circulation pmp enb,circPumpEnable,eo66-dn-v1
circulation pmp enbl,circPumpEnable,eo66-dn-v1
circulation pump eb,circPumpEnable,eo66-dn-v1
circulation pump en,circPumpEnable,eo66-dn-v1
circulation pump ena,circPumpEnable,eo66-dn-v1
circulation pump enab,circPumpEnable,eo66-dn-v1
circulation pump enable,circPumpEnable,eo66-dn-v1
circulation pump enb,circPumpEnable,eo66-dn-v1
circulation pump enbl,circPumpEnable,eo66-dn-v1
cd deck d pressure max rst stpt,coldDeckDischargePressureMaxSp,eo66-dn-v1
cd deck d prs max reset sp,coldDeckDischargePressureMaxSp,eo66-dn-v1
cd deck dch press max rst setp,coldDeckDischargePressureMaxSp,eo66-dn-v1
cd deck disch pr max reset setp,coldDeckDischargePressureMaxSp,eo66-dn-v1
cd deck disch prs mx reset s,coldDeckDischargePressureMaxSp,eo66-dn-v1
cd deck discharge p max rst stpt,coldDeckDischargePressureMaxSp,eo66-dn-v1
cd deck dsch pres mx reset setpoint,coldDeckDischargePressureMaxSp,eo66-dn-v1
cd deck dsch pressure max reset spt,coldDeckDischargePressureMaxSp,eo66-dn-v1
cd deck supply press max reset setpoint,coldDeckDischargePressureMaxSp,eo66-dn-v1
cd deck supply press max reset sp,coldDeckDischargePressureMaxSp,eo66-dn-v1
cd deck supply press mx reset stpt,coldDeckDischargePressureMaxSp,eo66-dn-v1
cd dk d pr mx reset spt,coldDeckDischargePressureMaxSp,eo66-dn-v1
cd dk da pres max rst setpt,coldDeckDischargePressureMaxSp,eo66-dn-v1
cd dk da pres mx rst s,coldDeckDischargePressureMaxSp,eo66-dn-v1
cd dk da presr max rst s,coldDeckDischargePressureMaxSp,eo66-dn-v1
cd dk dch prs mx rst s,coldDeckDischargePressureMaxSp,eo66-dn-v1
cd dk dis press max rst sp,coldDeckDischargePressureMaxSp,eo66-dn-v1
cd dk disch pressure mx rst setpt,coldDeckDischargePressureMaxSp,eo66-dn-v1
cd dk discharge pressure mx rst s,coldDeckDischargePressureMaxSp,eo66-dn-v1
cd dk dsch p mx rst setp,coldDeckDischargePressureMaxSp,eo66-dn-v1
cd dk dsch pr max rst stpt,coldDeckDischargePressureMaxSp,eo66-dn-v1
cd dk sa pres max reset stpt,coldDeckDischargePressureMaxSp,eo66-dn-v1
cd dk supply pr mx rst set,coldDeckDischargePressureMaxSp,eo66-dn-v1
cold deck d prs max reset stpt,coldDeckDischargePressureMaxSp,eo66-dn-v1
cold deck d prs mx rst setpt,coldDeckDischargePressureMaxSp,eo66-dn-v1
cold deck discharge presr max reset spt,coldDeckDischargePressureMaxSp,eo66-dn-v1
cold deck discharge press max rst spt,coldDeckDischargePressureMaxSp,eo66-dn-v1
cold deck discharge pressure max reset setpoint,coldDeckDischargePressureMaxSp,eo66-dn-v1
cold deck discharge pressure max rst setp,coldDeckDischargePressureMaxSp,eo66-dn-v1
cold deck sa press max reset sp,coldDeckDischargePressureMaxSp,eo66-dn-v1
cold deck supply pressure max reset spt,coldDeckDischargePressureMaxSp,eo66-dn-v1
cold dk d p max reset set,coldDeckDischargePressureMaxSp,eo66-dn-v1
cold dk d pr mx reset spt,coldDeckDischargePressureMaxSp,eo66-dn-v1
cold dk d press mx rst sp,coldDeckDischargePressureMaxSp,eo66-dn-v1
cold dk dch presr mx reset spt,coldDeckDischargePressureMaxSp,eo66-dn-v1
cold dk discharge pressure max rst s,coldDeckDischargePressureMaxSp,eo66-dn-v1
cold dk dsch presr max reset sp,coldDeckDischargePressureMaxSp,eo66-dn-v1
cold dk sa p mx reset setp,coldDeckDischargePressureMaxSp,eo66-dn-v1
cold dk supply presr mx rst stpt,coldDeckDischargePressureMaxSp,eo66-dn-v1
cold dk supply press mx reset spt,coldDeckDischargePressureMaxSp,eo66-dn-v1
cd deck d prs mn rst setp,coldDeckDischargePressureMinSp,eo66-dn-v1
cd deck da pres mn rst setpoint,coldDeckDischargePressureMinSp,eo66-dn-v1
cd deck dch pressure mn rst spt,coldDeckDischargePressureMinSp,eo66-dn-v1
cd deck disch prs min rst s,coldDeckDischargePressureMinSp,eo66-dn-v1
cd deck disch prs mn rst set,coldDeckDischargePressureMinSp,eo66-dn-v1
cd deck supply pr min rst setp,coldDeckDischargePressureMinSp,eo66-dn-v1
cd dk da pr mn reset setpt,coldDeckDischargePressureMinSp,eo66-dn-v1
cd dk da pr mn rst setpt,coldDeckDischargePressureMinSp,eo66-dn-v1
cd dk dch pr min reset sp,coldDeckDischargePressureMinSp,eo66-dn-v1
cd dk dch pr mn rst setpoint,coldDeckDischargePressureMinSp,eo66-dn-v1
cd dk dch pressure mn rst s,coldDeckDischargePressureMinSp,eo66-dn-v1
cd dk disch presr mn rst sp,coldDeckDischargePressureMinSp,eo66-dn-v1
cd dk dsch pr min rst setpt,coldDeckDischargePressureMinSp,eo66-dn-v1
cd dk dsch pres min rst stpt,coldDeckDischargePressureMinSp,eo66-dn-v1
cd dk supply prs mn rst stpt,coldDeckDischargePressureMinSp,eo66-dn-v1
cold deck dch pres min rst setp,coldDeckDischargePressureMinSp,eo66-dn-v1
cold deck dch pres mn reset spt,coldDeckDischargePressureMinSp,eo66-dn-v1
cold deck disch pr min rst sp,coldDeckDischargePressureMinSp,eo66-dn-v1
cold deck disch prs min rst s,coldDeckDischargePressureMinSp,eo66-dn-v1
cold deck discharge pressure min reset setpoint,coldDeckDischargePressureMinSp,eo66-dn-v1
cold deck dsch p min rst setpoint,coldDeckDischargePressureMinSp,eo66-dn-v1
cold deck dsch pres mn rst spt,coldDeckDischargePressureMinSp,eo66-dn-v1
cold deck sa press min reset sp,coldDeckDischargePressureMinSp,eo66-dn-v1
cold dk d pressure min reset s,coldDeckDischargePressureMinSp,eo66-dn-v1
cold dk da presr mn reset setp,coldDeckDischargePressureMinSp,eo66-dn-v1
cold dk dch pressure min reset s,coldDeckDischargePressureMinSp,eo66-dn-v1
cold dk dch prs min reset spt,coldDeckDischargePressureMinSp,eo66-dn-v1
cold dk dis pres min rst setp,coldDeckDischargePressureMinSp,eo66-dn-v1
cold dk dis pres min rst setpt,coldDeckDischargePressureMinSp,eo66-dn-v1
cold dk disch presr min reset sp,coldDeckDischargePressureMinSp,eo66-dn-v1
cold dk disch press min rst s,coldDeckDischargePressureMinSp,eo66-dn-v1
cold dk disch pressure mn reset stpt,coldDeckDischargePressureMinSp,eo66-dn-v1
cold dk dsch p mn reset spt,coldDeckDischargePressureMinSp,eo66-dn-v1
cold dk dsch pressure min rst sp,coldDeckDischargePressureMinSp,eo66-dn-v1
cold dk sa p min rst set,coldDeckDischargePressureMinSp,eo66-dn-v1
cold dk sa prs min rst s,coldDeckDischargePressureMinSp,eo66-dn-v1
cold dk supply pr min reset spt,coldDeckDischargePressureMinSp,eo66-dn-v1
cold dk supply pr mn reset s,coldDeckDischargePressureMinSp,eo66-dn-v1
cold dk supply pr mn rst setp,coldDeckDischargePressureMinSp,eo66-dn-v1
cold dk supply pressure min reset spt,coldDeckDischargePressureMinSp,eo66-dn-v1
cd deck d presr sp,coldDeckDischargePressureSp,eo66-dn-v1
cd deck d pressure setpt,coldDeckDischargePressureSp,eo66-dn-v1
cd deck dch pres spt,coldDeckDischargePressureSp,eo66-dn-v1
cd deck dch presr setpoint,coldDeckDischargePressureSp,eo66-dn-v1
cd deck dch press setpt,coldDeckDischargePressureSp,eo66-dn-v1
cd deck dch press sp,coldDeckDischargePressureSp,eo66-dn-v1
cd deck disch pr setpt,coldDeckDischargePressureSp,eo66-dn-v1
cd deck disch pres s,coldDeckDischargePressureSp,eo66-dn-v1
cd deck disch pres setpt,coldDeckDischargePressureSp,eo66-dn-v1
cd deck discharge press setpoint,coldDeckDischargePressureSp,eo66-dn-v1
cd deck dsch presr set,coldDeckDischargePressureSp,eo66-dn-v1
cd deck supply press spt,coldDeckDischargePressureSp,eo66-dn-v1
cd dk d p setpoint,coldDeckDischargePressureSp,eo66-dn-v1
cd dk d pressure sp,coldDeckDischargePressureSp,eo66-dn-v1
cd dk da press sp,coldDeckDischargePressureSp,eo66-dn-v1
cd dk dis p setpoint,coldDeckDischargePressureSp,eo66-dn-v1
cd dk dis pr sp,coldDeckDischargePressureSp,eo66-dn-v1
cd dk disch pres s,coldDeckDischargePressureSp,eo66-dn-v1
cd dk discharge prs setpt,coldDeckDischargePressureSp,eo66-dn-v1
cd dk dsch pr set,coldDeckDischargePressureSp,eo66-dn-v1
cd dk dsch pr sp,coldDeckDischargePressureSp,eo66-dn-v1
cd dk sa pres set,coldDeckDischargePressureSp,eo66-dn-v1
cold deck da press spt,coldDeckDischargePressureSp,eo66-dn-v1
cold deck dch pr setp,coldDeckDischargePressureSp,eo66-dn-v1
cold deck dch presr set,coldDeckDischargePressureSp,eo66-dn-v1
cold deck disch press set,coldDeckDischargePressureSp,eo66-dn-v1
cold deck disch pressure set,coldDeckDischargePressureSp,eo66-dn-v1
cold deck discharge p sp,coldDeckDischargePressureSp,eo66-dn-v1
cold deck discharge pressure setpoint,coldDeckDischargePressureSp,eo66-dn-v1
cold deck dsch pr setpoint,coldDeckDischargePressureSp,eo66-dn-v1
cold deck sa press sp,coldDeckDischargePressureSp,eo66-dn-v1
cold deck sa pressure s,coldDeckDischargePressureSp,eo66-dn-v1
cold deck supply prs setpoint,coldDeckDischargePressureSp,eo66-dn-v1
cold dk dch p stpt,coldDeckDischargePressureSp,eo66-dn-v1
cold dk dch pres set,coldDeckDischargePressureSp,eo66-dn-v1
cold dk disch p spt,coldDeckDischargePressureSp,eo66-dn-v1
cold dk disch pressure setp,coldDeckDischargePressureSp,eo66-dn-v1
cold dk discharge p spt,coldDeckDischargePressureSp,eo66-dn-v1
cold dk discharge pres sp,coldDeckDischargePressureSp,eo66-dn-v1
cold dk dsch press stpt,coldDeckDischargePressureSp,eo66-dn-v1
cd deck d temp max reset set,coldDeckDischargeTempMaxSp,eo66-dn-v1
cd deck d temperature mx reset spt,coldDeckDischargeTempMaxSp,eo66-dn-v1
cd deck dch temp max rst sp,coldDeckDischargeTempMaxSp,eo66-dn-v1
cd deck disch temp mx rst sp,coldDeckDischargeTempMaxSp,eo66-dn-v1
cd deck dsch temp mx reset setp,coldDeckDischargeTempMaxSp,eo66-dn-v1
cd deck dsch temperature max reset s,coldDeckDischargeTempMaxSp,eo66-dn-v1
cd deck sa temperature mx rst setp,coldDeckDischargeTempMaxSp,eo66-dn-v1
cd deck supply t mx rst setpoint,coldDeckDischargeTempMaxSp,eo66-dn-v1
cd deck supply temp max rst setpoint,coldDeckDischargeTempMaxSp,eo66-dn-v1
cd deck supply temperature mx rst spt,coldDeckDischargeTempMaxSp,eo66-dn-v1
cd dk d temperature mx reset s,coldDeckDischargeTempMaxSp,eo66-dn-v1
cd dk d temperature mx rst set,coldDeckDischargeTempMaxSp,eo66-dn-v1
cd dk da temp max reset spt,coldDeckDischargeTempMaxSp,eo66-dn-v1
cd dk da temp max rst stpt,coldDeckDischargeTempMaxSp,eo66-dn-v1
cd dk da temperature mx rst sp,coldDeckDischargeTempMaxSp,eo66-dn-v1
cd dk dch temp mx reset setp,coldDeckDischargeTempMaxSp,eo66-dn-v1
cd dk dis temp mx rst set,coldDeckDischargeTempMaxSp,eo66-dn-v1
cd dk dis temperature max rst setpt,coldDeckDischargeTempMaxSp,eo66-dn-v1
cd dk dsch t max rst setpt,coldDeckDischargeTempMaxSp,eo66-dn-v1
cd dk sa temp mx reset set,coldDeckDischargeTempMaxSp,eo66-dn-v1
cd dk sa tmp max rst stpt,coldDeckDischargeTempMaxSp,eo66-dn-v1
cold deck da temp max rst setpt,coldDeckDischargeTempMaxSp,eo66-dn-v1
cold deck da tmp max reset spt,coldDeckDischargeTempMaxSp,eo66-dn-v1
cold deck dis tmp mx reset set,coldDeckDischargeTempMaxSp,eo66-dn-v1
cold deck dis tmp mx reset setp,coldDeckDischargeTempMaxSp,eo66-dn-v1
cold deck disch tmp mx rst setpoint,coldDeckDischargeTempMaxSp,eo66-dn-v1
cold deck discharge temperature max reset setpoint,coldDeckDischargeTempMaxSp,eo66-dn-v1
cold deck discharge temperature mx reset setpt,coldDeckDischargeTempMaxSp,eo66-dn-v1
cold deck discharge tmp max reset s,coldDeckDischargeTempMaxSp,eo66-dn-v1
cold deck dsch t max reset setp,coldDeckDischargeTempMaxSp,eo66-dn-v1
cold deck dsch temperature max reset spt,coldDeckDischargeTempMaxSp,eo66-dn-v1
cold deck sa temp max reset sp,coldDeckDischargeTempMaxSp,eo66-dn-v1
cold dk d temp mx rst setpt,coldDeckDischargeTempMaxSp,eo66-dn-v1
cold dk d tmp mx rst s,coldDeckDischargeTempMaxSp,eo66-dn-v1
cold dk dch tmp max rst s,coldDeckDischargeTempMaxSp,eo66-dn-v1
cold dk dch tmp mx rst sp,coldDeckDischargeTempMaxSp,eo66-dn-v1
cold dk disch t max rst set,coldDeckDischargeTempMaxSp,eo66-dn-v1
cold dk disch tmp max reset sp,coldDeckDischargeTempMaxSp,eo66-dn-v1
cold dk discharge t max reset setpoint,coldDeckDischargeTempMaxSp,eo66-dn-v1
cold dk sa t max rst sp,coldDeckDischargeTempMaxSp,eo66-dn-v1
cd deck da temp min reset spt,coldDeckDischargeTempMinSp,eo66-dn-v1
cd deck dch t mn rst sp,coldDeckDischargeTempMinSp,eo66-dn-v1
cd deck dch temperature min reset sp,coldDeckDischargeTempMinSp,eo66-dn-v1
cd deck dis t min rst setpoint,coldDeckDischargeTempMinSp,eo66-dn-v1
cd deck dis t mn rst spt,coldDeckDischargeTempMinSp,eo66-dn-v1
cd deck dis tmp mn reset setpoint,coldDeckDischargeTempMinSp,eo66-dn-v1
cd deck disch temp min rst stpt,coldDeckDischargeTempMinSp,eo66-dn-v1
cd deck dsch t min rst s,coldDeckDischargeTempMinSp,eo66-dn-v1
cd dk da t mn rst sp,coldDeckDischargeTempMinSp,eo66-dn-v1
cd dk da temp min rst s,coldDeckDischargeTempMinSp,eo66-dn-v1
cd dk disch tmp mn rst set,coldDeckDischargeTempMinSp,eo66-dn-v1
cd dk discharge tmp mn reset s,coldDeckDischargeTempMinSp,eo66-dn-v1
cd dk sa t mn reset stpt,coldDeckDischargeTempMinSp,eo66-dn-v1
cd dk sa temperature min reset sp,coldDeckDischargeTempMinSp,eo66-dn-v1
cold deck dch temp min rst setpt,coldDeckDischargeTempMinSp,eo66-dn-v1
cold deck dch temperature min reset set,coldDeckDischargeTempMinSp,eo66-dn-v1
cold deck disch t mn rst setp,coldDeckDischargeTempMinSp,eo66-dn-v1
cold deck disch temperature mn rst s,coldDeckDischargeTempMinSp,eo66-dn-v1
cold deck discharge temp min reset set,coldDeckDischargeTempMinSp,eo66-dn-v1
cold deck discharge temperature min reset setpoint,coldDeckDischargeTempMinSp,eo66-dn-v1
cold deck dsch t min reset setpoint,coldDeckDischargeTempMinSp,eo66-dn-v1
cold deck dsch t min rst set,coldDeckDischargeTempMinSp,eo66-dn-v1
cold deck dsch temperature mn rst stpt,coldDeckDischargeTempMinSp,eo66-dn-v1
cold deck dsch tmp mn reset set,coldDeckDischargeTempMinSp,eo66-dn-v1
cold deck sa temp min reset sp,coldDeckDischargeTempMinSp,eo66-dn-v1
cold deck supply temp min reset setpoint,coldDeckDischargeTempMinSp,eo66-dn-v1
cold dk d t mn reset setp,coldDeckDischargeTempMinSp,eo66-dn-v1
cold dk d temp min rst stpt,coldDeckDischargeTempMinSp,eo66-dn-v1
cold dk da temperature mn reset spt,coldDeckDischargeTempMinSp,eo66-dn-v1
cold dk dch t min reset spt,coldDeckDischargeTempMinSp,eo66-dn-v1
cold dk dch temperature min rst setpt,coldDeckDischargeTempMinSp,eo66-dn-v1
cold dk dis temp min reset s,coldDeckDischargeTempMinSp,eo66-dn-v1
cold dk dis temp min reset setp,coldDeckDischargeTempMinSp,eo66-dn-v1
cold dk disch t min reset spt,coldDeckDischargeTempMinSp,eo66-dn-v1
cold dk disch t min rst setp,coldDeckDischargeTempMinSp,eo66-dn-v1
cold dk discharge temperature min rst set,coldDeckDischargeTempMinSp,eo66-dn-v1
cold dk discharge temperature mn reset stpt,coldDeckDischargeTempMinSp,eo66-dn-v1
cold dk dsch t mn reset set,coldDeckDischargeTempMinSp,eo66-dn-v1
cold dk dsch tmp mn rst s,coldDeckDischargeTempMinSp,eo66-dn-v1
cold dk sa tmp min reset stpt,coldDeckDischargeTempMinSp,eo66-dn-v1
cd deck f c,coldDeckFan,eo66-dn-v1
cd deck f cmd,coldDeckFan,eo66-dn-v1
cd deck f cmnd,coldDeckFan,eo66-dn-v1
cd deck f command,coldDeckFan,eo66-dn-v1
cd deck fan c,coldDeckFan,eo66-dn-v1
cd deck fan cmd,coldDeckFan,eo66-dn-v1
cd deck fan cmnd,coldDeckFan,eo66-dn-v1
cd deck fan command,coldDeckFan,eo66-dn-v1
cd dk f c,coldDeckFan,eo66-dn-v1
cd dk f cmd,coldDeckFan,eo66-dn-v1
cd dk f cmnd,coldDeckFan,eo66-dn-v1
cd dk f command,coldDeckFan,eo66-dn-v1
cd dk fan c,coldDeckFan,eo66-dn-v1
cd dk fan cmd,coldDeckFan,eo66-dn-v1
cd dk fan cmnd,coldDeckFan,eo66-dn-v1
cd dk fan command,coldDeckFan,eo66-dn-v1
cold deck f c,coldDeckFan,eo66-dn-v1
cold deck f cmd,coldDeckFan,eo66-dn-v1
cold deck f cmnd,coldDeckFan,eo66-dn-v1
cold deck f command,coldDeckFan,eo66-dn-v1
cold deck fan c,coldDeckFan,eo66-dn-v1
cold deck fan cmd,coldDeckFan,eo66-dn-v1
cold deck fan cmnd,coldDeckFan,eo66-dn-v1
cold deck fan command,coldDeckFan,eo66-dn-v1
cold dk f c,coldDeckFan,eo66-dn-v1
cold dk f cmd,coldDeckFan,eo66-dn-v1
cold dk f cmnd,coldDeckFan,eo66-dn-v1
cold dk f command,coldDeckFan,eo66-dn-v1
cold dk fan c,coldDeckFan,eo66-dn-v1
cold dk fan cmd,coldDeckFan,eo66-dn-v1
cold dk fan cmnd,coldDeckFan,eo66-dn-v1
cold dk fan command,coldDeckFan,eo66-dn-v1
cd deck f spd,coldDeckFanSpeed,eo66-dn-v1
cd deck f speed,coldDeckFanSpeed,eo66-dn-v1
cd deck fan spd,coldDeckFanSpeed,eo66-dn-v1
cd deck fan speed,coldDeckFanSpeed,eo66-dn-v1
cd dk f spd,coldDeckFanSpeed,eo66-dn-v1
cd dk f speed,coldDeckFanSpeed,eo66-dn-v1
cd dk fan spd,coldDeckFanSpeed,eo66-dn-v1
cd dk fan speed,coldDeckFanSpeed,eo66-dn-v1
cold deck f spd,coldDeckFanSpeed,eo66-dn-v1
cold deck f speed,coldDeckFanSpeed,eo66-dn-v1
cold deck fan spd,coldDeckFanSpeed,eo66-dn-v1
cold deck fan speed,coldDeckFanSpeed,eo66-dn-v1
cold dk f spd,coldDeckFanSpeed,eo66-dn-v1
cold dk f speed,coldDeckFanSpeed,eo66-dn-v1
cold dk fan spd,coldDeckFanSpeed,eo66-dn-v1
cold dk fan speed,coldDeckFanSpeed,eo66-dn-v1
cd deck f s,coldDeckFanStatus,eo66-dn-v1
cd deck f st,coldDeckFanStatus,eo66-dn-v1
cd deck f stat,coldDeckFanStatus,eo66-dn-v1
cd deck f status,coldDeckFanStatus,eo66-dn-v1
cd deck f sts,coldDeckFanStatus,eo66-dn-v1
cd deck fan s,coldDeckFanStatus,eo66-dn-v1
cd deck fan st,coldDeckFanStatus,eo66-dn-v1
cd deck fan stat,coldDeckFanStatus,eo66-dn-v1
cd deck fan status,coldDeckFanStatus,eo66-dn-v1
cd deck fan sts,coldDeckFanStatus,eo66-dn-v1
cd dk f s,coldDeckFanStatus,eo66-dn-v1
cd dk f st,coldDeckFanStatus,eo66-dn-v1
cd dk f stat,coldDeckFanStatus,eo66-dn-v1
cd dk f status,coldDeckFanStatus,eo66-dn-v1
cd dk f sts,coldDeckFanStatus,eo66-dn-v1
cd dk fan s,coldDeckFanStatus,eo66-dn-v1
cd dk fan st,coldDeckFanStatus,eo66-dn-v1
cd dk fan stat,coldDeckFanStatus,eo66-dn-v1
cd dk fan status,coldDeckFanStatus,eo66-dn-v1
cd dk fan sts,coldDeckFanStatus,eo66-dn-v1
cold deck f s,coldDeckFanStatus,eo66-dn-v1
cold deck f st,coldDeckFanStatus,eo66-dn-v1
cold deck f stat,coldDeckFanStatus,eo66-dn-v1
cold deck f status,coldDeckFanStatus,eo66-dn-v1
cold deck f sts,coldDeckFanStatus,eo66-dn-v1
cold deck fan s,coldDeckFanStatus,eo66-dn-v1
cold deck fan st,coldDeckFanStatus,eo66-dn-v1
cold deck fan stat,coldDeckFanStatus,eo66-dn-v1
cold deck fan status,coldDeckFanStatus,eo66-dn-v1
cold deck fan sts,coldDeckFanStatus,eo66-dn-v1
cold dk f s,coldDeckFanStatus,eo66-dn-v1
cold dk f st,coldDeckFanStatus,eo66-dn-v1
cold dk f stat,coldDeckFanStatus,eo66-dn-v1
cold dk f status,coldDeckFanStatus,eo66-dn-v1
cold dk f sts,coldDeckFanStatus,eo66-dn-v1
cold dk fan s,coldDeckFanStatus,eo66-dn-v1
cold dk fan st,coldDeckFanStatus,eo66-dn-v1
cold dk fan stat,coldDeckFanStatus,eo66-dn-v1
cold dk fan status,coldDeckFanStatus,eo66-dn-v1
cold dk fan sts,coldDeckFanStatus,eo66-dn-v1
cmp amp,compCurrent,eo66-dn-v1
cmp amps,compCurrent,eo66-dn-v1
cmp cur,compCurrent,eo66-dn-v1
cmp curr,compCurrent,eo66-dn-v1
cmp current,compCurrent,eo66-dn-v1
comp amp,compCurrent,eo66-dn-v1
comp amps,compCurrent,eo66-dn-v1
comp cur,compCurrent,eo66-dn-v1
comp curr,compCurrent,eo66-dn-v1
comp current,compCurrent,eo66-dn-v1
compressor amp,compCurrent,eo66-dn-v1
compressor amps,compCurrent,eo66-dn-v1
compressor cur,compCurrent,eo66-dn-v1
compressor curr,compCurrent,eo66-dn-v1
compressor current,compCurrent,eo66-dn-v1
cmp d pres,compDischargePressure,eo66-dn-v1
cmp d presr,compDischargePressure,eo66-dn-v1
cmp da pressure,compDischargePressure,eo66-dn-v1
cmp dch prs,compDischargePressure,eo66-dn-v1
cmp dis p,compDischargePressure,eo66-dn-v1
cmp dis pr,compDischargePressure,eo66-dn-v1
cmp disch pr,compDischargePressure,eo66-dn-v1
cmp disch press,compDischargePressure,eo66-dn-v1
cmp disch prs,compDischargePressure,eo66-dn-v1
cmp discharge p,compDischargePressure,eo66-dn-v1
cmp discharge pres,compDischargePressure,eo66-dn-v1
cmp dsch p,compDischargePressure,eo66-dn-v1
cmp dsch prs,compDischargePressure,eo66-dn-v1
cmp sa pr,compDischargePressure,eo66-dn-v1
cmp sa pressure,compDischargePressure,eo66-dn-v1
cmp supply pressure,compDischargePressure,eo66-dn-v1
cmp supply prs,compDischargePressure,eo66-dn-v1
comp d press,compDischargePressure,eo66-dn-v1
comp d pressure,compDischargePressure,eo66-dn-v1
comp dch pres,compDischargePressure,eo66-dn-v1
comp dch presr,compDischargePressure,eo66-dn-v1
comp dch pressure,compDischargePressure,eo66-dn-v1
comp disch pres,compDischargePressure,eo66-dn-v1
comp disch presr,compDischargePressure,eo66-dn-v1
comp discharge pr,compDischargePressure,eo66-dn-v1
comp discharge presr,compDischargePressure,eo66-dn-v1
comp discharge prs,compDischargePressure,eo66-dn-v1
comp dsch p,compDischargePressure,eo66-dn-v1
comp sa press,compDischargePressure,eo66-dn-v1
comp supply presr,compDischargePressure,eo66-dn-v1
compressor d p,compDischargePressure,eo66-dn-v1
compressor da p,compDischargePressure,eo66-dn-v1
compressor da pr,compDischargePressure,eo66-dn-v1
compressor dis p,compDischargePressure,eo66-dn-v1
compressor disch pr,compDischargePressure,eo66-dn-v1
compressor disch presr,compDischargePressure,eo66-dn-v1
compressor discharge pressure,compDischargePressure,eo66-dn-v1
compressor dsch pressure,compDischargePressure,eo66-dn-v1
compressor sa p,compDischargePressure,eo66-dn-v1
compressor supply pressure,compDischargePressure,eo66-dn-v1
cmp d saturation tmp,compDischargeSatTemp,eo66-dn-v1
cmp da sat temperature,compDischargeSatTemp,eo66-dn-v1
cmp da sat tmp,compDischargeSatTemp,eo66-dn-v1
cmp da saturation tmp,compDischargeSatTemp,eo66-dn-v1
cmp dch saturation t,compDischargeSatTemp,eo66-dn-v1
cmp dis saturation t,compDischargeSatTemp,eo66-dn-v1
cmp discharge sat temperature,compDischargeSatTemp,eo66-dn-v1
cmp discharge saturation t,compDischargeSatTemp,eo66-dn-v1
cmp discharge saturation temp,compDischargeSatTemp,eo66-dn-v1
cmp dsch sat t,compDischargeSatTemp,eo66-dn-v1
cmp dsch sat temperature,compDischargeSatTemp,eo66-dn-v1
cmp dsch saturation t,compDischargeSatTemp,eo66-dn-v1
cmp dsch saturation temp,compDischargeSatTemp,eo66-dn-v1
cmp sa sat t,compDischargeSatTemp,eo66-dn-v1
cmp sa saturation t,compDischargeSatTemp,eo66-dn-v1
cmp supply sat tmp,compDischargeSatTemp,eo66-dn-v1
comp d sat tmp,compDischargeSatTemp,eo66-dn-v1
comp dch sat temp,compDischargeSatTemp,eo66-dn-v1
comp dch saturation temperature,compDischargeSatTemp,eo66-dn-v1
comp dis sat t,compDischargeSatTemp,eo66-dn-v1
comp dis saturation temperature,compDischargeSatTemp,eo66-dn-v1
comp disch sat temp,compDischargeSatTemp,eo66-dn-v1
comp disch saturation t,compDischargeSatTemp,eo66-dn-v1
comp disch saturation tmp,compDischargeSatTemp,eo66-dn-v1
comp discharge sat t,compDischargeSatTemp,eo66-dn-v1
comp discharge sat temp,compDischargeSatTemp,eo66-dn-v1
comp dsch sat temp,compDischargeSatTemp,eo66-dn-v1
comp sa saturation temp,compDischargeSatTemp,eo66-dn-v1
comp supply saturation tmp,compDischargeSatTemp,eo66-dn-v1
compressor d sat temp,compDischargeSatTemp,eo66-dn-v1
compressor d sat tmp,compDischargeSatTemp,eo66-dn-v1
compressor da sat tmp,compDischargeSatTemp,eo66-dn-v1
compressor dch sat t,compDischargeSatTemp,eo66-dn-v1
compressor dis saturation t,compDischargeSatTemp,eo66-dn-v1
compressor disch saturation t,compDischargeSatTemp,eo66-dn-v1
compressor discharge sat temp,compDischargeSatTemp,eo66-dn-v1
compressor discharge sat tmp,compDischargeSatTemp,eo66-dn-v1
compressor discharge saturation temperature,compDischargeSatTemp,eo66-dn-v1
compressor sa sat temp,compDischargeSatTemp,eo66-dn-v1
compressor supply saturation temp,compDischargeSatTemp,eo66-dn-v1
cmp d tmp,compDischargeTemp,eo66-dn-v1
cmp da temp,compDischargeTemp,eo66-dn-v1
cmp da tmp,compDischargeTemp,eo66-dn-v1
cmp dch tmp,compDischargeTemp,eo66-dn-v1
cmp dis t,compDischargeTemp,eo66-dn-v1
cmp dis temperature,compDischargeTemp,eo66-dn-v1
cmp dis tmp,compDischargeTemp,eo66-dn-v1
cmp disch t,compDischargeTemp,eo66-dn-v1
cmp dsch temp,compDischargeTemp,eo66-dn-v1
cmp dsch temperature,compDischargeTemp,eo66-dn-v1
cmp supply temp,compDischargeTemp,eo66-dn-v1
cmp supply tmp,compDischargeTemp,eo66-dn-v1
comp d temperature,compDischargeTemp,eo66-dn-v1
comp d tmp,compDischargeTemp,eo66-dn-v1
comp da t,compDischargeTemp,eo66-dn-v1
comp da temp,compDischargeTemp,eo66-dn-v1
comp da tmp,compDischargeTemp,eo66-dn-v1
comp dch t,compDischargeTemp,eo66-dn-v1
comp dch temp,compDischargeTemp,eo66-dn-v1
comp dch temperature,compDischargeTemp,eo66-dn-v1
comp dis temp,compDischargeTemp,eo66-dn-v1
comp disch temp,compDischargeTemp,eo66-dn-v1
comp discharge temp,compDischargeTemp,eo66-dn-v1
comp sa temp,compDischargeTemp,eo66-dn-v1
comp supply temperature,compDischargeTemp,eo66-dn-v1
comp supply tmp,compDischargeTemp,eo66-dn-v1
compressor d temp,compDischargeTemp,eo66-dn-v1
compressor da temperature,compDischargeTemp,eo66-dn-v1
compressor da tmp,compDischargeTemp,eo66-dn-v1
compressor dch t,compDischargeTemp,eo66-dn-v1
compressor dch temperature,compDischargeTemp,eo66-dn-v1
compressor disch t,compDischargeTemp,eo66-dn-v1
compressor disch tmp,compDischargeTemp,eo66-dn-v1
compressor discharge temp,compDischargeTemp,eo66-dn-v1
compressor discharge temperature,compDischargeTemp,eo66-dn-v1
compressor dsch t,compDischargeTemp,eo66-dn-v1
compressor dsch tmp,compDischargeTemp,eo66-dn-v1
compressor sa temperature,compDischargeTemp,eo66-dn-v1
compressor sa tmp,compDischargeTemp,eo66-dn-v1
compressor supply t,compDischargeTemp,eo66-dn-v1
cmp en,compEnergy,eo66-dn-v1
cmp energy,compEnergy,eo66-dn-v1
cmp engy,compEnergy,eo66-dn-v1
cmp enrg,compEnergy,eo66-dn-v1
cmp enrgy,compEnergy,eo66-dn-v1
cmp er,compEnergy,eo66-dn-v1
comp en,compEnergy,eo66-dn-v1
comp energy,compEnergy,eo66-dn-v1
comp engy,compEnergy,eo66-dn-v1
comp enrg,compEnergy,eo66-dn-v1
comp enrgy,compEnergy,eo66-dn-v1
comp er,compEnergy,eo66-dn-v1
compressor en,compEnergy,eo66-dn-v1
compressor energy,compEnergy,eo66-dn-v1
compressor engy,compEnergy,eo66-dn-v1
compressor enrg,compEnergy,eo66-dn-v1
compressor enrgy,compEnergy,eo66-dn-v1
compressor er,compEnergy,eo66-dn-v1
cmp ent p,compEnteringPressure,eo66-dn-v1
cmp ent presr,compEnteringPressure,eo66-dn-v1
cmp ent press,compEnteringPressure,eo66-dn-v1
cmp ent pressure,compEnteringPressure,eo66-dn-v1
cmp enter p,compEnteringPressure,eo66-dn-v1
cmp enter pr,compEnteringPressure,eo66-dn-v1
cmp enter pres,compEnteringPressure,eo66-dn-v1
cmp enter press,compEnteringPressure,eo66-dn-v1
cmp enter pressure,compEnteringPressure,eo66-dn-v1
cmp enter prs,compEnteringPressure,eo66-dn-v1
cmp entering press,compEnteringPressure,eo66-dn-v1
cmp entr p,compEnteringPressure,eo66-dn-v1
cmp entr press,compEnteringPressure,eo66-dn-v1
comp ent p,compEnteringPressure,eo66-dn-v1
comp ent presr,compEnteringPressure,eo66-dn-v1
comp ent press,compEnteringPressure,eo66-dn-v1
comp enter presr,compEnteringPressure,eo66-dn-v1
comp enter pressure,compEnteringPressure,eo66-dn-v1
comp entering p,compEnteringPressure,eo66-dn-v1
comp entering pr,compEnteringPressure,eo66-dn-v1
comp entering press,compEnteringPressure,eo66-dn-v1
comp entering prs,compEnteringPressure,eo66-dn-v1
comp entr p,compEnteringPressure,eo66-dn-v1
comp entr pr,compEnteringPressure,eo66-dn-v1
comp entr pres,compEnteringPressure,eo66-dn-v1
comp entr press,compEnteringPressure,eo66-dn-v1
compressor ent p,compEnteringPressure,eo66-dn-v1
compressor ent pres,compEnteringPressure,eo66-dn-v1
compressor ent presr,compEnteringPressure,eo66-dn-v1
compressor ent pressure,compEnteringPressure,eo66-dn-v1
compressor ent prs,compEnteringPressure,eo66-dn-v1
compressor enter p,compEnteringPressure,eo66-dn-v1
compressor enter pres,compEnteringPressure,eo66-dn-v1
compressor enter presr,compEnteringPressure,eo66-dn-v1
compressor entering p,compEnteringPressure,eo66-dn-v1
compressor entering press,compEnteringPressure,eo66-dn-v1
compressor entering pressure,compEnteringPressure,eo66-dn-v1
compressor entr pr,compEnteringPressure,eo66-dn-v1
compressor entr pres,compEnteringPressure,eo66-dn-v1
compressor entr prs,compEnteringPressure,eo66-dn-v1
cmp ent t,compEnteringTemp,eo66-dn-v1
cmp ent temp,compEnteringTemp,eo66-dn-v1
cmp ent temperature,compEnteringTemp,eo66-dn-v1
cmp ent tmp,compEnteringTemp,eo66-dn-v1
cmp enter temp,compEnteringTemp,eo66-dn-v1
cmp enter temperature,compEnteringTemp,eo66-dn-v1
cmp entering t,compEnteringTemp,eo66-dn-v1
cmp entering temp,compEnteringTemp,eo66-dn-v1
cmp entering temperature,compEnteringTemp,eo66-dn-v1
cmp entering tmp,compEnteringTemp,eo66-dn-v1
cmp entr t,compEnteringTemp,eo66-dn-v1
cmp entr temperature,compEnteringTemp,eo66-dn-v1
comp ent t,compEnteringTemp,eo66-dn-v1
comp ent temp,compEnteringTemp,eo66-dn-v1
comp ent temperature,compEnteringTemp,eo66-dn-v1
comp enter t,compEnteringTemp,eo66-dn-v1
comp enter temp,compEnteringTemp,eo66-dn-v1
comp enter temperature,compEnteringTemp,eo66-dn-v1
comp enter tmp,compEnteringTemp,eo66-dn-v1
comp entering t,compEnteringTemp,eo66-dn-v1
comp entering temp,compEnteringTemp,eo66-dn-v1
comp entering temperature,compEnteringTemp,eo66-dn-v1
comp entering tmp,compEnteringTemp,eo66-dn-v1
comp entr t,compEnteringTemp,eo66-dn-v1
comp entr temp,compEnteringTemp,eo66-dn-v1
comp entr tmp,compEnteringTemp,eo66-dn-v1
compressor ent t,compEnteringTemp,eo66-dn-v1
compressor ent temp,compEnteringTemp,eo66-dn-v1
compressor ent temperature,compEnteringTemp,eo66-dn-v1
compressor ent tmp,compEnteringTemp,eo66-dn-v1
compressor enter t,compEnteringTemp,eo66-dn-v1
compressor enter temp,compEnteringTemp,eo66-dn-v1
compressor enter tmp,compEnteringTemp,eo66-dn-v1
compressor entering t,compEnteringTemp,eo66-dn-v1
compressor entering temp,compEnteringTemp,eo66-dn-v1
compressor entering temperature,compEnteringTemp,eo66-dn-v1
compressor entr t,compEnteringTemp,eo66-dn-v1
compressor entr temp,compEnteringTemp,eo66-dn-v1
compressor entr temperature,compEnteringTemp,eo66-dn-v1
compressor entr tmp,compEnteringTemp,eo66-dn-v1
cmp leav pr,compLeavingPressure,eo66-dn-v1
cmp leav pres,compLeavingPressure,eo66-dn-v1
cmp leav presr,compLeavingPressure,eo66-dn-v1
cmp leav press,compLeavingPressure,eo66-dn-v1
cmp leav pressure,compLeavingPressure,eo66-dn-v1
cmp leaving p,compLeavingPressure,eo66-dn-v1
cmp leaving pres,compLeavingPressure,eo66-dn-v1
cmp leaving pressure,compLeavingPressure,eo66-dn-v1
cmp lv pr,compLeavingPressure,eo66-dn-v1
cmp lv pres,compLeavingPressure,eo66-dn-v1
cmp lv press,compLeavingPressure,eo66-dn-v1
cmp lv prs,compLeavingPressure,eo66-dn-v1
cmp lvg pres,compLeavingPressure,eo66-dn-v1
cmp lvg presr,compLeavingPressure,eo66-dn-v1
cmp lvg press,compLeavingPressure,eo66-dn-v1
cmp sup presr,compLeavingPressure,eo66-dn-v1
cmp sup prs,compLeavingPressure,eo66-dn-v1
comp leaving pr,compLeavingPressure,eo66-dn-v1
comp leaving pres,compLeavingPressure,eo66-dn-v1
comp leaving press,compLeavingPressure,eo66-dn-v1
comp lv prs,compLeavingPressure,eo66-dn-v1
comp lvg presr,compLeavingPressure,eo66-dn-v1
comp lvg press,compLeavingPressure,eo66-dn-v1
comp sup pr,compLeavingPressure,eo66-dn-v1
comp sup press,compLeavingPressure,eo66-dn-v1
compressor leav press,compLeavingPressure,eo66-dn-v1
compressor leaving p,compLeavingPressure,eo66-dn-v1
compressor leaving pres,compLeavingPressure,eo66-dn-v1
compressor leaving press,compLeavingPressure,eo66-dn-v1
compressor leaving pressure,compLeavingPressure,eo66-dn-v1
compressor lv p,compLeavingPressure,eo66-dn-v1
compressor lv pres,compLeavingPressure,eo66-dn-v1
compressor lv pressure,compLeavingPressure,eo66-dn-v1
compressor lv prs,compLeavingPressure,eo66-dn-v1
compressor lvg presr,compLeavingPressure,eo66-dn-v1
compressor lvg press,compLeavingPressure,eo66-dn-v1
compressor sup p,compLeavingPressure,eo66-dn-v1
compressor sup pres,compLeavingPressure,eo66-dn-v1
compressor sup press,compLeavingPressure,eo66-dn-v1
compressor sup prs,compLeavingPressure,eo66-dn-v1
cmp leav t,compLeavingTemp,eo66-dn-v1
cmp leav temp,compLeavingTemp,eo66-dn-v1
cmp leav tmp,compLeavingTemp,eo66-dn-v1
cmp leaving temp,compLeavingTemp,eo66-dn-v1
cmp leaving tmp,compLeavingTemp,eo66-dn-v1
cmp lv t,compLeavingTemp,eo66-dn-v1
cmp lv temp,compLeavingTemp,eo66-dn-v1
cmp lvg temp,compLeavingTemp,eo66-dn-v1
cmp lvg tmp,compLeavingTemp,eo66-dn-v1
cmp sup t,compLeavingTemp,eo66-dn-v1
cmp sup temp,compLeavingTemp,eo66-dn-v1
cmp sup tmp,compLeavingTemp,eo66-dn-v1
comp leav t,compLeavingTemp,eo66-dn-v1
comp leav temp,compLeavingTemp,eo66-dn-v1
comp leav tmp,compLeavingTemp,eo66-dn-v1
comp leaving t,compLeavingTemp,eo66-dn-v1
comp leaving temp,compLeavingTemp,eo66-dn-v1
comp leaving tmp,compLeavingTemp,eo66-dn-v1
comp lv t,compLeavingTemp,eo66-dn-v1
comp lv temp,compLeavingTemp,eo66-dn-v1
comp lv tmp,compLeavingTemp,eo66-dn-v1
comp lvg t,compLeavingTemp,eo66-dn-v1
comp lvg temp,compLeavingTemp,eo66-dn-v1
comp lvg tmp,compLeavingTemp,eo66-dn-v1
comp sup t,compLeavingTemp,eo66-dn-v1
comp sup temp,compLeavingTemp,eo66-dn-v1
comp sup tmp,compLeavingTemp,eo66-dn-v1
compressor leav t,compLeavingTemp,eo66-dn-v1
compressor leav temp,compLeavingTemp,eo66-dn-v1
compressor leav tmp,compLeavingTemp,eo66-dn-v1
compressor leaving t,compLeavingTemp,eo66-dn-v1
compressor leaving temp,compLeavingTemp,eo66-dn-v1
compressor lv t,compLeavingTemp,eo66-dn-v1
compressor lv temp,compLeavingTemp,eo66-dn-v1
compressor lv tmp,compLeavingTemp,eo66-dn-v1
compressor lvg t,compLeavingTemp,eo66-dn-v1
compressor lvg tmp,compLeavingTemp,eo66-dn-v1
compressor sup t,compLeavingTemp,eo66-dn-v1
compressor sup temp,compLeavingTemp,eo66-dn-v1
compressor sup tmp,compLeavingTemp,eo66-dn-v1
cmp liq line t,compLiquidLineTemp,eo66-dn-v1
cmp liq line temp,compLiquidLineTemp,eo66-dn-v1
cmp liq line temperature,compLiquidLineTemp,eo66-dn-v1
cmp liq line tmp,compLiquidLineTemp,eo66-dn-v1
cmp liq ln t,compLiquidLineTemp,eo66-dn-v1
cmp liq ln temp,compLiquidLineTemp,eo66-dn-v1
cmp liq ln temperature,compLiquidLineTemp,eo66-dn-v1
cmp liq ln tmp,compLiquidLineTemp,eo66-dn-v1
cmp liquid line temp,compLiquidLineTemp,eo66-dn-v1
cmp liquid line tmp,compLiquidLineTemp,eo66-dn-v1
cmp liquid ln temperature,compLiquidLineTemp,eo66-dn-v1
cmp liquid ln tmp,compLiquidLineTemp,eo66-dn-v1
comp liq line t,compLiquidLineTemp,eo66-dn-v1
comp liq line temp,compLiquidLineTemp,eo66-dn-v1
comp liq line temperature,compLiquidLineTemp,eo66-dn-v1
comp liq line tmp,compLiquidLineTemp,eo66-dn-v1
comp liq ln t,compLiquidLineTemp,eo66-dn-v1
comp liq ln temperature,compLiquidLineTemp,eo66-dn-v1
comp liq ln tmp,compLiquidLineTemp,eo66-dn-v1
comp liquid line t,compLiquidLineTemp,eo66-dn-v1
comp liquid line temp,compLiquidLineTemp,eo66-dn-v1
comp liquid line temperature,compLiquidLineTemp,eo66-dn-v1
comp liquid line tmp,compLiquidLineTemp,eo66-dn-v1
comp liquid ln t,compLiquidLineTemp,eo66-dn-v1
comp liquid ln temp,compLiquidLineTemp,eo66-dn-v1
comp liquid ln temperature,compLiquidLineTemp,eo66-dn-v1
comp liquid ln tmp,compLiquidLineTemp,eo66-dn-v1
compressor liq line t,compLiquidLineTemp,eo66-dn-v1
compressor liq line temperature,compLiquidLineTemp,eo66-dn-v1
compressor liq line tmp,compLiquidLineTemp,eo66-dn-v1
compressor liq ln temp,compLiquidLineTemp,eo66-dn-v1
compressor liq ln temperature,compLiquidLineTemp,eo66-dn-v1
compressor liq ln tmp,compLiquidLineTemp,eo66-dn-v1
compressor liquid line t,compLiquidLineTemp,eo66-dn-v1
compressor liquid line temp,compLiquidLineTemp,eo66-dn-v1
compressor liquid line temperature,compLiquidLineTemp,eo66-dn-v1
compressor liquid line tmp,compLiquidLineTemp,eo66-dn-v1
compressor liquid ln temp,compLiquidLineTemp,eo66-dn-v1
compressor liquid ln temperature,compLiquidLineTemp,eo66-dn-v1
compressor liquid ln tmp,compLiquidLineTemp,eo66-dn-v1
cmp real kw,compPowerReal,eo66-dn-v1
cmp real power,compPowerReal,eo66-dn-v1
cmp real pwr,compPowerReal,eo66-dn-v1
comp real kw,compPowerReal,eo66-dn-v1
comp real power,compPowerReal,eo66-dn-v1
comp real pwr,compPowerReal,eo66-dn-v1
compressor real kw,compPowerReal,eo66-dn-v1
compressor real power,compPowerReal,eo66-dn-v1
compressor real pwr,compPowerReal,eo66-dn-v1
cmp sct p,compSuctionPressure,eo66-dn-v1
cmp sct presr,compSuctionPressure,eo66-dn-v1
cmp sct press,compSuctionPressure,eo66-dn-v1
cmp sct pressure,compSuctionPressure,eo66-dn-v1
cmp suct p,compSuctionPressure,eo66-dn-v1
cmp suct presr,compSuctionPressure,eo66-dn-v1
cmp suct press,compSuctionPressure,eo66-dn-v1
cmp suct pressure,compSuctionPressure,eo66-dn-v1
cmp suction presr,compSuctionPressure,eo66-dn-v1
cmp suction press,compSuctionPressure,eo66-dn-v1
cmp suction prs,compSuctionPressure,eo66-dn-v1
comp sct pres,compSuctionPressure,eo66-dn-v1
comp sct presr,compSuctionPressure,eo66-dn-v1
comp sct press,compSuctionPressure,eo66-dn-v1
comp sct pressure,compSuctionPressure,eo66-dn-v1
comp sct prs,compSuctionPressure,eo66-dn-v1
comp suct pr,compSuctionPressure,eo66-dn-v1
comp suct pres,compSuctionPressure,eo66-dn-v1
comp suct presr,compSuctionPressure,eo66-dn-v1
comp suct pressure,compSuctionPressure,eo66-dn-v1
comp suct prs,compSuctionPressure,eo66-dn-v1
comp suction p,compSuctionPressure,eo66-dn-v1
comp suction pres,compSuctionPressure,eo66-dn-v1
comp suction press,compSuctionPressure,eo66-dn-v1
comp suction prs,compSuctionPressure,eo66-dn-v1
compressor sct p,compSuctionPressure,eo66-dn-v1
compressor sct pr,compSuctionPressure,eo66-dn-v1
compressor sct presr,compSuctionPressure,eo66-dn-v1
compressor sct press,compSuctionPressure,eo66-dn-v1
compressor sct prs,compSuctionPressure,eo66-dn-v1
compressor suct p,compSuctionPressure,eo66-dn-v1
compressor suct pr,compSuctionPressure,eo66-dn-v1
compressor suct pres,compSuctionPressure,eo66-dn-v1
compressor suct presr,compSuctionPressure,eo66-dn-v1
compressor suct press,compSuctionPressure,eo66-dn-v1
compressor suct pressure,compSuctionPressure,eo66-dn-v1
compressor suct prs,compSuctionPressure,eo66-dn-v1
compressor suction pres,compSuctionPressure,eo66-dn-v1
compressor suction press,compSuctionPressure,eo66-dn-v1
compressor suction pressure,compSuctionPressure,eo66-dn-v1
cmp sct sat t,compSuctionSatTemp,eo66-dn-v1
cmp sct sat tmp,compSuctionSatTemp,eo66-dn-v1
cmp sct saturation temperature,compSuctionSatTemp,eo66-dn-v1
cmp sct saturation tmp,compSuctionSatTemp,eo66-dn-v1
cmp suct sat t,compSuctionSatTemp,eo66-dn-v1
cmp suct sat temp,compSuctionSatTemp,eo66-dn-v1
cmp suct sat temperature,compSuctionSatTemp,eo66-dn-v1
cmp suct saturation t,compSuctionSatTemp,eo66-dn-v1
cmp suct saturation temp,compSuctionSatTemp,eo66-dn-v1
cmp suct saturation temperature,compSuctionSatTemp,eo66-dn-v1
cmp suct saturation tmp,compSuctionSatTemp,eo66-dn-v1
cmp suction sat t,compSuctionSatTemp,eo66-dn-v1
cmp suction saturation temp,compSuctionSatTemp,eo66-dn-v1
cmp suction saturation temperature,compSuctionSatTemp,eo66-dn-v1
comp sct sat temp,compSuctionSatTemp,eo66-dn-v1
comp sct sat tmp,compSuctionSatTemp,eo66-dn-v1
comp sct saturation t,compSuctionSatTemp,eo66-dn-v1
comp sct saturation temp,compSuctionSatTemp,eo66-dn-v1
comp suct sat t,compSuctionSatTemp,eo66-dn-v1
comp suct sat temp,compSuctionSatTemp,eo66-dn-v1
comp suct saturation temperature,compSuctionSatTemp,eo66-dn-v1
comp suct saturation tmp,compSuctionSatTemp,eo66-dn-v1
comp suction sat t,compSuctionSatTemp,eo66-dn-v1
comp suction sat temp,compSuctionSatTemp,eo66-dn-v1
comp suction sat temperature,compSuctionSatTemp,eo66-dn-v1
comp suction saturation t,compSuctionSatTemp,eo66-dn-v1
comp suction saturation temp,compSuctionSatTemp,eo66-dn-v1
compressor sct sat t,compSuctionSatTemp,eo66-dn-v1
compressor sct sat temp,compSuctionSatTemp,eo66-dn-v1
compressor sct sat tmp,compSuctionSatTemp,eo66-dn-v1
compressor sct saturation temp,compSuctionSatTemp,eo66-dn-v1
compressor suct sat t,compSuctionSatTemp,eo66-dn-v1
compressor suct saturation temperature,compSuctionSatTemp,eo66-dn-v1
compressor suct saturation tmp,compSuctionSatTemp,eo66-dn-v1
compressor suction sat t,compSuctionSatTemp,eo66-dn-v1
compressor suction sat temperature,compSuctionSatTemp,eo66-dn-v1
compressor suction sat tmp,compSuctionSatTemp,eo66-dn-v1
compressor suction saturation t,compSuctionSatTemp,eo66-dn-v1
compressor suction saturation temp,compSuctionSatTemp,eo66-dn-v1
compressor suction saturation temperature,compSuctionSatTemp,eo66-dn-v1
cmp sct t,compSuctionTemp,eo66-dn-v1
cmp sct temp,compSuctionTemp,eo66-dn-v1
cmp sct temperature,compSuctionTemp,eo66-dn-v1
cmp sct tmp,compSuctionTemp,eo66-dn-v1
cmp suct t,compSuctionTemp,eo66-dn-v1
cmp suct temp,compSuctionTemp,eo66-dn-v1
cmp suct temperature,compSuctionTemp,eo66-dn-v1
cmp suct tmp,compSuctionTemp,eo66-dn-v1
cmp suction t,compSuctionTemp,eo66-dn-v1
cmp suction temp,compSuctionTemp,eo66-dn-v1
cmp suction temperature,compSuctionTemp,eo66-dn-v1
cmp suction tmp,compSuctionTemp,eo66-dn-v1
comp sct t,compSuctionTemp,eo66-dn-v1
comp sct temp,compSuctionTemp,eo66-dn-v1
comp sct temperature,compSuctionTemp,eo66-dn-v1
comp sct tmp,compSuctionTemp,eo66-dn-v1
comp suct t,compSuctionTemp,eo66-dn-v1
comp suct temp,compSuctionTemp,eo66-dn-v1
comp suct temperature,compSuctionTemp,eo66-dn-v1
comp suct tmp,compSuctionTemp,eo66-dn-v1
comp suction t,compSuctionTemp,eo66-dn-v1
comp suction temp,compSuctionTemp,eo66-dn-v1
comp suction temperature,compSuctionTemp,eo66-dn-v1
comp suction tmp,compSuctionTemp,eo66-dn-v1
compressor sct t,compSuctionTemp,eo66-dn-v1
compressor sct temp,compSuctionTemp,eo66-dn-v1
compressor sct temperature,compSuctionTemp,eo66-dn-v1
compressor sct tmp,compSuctionTemp,eo66-dn-v1
compressor suct t,compSuctionTemp,eo66-dn-v1
compressor suct temp,compSuctionTemp,eo66-dn-v1
compressor suct temperature,compSuctionTemp,eo66-dn-v1
compressor suct tmp,compSuctionTemp,eo66-dn-v1
compressor suction t,compSuctionTemp,eo66-dn-v1
compressor suction temp,compSuctionTemp,eo66-dn-v1
compressor suction temperature,compSuctionTemp,eo66-dn-v1
compressor suction tmp,compSuctionTemp,eo66-dn-v1
c ent byp vlv cmd,condEnteringBypassValve,eo66-dn-v1
c entr byp vlv cmd,condEnteringBypassValve,eo66-dn-v1
cd ent bp valv command,condEnteringBypassValve,eo66-dn-v1
cd ent bp valve command,condEnteringBypassValve,eo66-dn-v1
cd enter bp valv cmnd,condEnteringBypassValve,eo66-dn-v1
cd enter bp valve command,condEnteringBypassValve,eo66-dn-v1
cd enter byp vlv cmd,condEnteringBypassValve,eo66-dn-v1
cd entr bp valv c,condEnteringBypassValve,eo66-dn-v1
cd entr bp valve cmd,condEnteringBypassValve,eo66-dn-v1
cd entr byp valv cmnd,condEnteringBypassValve,eo66-dn-v1
cnd ent bp vlv cmd,condEnteringBypassValve,eo66-dn-v1
cnd entering byp valve c,condEnteringBypassValve,eo66-dn-v1
cnd entering byp vlv cmnd,condEnteringBypassValve,eo66-dn-v1
cnd entr bp valve cmnd,condEnteringBypassValve,eo66-dn-v1
cnd entr byp vlv cmd,condEnteringBypassValve,eo66-dn-v1
cond enter bp valv cmd,condEnteringBypassValve,eo66-dn-v1
cond enter bp valv command,condEnteringBypassValve,eo66-dn-v1
cond entering bp valv cmnd,condEnteringBypassValve,eo66-dn-v1
cond entering byp valv c,condEnteringBypassValve,eo66-dn-v1
cond entering bypass valve cmd,condEnteringBypassValve,eo66-dn-v1
cond entr bp valve c,condEnteringBypassValve,eo66-dn-v1
cond entr bp valve cmd,condEnteringBypassValve,eo66-dn-v1
cond entr bp vlv cmd,condEnteringBypassValve,eo66-dn-v1
cond entr byp valve c,condEnteringBypassValve,eo66-dn-v1
cond entr byp vlv cmnd,condEnteringBypassValve,eo66-dn-v1
cond entr bypass valve c,condEnteringBypassValve,eo66-dn-v1
condenser ent bp vlv cmnd,condEnteringBypassValve,eo66-dn-v1
condenser enter byp valv command,condEnteringBypassValve,eo66-dn-v1
condenser enter bypass valv c,condEnteringBypassValve,eo66-dn-v1
condenser entering bp vlv c,condEnteringBypassValve,eo66-dn-v1
condenser entering bp vlv cmnd,condEnteringBypassValve,eo66-dn-v1
condenser entering bypass valve command,condEnteringBypassValve,eo66-dn-v1
condenser entr bypass vlv cmd,condEnteringBypassValve,eo66-dn-v1
cw ent bp valve cmd,condEnteringBypassValve,eo66-dn-v1
cw ent bp vlv cmd,condEnteringBypassValve,eo66-dn-v1
cw ent byp valve c,condEnteringBypassValve,eo66-dn-v1
cw ent bypass vlv c,condEnteringBypassValve,eo66-dn-v1
cw entering byp valve cmd,condEnteringBypassValve,eo66-dn-v1
cw entr byp valv c,condEnteringBypassValve,eo66-dn-v1
cw entr byp valve cmnd,condEnteringBypassValve,eo66-dn-v1
c ent p,condEnteringPressure,eo66-dn-v1
c enter prs,condEnteringPressure,eo66-dn-v1
c entering presr,condEnteringPressure,eo66-dn-v1
c entr pressure,condEnteringPressure,eo66-dn-v1
cd ent p,condEnteringPressure,eo66-dn-v1
cd ent press,condEnteringPressure,eo66-dn-v1
cd enter pr,condEnteringPressure,eo66-dn-v1
cd enter presr,condEnteringPressure,eo66-dn-v1
cd enter pressure,condEnteringPressure,eo66-dn-v1
cd entr p,condEnteringPressure,eo66-dn-v1
cd entr presr,condEnteringPressure,eo66-dn-v1
cd entr pressure,condEnteringPressure,eo66-dn-v1
cnd ent p,condEnteringPressure,eo66-dn-v1
cnd ent press,condEnteringPressure,eo66-dn-v1
cnd enter pres,condEnteringPressure,eo66-dn-v1
cnd entr pres,condEnteringPressure,eo66-dn-v1
cond ent pres,condEnteringPressure,eo66-dn-v1
cond enter p,condEnteringPressure,eo66-dn-v1
cond entering p,condEnteringPressure,eo66-dn-v1
cond entering press,condEnteringPressure,eo66-dn-v1
cond entering pressure,condEnteringPressure,eo66-dn-v1
cond entr p,condEnteringPressure,eo66-dn-v1
cond entr pressure,condEnteringPressure,eo66-dn-v1
cond entr prs,condEnteringPressure,eo66-dn-v1
condenser ent p,condEnteringPressure,eo66-dn-v1
condenser ent presr,condEnteringPressure,eo66-dn-v1
condenser ent prs,condEnteringPressure,eo66-dn-v1
condenser enter p,condEnteringPressure,eo66-dn-v1
condenser enter press,condEnteringPressure,eo66-dn-v1
condenser enter pressure,condEnteringPressure,eo66-dn-v1
condenser entering press,condEnteringPressure,eo66-dn-v1
condenser entering pressure,condEnteringPressure,eo66-dn-v1
condenser entr pr,condEnteringPressure,eo66-dn-v1
condenser entr press,condEnteringPressure,eo66-dn-v1
cw ent presr,condEnteringPressure,eo66-dn-v1
cw enter pr,condEnteringPressure,eo66-dn-v1
cw enter pres,condEnteringPressure,eo66-dn-v1
cw entering pr,condEnteringPressure,eo66-dn-v1
cw entering pressure,condEnteringPressure,eo66-dn-v1
cw entr pr,condEnteringPressure,eo66-dn-v1
c ent valve cmnd,condEnteringValve,eo66-dn-v1
c enter valv c,condEnteringValve,eo66-dn-v1
c enter valv command,condEnteringValve,eo66-dn-v1
c enter valve command,condEnteringValve,eo66-dn-v1
c entering valv c,condEnteringValve,eo66-dn-v1
c entering vlv cmd,condEnteringValve,eo66-dn-v1
c entr valve command,condEnteringValve,eo66-dn-v1
cd ent valv cmnd,condEnteringValve,eo66-dn-v1
cd ent valv command,condEnteringValve,eo66-dn-v1
cd ent valve cmd,condEnteringValve,eo66-dn-v1
cd ent vlv command,condEnteringValve,eo66-dn-v1
cd entering valve cmd,condEnteringValve,eo66-dn-v1
cd entering valve cmnd,condEnteringValve,eo66-dn-v1
cd entering vlv cmd,condEnteringValve,eo66-dn-v1
cnd ent valv c,condEnteringValve,eo66-dn-v1
cnd ent valv cmnd,condEnteringValve,eo66-dn-v1
cnd enter valv cmnd,condEnteringValve,eo66-dn-v1
cnd entering vlv command,condEnteringValve,eo66-dn-v1
cnd entr valve cmd,condEnteringValve,eo66-dn-v1
cnd entr vlv cmd,condEnteringValve,eo66-dn-v1
cnd entr vlv command,condEnteringValve,eo66-dn-v1
cond ent valve cmnd,condEnteringValve,eo66-dn-v1
cond enter vlv cmnd,condEnteringValve,eo66-dn-v1
cond entering valve cmd,condEnteringValve,eo66-dn-v1
cond entering vlv command,condEnteringValve,eo66-dn-v1
cond entr valv cmd,condEnteringValve,eo66-dn-v1
cond entr valve c,condEnteringValve,eo66-dn-v1
cond entr valve cmnd,condEnteringValve,eo66-dn-v1
condenser ent valv command,condEnteringValve,eo66-dn-v1
condenser ent vlv cmd,condEnteringValve,eo66-dn-v1
condenser enter vlv cmnd,condEnteringValve,eo66-dn-v1
condenser entering valve command,condEnteringValve,eo66-dn-v1
condenser entering vlv cmnd,condEnteringValve,eo66-dn-v1
condenser entr valv c,condEnteringValve,eo66-dn-v1
cw ent valv cmnd,condEnteringValve,eo66-dn-v1
cw enter valv c,condEnteringValve,eo66-dn-v1
cw enter valv cmd,condEnteringValve,eo66-dn-v1
cw enter valv command,condEnteringValve,eo66-dn-v1
cw entr valve cmd,condEnteringValve,eo66-dn-v1
cw entr vlv command,condEnteringValve,eo66-dn-v1
c f c,condFan,eo66-dn-v1
c f cmd,condFan,eo66-dn-v1
c f cmnd,condFan,eo66-dn-v1
c f command,condFan,eo66-dn-v1
c fan c,condFan,eo66-dn-v1
c fan cmd,condFan,eo66-dn-v1
c fan cmnd,condFan,eo66-dn-v1
c fan command,condFan,eo66-dn-v1
cd f cmd,condFan,eo66-dn-v1
cd f cmnd,condFan,eo66-dn-v1
cd f command,condFan,eo66-dn-v1
cd fan c,condFan,eo66-dn-v1
cd fan cmnd,condFan,eo66-dn-v1
cd fan command,condFan,eo66-dn-v1
cnd f c,condFan,eo66-dn-v1
cnd f cmd,condFan,eo66-dn-v1
cnd f cmnd,condFan,eo66-dn-v1
cnd f command,condFan,eo66-dn-v1
cnd fan cmd,condFan,eo66-dn-v1
cnd fan cmnd,condFan,eo66-dn-v1
cond f c,condFan,eo66-dn-v1
cond f cmd,condFan,eo66-dn-v1
cond f cmnd,condFan,eo66-dn-v1
cond f command,condFan,eo66-dn-v1
cond fan c,condFan,eo66-dn-v1
cond fan cmd,condFan,eo66-dn-v1
cond fan command,condFan,eo66-dn-v1
condenser f c,condFan,eo66-dn-v1
condenser f cmd,condFan,eo66-dn-v1
condenser f cmnd,condFan,eo66-dn-v1
condenser f command,condFan,eo66-dn-v1
condenser fan c,condFan,eo66-dn-v1
condenser fan cmd,condFan,eo66-dn-v1
condenser fan command,condFan,eo66-dn-v1
cw f c,condFan,eo66-dn-v1
cw f cmnd,condFan,eo66-dn-v1
cw f command,condFan,eo66-dn-v1
cw fan cmd,condFan,eo66-dn-v1
cw fan cmnd,condFan,eo66-dn-v1
cw fan command,condFan,eo66-dn-v1
c f spd,condFanSpeed,eo66-dn-v1
c f speed,condFanSpeed,eo66-dn-v1
c fan spd,condFanSpeed,eo66-dn-v1
c fan speed,condFanSpeed,eo66-dn-v1
cd f spd,condFanSpeed,eo66-dn-v1
cd f speed,condFanSpeed,eo66-dn-v1
cd fan spd,condFanSpeed,eo66-dn-v1
cd fan speed,condFanSpeed,eo66-dn-v1
cnd f spd,condFanSpeed,eo66-dn-v1
cnd f speed,condFanSpeed,eo66-dn-v1
cnd fan spd,condFanSpeed,eo66-dn-v1
cnd fan speed,condFanSpeed,eo66-dn-v1
cond f spd,condFanSpeed,eo66-dn-v1
cond f speed,condFanSpeed,eo66-dn-v1
cond fan spd,condFanSpeed,eo66-dn-v1
cond fan speed,condFanSpeed,eo66-dn-v1
condenser f spd,condFanSpeed,eo66-dn-v1
condenser f speed,condFanSpeed,eo66-dn-v1
condenser fan spd,condFanSpeed,eo66-dn-v1
condenser fan speed,condFanSpeed,eo66-dn-v1
cw f spd,condFanSpeed,eo66-dn-v1
cw f speed,condFanSpeed,eo66-dn-v1
cw fan spd,condFanSpeed,eo66-dn-v1
cw fan speed,condFanSpeed,eo66-dn-v1
c leaving bypass valve cmd,condLeavingBypassValve,eo66-dn-v1
c sup bp valv cmd,condLeavingBypassValve,eo66-dn-v1
c sup byp valve command,condLeavingBypassValve,eo66-dn-v1
cd leav byp valv cmd,condLeavingBypassValve,eo66-dn-v1
cd leaving bp vlv cmd,condLeavingBypassValve,eo66-dn-v1
cd leaving byp vlv c,condLeavingBypassValve,eo66-dn-v1
cd leaving byp vlv cmnd,condLeavingBypassValve,eo66-dn-v1
cd leaving bypass valv command,condLeavingBypassValve,eo66-dn-v1
cd lvg byp valv command,condLeavingBypassValve,eo66-dn-v1
cd sup bp valv command,condLeavingBypassValve,eo66-dn-v1
cd sup byp valv c,condLeavingBypassValve,eo66-dn-v1
cd sup bypass valv cmnd,condLeavingBypassValve,eo66-dn-v1
cnd leav byp valv cmnd,condLeavingBypassValve,eo66-dn-v1
cnd leav byp valv command,condLeavingBypassValve,eo66-dn-v1
cnd leav bypass valv cmd,condLeavingBypassValve,eo66-dn-v1
cnd leaving bp valve cmnd,condLeavingBypassValve,eo66-dn-v1
cnd leaving bp vlv cmd,condLeavingBypassValve,eo66-dn-v1
cnd leaving bp vlv command,condLeavingBypassValve,eo66-dn-v1
cnd leaving byp valv command,condLeavingBypassValve,eo66-dn-v1
cnd leaving bypass valv c,condLeavingBypassValve,eo66-dn-v1
cnd sup bypass valv c,condLeavingBypassValve,eo66-dn-v1
cond leaving bypass valve cmd,condLeavingBypassValve,eo66-dn-v1
cond lv bp valv cmnd,condLeavingBypassValve,eo66-dn-v1
cond lv bypass valve cmnd,condLeavingBypassValve,eo66-dn-v1
cond sup bp vlv c,condLeavingBypassValve,eo66-dn-v1
cond sup byp valv command,condLeavingBypassValve,eo66-dn-v1
condenser leaving bp valve command,condLeavingBypassValve,eo66-dn-v1
condenser leaving bypass valv cmd,condLeavingBypassValve,eo66-dn-v1
condenser leaving bypass valve command,condLeavingBypassValve,eo66-dn-v1
condenser lv bp valv c,condLeavingBypassValve,eo66-dn-v1
condenser lvg bypass vlv c,condLeavingBypassValve,eo66-dn-v1
cw leav bypass valve command,condLeavingBypassValve,eo66-dn-v1
cw lv bp vlv cmnd,condLeavingBypassValve,eo66-dn-v1
cw lv byp valve c,condLeavingBypassValve,eo66-dn-v1
cw lv bypass valve c,condLeavingBypassValve,eo66-dn-v1
cw lvg bp valve c,condLeavingBypassValve,eo66-dn-v1
cw lvg byp vlv cmnd,condLeavingBypassValve,eo66-dn-v1
cw lvg bypass vlv command,condLeavingBypassValve,eo66-dn-v1
cw sup bp valve c,condLeavingBypassValve,eo66-dn-v1
cw sup bypass vlv c,condLeavingBypassValve,eo66-dn-v1
c lvg flow min s,condLeavingFlowMinSp,eo66-dn-v1
c sup flow min setp,condLeavingFlowMinSp,eo66-dn-v1
cd leav flo min setpt,condLeavingFlowMinSp,eo66-dn-v1
cd leaving flo mn setp,condLeavingFlowMinSp,eo66-dn-v1
cd leaving flow mn s,condLeavingFlowMinSp,eo66-dn-v1
cd leaving flw mn setpt,condLeavingFlowMinSp,eo66-dn-v1
cd sup flo min setpt,condLeavingFlowMinSp,eo66-dn-v1
cd sup flo min spt,condLeavingFlowMinSp,eo66-dn-v1
cnd leav flow min spt,condLeavingFlowMinSp,eo66-dn-v1
cnd leav flw min set,condLeavingFlowMinSp,eo66-dn-v1
cnd leaving flo mn setpt,condLeavingFlowMinSp,eo66-dn-v1
cnd leaving flow min setpoint,condLeavingFlowMinSp,eo66-dn-v1
cnd leaving flw min s,condLeavingFlowMinSp,eo66-dn-v1
cnd leaving flw min setpoint,condLeavingFlowMinSp,eo66-dn-v1
cnd lv flo mn s,condLeavingFlowMinSp,eo66-dn-v1
cnd lvg flw mn setpt,condLeavingFlowMinSp,eo66-dn-v1
cnd sup flo min setp,condLeavingFlowMinSp,eo66-dn-v1
cond leav flow mn setpt,condLeavingFlowMinSp,eo66-dn-v1
cond leav flw min setpt,condLeavingFlowMinSp,eo66-dn-v1
cond leaving flo min s,condLeavingFlowMinSp,eo66-dn-v1
cond leaving flo mn setpt,condLeavingFlowMinSp,eo66-dn-v1
cond leaving flow min sp,condLeavingFlowMinSp,eo66-dn-v1
cond lvg flo mn spt,condLeavingFlowMinSp,eo66-dn-v1
cond lvg flow min setp,condLeavingFlowMinSp,eo66-dn-v1
cond lvg flw mn spt,condLeavingFlowMinSp,eo66-dn-v1
cond lvg flw mn stpt,condLeavingFlowMinSp,eo66-dn-v1
condenser leav flo min s,condLeavingFlowMinSp,eo66-dn-v1
condenser leav flow mn s,condLeavingFlowMinSp,eo66-dn-v1
condenser leav flow mn spt,condLeavingFlowMinSp,eo66-dn-v1
condenser leaving flo mn stpt,condLeavingFlowMinSp,eo66-dn-v1
condenser leaving flow min setpoint,condLeavingFlowMinSp,eo66-dn-v1
condenser lv flo min setpt,condLeavingFlowMinSp,eo66-dn-v1
condenser lv flow mn s,condLeavingFlowMinSp,eo66-dn-v1
condenser lvg flo mn setpt,condLeavingFlowMinSp,eo66-dn-v1
condenser lvg flow min spt,condLeavingFlowMinSp,eo66-dn-v1
condenser sup flo mn setp,condLeavingFlowMinSp,eo66-dn-v1
condenser sup flow mn s,condLeavingFlowMinSp,eo66-dn-v1
condenser sup flow mn set,condLeavingFlowMinSp,eo66-dn-v1
cw leav flw mn setpt,condLeavingFlowMinSp,eo66-dn-v1
cw lv flow mn setpoint,condLeavingFlowMinSp,eo66-dn-v1
c leav flow s,condLeavingFlowSp,eo66-dn-v1
c leaving flo set,condLeavingFlowSp,eo66-dn-v1
c leaving flow setp,condLeavingFlowSp,eo66-dn-v1
c leaving flw sp,condLeavingFlowSp,eo66-dn-v1
c lv flo s,condLeavingFlowSp,eo66-dn-v1
c lv flw stpt,condLeavingFlowSp,eo66-dn-v1
c sup flow setp,condLeavingFlowSp,eo66-dn-v1
c sup flw stpt,condLeavingFlowSp,eo66-dn-v1
cd leav flow s,condLeavingFlowSp,eo66-dn-v1
cd leav flow sp,condLeavingFlowSp,eo66-dn-v1
cd leav flw stpt,condLeavingFlowSp,eo66-dn-v1
cd leaving flo setpoint,condLeavingFlowSp,eo66-dn-v1
cd lv flo stpt,condLeavingFlowSp,eo66-dn-v1
cd lvg flo stpt,condLeavingFlowSp,eo66-dn-v1
cd lvg flw s,condLeavingFlowSp,eo66-dn-v1
cd lvg flw sp,condLeavingFlowSp,eo66-dn-v1
cd sup flow setp,condLeavingFlowSp,eo66-dn-v1
cd sup flow setpoint,condLeavingFlowSp,eo66-dn-v1
cd sup flow sp,condLeavingFlowSp,eo66-dn-v1
cnd leav flow set,condLeavingFlowSp,eo66-dn-v1
cnd leaving flo s,condLeavingFlowSp,eo66-dn-v1
cnd lv flw setpoint,condLeavingFlowSp,eo66-dn-v1
cnd sup flw spt,condLeavingFlowSp,eo66-dn-v1
cond leaving flo s,condLeavingFlowSp,eo66-dn-v1
cond leaving flo sp,condLeavingFlowSp,eo66-dn-v1
cond leaving flow setpoint,condLeavingFlowSp,eo66-dn-v1
cond leaving flow sp,condLeavingFlowSp,eo66-dn-v1
cond sup flw set,condLeavingFlowSp,eo66-dn-v1
condenser leav flow spt,condLeavingFlowSp,eo66-dn-v1
condenser leaving flo sp,condLeavingFlowSp,eo66-dn-v1
condenser leaving flow setpoint,condLeavingFlowSp,eo66-dn-v1
condenser leaving flow setpt,condLeavingFlowSp,eo66-dn-v1
condenser lvg flo set,condLeavingFlowSp,eo66-dn-v1
condenser lvg flo sp,condLeavingFlowSp,eo66-dn-v1
condenser lvg flw setpoint,condLeavingFlowSp,eo66-dn-v1
condenser lvg flw stpt,condLeavingFlowSp,eo66-dn-v1
cw leav flo s,condLeavingFlowSp,eo66-dn-v1
cw leaving flow stpt,condLeavingFlowSp,eo66-dn-v1
cw lv flo spt,condLeavingFlowSp,eo66-dn-v1
cw lv flw set,condLeavingFlowSp,eo66-dn-v1
c leav presr,condLeavingPressure,eo66-dn-v1
c lv pr,condLeavingPressure,eo66-dn-v1
c lv pres,condLeavingPressure,eo66-dn-v1
c lv presr,condLeavingPressure,eo66-dn-v1
c lv pressure,condLeavingPressure,eo66-dn-v1
c lvg pres,condLeavingPressure,eo66-dn-v1
c sup pr,condLeavingPressure,eo66-dn-v1
c sup press,condLeavingPressure,eo66-dn-v1
cd leav press,condLeavingPressure,eo66-dn-v1
cd lv pres,condLeavingPressure,eo66-dn-v1
cd lvg press,condLeavingPressure,eo66-dn-v1
cd lvg prs,condLeavingPressure,eo66-dn-v1
cd sup p,condLeavingPressure,eo66-dn-v1
cd sup pressure,condLeavingPressure,eo66-dn-v1
cd sup prs,condLeavingPressure,eo66-dn-v1
cnd leav press,condLeavingPressure,eo66-dn-v1
cnd lv pres,condLeavingPressure,eo66-dn-v1
cnd lv prs,condLeavingPressure,eo66-dn-v1
cnd lvg pres,condLeavingPressure,eo66-dn-v1
cnd lvg presr,condLeavingPressure,eo66-dn-v1
cnd lvg prs,condLeavingPressure,eo66-dn-v1
cnd sup prs,condLeavingPressure,eo66-dn-v1
cond leaving p,condLeavingPressure,eo66-dn-v1
cond leaving press,condLeavingPressure,eo66-dn-v1
cond leaving pressure,condLeavingPressure,eo66-dn-v1
cond lv pressure,condLeavingPressure,eo66-dn-v1
cond lvg pr,condLeavingPressure,eo66-dn-v1
cond sup pressure,condLeavingPressure,eo66-dn-v1
condenser leav pr,condLeavingPressure,eo66-dn-v1
condenser leav presr,condLeavingPressure,eo66-dn-v1
condenser leaving pressure,condLeavingPressure,eo66-dn-v1
condenser lv prs,condLeavingPressure,eo66-dn-v1
condenser lvg pressure,condLeavingPressure,eo66-dn-v1
condenser sup press,condLeavingPressure,eo66-dn-v1
cw leav press,condLeavingPressure,eo66-dn-v1
cw leaving p,condLeavingPressure,eo66-dn-v1
cw leaving pr,condLeavingPressure,eo66-dn-v1
cw lvg pr,condLeavingPressure,eo66-dn-v1
cw lvg presr,condLeavingPressure,eo66-dn-v1
cw lvg press,condLeavingPressure,eo66-dn-v1
c pmp pres delta,condPumpPressureDelta,eo66-dn-v1
c pmp presr delta,condPumpPressureDelta,eo66-dn-v1
c pump p dlt,condPumpPressureDelta,eo66-dn-v1
c pump pressure dlt,condPumpPressureDelta,eo66-dn-v1
c pump prs diff,condPumpPressureDelta,eo66-dn-v1
cd p pr diff,condPumpPressureDelta,eo66-dn-v1
cd p pres delta,condPumpPressureDelta,eo66-dn-v1
cd p pres diff,condPumpPressureDelta,eo66-dn-v1
cd p pressure delta,condPumpPressureDelta,eo66-dn-v1
cd pmp p dlt,condPumpPressureDelta,eo66-dn-v1
cd pmp pres delta,condPumpPressureDelta,eo66-dn-v1
cd pmp pres diff,condPumpPressureDelta,eo66-dn-v1
cd pmp pres dlt,condPumpPressureDelta,eo66-dn-v1
cd pmp prs dlt,condPumpPressureDelta,eo66-dn-v1
cd pump p diff,condPumpPressureDelta,eo66-dn-v1
cd pump presr delta,condPumpPressureDelta,eo66-dn-v1
cnd pmp pr diff,condPumpPressureDelta,eo66-dn-v1
cnd pump p diff,condPumpPressureDelta,eo66-dn-v1
cnd pump pr diff,condPumpPressureDelta,eo66-dn-v1
cnd pump pressure dlt,condPumpPressureDelta,eo66-dn-v1
cond pmp pr diff,condPumpPressureDelta,eo66-dn-v1
cond pmp prs diff,condPumpPressureDelta,eo66-dn-v1
cond pump presr diff,condPumpPressureDelta,eo66-dn-v1
cond pump press delta,condPumpPressureDelta,eo66-dn-v1
condenser pmp p dlt,condPumpPressureDelta,eo66-dn-v1
condenser pmp pressure delta,condPumpPressureDelta,eo66-dn-v1
condenser pump press delta,condPumpPressureDelta,eo66-dn-v1
condenser pump pressure delta,condPumpPressureDelta,eo66-dn-v1
condenser pump pressure dlt,condPumpPressureDelta,eo66-dn-v1
cw p pr dlt,condPumpPressureDelta,eo66-dn-v1
cw pmp p diff,condPumpPressureDelta,eo66-dn-v1
cw pmp pres dlt,condPumpPressureDelta,eo66-dn-v1
cw pmp pressure diff,condPumpPressureDelta,eo66-dn-v1
cw pmp pressure dlt,condPumpPressureDelta,eo66-dn-v1
cw pump p diff,condPumpPressureDelta,eo66-dn-v1
cw pump press diff,condPumpPressureDelta,eo66-dn-v1
cw pump press dlt,condPumpPressureDelta,eo66-dn-v1
cw pump pressure delta,condPumpPressureDelta,eo66-dn-v1
cw pump pressure diff,condPumpPressureDelta,eo66-dn-v1
cw pump prs delta,condPumpPressureDelta,eo66-dn-v1
c cl dch temperature setpoint,coolingCoilDischargeTempSp,eo66-dn-v1
c cl disch temperature sp,coolingCoilDischargeTempSp,eo66-dn-v1
c cl sa temperature set,coolingCoilDischargeTempSp,eo66-dn-v1
c cl sa tmp sp,coolingCoilDischargeTempSp,eo66-dn-v1
c coil d temp stpt,coolingCoilDischargeTempSp,eo66-dn-v1
c coil da tmp stpt,coolingCoilDischargeTempSp,eo66-dn-v1
c coil dch temperature sp,coolingCoilDischargeTempSp,eo66-dn-v1
c coil sa temp setp,coolingCoilDischargeTempSp,eo66-dn-v1
c coil sa tmp spt,coolingCoilDischargeTempSp,eo66-dn-v1
chw cl dsch temp spt,coolingCoilDischargeTempSp,eo66-dn-v1
chw cl sa tmp set,coolingCoilDischargeTempSp,eo66-dn-v1
chw coil d t setpoint,coolingCoilDischargeTempSp,eo66-dn-v1
chw coil da tmp set,coolingCoilDischargeTempSp,eo66-dn-v1
cl cl dsch temperature sp,coolingCoilDischargeTempSp,eo66-dn-v1
cl coil dis temperature setpt,coolingCoilDischargeTempSp,eo66-dn-v1
cl coil dsch tmp sp,coolingCoilDischargeTempSp,eo66-dn-v1
clg cl dch tmp s,coolingCoilDischargeTempSp,eo66-dn-v1
clg cl supply t s,coolingCoilDischargeTempSp,eo66-dn-v1
clg coil dis temp setp,coolingCoilDischargeTempSp,eo66-dn-v1
clg coil discharge temp stpt,coolingCoilDischargeTempSp,eo66-dn-v1
clg coil sa temp sp,coolingCoilDischargeTempSp,eo66-dn-v1
clg coil sa temperature stpt,coolingCoilDischargeTempSp,eo66-dn-v1
cool cl da temperature set,coolingCoilDischargeTempSp,eo66-dn-v1
cool cl discharge temperature sp,coolingCoilDischargeTempSp,eo66-dn-v1
cool cl discharge tmp sp,coolingCoilDischargeTempSp,eo66-dn-v1
cool cl sa temp setpt,coolingCoilDischargeTempSp,eo66-dn-v1
cool coil dch temperature set,coolingCoilDischargeTempSp,eo66-dn-v1
cool coil sa tmp setpt,coolingCoilDischargeTempSp,eo66-dn-v1
cool coil supply temperature setpt,coolingCoilDischargeTempSp,eo66-dn-v1
cooling cl d temperature sp,coolingCoilDischargeTempSp,eo66-dn-v1
cooling cl dch temperature set,coolingCoilDischargeTempSp,eo66-dn-v1
cooling cl dsch temp sp,coolingCoilDischargeTempSp,eo66-dn-v1
cooling cl sa tmp stpt,coolingCoilDischargeTempSp,eo66-dn-v1
cooling coil d tmp stpt,coolingCoilDischargeTempSp,eo66-dn-v1
cooling coil dch temp setpt,coolingCoilDischargeTempSp,eo66-dn-v1
cooling coil disch temp spt,coolingCoilDischargeTempSp,eo66-dn-v1
cooling coil disch temperature s,coolingCoilDischargeTempSp,eo66-dn-v1
cooling coil discharge temperature setpoint,coolingCoilDischargeTempSp,eo66-dn-v1
cooling coil dsch temperature setpt,coolingCoilDischargeTempSp,eo66-dn-v1
cooling coil supply temperature spt,coolingCoilDischargeTempSp,eo66-dn-v1
c cl energy,coolingCoilEnergy,eo66-dn-v1
c cl engy,coolingCoilEnergy,eo66-dn-v1
c cl enrg,coolingCoilEnergy,eo66-dn-v1
c coil en,coolingCoilEnergy,eo66-dn-v1
c coil engy,coolingCoilEnergy,eo66-dn-v1
c coil enrg,coolingCoilEnergy,eo66-dn-v1
c coil enrgy,coolingCoilEnergy,eo66-dn-v1
chw cl en,coolingCoilEnergy,eo66-dn-v1
chw cl engy,coolingCoilEnergy,eo66-dn-v1
chw coil en,coolingCoilEnergy,eo66-dn-v1
chw coil energy,coolingCoilEnergy,eo66-dn-v1
chw coil enrg,coolingCoilEnergy,eo66-dn-v1
chw coil enrgy,coolingCoilEnergy,eo66-dn-v1
chw coil er,coolingCoilEnergy,eo66-dn-v1
cl cl en,coolingCoilEnergy,eo66-dn-v1
cl cl energy,coolingCoilEnergy,eo66-dn-v1
cl cl engy,coolingCoilEnergy,eo66-dn-v1
cl cl enrgy,coolingCoilEnergy,eo66-dn-v1
cl cl er,coolingCoilEnergy,eo66-dn-v1
cl coil en,coolingCoilEnergy,eo66-dn-v1
cl coil energy,coolingCoilEnergy,eo66-dn-v1
cl coil enrg,coolingCoilEnergy,eo66-dn-v1
cl coil er,coolingCoilEnergy,eo66-dn-v1
clg cl energy,coolingCoilEnergy,eo66-dn-v1
clg cl engy,coolingCoilEnergy,eo66-dn-v1
clg cl enrg,coolingCoilEnergy,eo66-dn-v1
clg coil energy,coolingCoilEnergy,eo66-dn-v1
clg coil engy,coolingCoilEnergy,eo66-dn-v1
clg coil enrgy,coolingCoilEnergy,eo66-dn-v1
clg coil er,coolingCoilEnergy,eo66-dn-v1
cool cl engy,coolingCoilEnergy,eo66-dn-v1
cool cl enrgy,coolingCoilEnergy,eo66-dn-v1
cool coil energy,coolingCoilEnergy,eo66-dn-v1
cool coil engy,coolingCoilEnergy,eo66-dn-v1
cooling cl en,coolingCoilEnergy,eo66-dn-v1
cooling cl enrgy,coolingCoilEnergy,eo66-dn-v1
cooling coil energy,coolingCoilEnergy,eo66-dn-v1
cooling coil engy,coolingCoilEnergy,eo66-dn-v1
cooling coil enrg,coolingCoilEnergy,eo66-dn-v1
cooling coil enrgy,coolingCoilEnergy,eo66-dn-v1
c cl flo,coolingCoilFlow,eo66-dn-v1
c cl flow,coolingCoilFlow,eo66-dn-v1
c cl flw,coolingCoilFlow,eo66-dn-v1
c coil flo,coolingCoilFlow,eo66-dn-v1
c coil flow,coolingCoilFlow,eo66-dn-v1
c coil flw,coolingCoilFlow,eo66-dn-v1
chw cl flo,coolingCoilFlow,eo66-dn-v1
chw cl flow,coolingCoilFlow,eo66-dn-v1
chw cl flw,coolingCoilFlow,eo66-dn-v1
chw coil flo,coolingCoilFlow,eo66-dn-v1
chw coil flow,coolingCoilFlow,eo66-dn-v1
chw coil flw,coolingCoilFlow,eo66-dn-v1
cl cl flo,coolingCoilFlow,eo66-dn-v1
cl cl flow,coolingCoilFlow,eo66-dn-v1
cl cl flw,coolingCoilFlow,eo66-dn-v1
cl coil flo,coolingCoilFlow,eo66-dn-v1
cl coil flow,coolingCoilFlow,eo66-dn-v1
cl coil flw,coolingCoilFlow,eo66-dn-v1
clg cl flo,coolingCoilFlow,eo66-dn-v1
clg cl flow,coolingCoilFlow,eo66-dn-v1
clg cl flw,coolingCoilFlow,eo66-dn-v1
clg coil flo,coolingCoilFlow,eo66-dn-v1
clg coil flow,coolingCoilFlow,eo66-dn-v1
clg coil flw,coolingCoilFlow,eo66-dn-v1
cool cl flo,coolingCoilFlow,eo66-dn-v1
cool cl flow,coolingCoilFlow,eo66-dn-v1
cool cl flw,coolingCoilFlow,eo66-dn-v1
cool coil flo,coolingCoilFlow,eo66-dn-v1
cool coil flow,coolingCoilFlow,eo66-dn-v1
cool coil flw,coolingCoilFlow,eo66-dn-v1
cooling cl flo,coolingCoilFlow,eo66-dn-v1
cooling cl flow,coolingCoilFlow,eo66-dn-v1
cooling cl flw,coolingCoilFlow,eo66-dn-v1
cooling coil flo,coolingCoilFlow,eo66-dn-v1
cooling coil flow,coolingCoilFlow,eo66-dn-v1
cooling coil flw,coolingCoilFlow,eo66-dn-v1
c cl pmp speed,coolingCoilPumpSpeed,eo66-dn-v1
c cl pump spd,coolingCoilPumpSpeed,eo66-dn-v1
c coil p spd,coolingCoilPumpSpeed,eo66-dn-v1
c coil pump speed,coolingCoilPumpSpeed,eo66-dn-v1
chw cl p speed,coolingCoilPumpSpeed,eo66-dn-v1
chw cl pmp speed,coolingCoilPumpSpeed,eo66-dn-v1
chw cl pump spd,coolingCoilPumpSpeed,eo66-dn-v1
chw cl pump speed,coolingCoilPumpSpeed,eo66-dn-v1
chw coil p spd,coolingCoilPumpSpeed,eo66-dn-v1
chw coil p speed,coolingCoilPumpSpeed,eo66-dn-v1
chw coil pmp speed,coolingCoilPumpSpeed,eo66-dn-v1
chw coil pump spd,coolingCoilPumpSpeed,eo66-dn-v1
chw coil pump speed,coolingCoilPumpSpeed,eo66-dn-v1
cl cl p spd,coolingCoilPumpSpeed,eo66-dn-v1
cl cl pump speed,coolingCoilPumpSpeed,eo66-dn-v1
cl coil p spd,coolingCoilPumpSpeed,eo66-dn-v1
cl coil pmp spd,coolingCoilPumpSpeed,eo66-dn-v1
cl coil pump spd,coolingCoilPumpSpeed,eo66-dn-v1
cl coil pump speed,coolingCoilPumpSpeed,eo66-dn-v1
clg cl pmp spd,coolingCoilPumpSpeed,eo66-dn-v1
clg cl pmp speed,coolingCoilPumpSpeed,eo66-dn-v1
clg cl pump spd,coolingCoilPumpSpeed,eo66-dn-v1
clg cl pump speed,coolingCoilPumpSpeed,eo66-dn-v1
clg coil p speed,coolingCoilPumpSpeed,eo66-dn-v1
clg coil pmp spd,coolingCoilPumpSpeed,eo66-dn-v1
clg coil pmp speed,coolingCoilPumpSpeed,eo66-dn-v1
clg coil pump spd,coolingCoilPumpSpeed,eo66-dn-v1
clg coil pump speed,coolingCoilPumpSpeed,eo66-dn-v1
cool cl p spd,coolingCoilPumpSpeed,eo66-dn-v1
cool cl pmp spd,coolingCoilPumpSpeed,eo66-dn-v1
cool cl pmp speed,coolingCoilPumpSpeed,eo66-dn-v1
cool coil p spd,coolingCoilPumpSpeed,eo66-dn-v1
cool coil pmp speed,coolingCoilPumpSpeed,eo66-dn-v1
cool coil pump spd,coolingCoilPumpSpeed,eo66-dn-v1
cool coil pump speed,coolingCoilPumpSpeed,eo66-dn-v1
cooling cl p speed,coolingCoilPumpSpeed,eo66-dn-v1
cooling cl pmp spd,coolingCoilPumpSpeed,eo66-dn-v1
cooling cl pump speed,coolingCoilPumpSpeed,eo66-dn-v1
cooling coil p speed,coolingCoilPumpSpeed,eo66-dn-v1
cooling coil pump speed,coolingCoilPumpSpeed,eo66-dn-v1
c stage eb,coolingStageEnable,eo66-dn-v1
c stage en,coolingStageEnable,eo66-dn-v1
c stage ena,coolingStageEnable,eo66-dn-v1
c stage enab,coolingStageEnable,eo66-dn-v1
c stage enable,coolingStageEnable,eo66-dn-v1
c stg eb,coolingStageEnable,eo66-dn-v1
c stg ena,coolingStageEnable,eo66-dn-v1
c stg enab,coolingStageEnable,eo66-dn-v1
chw stage en,coolingStageEnable,eo66-dn-v1
chw stage ena,coolingStageEnable,eo66-dn-v1
chw stage enab,coolingStageEnable,eo66-dn-v1
chw stage enbl,coolingStageEnable,eo66-dn-v1
chw stg eb,coolingStageEnable,eo66-dn-v1
chw stg en,coolingStageEnable,eo66-dn-v1
chw stg ena,coolingStageEnable,eo66-dn-v1
chw stg enab,coolingStageEnable,eo66-dn-v1
chw stg enb,coolingStageEnable,eo66-dn-v1
cl stage enab,coolingStageEnable,eo66-dn-v1
cl stage enbl,coolingStageEnable,eo66-dn-v1
cl stg enbl,coolingStageEnable,eo66-dn-v1
clg stage eb,coolingStageEnable,eo66-dn-v1
clg stage en,coolingStageEnable,eo66-dn-v1
clg stage enab,coolingStageEnable,eo66-dn-v1
clg stage enable,coolingStageEnable,eo66-dn-v1
clg stage enbl,coolingStageEnable,eo66-dn-v1
clg stg eb,coolingStageEnable,eo66-dn-v1
clg stg ena,coolingStageEnable,eo66-dn-v1
clg stg enable,coolingStageEnable,eo66-dn-v1
cool stage enb,coolingStageEnable,eo66-dn-v1
cool stage enbl,coolingStageEnable,eo66-dn-v1
cool stg en,coolingStageEnable,eo66-dn-v1
cool stg enable,coolingStageEnable,eo66-dn-v1
cool stg enb,coolingStageEnable,eo66-dn-v1
cooling stage ena,coolingStageEnable,eo66-dn-v1
cooling stage enable,coolingStageEnable,eo66-dn-v1
cooling stage enbl,coolingStageEnable,eo66-dn-v1
cooling stg eb,coolingStageEnable,eo66-dn-v1
cooling stg en,coolingStageEnable,eo66-dn-v1
cooling stg enable,coolingStageEnable,eo66-dn-v1
cooling stg enb,coolingStageEnable,eo66-dn-v1
c stage mod,coolingStageMod,eo66-dn-v1
c stage modulation,coolingStageMod,eo66-dn-v1
c stg mod,coolingStageMod,eo66-dn-v1
c stg modulation,coolingStageMod,eo66-dn-v1
chw stage mod,coolingStageMod,eo66-dn-v1
chw stage modulation,coolingStageMod,eo66-dn-v1
chw stg mod,coolingStageMod,eo66-dn-v1
chw stg modulation,coolingStageMod,eo66-dn-v1
cl stage mod,coolingStageMod,eo66-dn-v1
cl stage modulation,coolingStageMod,eo66-dn-v1
cl stg mod,coolingStageMod,eo66-dn-v1
cl stg modulation,coolingStageMod,eo66-dn-v1
clg stage mod,coolingStageMod,eo66-dn-v1
clg stage modulation,coolingStageMod,eo66-dn-v1
clg stg mod,coolingStageMod,eo66-dn-v1
clg stg modulation,coolingStageMod,eo66-dn-v1
cool stage mod,coolingStageMod,eo66-dn-v1
cool stage modulation,coolingStageMod,eo66-dn-v1
cool stg mod,coolingStageMod,eo66-dn-v1
cool stg modulation,coolingStageMod,eo66-dn-v1
cooling stage mod,coolingStageMod,eo66-dn-v1
cooling stage modulation,coolingStageMod,eo66-dn-v1
cooling stg mod,coolingStageMod,eo66-dn-v1
cooling stg modulation,coolingStageMod,eo66-dn-v1
day warm up c,daytimeWarmUp,eo66-dn-v1
day warm up cmd,daytimeWarmUp,eo66-dn-v1
day warm up cmnd,daytimeWarmUp,eo66-dn-v1
day warm up command,daytimeWarmUp,eo66-dn-v1
daytime warm up c,daytimeWarmUp,eo66-dn-v1
daytime warm up cmd,daytimeWarmUp,eo66-dn-v1
daytime warm up cmnd,daytimeWarmUp,eo66-dn-v1
daytime warm up command,daytimeWarmUp,eo66-dn-v1
demand vent md,dcvMode,eo66-dn-v1
demand vent mod,dcvMode,eo66-dn-v1
demand vent mode,dcvMode,eo66-dn-v1
demand ventilation md,dcvMode,eo66-dn-v1
demand ventilation mod,dcvMode,eo66-dn-v1
demand ventilation mode,dcvMode,eo66-dn-v1
dmd vent md,dcvMode,eo66-dn-v1
dmd vent mod,dcvMode,eo66-dn-v1
dmd vent mode,dcvMode,eo66-dn-v1
dmd ventilation md,dcvMode,eo66-dn-v1
dmd ventilation mod,dcvMode,eo66-dn-v1
dmd ventilation mode,dcvMode,eo66-dn-v1
req vent md,dcvMode,eo66-dn-v1
req vent mod,dcvMode,eo66-dn-v1
req vent mode,dcvMode,eo66-dn-v1
req ventilation md,dcvMode,eo66-dn-v1
req ventilation mod,dcvMode,eo66-dn-v1
req ventilation mode,dcvMode,eo66-dn-v1
decoup w flo,decouplerFlow,eo66-dn-v1
decoup w flow,decouplerFlow,eo66-dn-v1
decoup w flw,decouplerFlow,eo66-dn-v1
decoup water flo,decouplerFlow,eo66-dn-v1
decoup water flow,decouplerFlow,eo66-dn-v1
decoup water flw,decouplerFlow,eo66-dn-v1
decoup wtr flo,decouplerFlow,eo66-dn-v1
decoup wtr flow,decouplerFlow,eo66-dn-v1
decoup wtr flw,decouplerFlow,eo66-dn-v1
decoupler w flo,decouplerFlow,eo66-dn-v1
decoupler w flow,decouplerFlow,eo66-dn-v1
decoupler w flw,decouplerFlow,eo66-dn-v1
decoupler water flo,decouplerFlow,eo66-dn-v1
decoupler water flow,decouplerFlow,eo66-dn-v1
decoupler water flw,decouplerFlow,eo66-dn-v1
decoupler wtr flo,decouplerFlow,eo66-dn-v1
decoupler wtr flow,decouplerFlow,eo66-dn-v1
decoupler wtr flw,decouplerFlow,eo66-dn-v1
decoup w t,decouplerTemp,eo66-dn-v1
decoup w temp,decouplerTemp,eo66-dn-v1
decoup w temperature,decouplerTemp,eo66-dn-v1
decoup w tmp,decouplerTemp,eo66-dn-v1
decoup water t,decouplerTemp,eo66-dn-v1
decoup water temp,decouplerTemp,eo66-dn-v1
decoup water temperature,decouplerTemp,eo66-dn-v1
decoup water tmp,decouplerTemp,eo66-dn-v1
decoup wtr t,decouplerTemp,eo66-dn-v1
decoup wtr temp,decouplerTemp,eo66-dn-v1
decoup wtr temperature,decouplerTemp,eo66-dn-v1
decoup wtr tmp,decouplerTemp,eo66-dn-v1
decoupler w t,decouplerTemp,eo66-dn-v1
decoupler w temp,decouplerTemp,eo66-dn-v1
decoupler w temperature,decouplerTemp,eo66-dn-v1
decoupler w tmp,decouplerTemp,eo66-dn-v1
decoupler water t,decouplerTemp,eo66-dn-v1
decoupler water temp,decouplerTemp,eo66-dn-v1
decoupler water temperature,decouplerTemp,eo66-dn-v1
decoupler water tmp,decouplerTemp,eo66-dn-v1
decoupler wtr t,decouplerTemp,eo66-dn-v1
decoupler wtr temp,decouplerTemp,eo66-dn-v1
decoupler wtr temperature,decouplerTemp,eo66-dn-v1
decoupler wtr tmp,decouplerTemp,eo66-dn-v1
dehum md,dehumidMode,eo66-dn-v1
dehum mod,dehumidMode,eo66-dn-v1
dehum mode,dehumidMode,eo66-dn-v1
dehumid md,dehumidMode,eo66-dn-v1
dehumid mod,dehumidMode,eo66-dn-v1
dehumid mode,dehumidMode,eo66-dn-v1
dehumidification md,dehumidMode,eo66-dn-v1
dehumidification mod,dehumidMode,eo66-dn-v1
dehumidification mode,dehumidMode,eo66-dn-v1
deh demand,dehumidifierDemand,eo66-dn-v1
deh dmd,dehumidifierDemand,eo66-dn-v1
deh req,dehumidifierDemand,eo66-dn-v1
dehmd demand,dehumidifierDemand,eo66-dn-v1
dehmd dmd,dehumidifierDemand,eo66-dn-v1
dehmd req,dehumidifierDemand,eo66-dn-v1
dehum demand,dehumidifierDemand,eo66-dn-v1
dehum dmd,dehumidifierDemand,eo66-dn-v1
dehum req,dehumidifierDemand,eo66-dn-v1
dehumd demand,dehumidifierDemand,eo66-dn-v1
dehumd dmd,dehumidifierDemand,eo66-dn-v1
dehumd req,dehumidifierDemand,eo66-dn-v1
dehumid demand,dehumidifierDemand,eo66-dn-v1
dehumid dmd,dehumidifierDemand,eo66-dn-v1
dehumid req,dehumidifierDemand,eo66-dn-v1
dehumidifier demand,dehumidifierDemand,eo66-dn-v1
dehumidifier dmd,dehumidifierDemand,eo66-dn-v1
dehumidifier req,dehumidifierDemand,eo66-dn-v1
dehumifer demand,dehumidifierDemand,eo66-dn-v1
dehumifer dmd,dehumidifierDemand,eo66-dn-v1
dehumifer req,dehumidifierDemand,eo66-dn-v1
dehumifier demand,dehumidifierDemand,eo66-dn-v1
dehumifier dmd,dehumidifierDemand,eo66-dn-v1
dehumifier req,dehumidifierDemand,eo66-dn-v1
demidifier demand,dehumidifierDemand,eo66-dn-v1
demidifier dmd,dehumidifierDemand,eo66-dn-v1
demidifier req,dehumidifierDemand,eo66-dn-v1
dhum demand,dehumidifierDemand,eo66-dn-v1
dhum dmd,dehumidifierDemand,eo66-dn-v1
dhum req,dehumidifierDemand,eo66-dn-v1
deh eb cmnd,dehumidifierEnable,eo66-dn-v1
deh enable c,dehumidifierEnable,eo66-dn-v1
deh enb cmd,dehumidifierEnable,eo66-dn-v1
deh enb cmnd,dehumidifierEnable,eo66-dn-v1
dehmd ena cmd,dehumidifierEnable,eo66-dn-v1
dehmd enable cmd,dehumidifierEnable,eo66-dn-v1
dehmd enable command,dehumidifierEnable,eo66-dn-v1
dehum enab cmd,dehumidifierEnable,eo66-dn-v1
dehum enb cmnd,dehumidifierEnable,eo66-dn-v1
dehum enbl c,dehumidifierEnable,eo66-dn-v1
dehumd en cmd,dehumidifierEnable,eo66-dn-v1
dehumd ena c,dehumidifierEnable,eo66-dn-v1
dehumd ena command,dehumidifierEnable,eo66-dn-v1
dehumd enbl cmnd,dehumidifierEnable,eo66-dn-v1
dehumid eb c,dehumidifierEnable,eo66-dn-v1
dehumid en cmd,dehumidifierEnable,eo66-dn-v1
dehumid enable command,dehumidifierEnable,eo66-dn-v1
dehumidifier enable cmd,dehumidifierEnable,eo66-dn-v1
dehumidifier enable command,dehumidifierEnable,eo66-dn-v1
dehumidifier enb cmd,dehumidifierEnable,eo66-dn-v1
dehumidifier enb cmnd,dehumidifierEnable,eo66-dn-v1
dehumidifier enbl c,dehumidifierEnable,eo66-dn-v1
dehumifer eb command,dehumidifierEnable,eo66-dn-v1
dehumifer enb cmnd,dehumidifierEnable,eo66-dn-v1
dehumifer enb command,dehumidifierEnable,eo66-dn-v1
dehumifer enbl c,dehumidifierEnable,eo66-dn-v1
dehumifer enbl command,dehumidifierEnable,eo66-dn-v1
dehumifier en cmd,dehumidifierEnable,eo66-dn-v1
dehumifier enb command,dehumidifierEnable,eo66-dn-v1
dehumifier enbl cmnd,dehumidifierEnable,eo66-dn-v1
demidifier ena cmnd,dehumidifierEnable,eo66-dn-v1
demidifier ena command,dehumidifierEnable,eo66-dn-v1
demidifier enab command,dehumidifierEnable,eo66-dn-v1
demidifier enb command,dehumidifierEnable,eo66-dn-v1
dhum eb cmnd,dehumidifierEnable,eo66-dn-v1
dhum ena cmd,dehumidifierEnable,eo66-dn-v1
dhum enab c,dehumidifierEnable,eo66-dn-v1
dhum enb cmnd,dehumidifierEnable,eo66-dn-v1
dhum enbl cmd,dehumidifierEnable,eo66-dn-v1
dhum enbl cmnd,dehumidifierEnable,eo66-dn-v1
d d mn s,dischargeDamperMinSp,eo66-dn-v1
d dm min setpoint,dischargeDamperMinSp,eo66-dn-v1
d dmp mn setpoint,dischargeDamperMinSp,eo66-dn-v1
d dpr mn setp,dischargeDamperMinSp,eo66-dn-v1
da dampr min setpoint,dischargeDamperMinSp,eo66-dn-v1
dch dmp mn s,dischargeDamperMinSp,eo66-dn-v1
dch dmpr min set,dischargeDamperMinSp,eo66-dn-v1
dch dpr mn setpoint,dischargeDamperMinSp,eo66-dn-v1
dis damper mn setpt,dischargeDamperMinSp,eo66-dn-v1
dis dampr mn spt,dischargeDamperMinSp,eo66-dn-v1
dis dmp min spt,dischargeDamperMinSp,eo66-dn-v1
dis dmper min setpt,dischargeDamperMinSp,eo66-dn-v1
dis dmpr min setpoint,dischargeDamperMinSp,eo66-dn-v1
disch d min set,dischargeDamperMinSp,eo66-dn-v1
disch d mn set,dischargeDamperMinSp,eo66-dn-v1
disch damper min spt,dischargeDamperMinSp,eo66-dn-v1
disch damper mn setpoint,dischargeDamperMinSp,eo66-dn-v1
disch dmper min setpoint,dischargeDamperMinSp,eo66-dn-v1
disch dmper min sp,dischargeDamperMinSp,eo66-dn-v1
disch dmper mn stpt,dischargeDamperMinSp,eo66-dn-v1
disch dpr min spt,dischargeDamperMinSp,eo66-dn-v1
disch dpr mn setp,dischargeDamperMinSp,eo66-dn-v1
discharge damper min s,dischargeDamperMinSp,eo66-dn-v1
discharge damper min setpoint,dischargeDamperMinSp,eo66-dn-v1
dsch dampr min sp,dischargeDamperMinSp,eo66-dn-v1
dsch dmp mn sp,dischargeDamperMinSp,eo66-dn-v1
dsch dmper mn setp,dischargeDamperMinSp,eo66-dn-v1
dsch dpr min setp,dischargeDamperMinSp,eo66-dn-v1
sa damper min sp,dischargeDamperMinSp,eo66-dn-v1
sa damper mn stpt,dischargeDamperMinSp,eo66-dn-v1
sa dmper mn s,dischargeDamperMinSp,eo66-dn-v1
sa dmpr min set,dischargeDamperMinSp,eo66-dn-v1
supply d min sp,dischargeDamperMinSp,eo66-dn-v1
supply damper min set,dischargeDamperMinSp,eo66-dn-v1
supply dampr mn spt,dischargeDamperMinSp,eo66-dn-v1
supply dm min set,dischargeDamperMinSp,eo66-dn-v1
supply dmper min setp,dischargeDamperMinSp,eo66-dn-v1
supply dmpr min setp,dischargeDamperMinSp,eo66-dn-v1
supply dmpr min sp,dischargeDamperMinSp,eo66-dn-v1
supply dpr min setpt,dischargeDamperMinSp,eo66-dn-v1
d f leav p,dischargeFanLeavingPressure,eo66-dn-v1
d f leaving pr,dischargeFanLeavingPressure,eo66-dn-v1
d f leaving press,dischargeFanLeavingPressure,eo66-dn-v1
d f leaving prs,dischargeFanLeavingPressure,eo66-dn-v1
d fan sup p,dischargeFanLeavingPressure,eo66-dn-v1
dch f lv p,dischargeFanLeavingPressure,eo66-dn-v1
dch f lvg press,dischargeFanLeavingPressure,eo66-dn-v1
dch fan leaving pr,dischargeFanLeavingPressure,eo66-dn-v1
dch fan lvg pres,dischargeFanLeavingPressure,eo66-dn-v1
dis f leaving presr,dischargeFanLeavingPressure,eo66-dn-v1
dis fan lvg pressure,dischargeFanLeavingPressure,eo66-dn-v1
disch f leaving pr,dischargeFanLeavingPressure,eo66-dn-v1
disch fan leav pres,dischargeFanLeavingPressure,eo66-dn-v1
disch fan leaving pres,dischargeFanLeavingPressure,eo66-dn-v1
disch fan leaving presr,dischargeFanLeavingPressure,eo66-dn-v1
disch fan lv presr,dischargeFanLeavingPressure,eo66-dn-v1
disch fan lvg pr,dischargeFanLeavingPressure,eo66-dn-v1
disch fan sup presr,dischargeFanLeavingPressure,eo66-dn-v1
discharge f leav pr,dischargeFanLeavingPressure,eo66-dn-v1
discharge f leaving pr,dischargeFanLeavingPressure,eo66-dn-v1
discharge fan leaving pressure,dischargeFanLeavingPressure,eo66-dn-v1
discharge fan lvg pr,dischargeFanLeavingPressure,eo66-dn-v1
discharge fan sup p,dischargeFanLeavingPressure,eo66-dn-v1
dsch f lv pres,dischargeFanLeavingPressure,eo66-dn-v1
dsch f lv press,dischargeFanLeavingPressure,eo66-dn-v1
dsch f lvg presr,dischargeFanLeavingPressure,eo66-dn-v1
dsch fan leav presr,dischargeFanLeavingPressure,eo66-dn-v1
dsch fan leav press,dischargeFanLeavingPressure,eo66-dn-v1
dsch fan leaving prs,dischargeFanLeavingPressure,eo66-dn-v1
dsch fan lv presr,dischargeFanLeavingPressure,eo66-dn-v1
dsch fan lvg p,dischargeFanLeavingPressure,eo66-dn-v1
sa f leav press,dischargeFanLeavingPressure,eo66-dn-v1
sa f lv prs,dischargeFanLeavingPressure,eo66-dn-v1
sa f lvg p,dischargeFanLeavingPressure,eo66-dn-v1
sa fan leaving press,dischargeFanLeavingPressure,eo66-dn-v1
supply f lvg presr,dischargeFanLeavingPressure,eo66-dn-v1
supply fan leaving pr,dischargeFanLeavingPressure,eo66-dn-v1
supply fan leaving presr,dischargeFanLeavingPressure,eo66-dn-v1
supply fan lv p,dischargeFanLeavingPressure,eo66-dn-v1
supply fan lvg presr,dischargeFanLeavingPressure,eo66-dn-v1
d f pr dlt,dischargeFanPressureDelta,eo66-dn-v1
d f presr dlt,dischargeFanPressureDelta,eo66-dn-v1
d f pressure dlt,dischargeFanPressureDelta,eo66-dn-v1
da f p dlt,dischargeFanPressureDelta,eo66-dn-v1
da fan presr delta,dischargeFanPressureDelta,eo66-dn-v1
da fan pressure delta,dischargeFanPressureDelta,eo66-dn-v1
da fan prs dlt,dischargeFanPressureDelta,eo66-dn-v1
dch f presr delta,dischargeFanPressureDelta,eo66-dn-v1
dch fan pr delta,dischargeFanPressureDelta,eo66-dn-v1
dch fan press delta,dischargeFanPressureDelta,eo66-dn-v1
dch fan pressure dlt,dischargeFanPressureDelta,eo66-dn-v1
dch fan prs diff,dischargeFanPressureDelta,eo66-dn-v1
dis f p diff,dischargeFanPressureDelta,eo66-dn-v1
dis f pr diff,dischargeFanPressureDelta,eo66-dn-v1
dis f press diff,dischargeFanPressureDelta,eo66-dn-v1
dis fan pr diff,dischargeFanPressureDelta,eo66-dn-v1
disch f presr diff,dischargeFanPressureDelta,eo66-dn-v1
disch f prs delta,dischargeFanPressureDelta,eo66-dn-v1
disch fan pr dlt,dischargeFanPressureDelta,eo66-dn-v1
disch fan press delta,dischargeFanPressureDelta,eo66-dn-v1
discharge f p dlt,dischargeFanPressureDelta,eo66-dn-v1
discharge f pres dlt,dischargeFanPressureDelta,eo66-dn-v1
discharge f press dlt,dischargeFanPressureDelta,eo66-dn-v1
discharge f prs delta,dischargeFanPressureDelta,eo66-dn-v1
discharge fan presr dlt,dischargeFanPressureDelta,eo66-dn-v1
discharge fan pressure delta,dischargeFanPressureDelta,eo66-dn-v1
dsch f pr delta,dischargeFanPressureDelta,eo66-dn-v1
dsch f pres diff,dischargeFanPressureDelta,eo66-dn-v1
dsch f prs delta,dischargeFanPressureDelta,eo66-dn-v1
dsch fan press diff,dischargeFanPressureDelta,eo66-dn-v1
dsch fan prs delta,dischargeFanPressureDelta,eo66-dn-v1
sa f p delta,dischargeFanPressureDelta,eo66-dn-v1
sa f pr diff,dischargeFanPressureDelta,eo66-dn-v1
sa fan press delta,dischargeFanPressureDelta,eo66-dn-v1
sa fan pressure dlt,dischargeFanPressureDelta,eo66-dn-v1
supply f p dlt,dischargeFanPressureDelta,eo66-dn-v1
supply f pres delta,dischargeFanPressureDelta,eo66-dn-v1
supply f pres diff,dischargeFanPressureDelta,eo66-dn-v1
supply fan press diff,dischargeFanPressureDelta,eo66-dn-v1
supply fan prs delta,dischargeFanPressureDelta,eo66-dn-v1
d f pr high alrm,dischargeFanPressureHiAlarm,eo66-dn-v1
d f presr hi alrm,dischargeFanPressureHiAlarm,eo66-dn-v1
d f press h alm,dischargeFanPressureHiAlarm,eo66-dn-v1
d f press high alrm,dischargeFanPressureHiAlarm,eo66-dn-v1
d fan p hi alarm,dischargeFanPressureHiAlarm,eo66-dn-v1
d fan p hi alrm,dischargeFanPressureHiAlarm,eo66-dn-v1
da f p high alarm,dischargeFanPressureHiAlarm,eo66-dn-v1
da f pr h alm,dischargeFanPressureHiAlarm,eo66-dn-v1
da f pr h alrm,dischargeFanPressureHiAlarm,eo66-dn-v1
da f pres hi alrm,dischargeFanPressureHiAlarm,eo66-dn-v1
dch f presr h alarm,dischargeFanPressureHiAlarm,eo66-dn-v1
dch fan pressure hi alarm,dischargeFanPressureHiAlarm,eo66-dn-v1
dis f p h alm,dischargeFanPressureHiAlarm,eo66-dn-v1
dis f p hi alm,dischargeFanPressureHiAlarm,eo66-dn-v1
dis fan press hi alm,dischargeFanPressureHiAlarm,eo66-dn-v1
disch fan pres hi alrm,dischargeFanPressureHiAlarm,eo66-dn-v1
disch fan press hi alarm,dischargeFanPressureHiAlarm,eo66-dn-v1
disch fan prs high alm,dischargeFanPressureHiAlarm,eo66-dn-v1
discharge f prs hi alarm,dischargeFanPressureHiAlarm,eo66-dn-v1
discharge fan p hi alrm,dischargeFanPressureHiAlarm,eo66-dn-v1
discharge fan p high alm,dischargeFanPressureHiAlarm,eo66-dn-v1
discharge fan pres h alm,dischargeFanPressureHiAlarm,eo66-dn-v1
discharge fan presr h alrm,dischargeFanPressureHiAlarm,eo66-dn-v1
discharge fan pressure high alarm,dischargeFanPressureHiAlarm,eo66-dn-v1
dsch f press high alarm,dischargeFanPressureHiAlarm,eo66-dn-v1
dsch fan presr h alm,dischargeFanPressureHiAlarm,eo66-dn-v1
dsch fan press h alarm,dischargeFanPressureHiAlarm,eo66-dn-v1
dsch fan pressure h alarm,dischargeFanPressureHiAlarm,eo66-dn-v1
dsch fan prs hi alarm,dischargeFanPressureHiAlarm,eo66-dn-v1
sa f p hi alarm,dischargeFanPressureHiAlarm,eo66-dn-v1
sa f presr hi alrm,dischargeFanPressureHiAlarm,eo66-dn-v1
sa fan p hi alm,dischargeFanPressureHiAlarm,eo66-dn-v1
sa fan p high alarm,dischargeFanPressureHiAlarm,eo66-dn-v1
sa fan presr h alm,dischargeFanPressureHiAlarm,eo66-dn-v1
sa fan press hi alarm,dischargeFanPressureHiAlarm,eo66-dn-v1
sa fan pressure high alrm,dischargeFanPressureHiAlarm,eo66-dn-v1
supply f press hi alarm,dischargeFanPressureHiAlarm,eo66-dn-v1
supply f pressure hi alm,dischargeFanPressureHiAlarm,eo66-dn-v1
supply f pressure high alm,dischargeFanPressureHiAlarm,eo66-dn-v1
supply fan pr hi alarm,dischargeFanPressureHiAlarm,eo66-dn-v1
d airflow co2 mx reset sp,dischargeFlowCO2MaxSp,eo66-dn-v1
d cfm co2 max reset s,dischargeFlowCO2MaxSp,eo66-dn-v1
d cfm co2 mx rst setpoint,dischargeFlowCO2MaxSp,eo66-dn-v1
d cfm co2 mx rst setpt,dischargeFlowCO2MaxSp,eo66-dn-v1
da air co2 max reset stpt,dischargeFlowCO2MaxSp,eo66-dn-v1
da airflow co2 mx rst sp,dischargeFlowCO2MaxSp,eo66-dn-v1
da airflw co2 mx rst stpt,dischargeFlowCO2MaxSp,eo66-dn-v1
dch air co2 max rst setp,dischargeFlowCO2MaxSp,eo66-dn-v1
dch air co2 mx rst setpoint,dischargeFlowCO2MaxSp,eo66-dn-v1
dch airflow co2 max rst set,dischargeFlowCO2MaxSp,eo66-dn-v1
dch airflow co2 mx rst sp,dischargeFlowCO2MaxSp,eo66-dn-v1
dch airflow co2 mx rst spt,dischargeFlowCO2MaxSp,eo66-dn-v1
dch cfm co2 max rst stpt,dischargeFlowCO2MaxSp,eo66-dn-v1
dch cfm co2 mx reset set,dischargeFlowCO2MaxSp,eo66-dn-v1
dch cfm co2 mx reset setpoint,dischargeFlowCO2MaxSp,eo66-dn-v1
dch flow co2 mx rst setp,dischargeFlowCO2MaxSp,eo66-dn-v1
dis air co2 max reset stpt,dischargeFlowCO2MaxSp,eo66-dn-v1
dis cfm co2 max reset setpt,dischargeFlowCO2MaxSp,eo66-dn-v1
dis flow co2 mx reset setp,dischargeFlowCO2MaxSp,eo66-dn-v1
disch airflow co2 max rst sp,dischargeFlowCO2MaxSp,eo66-dn-v1
disch airflow co2 max rst spt,dischargeFlowCO2MaxSp,eo66-dn-v1
disch airflow co2 mx rst setpoint,dischargeFlowCO2MaxSp,eo66-dn-v1
disch airflw co2 max rst setpoint,dischargeFlowCO2MaxSp,eo66-dn-v1
disch cfm co2 mx reset s,dischargeFlowCO2MaxSp,eo66-dn-v1
discharge air co2 max rst setpoint,dischargeFlowCO2MaxSp,eo66-dn-v1
discharge airflow co2 max reset setpoint,dischargeFlowCO2MaxSp,eo66-dn-v1
discharge airflow co2 mx rst setpt,dischargeFlowCO2MaxSp,eo66-dn-v1
discharge flow co2 max reset set,dischargeFlowCO2MaxSp,eo66-dn-v1
discharge flow co2 max reset setp,dischargeFlowCO2MaxSp,eo66-dn-v1
dsch flow co2 max rst stpt,dischargeFlowCO2MaxSp,eo66-dn-v1
sa airflow co2 max reset sp,dischargeFlowCO2MaxSp,eo66-dn-v1
sa airflw co2 max rst sp,dischargeFlowCO2MaxSp,eo66-dn-v1
sa flow co2 mx reset setpoint,dischargeFlowCO2MaxSp,eo66-dn-v1
sa flow co2 mx reset sp,dischargeFlowCO2MaxSp,eo66-dn-v1
sa flow co2 mx rst stpt,dischargeFlowCO2MaxSp,eo66-dn-v1
supply airflow co2 max rst spt,dischargeFlowCO2MaxSp,eo66-dn-v1
supply airflow co2 mx reset setpoint,dischargeFlowCO2MaxSp,eo66-dn-v1
supply airflow co2 mx rst setpoint,dischargeFlowCO2MaxSp,eo66-dn-v1
supply cfm co2 max reset sp,dischargeFlowCO2MaxSp,eo66-dn-v1
supply flow co2 max reset stpt,dischargeFlowCO2MaxSp,eo66-dn-v1
d airflw co2 min rst sp,dischargeFlowCO2MinSp,eo66-dn-v1
d flow co2 mn reset setpoint,dischargeFlowCO2MinSp,eo66-dn-v1
da air co2 min reset s,dischargeFlowCO2MinSp,eo66-dn-v1
da air co2 mn rst set,dischargeFlowCO2MinSp,eo66-dn-v1
da airflow co2 mn reset s,dischargeFlowCO2MinSp,eo66-dn-v1
da cfm co2 mn reset spt,dischargeFlowCO2MinSp,eo66-dn-v1
da flow co2 mn reset setpoint,dischargeFlowCO2MinSp,eo66-dn-v1
dch airflw co2 min rst spt,dischargeFlowCO2MinSp,eo66-dn-v1
dch airflw co2 mn rst stpt,dischargeFlowCO2MinSp,eo66-dn-v1
dch cfm co2 min rst s,dischargeFlowCO2MinSp,eo66-dn-v1
dch cfm co2 mn reset spt,dischargeFlowCO2MinSp,eo66-dn-v1
dch flow co2 min reset s,dischargeFlowCO2MinSp,eo66-dn-v1
dis airflow co2 min reset set,dischargeFlowCO2MinSp,eo66-dn-v1
dis airflow co2 min rst setp,dischargeFlowCO2MinSp,eo66-dn-v1
dis airflow co2 mn reset setp,dischargeFlowCO2MinSp,eo66-dn-v1
dis airflw co2 mn reset spt,dischargeFlowCO2MinSp,eo66-dn-v1
dis airflw co2 mn reset stpt,dischargeFlowCO2MinSp,eo66-dn-v1
dis airflw co2 mn rst set,dischargeFlowCO2MinSp,eo66-dn-v1
disch air co2 mn reset stpt,dischargeFlowCO2MinSp,eo66-dn-v1
disch airflw co2 mn rst setp,dischargeFlowCO2MinSp,eo66-dn-v1
disch cfm co2 mn reset stpt,dischargeFlowCO2MinSp,eo66-dn-v1
disch flow co2 min rst set,dischargeFlowCO2MinSp,eo66-dn-v1
disch flow co2 min rst setpt,dischargeFlowCO2MinSp,eo66-dn-v1
discharge air co2 mn rst sp,dischargeFlowCO2MinSp,eo66-dn-v1
discharge airflow co2 min reset setpoint,dischargeFlowCO2MinSp,eo66-dn-v1
discharge airflw co2 min reset stpt,dischargeFlowCO2MinSp,eo66-dn-v1
discharge cfm co2 min rst stpt,dischargeFlowCO2MinSp,eo66-dn-v1
discharge flow co2 min rst setpoint,dischargeFlowCO2MinSp,eo66-dn-v1
dsch air co2 min reset stpt,dischargeFlowCO2MinSp,eo66-dn-v1
dsch air co2 mn reset setpoint,dischargeFlowCO2MinSp,eo66-dn-v1
dsch flow co2 min reset stpt,dischargeFlowCO2MinSp,eo66-dn-v1
dsch flow co2 min rst set,dischargeFlowCO2MinSp,eo66-dn-v1
dsch flow co2 mn reset s,dischargeFlowCO2MinSp,eo66-dn-v1
sa airflow co2 min reset sp,dischargeFlowCO2MinSp,eo66-dn-v1
sa airflow co2 min rst set,dischargeFlowCO2MinSp,eo66-dn-v1
sa airflw co2 mn reset setpt,dischargeFlowCO2MinSp,eo66-dn-v1
sa flow co2 min reset stpt,dischargeFlowCO2MinSp,eo66-dn-v1
supply air co2 min rst s,dischargeFlowCO2MinSp,eo66-dn-v1
supply cfm co2 mn reset set,dischargeFlowCO2MinSp,eo66-dn-v1
supply cfm co2 mn reset spt,dischargeFlowCO2MinSp,eo66-dn-v1
d air occ sp,dischargeFlowOccSp,eo66-dn-v1
da air occupied spt,dischargeFlowOccSp,eo66-dn-v1
da airflow occ sp,dischargeFlowOccSp,eo66-dn-v1
da cfm occ sp,dischargeFlowOccSp,eo66-dn-v1
da cfm ocp sp,dischargeFlowOccSp,eo66-dn-v1
da flow occup setpt,dischargeFlowOccSp,eo66-dn-v1
dch air ocp setpt,dischargeFlowOccSp,eo66-dn-v1
dch airflw occ setpt,dischargeFlowOccSp,eo66-dn-v1
dch airflw occup spt,dischargeFlowOccSp,eo66-dn-v1
dch airflw ocp sp,dischargeFlowOccSp,eo66-dn-v1
dch airflw ocp stpt,dischargeFlowOccSp,eo66-dn-v1
dis air occup spt,dischargeFlowOccSp,eo66-dn-v1
dis air ocp setp,dischargeFlowOccSp,eo66-dn-v1
dis air ocp sp,dischargeFlowOccSp,eo66-dn-v1
dis airflow occup stpt,dischargeFlowOccSp,eo66-dn-v1
dis airflw occup sp,dischargeFlowOccSp,eo66-dn-v1
dis cfm occupied set,dischargeFlowOccSp,eo66-dn-v1
dis flow occupied setp,dischargeFlowOccSp,eo66-dn-v1
disch airflow occup setp,dischargeFlowOccSp,eo66-dn-v1
disch airflow ocp set,dischargeFlowOccSp,eo66-dn-v1
disch airflow ocp spt,dischargeFlowOccSp,eo66-dn-v1
discharge airflow occupied setpoint,dischargeFlowOccSp,eo66-dn-v1
discharge airflw ocp set,dischargeFlowOccSp,eo66-dn-v1
discharge flow ocp spt,dischargeFlowOccSp,eo66-dn-v1
dsch air ocp s,dischargeFlowOccSp,eo66-dn-v1
dsch air ocp spt,dischargeFlowOccSp,eo66-dn-v1
dsch airflow ocp setp,dischargeFlowOccSp,eo66-dn-v1
dsch airflw occup sp,dischargeFlowOccSp,eo66-dn-v1
dsch cfm occupied set,dischargeFlowOccSp,eo66-dn-v1
dsch cfm ocp spt,dischargeFlowOccSp,eo66-dn-v1
dsch flow ocp setpoint,dischargeFlowOccSp,eo66-dn-v1
dsch flow ocp stpt,dischargeFlowOccSp,eo66-dn-v1
sa air ocp setp,dischargeFlowOccSp,eo66-dn-v1
sa airflow occupied sp,dischargeFlowOccSp,eo66-dn-v1
sa airflw occupied setp,dischargeFlowOccSp,eo66-dn-v1
sa flow occup setp,dischargeFlowOccSp,eo66-dn-v1
supply airflow ocp spt,dischargeFlowOccSp,eo66-dn-v1
supply cfm ocp setp,dischargeFlowOccSp,eo66-dn-v1
supply cfm ocp sp,dischargeFlowOccSp,eo66-dn-v1
supply flow ocp setp,dischargeFlowOccSp,eo66-dn-v1
d airflow re heating max rst setpoint,dischargeFlowReHeatMaxSp,eo66-dn-v1
d airflw re heating mx rst setpoint,dischargeFlowReHeatMaxSp,eo66-dn-v1
d flow re heating max reset s,dischargeFlowReHeatMaxSp,eo66-dn-v1
d flow re htg mx reset set,dischargeFlowReHeatMaxSp,eo66-dn-v1
da airflow re heat mx reset setpt,dischargeFlowReHeatMaxSp,eo66-dn-v1
da airflw re htg max rst s,dischargeFlowReHeatMaxSp,eo66-dn-v1
dch cfm re htg max reset stpt,dischargeFlowReHeatMaxSp,eo66-dn-v1
dch flow re heat mx reset setpt,dischargeFlowReHeatMaxSp,eo66-dn-v1
dch flow re heat mx reset spt,dischargeFlowReHeatMaxSp,eo66-dn-v1
dis air re htg max reset setpoint,dischargeFlowReHeatMaxSp,eo66-dn-v1
dis airflow re heat max reset sp,dischargeFlowReHeatMaxSp,eo66-dn-v1
dis airflw re heating max reset s,dischargeFlowReHeatMaxSp,eo66-dn-v1
dis airflw re htg max reset spt,dischargeFlowReHeatMaxSp,eo66-dn-v1
dis cfm re heating max reset sp,dischargeFlowReHeatMaxSp,eo66-dn-v1
dis flow re heat max reset setpoint,dischargeFlowReHeatMaxSp,eo66-dn-v1
disch airflow re heating mx reset stpt,dischargeFlowReHeatMaxSp,eo66-dn-v1
disch airflow re htg max reset set,dischargeFlowReHeatMaxSp,eo66-dn-v1
disch cfm re heating mx reset set,dischargeFlowReHeatMaxSp,eo66-dn-v1
disch cfm re htg mx rst sp,dischargeFlowReHeatMaxSp,eo66-dn-v1
disch flow re heating max rst s,dischargeFlowReHeatMaxSp,eo66-dn-v1
discharge air re heating mx reset sp,dischargeFlowReHeatMaxSp,eo66-dn-v1
discharge airflow re heat max reset setpoint,dischargeFlowReHeatMaxSp,eo66-dn-v1
discharge airflow re heat max rst s,dischargeFlowReHeatMaxSp,eo66-dn-v1
discharge airflow re htg mx reset setpoint,dischargeFlowReHeatMaxSp,eo66-dn-v1
discharge airflow re htg mx rst setp,dischargeFlowReHeatMaxSp,eo66-dn-v1
discharge airflw re heating mx reset s,dischargeFlowReHeatMaxSp,eo66-dn-v1
discharge flow re htg mx rst setpt,dischargeFlowReHeatMaxSp,eo66-dn-v1
dsch air re heat max rst setpoint,dischargeFlowReHeatMaxSp,eo66-dn-v1
dsch airflw re heating max reset setpt,dischargeFlowReHeatMaxSp,eo66-dn-v1
dsch airflw re heating max rst setp,dischargeFlowReHeatMaxSp,eo66-dn-v1
dsch airflw re heating max rst setpt,dischargeFlowReHeatMaxSp,eo66-dn-v1
dsch cfm re heat max reset setpt,dischargeFlowReHeatMaxSp,eo66-dn-v1
dsch cfm re heat mx rst setpoint,dischargeFlowReHeatMaxSp,eo66-dn-v1
dsch cfm re heating max reset setpt,dischargeFlowReHeatMaxSp,eo66-dn-v1
dsch cfm re heating max rst s,dischargeFlowReHeatMaxSp,eo66-dn-v1
dsch cfm re heating mx reset setpt,dischargeFlowReHeatMaxSp,eo66-dn-v1
sa airflow re heat max reset sp,dischargeFlowReHeatMaxSp,eo66-dn-v1
supply air re heating mx rst s,dischargeFlowReHeatMaxSp,eo66-dn-v1
supply airflow re heat mx rst set,dischargeFlowReHeatMaxSp,eo66-dn-v1
supply cfm re htg max rst spt,dischargeFlowReHeatMaxSp,eo66-dn-v1
d airflw re heating mn reset set,dischargeFlowReHeatMinSp,eo66-dn-v1
da air re heating min reset setp,dischargeFlowReHeatMinSp,eo66-dn-v1
da airflw re heating min rst setpt,dischargeFlowReHeatMinSp,eo66-dn-v1
da cfm re heat min reset spt,dischargeFlowReHeatMinSp,eo66-dn-v1
da cfm re heat mn rst setpoint,dischargeFlowReHeatMinSp,eo66-dn-v1
da cfm re heating mn reset setpt,dischargeFlowReHeatMinSp,eo66-dn-v1
da cfm re heating mn rst setp,dischargeFlowReHeatMinSp,eo66-dn-v1
da cfm re htg mn rst set,dischargeFlowReHeatMinSp,eo66-dn-v1
dch air re heat mn rst set,dischargeFlowReHeatMinSp,eo66-dn-v1
dch air re heating min rst setpoint,dischargeFlowReHeatMinSp,eo66-dn-v1
dch cfm re heating min rst sp,dischargeFlowReHeatMinSp,eo66-dn-v1
dch flow re htg min reset setpt,dischargeFlowReHeatMinSp,eo66-dn-v1
dch flow re htg mn rst s,dischargeFlowReHeatMinSp,eo66-dn-v1
dis airflow re heat min rst s,dischargeFlowReHeatMinSp,eo66-dn-v1
dis airflw re heat min reset set,dischargeFlowReHeatMinSp,eo66-dn-v1
dis airflw re htg min rst setpt,dischargeFlowReHeatMinSp,eo66-dn-v1
dis airflw re htg mn rst setpt,dischargeFlowReHeatMinSp,eo66-dn-v1
dis airflw re htg mn rst stpt,dischargeFlowReHeatMinSp,eo66-dn-v1
disch airflw re heat mn rst s,dischargeFlowReHeatMinSp,eo66-dn-v1
disch airflw re htg mn reset sp,dischargeFlowReHeatMinSp,eo66-dn-v1
disch cfm re heat mn rst spt,dischargeFlowReHeatMinSp,eo66-dn-v1
disch cfm re htg mn rst sp,dischargeFlowReHeatMinSp,eo66-dn-v1
discharge airflow re heat min reset setp,dischargeFlowReHeatMinSp,eo66-dn-v1
discharge airflow re heat min reset setpoint,dischargeFlowReHeatMinSp,eo66-dn-v1
discharge airflow re htg min rst setpoint,dischargeFlowReHeatMinSp,eo66-dn-v1
discharge airflw re heating min rst setp,dischargeFlowReHeatMinSp,eo66-dn-v1
discharge cfm re heat min reset stpt,dischargeFlowReHeatMinSp,eo66-dn-v1
discharge flow re heat mn rst setpt,dischargeFlowReHeatMinSp,eo66-dn-v1
dsch air re heating mn reset sp,dischargeFlowReHeatMinSp,eo66-dn-v1
dsch airflow re heat min rst setp,dischargeFlowReHeatMinSp,eo66-dn-v1
dsch airflow re heating mn reset stpt,dischargeFlowReHeatMinSp,eo66-dn-v1
sa airflow re heat min reset sp,dischargeFlowReHeatMinSp,eo66-dn-v1
sa airflow re htg min rst sp,dischargeFlowReHeatMinSp,eo66-dn-v1
sa flow re htg min reset setpt,dischargeFlowReHeatMinSp,eo66-dn-v1
supply air re heating min reset spt,dischargeFlowReHeatMinSp,eo66-dn-v1
supply air re htg mn rst stpt,dischargeFlowReHeatMinSp,eo66-dn-v1
supply airflow re heat mn rst set,dischargeFlowReHeatMinSp,eo66-dn-v1
supply airflw re htg min reset stpt,dischargeFlowReHeatMinSp,eo66-dn-v1
supply airflw re htg min rst s,dischargeFlowReHeatMinSp,eo66-dn-v1
supply flow re heating mn reset setpt,dischargeFlowReHeatMinSp,eo66-dn-v1
d air unoc spt,dischargeFlowUnoccSp,eo66-dn-v1
d air unocc s,dischargeFlowUnoccSp,eo66-dn-v1
d airflow unocc spt,dischargeFlowUnoccSp,eo66-dn-v1
d flow unocc setpt,dischargeFlowUnoccSp,eo66-dn-v1
da cfm unocc sp,dischargeFlowUnoccSp,eo66-dn-v1
da flow unoc set,dischargeFlowUnoccSp,eo66-dn-v1
da flow unoc stpt,dischargeFlowUnoccSp,eo66-dn-v1
da flow unoccupied spt,dischargeFlowUnoccSp,eo66-dn-v1
dch airflow unocc spt,dischargeFlowUnoccSp,eo66-dn-v1
dch airflow unoccupied setpoint,dischargeFlowUnoccSp,eo66-dn-v1
dch airflw unoccupied s,dischargeFlowUnoccSp,eo66-dn-v1
dch airflw unoccupied sp,dischargeFlowUnoccSp,eo66-dn-v1
dch cfm unoccupied s,dischargeFlowUnoccSp,eo66-dn-v1
dch cfm unoccupied setpoint,dischargeFlowUnoccSp,eo66-dn-v1
dis air unoc stpt,dischargeFlowUnoccSp,eo66-dn-v1
dis air unocc setp,dischargeFlowUnoccSp,eo66-dn-v1
dis cfm unoc setpt,dischargeFlowUnoccSp,eo66-dn-v1
dis cfm unoc spt,dischargeFlowUnoccSp,eo66-dn-v1
dis cfm unoc stpt,dischargeFlowUnoccSp,eo66-dn-v1
disch air unoc set,dischargeFlowUnoccSp,eo66-dn-v1
disch airflow unoc setpt,dischargeFlowUnoccSp,eo66-dn-v1
disch airflw unoc spt,dischargeFlowUnoccSp,eo66-dn-v1
disch flow unoc spt,dischargeFlowUnoccSp,eo66-dn-v1
discharge airflow unoccupied setpoint,dischargeFlowUnoccSp,eo66-dn-v1
discharge airflw unocc setpoint,dischargeFlowUnoccSp,eo66-dn-v1
discharge cfm unocc set,dischargeFlowUnoccSp,eo66-dn-v1
discharge cfm unocc spt,dischargeFlowUnoccSp,eo66-dn-v1
discharge flow unocc s,dischargeFlowUnoccSp,eo66-dn-v1
discharge flow unocc set,dischargeFlowUnoccSp,eo66-dn-v1
discharge flow unocc stpt,dischargeFlowUnoccSp,eo66-dn-v1
discharge flow unoccupied spt,dischargeFlowUnoccSp,eo66-dn-v1
dsch airflow unoc stpt,dischargeFlowUnoccSp,eo66-dn-v1
dsch airflow unocc s,dischargeFlowUnoccSp,eo66-dn-v1
dsch cfm unoc spt,dischargeFlowUnoccSp,eo66-dn-v1
sa airflow unoc stpt,dischargeFlowUnoccSp,eo66-dn-v1
sa airflow unocc sp,dischargeFlowUnoccSp,eo66-dn-v1
sa cfm unocc setpoint,dischargeFlowUnoccSp,eo66-dn-v1
sa flow unoccupied setpoint,dischargeFlowUnoccSp,eo66-dn-v1
supply airflw unoc sp,dischargeFlowUnoccSp,eo66-dn-v1
supply flow unoc stpt,dischargeFlowUnoccSp,eo66-dn-v1
d hum max reset stpt,dischargeHumidMaxSp,eo66-dn-v1
d hum mx rst setpoint,dischargeHumidMaxSp,eo66-dn-v1
d humid max reset setpoint,dischargeHumidMaxSp,eo66-dn-v1
d humid max rst s,dischargeHumidMaxSp,eo66-dn-v1
d humid mx rst stpt,dischargeHumidMaxSp,eo66-dn-v1
d humidification max rst set,dischargeHumidMaxSp,eo66-dn-v1
da hum mx reset spt,dischargeHumidMaxSp,eo66-dn-v1
da humidification max reset sp,dischargeHumidMaxSp,eo66-dn-v1
dch hum max rst set,dischargeHumidMaxSp,eo66-dn-v1
dch hum mx rst setpt,dischargeHumidMaxSp,eo66-dn-v1
dch humid max rst s,dischargeHumidMaxSp,eo66-dn-v1
dch humid max rst sp,dischargeHumidMaxSp,eo66-dn-v1
dch humid max rst stpt,dischargeHumidMaxSp,eo66-dn-v1
dch humid mx rst setpt,dischargeHumidMaxSp,eo66-dn-v1
dch humidification mx rst set,dischargeHumidMaxSp,eo66-dn-v1
dis hum mx rst sp,dischargeHumidMaxSp,eo66-dn-v1
dis humid mx rst stpt,dischargeHumidMaxSp,eo66-dn-v1
dis humidification max rst setpt,dischargeHumidMaxSp,eo66-dn-v1
dis humidification mx reset s,dischargeHumidMaxSp,eo66-dn-v1
disch hum max reset setpt,dischargeHumidMaxSp,eo66-dn-v1
disch hum mx reset s,dischargeHumidMaxSp,eo66-dn-v1
disch humid max rst setp,dischargeHumidMaxSp,eo66-dn-v1
disch humid mx reset s,dischargeHumidMaxSp,eo66-dn-v1
disch humid mx reset setpoint,dischargeHumidMaxSp,eo66-dn-v1
disch humidification mx reset s,dischargeHumidMaxSp,eo66-dn-v1
disch humidification mx reset set,dischargeHumidMaxSp,eo66-dn-v1
disch humidification mx rst setpoint,dischargeHumidMaxSp,eo66-dn-v1
discharge hum max rst sp,dischargeHumidMaxSp,eo66-dn-v1
discharge humid mx rst setp,dischargeHumidMaxSp,eo66-dn-v1
discharge humidification max reset setpoint,dischargeHumidMaxSp,eo66-dn-v1
discharge humidification max rst stpt,dischargeHumidMaxSp,eo66-dn-v1
discharge humidification mx rst sp,dischargeHumidMaxSp,eo66-dn-v1
dsch humid mx reset stpt,dischargeHumidMaxSp,eo66-dn-v1
dsch humidification mx rst spt,dischargeHumidMaxSp,eo66-dn-v1
sa humid max reset sp,dischargeHumidMaxSp,eo66-dn-v1
sa humidification max reset spt,dischargeHumidMaxSp,eo66-dn-v1
supply hum mx reset setp,dischargeHumidMaxSp,eo66-dn-v1
supply humid max rst setp,dischargeHumidMaxSp,eo66-dn-v1
supply humidification max reset stpt,dischargeHumidMaxSp,eo66-dn-v1
supply humidification max rst set,dischargeHumidMaxSp,eo66-dn-v1
d h mx rst set,dischargeHumidityMaxSp,eo66-dn-v1
d hi mx rst spt,dischargeHumidityMaxSp,eo66-dn-v1
d hm mx reset setpt,dischargeHumidityMaxSp,eo66-dn-v1
da h mx rst stpt,dischargeHumidityMaxSp,eo66-dn-v1
da hum max rst setp,dischargeHumidityMaxSp,eo66-dn-v1
da hum mx rst s,dischargeHumidityMaxSp,eo66-dn-v1
da humid mx rst setpoint,dischargeHumidityMaxSp,eo66-dn-v1
da rh max rst setp,dischargeHumidityMaxSp,eo66-dn-v1
da rh mx reset stpt,dischargeHumidityMaxSp,eo66-dn-v1
dch humd max reset setpt,dischargeHumidityMaxSp,eo66-dn-v1
dis humd max rst setpoint,dischargeHumidityMaxSp,eo66-dn-v1
dis humd max rst sp,dischargeHumidityMaxSp,eo66-dn-v1
dis humid max reset setpt,dischargeHumidityMaxSp,eo66-dn-v1
dis humid max reset stpt,dischargeHumidityMaxSp,eo66-dn-v1
dis humid max rst spt,dischargeHumidityMaxSp,eo66-dn-v1
dis humidity mx rst setpt,dischargeHumidityMaxSp,eo66-dn-v1
disch humd mx rst s,dischargeHumidityMaxSp,eo66-dn-v1
disch humidity max reset setpoint,dischargeHumidityMaxSp,eo66-dn-v1
discharge hm max reset stpt,dischargeHumidityMaxSp,eo66-dn-v1
discharge hum max rst setp,dischargeHumidityMaxSp,eo66-dn-v1
discharge humidity max reset setpoint,dischargeHumidityMaxSp,eo66-dn-v1
discharge humidity max reset sp,dischargeHumidityMaxSp,eo66-dn-v1
discharge humidity mx rst s,dischargeHumidityMaxSp,eo66-dn-v1
dsch h mx rst setp,dischargeHumidityMaxSp,eo66-dn-v1
dsch humd mx rst stpt,dischargeHumidityMaxSp,eo66-dn-v1
dsch humid mx reset s,dischargeHumidityMaxSp,eo66-dn-v1
dsch humidity max rst sp,dischargeHumidityMaxSp,eo66-dn-v1
sa hm mx rst set,dischargeHumidityMaxSp,eo66-dn-v1
sa humidity max reset set,dischargeHumidityMaxSp,eo66-dn-v1
sa humidity max reset sp,dischargeHumidityMaxSp,eo66-dn-v1
sa rh mx rst set,dischargeHumidityMaxSp,eo66-dn-v1
supply hi max reset setp,dischargeHumidityMaxSp,eo66-dn-v1
supply hm mx reset set,dischargeHumidityMaxSp,eo66-dn-v1
supply humd max rst s,dischargeHumidityMaxSp,eo66-dn-v1
supply humd mx rst setp,dischargeHumidityMaxSp,eo66-dn-v1
supply humid mx reset setp,dischargeHumidityMaxSp,eo66-dn-v1
supply humidity max reset s,dischargeHumidityMaxSp,eo66-dn-v1
supply rh max reset setp,dischargeHumidityMaxSp,eo66-dn-v1
supply rh max rst setpt,dischargeHumidityMaxSp,eo66-dn-v1
supply rh max rst sp,dischargeHumidityMaxSp,eo66-dn-v1
d t s offset max,dischargeTempSpOffsetMax,eo66-dn-v1
d t sp offset mx,dischargeTempSpOffsetMax,eo66-dn-v1
d t stpt offset mx,dischargeTempSpOffsetMax,eo66-dn-v1
d temp s offset mx,dischargeTempSpOffsetMax,eo66-dn-v1
d temperature setp offset mx,dischargeTempSpOffsetMax,eo66-dn-v1
da t stpt offset mx,dischargeTempSpOffsetMax,eo66-dn-v1
da temperature stpt offset max,dischargeTempSpOffsetMax,eo66-dn-v1
dch t setpoint offset max,dischargeTempSpOffsetMax,eo66-dn-v1
dch temp s offset mx,dischargeTempSpOffsetMax,eo66-dn-v1
dch temperature spt offset max,dischargeTempSpOffsetMax,eo66-dn-v1
dch tmp setpoint offset mx,dischargeTempSpOffsetMax,eo66-dn-v1
dch tmp setpt offset max,dischargeTempSpOffsetMax,eo66-dn-v1
dis t setp offset mx,dischargeTempSpOffsetMax,eo66-dn-v1
dis temp s offset mx,dischargeTempSpOffsetMax,eo66-dn-v1
dis temp spt offset max,dischargeTempSpOffsetMax,eo66-dn-v1
dis temperature setp offset mx,dischargeTempSpOffsetMax,eo66-dn-v1
dis tmp spt offset mx,dischargeTempSpOffsetMax,eo66-dn-v1
disch t s offset max,dischargeTempSpOffsetMax,eo66-dn-v1
disch t setpt offset mx,dischargeTempSpOffsetMax,eo66-dn-v1
disch temp stpt offset mx,dischargeTempSpOffsetMax,eo66-dn-v1
disch tmp s offset mx,dischargeTempSpOffsetMax,eo66-dn-v1
disch tmp spt offset mx,dischargeTempSpOffsetMax,eo66-dn-v1
discharge t setp offset max,dischargeTempSpOffsetMax,eo66-dn-v1
discharge temperature setpoint offset max,dischargeTempSpOffsetMax,eo66-dn-v1
discharge tmp s offset mx,dischargeTempSpOffsetMax,eo66-dn-v1
discharge tmp sp offset mx,dischargeTempSpOffsetMax,eo66-dn-v1
dsch t setp offset mx,dischargeTempSpOffsetMax,eo66-dn-v1
dsch temp setpt offset mx,dischargeTempSpOffsetMax,eo66-dn-v1
dsch temperature sp offset mx,dischargeTempSpOffsetMax,eo66-dn-v1
dsch tmp set offset max,dischargeTempSpOffsetMax,eo66-dn-v1
dsch tmp stpt offset max,dischargeTempSpOffsetMax,eo66-dn-v1
sa temp s offset mx,dischargeTempSpOffsetMax,eo66-dn-v1
sa temp sp offset max,dischargeTempSpOffsetMax,eo66-dn-v1
sa temp stpt offset mx,dischargeTempSpOffsetMax,eo66-dn-v1
sa temperature spt offset max,dischargeTempSpOffsetMax,eo66-dn-v1
sa temperature spt offset mx,dischargeTempSpOffsetMax,eo66-dn-v1
supply t sp offset mx,dischargeTempSpOffsetMax,eo66-dn-v1
supply t stpt offset max,dischargeTempSpOffsetMax,eo66-dn-v1
supply temperature stpt offset mx,dischargeTempSpOffsetMax,eo66-dn-v1
supply tmp s offset max,dischargeTempSpOffsetMax,eo66-dn-v1
d t setpoint offset mn,dischargeTempSpOffsetMin,eo66-dn-v1
d tmp spt offset mn,dischargeTempSpOffsetMin,eo66-dn-v1
da t s offset min,dischargeTempSpOffsetMin,eo66-dn-v1
da t sp offset mn,dischargeTempSpOffsetMin,eo66-dn-v1
da temp spt offset min,dischargeTempSpOffsetMin,eo66-dn-v1
da temperature setpoint offset min,dischargeTempSpOffsetMin,eo66-dn-v1
da temperature setpoint offset mn,dischargeTempSpOffsetMin,eo66-dn-v1
dch t sp offset min,dischargeTempSpOffsetMin,eo66-dn-v1
dch temp spt offset mn,dischargeTempSpOffsetMin,eo66-dn-v1
dch temp stpt offset mn,dischargeTempSpOffsetMin,eo66-dn-v1
dch tmp stpt offset min,dischargeTempSpOffsetMin,eo66-dn-v1
dis t sp offset min,dischargeTempSpOffsetMin,eo66-dn-v1
dis t spt offset mn,dischargeTempSpOffsetMin,eo66-dn-v1
dis temp s offset min,dischargeTempSpOffsetMin,eo66-dn-v1
dis temperature setpt offset min,dischargeTempSpOffsetMin,eo66-dn-v1
dis temperature sp offset min,dischargeTempSpOffsetMin,eo66-dn-v1
dis tmp sp offset mn,dischargeTempSpOffsetMin,eo66-dn-v1
disch temperature set offset mn,dischargeTempSpOffsetMin,eo66-dn-v1
disch temperature setpt offset mn,dischargeTempSpOffsetMin,eo66-dn-v1
disch tmp stpt offset min,dischargeTempSpOffsetMin,eo66-dn-v1
disch tmp stpt offset mn,dischargeTempSpOffsetMin,eo66-dn-v1
discharge temperature s offset mn,dischargeTempSpOffsetMin,eo66-dn-v1
discharge temperature setpoint offset min,dischargeTempSpOffsetMin,eo66-dn-v1
dsch t setp offset min,dischargeTempSpOffsetMin,eo66-dn-v1
dsch t stpt offset min,dischargeTempSpOffsetMin,eo66-dn-v1
dsch temp set offset min,dischargeTempSpOffsetMin,eo66-dn-v1
dsch temp stpt offset min,dischargeTempSpOffsetMin,eo66-dn-v1
dsch tmp s offset mn,dischargeTempSpOffsetMin,eo66-dn-v1
dsch tmp set offset min,dischargeTempSpOffsetMin,eo66-dn-v1
sa t set offset mn,dischargeTempSpOffsetMin,eo66-dn-v1
sa t spt offset min,dischargeTempSpOffsetMin,eo66-dn-v1
sa temp sp offset min,dischargeTempSpOffsetMin,eo66-dn-v1
sa temperature setpoint offset mn,dischargeTempSpOffsetMin,eo66-dn-v1
sa temperature stpt offset mn,dischargeTempSpOffsetMin,eo66-dn-v1
sa tmp setp offset mn,dischargeTempSpOffsetMin,eo66-dn-v1
supply t setpoint offset min,dischargeTempSpOffsetMin,eo66-dn-v1
supply t setpt offset mn,dischargeTempSpOffsetMin,eo66-dn-v1
supply temp spt offset mn,dischargeTempSpOffsetMin,eo66-dn-v1
supply temperature s offset min,dischargeTempSpOffsetMin,eo66-dn-v1
supply temperature spt offset mn,dischargeTempSpOffsetMin,eo66-dn-v1
d t unoc s,dischargeTempUnoccSp,eo66-dn-v1
d temp unocc stpt,dischargeTempUnoccSp,eo66-dn-v1
d temp unoccupied sp,dischargeTempUnoccSp,eo66-dn-v1
d temperature unoccupied setpt,dischargeTempUnoccSp,eo66-dn-v1
d tmp unoc sp,dischargeTempUnoccSp,eo66-dn-v1
d tmp unocc stpt,dischargeTempUnoccSp,eo66-dn-v1
d tmp unoccupied setp,dischargeTempUnoccSp,eo66-dn-v1
da t unoc setpoint,dischargeTempUnoccSp,eo66-dn-v1
da t unocc stpt,dischargeTempUnoccSp,eo66-dn-v1
da t unoccupied spt,dischargeTempUnoccSp,eo66-dn-v1
da temperature unoccupied spt,dischargeTempUnoccSp,eo66-dn-v1
da temperature unoccupied stpt,dischargeTempUnoccSp,eo66-dn-v1
da tmp unocc set,dischargeTempUnoccSp,eo66-dn-v1
dch t unoccupied s,dischargeTempUnoccSp,eo66-dn-v1
dch t unoccupied setp,dischargeTempUnoccSp,eo66-dn-v1
dch temp unocc setpoint,dischargeTempUnoccSp,eo66-dn-v1
dch temp unocc sp,dischargeTempUnoccSp,eo66-dn-v1
dch temperature unoc setp,dischargeTempUnoccSp,eo66-dn-v1
dch tmp unocc set,dischargeTempUnoccSp,eo66-dn-v1
dch tmp unoccupied set,dischargeTempUnoccSp,eo66-dn-v1
dis temperature unoc set,dischargeTempUnoccSp,eo66-dn-v1
dis temperature unoc setpoint,dischargeTempUnoccSp,eo66-dn-v1
disch temperature unocc spt,dischargeTempUnoccSp,eo66-dn-v1
disch temperature unoccupied setpt,dischargeTempUnoccSp,eo66-dn-v1
disch temperature unoccupied spt,dischargeTempUnoccSp,eo66-dn-v1
disch tmp unocc spt,dischargeTempUnoccSp,eo66-dn-v1
disch tmp unoccupied setpoint,dischargeTempUnoccSp,eo66-dn-v1
discharge t unocc setpt,dischargeTempUnoccSp,eo66-dn-v1
discharge temperature unocc setp,dischargeTempUnoccSp,eo66-dn-v1
discharge temperature unoccupied setpoint,dischargeTempUnoccSp,eo66-dn-v1
discharge tmp unocc s,dischargeTempUnoccSp,eo66-dn-v1
discharge tmp unocc setpoint,dischargeTempUnoccSp,eo66-dn-v1
dsch t unoc s,dischargeTempUnoccSp,eo66-dn-v1
dsch t unoc stpt,dischargeTempUnoccSp,eo66-dn-v1
dsch temp unoc setp,dischargeTempUnoccSp,eo66-dn-v1
dsch temperature unocc set,dischargeTempUnoccSp,eo66-dn-v1
sa temp unocc sp,dischargeTempUnoccSp,eo66-dn-v1
sa temperature unoc setpoint,dischargeTempUnoccSp,eo66-dn-v1
sa temperature unocc setpoint,dischargeTempUnoccSp,eo66-dn-v1
supply tmp unoc setpoint,dischargeTempUnoccSp,eo66-dn-v1
drain valv c,drainValve,eo66-dn-v1
drain valv cmd,drainValve,eo66-dn-v1
drain valv cmnd,drainValve,eo66-dn-v1
drain valv command,drainValve,eo66-dn-v1
drain valve c,drainValve,eo66-dn-v1
drain valve cmd,drainValve,eo66-dn-v1
drain valve cmnd,drainValve,eo66-dn-v1
drain valve command,drainValve,eo66-dn-v1
drain vlv c,drainValve,eo66-dn-v1
drain vlv cmd,drainValve,eo66-dn-v1
drain vlv cmnd,drainValve,eo66-dn-v1
drain vlv command,drainValve,eo66-dn-v1
drn valv c,drainValve,eo66-dn-v1
drn valv cmd,drainValve,eo66-dn-v1
drn valv cmnd,drainValve,eo66-dn-v1
drn valv command,drainValve,eo66-dn-v1
drn valve c,drainValve,eo66-dn-v1
drn valve cmd,drainValve,eo66-dn-v1
drn valve cmnd,drainValve,eo66-dn-v1
drn valve command,drainValve,eo66-dn-v1
drn vlv c,drainValve,eo66-dn-v1
drn vlv cmd,drainValve,eo66-dn-v1
drn vlv cmnd,drainValve,eo66-dn-v1
drn vlv command,drainValve,eo66-dn-v1
dry clr,dryCooler,eo66-dn-v1
dry cooler,dryCooler,eo66-dn-v1
dry clr f spd c,dryCoolerFanSpeed,eo66-dn-v1
dry clr f spd cmd,dryCoolerFanSpeed,eo66-dn-v1
dry clr f spd cmnd,dryCoolerFanSpeed,eo66-dn-v1
dry clr f spd command,dryCoolerFanSpeed,eo66-dn-v1
dry clr f speed c,dryCoolerFanSpeed,eo66-dn-v1
dry clr f speed cmd,dryCoolerFanSpeed,eo66-dn-v1
dry clr f speed cmnd,dryCoolerFanSpeed,eo66-dn-v1
dry clr f speed command,dryCoolerFanSpeed,eo66-dn-v1
dry clr fan spd c,dryCoolerFanSpeed,eo66-dn-v1
dry clr fan spd cmd,dryCoolerFanSpeed,eo66-dn-v1
dry clr fan spd cmnd,dryCoolerFanSpeed,eo66-dn-v1
dry clr fan spd command,dryCoolerFanSpeed,eo66-dn-v1
dry clr fan speed c,dryCoolerFanSpeed,eo66-dn-v1
dry clr fan speed cmd,dryCoolerFanSpeed,eo66-dn-v1
dry clr fan speed cmnd,dryCoolerFanSpeed,eo66-dn-v1
dry clr fan speed command,dryCoolerFanSpeed,eo66-dn-v1
dry cooler f spd c,dryCoolerFanSpeed,eo66-dn-v1
dry cooler f spd cmd,dryCoolerFanSpeed,eo66-dn-v1
dry cooler f spd cmnd,dryCoolerFanSpeed,eo66-dn-v1
dry cooler f spd command,dryCoolerFanSpeed,eo66-dn-v1
dry cooler f speed c,dryCoolerFanSpeed,eo66-dn-v1
dry cooler f speed cmd,dryCoolerFanSpeed,eo66-dn-v1
dry cooler f speed cmnd,dryCoolerFanSpeed,eo66-dn-v1
dry cooler f speed command,dryCoolerFanSpeed,eo66-dn-v1
dry cooler fan spd c,dryCoolerFanSpeed,eo66-dn-v1
dry cooler fan spd cmd,dryCoolerFanSpeed,eo66-dn-v1
dry cooler fan spd cmnd,dryCoolerFanSpeed,eo66-dn-v1
dry cooler fan spd command,dryCoolerFanSpeed,eo66-dn-v1
dry cooler fan speed c,dryCoolerFanSpeed,eo66-dn-v1
dry cooler fan speed cmd,dryCoolerFanSpeed,eo66-dn-v1
dry cooler fan speed cmnd,dryCoolerFanSpeed,eo66-dn-v1
dry cooler fan speed command,dryCoolerFanSpeed,eo66-dn-v1
dry clr s,dryCoolerStatus,eo66-dn-v1
dry clr st,dryCoolerStatus,eo66-dn-v1
dry clr stat,dryCoolerStatus,eo66-dn-v1
dry clr status,dryCoolerStatus,eo66-dn-v1
dry clr sts,dryCoolerStatus,eo66-dn-v1
dry cooler s,dryCoolerStatus,eo66-dn-v1
dry cooler st,dryCoolerStatus,eo66-dn-v1
dry cooler stat,dryCoolerStatus,eo66-dn-v1
dry cooler status,dryCoolerStatus,eo66-dn-v1
dry cooler sts,dryCoolerStatus,eo66-dn-v1
en max,energyMax,eo66-dn-v1
en maximum,energyMax,eo66-dn-v1
energy max,energyMax,eo66-dn-v1
energy maximum,energyMax,eo66-dn-v1
engy max,energyMax,eo66-dn-v1
engy maximum,energyMax,eo66-dn-v1
enrg max,energyMax,eo66-dn-v1
enrg maximum,energyMax,eo66-dn-v1
enrgy max,energyMax,eo66-dn-v1
enrgy maximum,energyMax,eo66-dn-v1
er max,energyMax,eo66-dn-v1
er maximum,energyMax,eo66-dn-v1
chw leav flow min setpt,evapLeavingFlowMinSp,eo66-dn-v1
chw leaving flow min setp,evapLeavingFlowMinSp,eo66-dn-v1
chw leaving flw mn setpt,evapLeavingFlowMinSp,eo66-dn-v1
chw lv flo mn s,evapLeavingFlowMinSp,eo66-dn-v1
chw lv flw min setpt,evapLeavingFlowMinSp,eo66-dn-v1
chw lvg flo mn setpt,evapLeavingFlowMinSp,eo66-dn-v1
chw lvg flow mn setpt,evapLeavingFlowMinSp,eo66-dn-v1
chw lvg flw min sp,evapLeavingFlowMinSp,eo66-dn-v1
chw sup flo min set,evapLeavingFlowMinSp,eo66-dn-v1
chw sup flo mn s,evapLeavingFlowMinSp,eo66-dn-v1
chw sup flow min setpoint,evapLeavingFlowMinSp,eo66-dn-v1
chw sup flw mn s,evapLeavingFlowMinSp,eo66-dn-v1
evap leav flw mn s,evapLeavingFlowMinSp,eo66-dn-v1
evap leav flw mn stpt,evapLeavingFlowMinSp,eo66-dn-v1
evap leaving flow min sp,evapLeavingFlowMinSp,eo66-dn-v1
evap lv flo min setpoint,evapLeavingFlowMinSp,eo66-dn-v1
evap lv flo mn stpt,evapLeavingFlowMinSp,eo66-dn-v1
evap lv flw min stpt,evapLeavingFlowMinSp,eo66-dn-v1
evap lvg flow min sp,evapLeavingFlowMinSp,eo66-dn-v1
evap sup flo min spt,evapLeavingFlowMinSp,eo66-dn-v1
evap sup flo mn s,evapLeavingFlowMinSp,eo66-dn-v1
evap sup flow min spt,evapLeavingFlowMinSp,eo66-dn-v1
evaporator leav flw mn setp,evapLeavingFlowMinSp,eo66-dn-v1
evaporator leaving flow min setpoint,evapLeavingFlowMinSp,eo66-dn-v1
evaporator lv flow min spt,evapLeavingFlowMinSp,eo66-dn-v1
evaporator lv flow mn sp,evapLeavingFlowMinSp,eo66-dn-v1
evaporator lv flw min setpt,evapLeavingFlowMinSp,eo66-dn-v1
evaporator lvg flw min sp,evapLeavingFlowMinSp,eo66-dn-v1
evaporator sup flw min setp,evapLeavingFlowMinSp,eo66-dn-v1
evaporator sup flw mn stpt,evapLeavingFlowMinSp,eo66-dn-v1
evp leav flo min stpt,evapLeavingFlowMinSp,eo66-dn-v1
evp leav flo mn setpt,evapLeavingFlowMinSp,eo66-dn-v1
evp leaving flo mn setp,evapLeavingFlowMinSp,eo66-dn-v1
evp leaving flw mn setpoint,evapLeavingFlowMinSp,eo66-dn-v1
evp lv flow min s,evapLeavingFlowMinSp,eo66-dn-v1
evp lvg flo min stpt,evapLeavingFlowMinSp,eo66-dn-v1
evp sup flo mn sp,evapLeavingFlowMinSp,eo66-dn-v1
evp sup flow min setp,evapLeavingFlowMinSp,eo66-dn-v1
evp sup flow mn set,evapLeavingFlowMinSp,eo66-dn-v1
evp sup flw min setpt,evapLeavingFlowMinSp,eo66-dn-v1
chw leav flo setp,evapLeavingFlowSp,eo66-dn-v1
chw leav flo stpt,evapLeavingFlowSp,eo66-dn-v1
chw leaving flw setp,evapLeavingFlowSp,eo66-dn-v1
chw lv flo setpt,evapLeavingFlowSp,eo66-dn-v1
chw lv flo spt,evapLeavingFlowSp,eo66-dn-v1
chw lv flow setpt,evapLeavingFlowSp,eo66-dn-v1
chw lv flw s,evapLeavingFlowSp,eo66-dn-v1
chw lv flw setpoint,evapLeavingFlowSp,eo66-dn-v1
chw lv flw spt,evapLeavingFlowSp,eo66-dn-v1
chw lvg flo setpt,evapLeavingFlowSp,eo66-dn-v1
chw sup flo setp,evapLeavingFlowSp,eo66-dn-v1
chw sup flow spt,evapLeavingFlowSp,eo66-dn-v1
chw sup flw set,evapLeavingFlowSp,eo66-dn-v1
chw sup flw sp,evapLeavingFlowSp,eo66-dn-v1
evap leaving flow sp,evapLeavingFlowSp,eo66-dn-v1
evap lv flo sp,evapLeavingFlowSp,eo66-dn-v1
evap lv flo stpt,evapLeavingFlowSp,eo66-dn-v1
evap lv flow setpoint,evapLeavingFlowSp,eo66-dn-v1
evap lvg flow set,evapLeavingFlowSp,eo66-dn-v1
evap lvg flw sp,evapLeavingFlowSp,eo66-dn-v1
evap sup flo sp,evapLeavingFlowSp,eo66-dn-v1
evap sup flow stpt,evapLeavingFlowSp,eo66-dn-v1
evap sup flw setpoint,evapLeavingFlowSp,eo66-dn-v1
evaporator leav flw spt,evapLeavingFlowSp,eo66-dn-v1
evaporator leaving flow setp,evapLeavingFlowSp,eo66-dn-v1
evaporator leaving flow setpoint,evapLeavingFlowSp,eo66-dn-v1
evaporator leaving flw s,evapLeavingFlowSp,eo66-dn-v1
evaporator lv flo setpt,evapLeavingFlowSp,eo66-dn-v1
evaporator lvg flow setpt,evapLeavingFlowSp,eo66-dn-v1
evaporator sup flo spt,evapLeavingFlowSp,eo66-dn-v1
evp leav flo set,evapLeavingFlowSp,eo66-dn-v1
evp leaving flo setpt,evapLeavingFlowSp,eo66-dn-v1
evp leaving flow setpoint,evapLeavingFlowSp,eo66-dn-v1
evp leaving flw setpoint,evapLeavingFlowSp,eo66-dn-v1
evp lv flow setpoint,evapLeavingFlowSp,eo66-dn-v1
evp lv flow setpt,evapLeavingFlowSp,eo66-dn-v1
evp lv flw stpt,evapLeavingFlowSp,eo66-dn-v1
evp sup flo sp,evapLeavingFlowSp,eo66-dn-v1
evp sup flow set,evapLeavingFlowSp,eo66-dn-v1
evp sup flow sp,evapLeavingFlowSp,eo66-dn-v1
chw leaving iso valv position,evapLeavingIsoValveFb,eo66-dn-v1
chw leaving isolation valv fbk,evapLeavingIsoValveFb,eo66-dn-v1
chw leaving isolation vlv pos,evapLeavingIsoValveFb,eo66-dn-v1
chw lv iso valve fbk,evapLeavingIsoValveFb,eo66-dn-v1
chw lv iso vlv fb,evapLeavingIsoValveFb,eo66-dn-v1
chw lv isolation valve fbk,evapLeavingIsoValveFb,eo66-dn-v1
chw lv isolation vlv feedback,evapLeavingIsoValveFb,eo66-dn-v1
chw lvg iso vlv fbk,evapLeavingIsoValveFb,eo66-dn-v1
chw sup isolation valv feedback,evapLeavingIsoValveFb,eo66-dn-v1
chw sup isolation valve feedback,evapLeavingIsoValveFb,eo66-dn-v1
evap leaving isolation valve feedback,evapLeavingIsoValveFb,eo66-dn-v1
evap leaving isolation vlv fbk,evapLeavingIsoValveFb,eo66-dn-v1
evap lv iso vlv fdbk,evapLeavingIsoValveFb,eo66-dn-v1
evap lvg isolation vlv position,evapLeavingIsoValveFb,eo66-dn-v1
evap sup isolation valv feedback,evapLeavingIsoValveFb,eo66-dn-v1
evap sup isolation valve pos,evapLeavingIsoValveFb,eo66-dn-v1
evaporator leav iso valv pos,evapLeavingIsoValveFb,eo66-dn-v1
evaporator leav isolation valv fb,evapLeavingIsoValveFb,eo66-dn-v1
evaporator leav isolation valv pos,evapLeavingIsoValveFb,eo66-dn-v1
evaporator leav isolation valve fdbk,evapLeavingIsoValveFb,eo66-dn-v1
evaporator leav isolation vlv feedback,evapLeavingIsoValveFb,eo66-dn-v1
evaporator leaving iso valv fdbk,evapLeavingIsoValveFb,eo66-dn-v1
evaporator leaving iso valve feedback,evapLeavingIsoValveFb,eo66-dn-v1
evaporator leaving isolation valve feedback,evapLeavingIsoValveFb,eo66-dn-v1
evaporator leaving isolation vlv pos,evapLeavingIsoValveFb,eo66-dn-v1
evaporator lv iso valv pos,evapLeavingIsoValveFb,eo66-dn-v1
evaporator lv iso valve fdbk,evapLeavingIsoValveFb,eo66-dn-v1
evaporator lv iso valve pos,evapLeavingIsoValveFb,eo66-dn-v1
evaporator lvg isolation valv position,evapLeavingIsoValveFb,eo66-dn-v1
evaporator sup iso valv position,evapLeavingIsoValveFb,eo66-dn-v1
evaporator sup iso vlv pos,evapLeavingIsoValveFb,eo66-dn-v1
evp leav isolation valv position,evapLeavingIsoValveFb,eo66-dn-v1
evp leaving iso valv fbk,evapLeavingIsoValveFb,eo66-dn-v1
evp lv iso vlv fdbk,evapLeavingIsoValveFb,eo66-dn-v1
evp lvg iso valv pos,evapLeavingIsoValveFb,eo66-dn-v1
evp lvg iso valve pos,evapLeavingIsoValveFb,eo66-dn-v1
evp lvg isolation valv fb,evapLeavingIsoValveFb,eo66-dn-v1
evp lvg isolation vlv fb,evapLeavingIsoValveFb,eo66-dn-v1
evp sup iso valv position,evapLeavingIsoValveFb,eo66-dn-v1
evp sup isolation vlv feedback,evapLeavingIsoValveFb,eo66-dn-v1
chw leav pr,evapLeavingPressure,eo66-dn-v1
chw lv pressure,evapLeavingPressure,eo66-dn-v1
chw lvg prs,evapLeavingPressure,eo66-dn-v1
chw sup pr,evapLeavingPressure,eo66-dn-v1
chw sup presr,evapLeavingPressure,eo66-dn-v1
chw sup press,evapLeavingPressure,eo66-dn-v1
evap leav p,evapLeavingPressure,eo66-dn-v1
evap leav presr,evapLeavingPressure,eo66-dn-v1
evap leaving pr,evapLeavingPressure,eo66-dn-v1
evap leaving pres,evapLeavingPressure,eo66-dn-v1
evap leaving presr,evapLeavingPressure,eo66-dn-v1
evap leaving press,evapLeavingPressure,eo66-dn-v1
evap leaving pressure,evapLeavingPressure,eo66-dn-v1
evap leaving prs,evapLeavingPressure,eo66-dn-v1
evap lv pressure,evapLeavingPressure,eo66-dn-v1
evap lvg press,evapLeavingPressure,eo66-dn-v1
evap lvg pressure,evapLeavingPressure,eo66-dn-v1
evap sup pr,evapLeavingPressure,eo66-dn-v1
evap sup presr,evapLeavingPressure,eo66-dn-v1
evap sup press,evapLeavingPressure,eo66-dn-v1
evaporator leav presr,evapLeavingPressure,eo66-dn-v1
evaporator leav prs,evapLeavingPressure,eo66-dn-v1
evaporator leaving p,evapLeavingPressure,eo66-dn-v1
evaporator leaving pres,evapLeavingPressure,eo66-dn-v1
evaporator leaving pressure,evapLeavingPressure,eo66-dn-v1
evaporator lv prs,evapLeavingPressure,eo66-dn-v1
evaporator lvg pressure,evapLeavingPressure,eo66-dn-v1
evp leav presr,evapLeavingPressure,eo66-dn-v1
evp leav pressure,evapLeavingPressure,eo66-dn-v1
evp leav prs,evapLeavingPressure,eo66-dn-v1
evp leaving press,evapLeavingPressure,eo66-dn-v1
evp leaving pressure,evapLeavingPressure,eo66-dn-v1
evp lv p,evapLeavingPressure,eo66-dn-v1
evp lv pr,evapLeavingPressure,eo66-dn-v1
evp lv prs,evapLeavingPressure,eo66-dn-v1
evp lvg pres,evapLeavingPressure,eo66-dn-v1
evp lvg pressure,evapLeavingPressure,eo66-dn-v1
evp sup p,evapLeavingPressure,eo66-dn-v1
evp sup presr,evapLeavingPressure,eo66-dn-v1
evp sup pressure,evapLeavingPressure,eo66-dn-v1
chw leav temp hi set,evapLeavingTempHiSp,eo66-dn-v1
chw leav temp hi sp,evapLeavingTempHiSp,eo66-dn-v1
chw leaving t hi s,evapLeavingTempHiSp,eo66-dn-v1
chw lvg t h sp,evapLeavingTempHiSp,eo66-dn-v1
chw lvg temperature high s,evapLeavingTempHiSp,eo66-dn-v1
chw sup t h s,evapLeavingTempHiSp,eo66-dn-v1
chw sup t h setpt,evapLeavingTempHiSp,eo66-dn-v1
chw sup temp high set,evapLeavingTempHiSp,eo66-dn-v1
chw sup tmp high set,evapLeavingTempHiSp,eo66-dn-v1
evap leav t h setpt,evapLeavingTempHiSp,eo66-dn-v1
evap leav temp high set,evapLeavingTempHiSp,eo66-dn-v1
evap leav tmp hi set,evapLeavingTempHiSp,eo66-dn-v1
evap leaving temp hi sp,evapLeavingTempHiSp,eo66-dn-v1
evap leaving temp high stpt,evapLeavingTempHiSp,eo66-dn-v1
evap leaving tmp h setpoint,evapLeavingTempHiSp,eo66-dn-v1
evap lv temp h setp,evapLeavingTempHiSp,eo66-dn-v1
evap lv tmp h setpoint,evapLeavingTempHiSp,eo66-dn-v1
evap lvg t high s,evapLeavingTempHiSp,eo66-dn-v1
evap lvg temperature high s,evapLeavingTempHiSp,eo66-dn-v1
evap lvg tmp high spt,evapLeavingTempHiSp,eo66-dn-v1
evaporator leav temp hi setp,evapLeavingTempHiSp,eo66-dn-v1
evaporator leav tmp hi spt,evapLeavingTempHiSp,eo66-dn-v1
evaporator leaving temperature high setpoint,evapLeavingTempHiSp,eo66-dn-v1
evaporator leaving tmp high set,evapLeavingTempHiSp,eo66-dn-v1
evaporator lv temperature h sp,evapLeavingTempHiSp,eo66-dn-v1
evaporator lv temperature high stpt,evapLeavingTempHiSp,eo66-dn-v1
evaporator lv tmp h spt,evapLeavingTempHiSp,eo66-dn-v1
evaporator lv tmp high spt,evapLeavingTempHiSp,eo66-dn-v1
evaporator lvg t hi setpoint,evapLeavingTempHiSp,eo66-dn-v1
evaporator lvg temperature hi setpt,evapLeavingTempHiSp,eo66-dn-v1
evaporator lvg tmp high spt,evapLeavingTempHiSp,eo66-dn-v1
evaporator sup t h sp,evapLeavingTempHiSp,eo66-dn-v1
evaporator sup t hi spt,evapLeavingTempHiSp,eo66-dn-v1
evaporator sup tmp hi setp,evapLeavingTempHiSp,eo66-dn-v1
evp leav temperature h sp,evapLeavingTempHiSp,eo66-dn-v1
evp leav tmp h setpt,evapLeavingTempHiSp,eo66-dn-v1
evp leaving t h spt,evapLeavingTempHiSp,eo66-dn-v1
evp leaving t hi setp,evapLeavingTempHiSp,eo66-dn-v1
evp lv temperature high sp,evapLeavingTempHiSp,eo66-dn-v1
evp lv tmp high s,evapLeavingTempHiSp,eo66-dn-v1
chw leav temp low setpoint,evapLeavingTempLoSp,eo66-dn-v1
chw leaving temperature lo setpoint,evapLeavingTempLoSp,eo66-dn-v1
chw lvg t lo setpt,evapLeavingTempLoSp,eo66-dn-v1
chw sup t l s,evapLeavingTempLoSp,eo66-dn-v1
chw sup t l sp,evapLeavingTempLoSp,eo66-dn-v1
chw sup temp l stpt,evapLeavingTempLoSp,eo66-dn-v1
chw sup temperature lo setp,evapLeavingTempLoSp,eo66-dn-v1
evap leav t lo sp,evapLeavingTempLoSp,eo66-dn-v1
evap leav temperature l s,evapLeavingTempLoSp,eo66-dn-v1
evap leav tmp l s,evapLeavingTempLoSp,eo66-dn-v1
evap leav tmp low set,evapLeavingTempLoSp,eo66-dn-v1
evap leav tmp low setpoint,evapLeavingTempLoSp,eo66-dn-v1
evap leaving temp lo sp,evapLeavingTempLoSp,eo66-dn-v1
evap leaving temperature l set,evapLeavingTempLoSp,eo66-dn-v1
evap leaving tmp low setp,evapLeavingTempLoSp,eo66-dn-v1
evap lv tmp low setp,evapLeavingTempLoSp,eo66-dn-v1
evap lvg temp lo setp,evapLeavingTempLoSp,eo66-dn-v1
evap lvg temperature low setpoint,evapLeavingTempLoSp,eo66-dn-v1
evap sup temperature low set,evapLeavingTempLoSp,eo66-dn-v1
evaporator leav temp lo sp,evapLeavingTempLoSp,eo66-dn-v1
evaporator leaving temp lo set,evapLeavingTempLoSp,eo66-dn-v1
evaporator leaving temperature l setpoint,evapLeavingTempLoSp,eo66-dn-v1
evaporator leaving temperature low setpoint,evapLeavingTempLoSp,eo66-dn-v1
evaporator lv t l spt,evapLeavingTempLoSp,eo66-dn-v1
evaporator lv t l stpt,evapLeavingTempLoSp,eo66-dn-v1
evaporator lvg temperature low stpt,evapLeavingTempLoSp,eo66-dn-v1
evaporator lvg tmp lo setp,evapLeavingTempLoSp,eo66-dn-v1
evaporator sup t lo spt,evapLeavingTempLoSp,eo66-dn-v1
evaporator sup temperature low sp,evapLeavingTempLoSp,eo66-dn-v1
evaporator sup tmp lo setpt,evapLeavingTempLoSp,eo66-dn-v1
evp leav t lo set,evapLeavingTempLoSp,eo66-dn-v1
evp leav t lo stpt,evapLeavingTempLoSp,eo66-dn-v1
evp leav tmp low spt,evapLeavingTempLoSp,eo66-dn-v1
evp leaving tmp l set,evapLeavingTempLoSp,eo66-dn-v1
evp leaving tmp l stpt,evapLeavingTempLoSp,eo66-dn-v1
evp lv t low spt,evapLeavingTempLoSp,eo66-dn-v1
evp lv temp low setpt,evapLeavingTempLoSp,eo66-dn-v1
evp lv temperature l s,evapLeavingTempLoSp,eo66-dn-v1
evp lvg temperature lo sp,evapLeavingTempLoSp,eo66-dn-v1
evp sup t l setp,evapLeavingTempLoSp,eo66-dn-v1
chw leav tmp max setp,evapLeavingTempMaxSp,eo66-dn-v1
chw leaving t max set,evapLeavingTempMaxSp,eo66-dn-v1
chw leaving temperature max spt,evapLeavingTempMaxSp,eo66-dn-v1
chw leaving temperature mx sp,evapLeavingTempMaxSp,eo66-dn-v1
chw lv t mx setp,evapLeavingTempMaxSp,eo66-dn-v1
chw lv t mx setpoint,evapLeavingTempMaxSp,eo66-dn-v1
chw lv temperature mx setpoint,evapLeavingTempMaxSp,eo66-dn-v1
chw lvg t max set,evapLeavingTempMaxSp,eo66-dn-v1
chw lvg temperature mx s,evapLeavingTempMaxSp,eo66-dn-v1
chw lvg temperature mx spt,evapLeavingTempMaxSp,eo66-dn-v1
chw lvg tmp mx setp,evapLeavingTempMaxSp,eo66-dn-v1
chw sup temperature max setp,evapLeavingTempMaxSp,eo66-dn-v1
chw sup temperature max sp,evapLeavingTempMaxSp,eo66-dn-v1
chw sup tmp max set,evapLeavingTempMaxSp,eo66-dn-v1
chw sup tmp mx sp,evapLeavingTempMaxSp,eo66-dn-v1
evap leav t max setpt,evapLeavingTempMaxSp,eo66-dn-v1
evap leav tmp mx sp,evapLeavingTempMaxSp,eo66-dn-v1
evap leaving temp max sp,evapLeavingTempMaxSp,eo66-dn-v1
evap lv tmp max spt,evapLeavingTempMaxSp,eo66-dn-v1
evap lvg tmp mx set,evapLeavingTempMaxSp,eo66-dn-v1
evap sup t mx stpt,evapLeavingTempMaxSp,eo66-dn-v1
evap sup temp max setpoint,evapLeavingTempMaxSp,eo66-dn-v1
evap sup temp max sp,evapLeavingTempMaxSp,eo66-dn-v1
evap sup temp max spt,evapLeavingTempMaxSp,eo66-dn-v1
evap sup temp mx setpoint,evapLeavingTempMaxSp,eo66-dn-v1
evaporator leav temperature max s,evapLeavingTempMaxSp,eo66-dn-v1
evaporator leaving t mx s,evapLeavingTempMaxSp,eo66-dn-v1
evaporator leaving temperature max setpoint,evapLeavingTempMaxSp,eo66-dn-v1
evaporator lv temperature mx setpoint,evapLeavingTempMaxSp,eo66-dn-v1
evaporator lvg t mx setp,evapLeavingTempMaxSp,eo66-dn-v1
evaporator lvg temp max stpt,evapLeavingTempMaxSp,eo66-dn-v1
evaporator lvg tmp mx spt,evapLeavingTempMaxSp,eo66-dn-v1
evaporator sup tmp max set,evapLeavingTempMaxSp,eo66-dn-v1
evaporator sup tmp mx setpoint,evapLeavingTempMaxSp,eo66-dn-v1
evp lv temp mx spt,evapLeavingTempMaxSp,eo66-dn-v1
evp sup temp max setpoint,evapLeavingTempMaxSp,eo66-dn-v1
evp sup temp mx s,evapLeavingTempMaxSp,eo66-dn-v1
evp sup temperature mx setp,evapLeavingTempMaxSp,eo66-dn-v1
evp sup tmp max set,evapLeavingTempMaxSp,eo66-dn-v1
evp sup tmp max setp,evapLeavingTempMaxSp,eo66-dn-v1
chw leav temp min set,evapLeavingTempMinSp,eo66-dn-v1
chw leaving tmp min setp,evapLeavingTempMinSp,eo66-dn-v1
chw leaving tmp mn s,evapLeavingTempMinSp,eo66-dn-v1
chw lv temperature min setpt,evapLeavingTempMinSp,eo66-dn-v1
chw lv temperature min sp,evapLeavingTempMinSp,eo66-dn-v1
chw lvg temp min s,evapLeavingTempMinSp,eo66-dn-v1
chw lvg temperature mn setp,evapLeavingTempMinSp,eo66-dn-v1
chw sup temp min setp,evapLeavingTempMinSp,eo66-dn-v1
chw sup temp min setpoint,evapLeavingTempMinSp,eo66-dn-v1
chw sup temp min sp,evapLeavingTempMinSp,eo66-dn-v1
evap leav t mn setpoint,evapLeavingTempMinSp,eo66-dn-v1
evap leaving temp min sp,evapLeavingTempMinSp,eo66-dn-v1
evap leaving temp min stpt,evapLeavingTempMinSp,eo66-dn-v1
evap lv temperature min setpoint,evapLeavingTempMinSp,eo66-dn-v1
evap lvg temp min s,evapLeavingTempMinSp,eo66-dn-v1
evap lvg temp mn setpoint,evapLeavingTempMinSp,eo66-dn-v1
evap lvg temperature min spt,evapLeavingTempMinSp,eo66-dn-v1
evap sup t mn set,evapLeavingTempMinSp,eo66-dn-v1
evap sup temp mn stpt,evapLeavingTempMinSp,eo66-dn-v1
evap sup tmp mn stpt,evapLeavingTempMinSp,eo66-dn-v1
evaporator leav t min s,evapLeavingTempMinSp,eo66-dn-v1
evaporator leav tmp min s,evapLeavingTempMinSp,eo66-dn-v1
evaporator leav tmp mn stpt,evapLeavingTempMinSp,eo66-dn-v1
evaporator leaving temperature min setpoint,evapLeavingTempMinSp,eo66-dn-v1
evaporator lvg t mn setp,evapLeavingTempMinSp,eo66-dn-v1
evaporator lvg tmp mn stpt,evapLeavingTempMinSp,eo66-dn-v1
evaporator sup t min setpoint,evapLeavingTempMinSp,eo66-dn-v1
evaporator sup tmp min set,evapLeavingTempMinSp,eo66-dn-v1
evaporator sup tmp min stpt,evapLeavingTempMinSp,eo66-dn-v1
evp leav t min spt,evapLeavingTempMinSp,eo66-dn-v1
evp leaving t min setpt,evapLeavingTempMinSp,eo66-dn-v1
evp leaving temp min s,evapLeavingTempMinSp,eo66-dn-v1
evp leaving temperature mn spt,evapLeavingTempMinSp,eo66-dn-v1
evp lv temp min set,evapLeavingTempMinSp,eo66-dn-v1
evp lv tmp min setpt,evapLeavingTempMinSp,eo66-dn-v1
evp lv tmp mn setpoint,evapLeavingTempMinSp,eo66-dn-v1
evp lv tmp mn setpt,evapLeavingTempMinSp,eo66-dn-v1
evp lvg t min s,evapLeavingTempMinSp,eo66-dn-v1
evp lvg temperature mn setpoint,evapLeavingTempMinSp,eo66-dn-v1
evp sup t min s,evapLeavingTempMinSp,eo66-dn-v1
chw t diff,evapTempDelta,eo66-dn-v1
chw t differential,evapTempDelta,eo66-dn-v1
chw t dp,evapTempDelta,eo66-dn-v1
chw temp diff,evapTempDelta,eo66-dn-v1
chw temp dp,evapTempDelta,eo66-dn-v1
chw temperature diff,evapTempDelta,eo66-dn-v1
chw temperature differential,evapTempDelta,eo66-dn-v1
chw temperature dp,evapTempDelta,eo66-dn-v1
chw tmp diff,evapTempDelta,eo66-dn-v1
chw tmp dp,evapTempDelta,eo66-dn-v1
evap t diff,evapTempDelta,eo66-dn-v1
evap t differential,evapTempDelta,eo66-dn-v1
evap t dp,evapTempDelta,eo66-dn-v1
evap temp diff,evapTempDelta,eo66-dn-v1
evap temp dp,evapTempDelta,eo66-dn-v1
evap temperature diff,evapTempDelta,eo66-dn-v1
evap temperature differential,evapTempDelta,eo66-dn-v1
evap temperature dp,evapTempDelta,eo66-dn-v1
evap tmp diff,evapTempDelta,eo66-dn-v1
evap tmp differential,evapTempDelta,eo66-dn-v1
evaporator t differential,evapTempDelta,eo66-dn-v1
evaporator t dp,evapTempDelta,eo66-dn-v1
evaporator temp diff,evapTempDelta,eo66-dn-v1
evaporator temp differential,evapTempDelta,eo66-dn-v1
evaporator temperature diff,evapTempDelta,eo66-dn-v1
evaporator temperature differential,evapTempDelta,eo66-dn-v1
evaporator temperature dp,evapTempDelta,eo66-dn-v1
evaporator tmp diff,evapTempDelta,eo66-dn-v1
evaporator tmp differential,evapTempDelta,eo66-dn-v1
evaporator tmp dp,evapTempDelta,eo66-dn-v1
evp t diff,evapTempDelta,eo66-dn-v1
evp t differential,evapTempDelta,eo66-dn-v1
evp t dp,evapTempDelta,eo66-dn-v1
evp temp diff,evapTempDelta,eo66-dn-v1
evp temp differential,evapTempDelta,eo66-dn-v1
evp temp dp,evapTempDelta,eo66-dn-v1
evp temperature dp,evapTempDelta,eo66-dn-v1
evp tmp diff,evapTempDelta,eo66-dn-v1
evp tmp differential,evapTempDelta,eo66-dn-v1
evp tmp dp,evapTempDelta,eo66-dn-v1
ea enp,exhaustEnthalpy,eo66-dn-v1
ea ent,exhaustEnthalpy,eo66-dn-v1
ea enth,exhaustEnthalpy,eo66-dn-v1
ea enthalpy,exhaustEnthalpy,eo66-dn-v1
ex enp,exhaustEnthalpy,eo66-dn-v1
ex ent,exhaustEnthalpy,eo66-dn-v1
ex enth,exhaustEnthalpy,eo66-dn-v1
ex enthalpy,exhaustEnthalpy,eo66-dn-v1
exh enp,exhaustEnthalpy,eo66-dn-v1
exh ent,exhaustEnthalpy,eo66-dn-v1
exh enth,exhaustEnthalpy,eo66-dn-v1
exh enthalpy,exhaustEnthalpy,eo66-dn-v1
exhaust enp,exhaustEnthalpy,eo66-dn-v1
exhaust ent,exhaustEnthalpy,eo66-dn-v1
exhaust enth,exhaustEnthalpy,eo66-dn-v1
exhaust enthalpy,exhaustEnthalpy,eo66-dn-v1
exhst enp,exhaustEnthalpy,eo66-dn-v1
exhst ent,exhaustEnthalpy,eo66-dn-v1
exhst enth,exhaustEnthalpy,eo66-dn-v1
exhst enthalpy,exhaustEnthalpy,eo66-dn-v1
exht enp,exhaustEnthalpy,eo66-dn-v1
exht ent,exhaustEnthalpy,eo66-dn-v1
exht enth,exhaustEnthalpy,eo66-dn-v1
exht enthalpy,exhaustEnthalpy,eo66-dn-v1
ea f ena setpoint,exhaustFanEnableSp,eo66-dn-v1
ea f enbl s,exhaustFanEnableSp,eo66-dn-v1
ea fan en set,exhaustFanEnableSp,eo66-dn-v1
ea fan en spt,exhaustFanEnableSp,eo66-dn-v1
ea fan ena s,exhaustFanEnableSp,eo66-dn-v1
ea fan enable setpt,exhaustFanEnableSp,eo66-dn-v1
ea fan enbl s,exhaustFanEnableSp,eo66-dn-v1
ex f en s,exhaustFanEnableSp,eo66-dn-v1
ex f enb setpt,exhaustFanEnableSp,eo66-dn-v1
ex f enbl spt,exhaustFanEnableSp,eo66-dn-v1
ex fan en sp,exhaustFanEnableSp,eo66-dn-v1
ex fan ena set,exhaustFanEnableSp,eo66-dn-v1
ex fan enbl setp,exhaustFanEnableSp,eo66-dn-v1
exh f eb set,exhaustFanEnableSp,eo66-dn-v1
exh f eb sp,exhaustFanEnableSp,eo66-dn-v1
exh f en sp,exhaustFanEnableSp,eo66-dn-v1
exh f ena s,exhaustFanEnableSp,eo66-dn-v1
exh f enab set,exhaustFanEnableSp,eo66-dn-v1
exh f enable sp,exhaustFanEnableSp,eo66-dn-v1
exh fan eb sp,exhaustFanEnableSp,eo66-dn-v1
exhaust f eb spt,exhaustFanEnableSp,eo66-dn-v1
exhaust f ena set,exhaustFanEnableSp,eo66-dn-v1
exhaust f ena setp,exhaustFanEnableSp,eo66-dn-v1
exhaust f enab set,exhaustFanEnableSp,eo66-dn-v1
exhaust f enb set,exhaustFanEnableSp,eo66-dn-v1
exhaust f enbl setpoint,exhaustFanEnableSp,eo66-dn-v1
exhaust fan eb s,exhaustFanEnableSp,eo66-dn-v1
exhaust fan eb sp,exhaustFanEnableSp,eo66-dn-v1
exhaust fan enab s,exhaustFanEnableSp,eo66-dn-v1
exhaust fan enable setpoint,exhaustFanEnableSp,eo66-dn-v1
exhaust fan enable sp,exhaustFanEnableSp,eo66-dn-v1
exhaust fan enb sp,exhaustFanEnableSp,eo66-dn-v1
exhaust fan enbl setpt,exhaustFanEnableSp,eo66-dn-v1
exhst f enab setpt,exhaustFanEnableSp,eo66-dn-v1
exhst f enable setp,exhaustFanEnableSp,eo66-dn-v1
exhst fan enb setpoint,exhaustFanEnableSp,eo66-dn-v1
exht f eb set,exhaustFanEnableSp,eo66-dn-v1
exht f enb setpoint,exhaustFanEnableSp,eo66-dn-v1
exht f enb setpt,exhaustFanEnableSp,eo66-dn-v1
exht fan eb stpt,exhaustFanEnableSp,eo66-dn-v1
ea f enter pr,exhaustFanEnteringPressure,eo66-dn-v1
ea fan ent p,exhaustFanEnteringPressure,eo66-dn-v1
ea fan ent prs,exhaustFanEnteringPressure,eo66-dn-v1
ea fan entering p,exhaustFanEnteringPressure,eo66-dn-v1
ex f ent pr,exhaustFanEnteringPressure,eo66-dn-v1
ex f ent presr,exhaustFanEnteringPressure,eo66-dn-v1
ex f ent prs,exhaustFanEnteringPressure,eo66-dn-v1
ex fan ent pressure,exhaustFanEnteringPressure,eo66-dn-v1
ex fan entr press,exhaustFanEnteringPressure,eo66-dn-v1
ex fan entr prs,exhaustFanEnteringPressure,eo66-dn-v1
exh f ent press,exhaustFanEnteringPressure,eo66-dn-v1
exh f ent pressure,exhaustFanEnteringPressure,eo66-dn-v1
exh f entr pr,exhaustFanEnteringPressure,eo66-dn-v1
exh fan ent p,exhaustFanEnteringPressure,eo66-dn-v1
exh fan ent pres,exhaustFanEnteringPressure,eo66-dn-v1
exh fan enter pres,exhaustFanEnteringPressure,eo66-dn-v1
exh fan enter presr,exhaustFanEnteringPressure,eo66-dn-v1
exh fan enter pressure,exhaustFanEnteringPressure,eo66-dn-v1
exh fan entering p,exhaustFanEnteringPressure,eo66-dn-v1
exh fan entr presr,exhaustFanEnteringPressure,eo66-dn-v1
exh fan entr press,exhaustFanEnteringPressure,eo66-dn-v1
exhaust f ent p,exhaustFanEnteringPressure,eo66-dn-v1
exhaust f ent prs,exhaustFanEnteringPressure,eo66-dn-v1
exhaust f enter prs,exhaustFanEnteringPressure,eo66-dn-v1
exhaust f entering presr,exhaustFanEnteringPressure,eo66-dn-v1
exhaust f entr presr,exhaustFanEnteringPressure,eo66-dn-v1
exhaust fan enter presr,exhaustFanEnteringPressure,eo66-dn-v1
exhaust fan entering press,exhaustFanEnteringPressure,eo66-dn-v1
exhaust fan entering pressure,exhaustFanEnteringPressure,eo66-dn-v1
exhaust fan entr presr,exhaustFanEnteringPressure,eo66-dn-v1
exhst f enter presr,exhaustFanEnteringPressure,eo66-dn-v1
exhst f entering p,exhaustFanEnteringPressure,eo66-dn-v1
exhst f entr pres,exhaustFanEnteringPressure,eo66-dn-v1
exht f ent pr,exhaustFanEnteringPressure,eo66-dn-v1
exht fan ent pressure,exhaustFanEnteringPressure,eo66-dn-v1
exht fan enter press,exhaustFanEnteringPressure,eo66-dn-v1
exht fan entering press,exhaustFanEnteringPressure,eo66-dn-v1
exht fan entering prs,exhaustFanEnteringPressure,eo66-dn-v1
exht fan entr pres,exhaustFanEnteringPressure,eo66-dn-v1
exht fan entr prs,exhaustFanEnteringPressure,eo66-dn-v1
ea f fault,exhaustFanFault,eo66-dn-v1
ea f flt,exhaustFanFault,eo66-dn-v1
ea fan fault,exhaustFanFault,eo66-dn-v1
ea fan flt,exhaustFanFault,eo66-dn-v1
ex f fault,exhaustFanFault,eo66-dn-v1
ex f flt,exhaustFanFault,eo66-dn-v1
ex fan fault,exhaustFanFault,eo66-dn-v1
ex fan flt,exhaustFanFault,eo66-dn-v1
exh f fault,exhaustFanFault,eo66-dn-v1
exh f flt,exhaustFanFault,eo66-dn-v1
exh fan fault,exhaustFanFault,eo66-dn-v1
exh fan flt,exhaustFanFault,eo66-dn-v1
exhaust f fault,exhaustFanFault,eo66-dn-v1
exhaust f flt,exhaustFanFault,eo66-dn-v1
exhaust fan fault,exhaustFanFault,eo66-dn-v1
exhaust fan flt,exhaustFanFault,eo66-dn-v1
exhst f fault,exhaustFanFault,eo66-dn-v1
exhst f flt,exhaustFanFault,eo66-dn-v1
exhst fan fault,exhaustFanFault,eo66-dn-v1
exhst fan flt,exhaustFanFault,eo66-dn-v1
exht f fault,exhaustFanFault,eo66-dn-v1
exht f flt,exhaustFanFault,eo66-dn-v1
exht fan fault,exhaustFanFault,eo66-dn-v1
exht fan flt,exhaustFanFault,eo66-dn-v1
ea f leav press,exhaustFanLeavingPressure,eo66-dn-v1
ea f lvg presr,exhaustFanLeavingPressure,eo66-dn-v1
ea f sup prs,exhaustFanLeavingPressure,eo66-dn-v1
ea fan leaving prs,exhaustFanLeavingPressure,eo66-dn-v1
ea fan lv press,exhaustFanLeavingPressure,eo66-dn-v1
ea fan lv prs,exhaustFanLeavingPressure,eo66-dn-v1
ea fan lvg pressure,exhaustFanLeavingPressure,eo66-dn-v1
ex f lv press,exhaustFanLeavingPressure,eo66-dn-v1
ex fan leav p,exhaustFanLeavingPressure,eo66-dn-v1
ex fan leav press,exhaustFanLeavingPressure,eo66-dn-v1
ex fan leaving p,exhaustFanLeavingPressure,eo66-dn-v1
ex fan lv presr,exhaustFanLeavingPressure,eo66-dn-v1
exh f lv pres,exhaustFanLeavingPressure,eo66-dn-v1
exh f lv presr,exhaustFanLeavingPressure,eo66-dn-v1
exh f lv prs,exhaustFanLeavingPressure,eo66-dn-v1
exh f lvg p,exhaustFanLeavingPressure,eo66-dn-v1
exh f sup prs,exhaustFanLeavingPressure,eo66-dn-v1
exh fan leaving presr,exhaustFanLeavingPressure,eo66-dn-v1
exh fan lv pres,exhaustFanLeavingPressure,eo66-dn-v1
exhaust f leav pr,exhaustFanLeavingPressure,eo66-dn-v1
exhaust f leav pressure,exhaustFanLeavingPressure,eo66-dn-v1
exhaust f sup p,exhaustFanLeavingPressure,eo66-dn-v1
exhaust fan leaving press,exhaustFanLeavingPressure,eo66-dn-v1
exhaust fan leaving pressure,exhaustFanLeavingPressure,eo66-dn-v1
exhaust fan lv prs,exhaustFanLeavingPressure,eo66-dn-v1
exhst f leav prs,exhaustFanLeavingPressure,eo66-dn-v1
exhst f lv pr,exhaustFanLeavingPressure,eo66-dn-v1
exhst f lv press,exhaustFanLeavingPressure,eo66-dn-v1
exhst f sup presr,exhaustFanLeavingPressure,eo66-dn-v1
exhst fan leav presr,exhaustFanLeavingPressure,eo66-dn-v1
exhst fan leaving prs,exhaustFanLeavingPressure,eo66-dn-v1
exhst fan lv presr,exhaustFanLeavingPressure,eo66-dn-v1
exht f lv presr,exhaustFanLeavingPressure,eo66-dn-v1
exht f sup pr,exhaustFanLeavingPressure,eo66-dn-v1
exht fan leav press,exhaustFanLeavingPressure,eo66-dn-v1
exht fan leav prs,exhaustFanLeavingPressure,eo66-dn-v1
exht fan leaving pr,exhaustFanLeavingPressure,eo66-dn-v1
exht fan leaving prs,exhaustFanLeavingPressure,eo66-dn-v1
exht fan lvg pressure,exhaustFanLeavingPressure,eo66-dn-v1
exht fan sup prs,exhaustFanLeavingPressure,eo66-dn-v1
ea f pr high set,exhaustFanPressureHiSp,eo66-dn-v1
ea f pres high setp,exhaustFanPressureHiSp,eo66-dn-v1
ea f pressure h spt,exhaustFanPressureHiSp,eo66-dn-v1
ea f pressure hi set,exhaustFanPressureHiSp,eo66-dn-v1
ea f pressure high s,exhaustFanPressureHiSp,eo66-dn-v1
ea f prs h setp,exhaustFanPressureHiSp,eo66-dn-v1
ea fan pr hi s,exhaustFanPressureHiSp,eo66-dn-v1
ea fan pres h setpt,exhaustFanPressureHiSp,eo66-dn-v1
ea fan presr high set,exhaustFanPressureHiSp,eo66-dn-v1
ea fan presr high setpt,exhaustFanPressureHiSp,eo66-dn-v1
ex f press hi spt,exhaustFanPressureHiSp,eo66-dn-v1
ex fan p h spt,exhaustFanPressureHiSp,eo66-dn-v1
ex fan pr h s,exhaustFanPressureHiSp,eo66-dn-v1
ex fan pr hi setpt,exhaustFanPressureHiSp,eo66-dn-v1
ex fan pressure hi s,exhaustFanPressureHiSp,eo66-dn-v1
ex fan prs hi spt,exhaustFanPressureHiSp,eo66-dn-v1
exh f p hi s,exhaustFanPressureHiSp,eo66-dn-v1
exh f pr hi sp,exhaustFanPressureHiSp,eo66-dn-v1
exh f pr high setp,exhaustFanPressureHiSp,eo66-dn-v1
exh f press h spt,exhaustFanPressureHiSp,eo66-dn-v1
exh f prs h spt,exhaustFanPressureHiSp,eo66-dn-v1
exh fan pr hi setp,exhaustFanPressureHiSp,eo66-dn-v1
exh fan presr h sp,exhaustFanPressureHiSp,eo66-dn-v1
exh fan presr high setpt,exhaustFanPressureHiSp,eo66-dn-v1
exhaust f p high setpt,exhaustFanPressureHiSp,eo66-dn-v1
exhaust f pres high setp,exhaustFanPressureHiSp,eo66-dn-v1
exhaust fan press hi sp,exhaustFanPressureHiSp,eo66-dn-v1
exhaust fan pressure high setpoint,exhaustFanPressureHiSp,eo66-dn-v1
exhst f press h set,exhaustFanPressureHiSp,eo66-dn-v1
exhst fan pr hi set,exhaustFanPressureHiSp,eo66-dn-v1
exhst fan press hi set,exhaustFanPressureHiSp,eo66-dn-v1
exhst fan prs hi s,exhaustFanPressureHiSp,eo66-dn-v1
exht f pr h sp,exhaustFanPressureHiSp,eo66-dn-v1
exht f pres high set,exhaustFanPressureHiSp,eo66-dn-v1
exht f presr high s,exhaustFanPressureHiSp,eo66-dn-v1
exht f presr high sp,exhaustFanPressureHiSp,eo66-dn-v1
exht f pressure h sp,exhaustFanPressureHiSp,eo66-dn-v1
exht fan presr high s,exhaustFanPressureHiSp,eo66-dn-v1
exht fan presr high setp,exhaustFanPressureHiSp,eo66-dn-v1
exht fan pressure high s,exhaustFanPressureHiSp,eo66-dn-v1
ea f spd mn spt,exhaustFanSpeedMinSp,eo66-dn-v1
ea f speed mn set,exhaustFanSpeedMinSp,eo66-dn-v1
ea fan speed mn setpt,exhaustFanSpeedMinSp,eo66-dn-v1
ex f spd min stpt,exhaustFanSpeedMinSp,eo66-dn-v1
ex f speed mn setpt,exhaustFanSpeedMinSp,eo66-dn-v1
ex fan spd min setp,exhaustFanSpeedMinSp,eo66-dn-v1
ex fan spd min setpoint,exhaustFanSpeedMinSp,eo66-dn-v1
ex fan spd mn set,exhaustFanSpeedMinSp,eo66-dn-v1
ex fan spd mn spt,exhaustFanSpeedMinSp,eo66-dn-v1
ex fan speed mn setp,exhaustFanSpeedMinSp,eo66-dn-v1
ex fan speed mn setpt,exhaustFanSpeedMinSp,eo66-dn-v1
exh f spd min spt,exhaustFanSpeedMinSp,eo66-dn-v1
exh f spd min stpt,exhaustFanSpeedMinSp,eo66-dn-v1
exh f speed min s,exhaustFanSpeedMinSp,eo66-dn-v1
exh fan spd min setpoint,exhaustFanSpeedMinSp,eo66-dn-v1
exh fan spd mn s,exhaustFanSpeedMinSp,eo66-dn-v1
exh fan spd mn set,exhaustFanSpeedMinSp,eo66-dn-v1
exh fan speed min sp,exhaustFanSpeedMinSp,eo66-dn-v1
exhaust f spd min setp,exhaustFanSpeedMinSp,eo66-dn-v1
exhaust f speed min s,exhaustFanSpeedMinSp,eo66-dn-v1
exhaust fan speed min setpoint,exhaustFanSpeedMinSp,eo66-dn-v1
exhaust fan speed min sp,exhaustFanSpeedMinSp,eo66-dn-v1
exhaust fan speed mn sp,exhaustFanSpeedMinSp,eo66-dn-v1
exhaust fan speed mn spt,exhaustFanSpeedMinSp,eo66-dn-v1
exhst f spd min setp,exhaustFanSpeedMinSp,eo66-dn-v1
exhst f spd min setpt,exhaustFanSpeedMinSp,eo66-dn-v1
exhst f speed min s,exhaustFanSpeedMinSp,eo66-dn-v1
exhst f speed min setpoint,exhaustFanSpeedMinSp,eo66-dn-v1
exhst f speed mn setpoint,exhaustFanSpeedMinSp,eo66-dn-v1
exhst f speed mn stpt,exhaustFanSpeedMinSp,eo66-dn-v1
exhst fan spd mn set,exhaustFanSpeedMinSp,eo66-dn-v1
exhst fan spd mn setp,exhaustFanSpeedMinSp,eo66-dn-v1
exhst fan speed min set,exhaustFanSpeedMinSp,eo66-dn-v1
exhst fan speed min spt,exhaustFanSpeedMinSp,eo66-dn-v1
exhst fan speed mn setpoint,exhaustFanSpeedMinSp,eo66-dn-v1
exht f spd min stpt,exhaustFanSpeedMinSp,eo66-dn-v1
exht f spd mn set,exhaustFanSpeedMinSp,eo66-dn-v1
exht f speed mn setpt,exhaustFanSpeedMinSp,eo66-dn-v1
exht fan spd mn setpoint,exhaustFanSpeedMinSp,eo66-dn-v1
exht fan spd mn sp,exhaustFanSpeedMinSp,eo66-dn-v1
ea f spd setpoint,exhaustFanSpeedSp,eo66-dn-v1
ea f speed setpoint,exhaustFanSpeedSp,eo66-dn-v1
ea f speed spt,exhaustFanSpeedSp,eo66-dn-v1
ea fan speed s,exhaustFanSpeedSp,eo66-dn-v1
ea fan speed sp,exhaustFanSpeedSp,eo66-dn-v1
ex f spd set,exhaustFanSpeedSp,eo66-dn-v1
ex f speed stpt,exhaustFanSpeedSp,eo66-dn-v1
ex fan spd setp,exhaustFanSpeedSp,eo66-dn-v1
ex fan spd setpt,exhaustFanSpeedSp,eo66-dn-v1
ex fan spd sp,exhaustFanSpeedSp,eo66-dn-v1
ex fan spd spt,exhaustFanSpeedSp,eo66-dn-v1
ex fan speed spt,exhaustFanSpeedSp,eo66-dn-v1
exh f spd sp,exhaustFanSpeedSp,eo66-dn-v1
exh f speed stpt,exhaustFanSpeedSp,eo66-dn-v1
exh fan spd setpoint,exhaustFanSpeedSp,eo66-dn-v1
exh fan speed set,exhaustFanSpeedSp,eo66-dn-v1
exh fan speed spt,exhaustFanSpeedSp,eo66-dn-v1
exhaust f spd sp,exhaustFanSpeedSp,eo66-dn-v1
exhaust f spd stpt,exhaustFanSpeedSp,eo66-dn-v1
exhaust f speed sp,exhaustFanSpeedSp,eo66-dn-v1
exhaust f speed stpt,exhaustFanSpeedSp,eo66-dn-v1
exhaust fan spd spt,exhaustFanSpeedSp,eo66-dn-v1
exhaust fan spd stpt,exhaustFanSpeedSp,eo66-dn-v1
exhaust fan speed s,exhaustFanSpeedSp,eo66-dn-v1
exhaust fan speed setpoint,exhaustFanSpeedSp,eo66-dn-v1
exhaust fan speed sp,exhaustFanSpeedSp,eo66-dn-v1
exhaust fan speed spt,exhaustFanSpeedSp,eo66-dn-v1
exhst f spd set,exhaustFanSpeedSp,eo66-dn-v1
exhst f spd sp,exhaustFanSpeedSp,eo66-dn-v1
exhst f spd spt,exhaustFanSpeedSp,eo66-dn-v1
exhst f spd stpt,exhaustFanSpeedSp,eo66-dn-v1
exhst f speed setpt,exhaustFanSpeedSp,eo66-dn-v1
exhst f speed stpt,exhaustFanSpeedSp,eo66-dn-v1
exhst fan spd setpt,exhaustFanSpeedSp,eo66-dn-v1
exht f spd sp,exhaustFanSpeedSp,eo66-dn-v1
exht f speed setp,exhaustFanSpeedSp,eo66-dn-v1
exht f speed sp,exhaustFanSpeedSp,eo66-dn-v1
exht fan spd setp,exhaustFanSpeedSp,eo66-dn-v1
exht fan spd sp,exhaustFanSpeedSp,eo66-dn-v1
exht fan speed stpt,exhaustFanSpeedSp,eo66-dn-v1
ea air mx reset set,exhaustFlowMaxSp,eo66-dn-v1
ea air mx rst s,exhaustFlowMaxSp,eo66-dn-v1
ea air mx rst setpt,exhaustFlowMaxSp,eo66-dn-v1
ea airflw max rst sp,exhaustFlowMaxSp,eo66-dn-v1
ea cfm mx rst set,exhaustFlowMaxSp,eo66-dn-v1
ea flow max reset setp,exhaustFlowMaxSp,eo66-dn-v1
ea flow mx reset s,exhaustFlowMaxSp,eo66-dn-v1
ex air max reset setpoint,exhaustFlowMaxSp,eo66-dn-v1
ex airflw max reset setp,exhaustFlowMaxSp,eo66-dn-v1
ex airflw max reset setpt,exhaustFlowMaxSp,eo66-dn-v1
ex cfm mx reset spt,exhaustFlowMaxSp,eo66-dn-v1
ex flow max rst s,exhaustFlowMaxSp,eo66-dn-v1
ex flow mx reset stpt,exhaustFlowMaxSp,eo66-dn-v1
exh air mx rst set,exhaustFlowMaxSp,eo66-dn-v1
exh cfm max rst spt,exhaustFlowMaxSp,eo66-dn-v1
exh flow max reset setpt,exhaustFlowMaxSp,eo66-dn-v1
exh flow max reset sp,exhaustFlowMaxSp,eo66-dn-v1
exh flow max rst s,exhaustFlowMaxSp,eo66-dn-v1
exh flow mx rst setpoint,exhaustFlowMaxSp,eo66-dn-v1
exhaust air max reset s,exhaustFlowMaxSp,eo66-dn-v1
exhaust airflow max reset setpoint,exhaustFlowMaxSp,eo66-dn-v1
exhaust airflow max reset sp,exhaustFlowMaxSp,eo66-dn-v1
exhaust airflow mx rst set,exhaustFlowMaxSp,eo66-dn-v1
exhaust airflow mx rst setpoint,exhaustFlowMaxSp,eo66-dn-v1
exhaust cfm max reset s,exhaustFlowMaxSp,eo66-dn-v1
exhaust flow max rst stpt,exhaustFlowMaxSp,eo66-dn-v1
exhaust flow mx rst set,exhaustFlowMaxSp,eo66-dn-v1
exhaust flow mx rst setp,exhaustFlowMaxSp,eo66-dn-v1
exhst airflow mx reset setp,exhaustFlowMaxSp,eo66-dn-v1
exhst airflw max reset setp,exhaustFlowMaxSp,eo66-dn-v1
exhst airflw max rst set,exhaustFlowMaxSp,eo66-dn-v1
exhst airflw mx rst spt,exhaustFlowMaxSp,eo66-dn-v1
exhst flow max reset s,exhaustFlowMaxSp,eo66-dn-v1
exht air mx rst sp,exhaustFlowMaxSp,eo66-dn-v1
exht airflow max reset s,exhaustFlowMaxSp,eo66-dn-v1
exht airflow mx reset spt,exhaustFlowMaxSp,eo66-dn-v1
exht flow max reset setpt,exhaustFlowMaxSp,eo66-dn-v1
exht flow max rst spt,exhaustFlowMaxSp,eo66-dn-v1
exht flow max rst stpt,exhaustFlowMaxSp,eo66-dn-v1
exht flow mx reset sp,exhaustFlowMaxSp,eo66-dn-v1
ea airflow min reset s,exhaustFlowMinSp,eo66-dn-v1
ea airflow min reset setpoint,exhaustFlowMinSp,eo66-dn-v1
ea airflow mn rst sp,exhaustFlowMinSp,eo66-dn-v1
ea airflw min rst sp,exhaustFlowMinSp,eo66-dn-v1
ex airflow min rst set,exhaustFlowMinSp,eo66-dn-v1
ex airflw min rst spt,exhaustFlowMinSp,eo66-dn-v1
ex airflw mn rst spt,exhaustFlowMinSp,eo66-dn-v1
ex cfm mn rst spt,exhaustFlowMinSp,eo66-dn-v1
ex flow min rst setpoint,exhaustFlowMinSp,eo66-dn-v1
ex flow mn reset setpoint,exhaustFlowMinSp,eo66-dn-v1
exh airflow min rst set,exhaustFlowMinSp,eo66-dn-v1
exh airflow min rst stpt,exhaustFlowMinSp,eo66-dn-v1
exh airflow mn reset sp,exhaustFlowMinSp,eo66-dn-v1
exh cfm mn reset setpt,exhaustFlowMinSp,eo66-dn-v1
exh flow min rst s,exhaustFlowMinSp,eo66-dn-v1
exh flow mn reset stpt,exhaustFlowMinSp,eo66-dn-v1
exhaust air min rst setp,exhaustFlowMinSp,eo66-dn-v1
exhaust air mn reset sp,exhaustFlowMinSp,eo66-dn-v1
exhaust airflow min reset setpoint,exhaustFlowMinSp,eo66-dn-v1
exhaust airflow min reset sp,exhaustFlowMinSp,eo66-dn-v1
exhaust airflw min reset sp,exhaustFlowMinSp,eo66-dn-v1
exhaust cfm min reset set,exhaustFlowMinSp,eo66-dn-v1
exhaust cfm min reset setpt,exhaustFlowMinSp,eo66-dn-v1
exhaust cfm mn reset stpt,exhaustFlowMinSp,eo66-dn-v1
exhaust flow min reset setpt,exhaustFlowMinSp,eo66-dn-v1
exhaust flow min reset spt,exhaustFlowMinSp,eo66-dn-v1
exhaust flow mn reset s,exhaustFlowMinSp,eo66-dn-v1
exhst airflw min reset s,exhaustFlowMinSp,eo66-dn-v1
exhst airflw min reset setpoint,exhaustFlowMinSp,eo66-dn-v1
exhst airflw mn reset setp,exhaustFlowMinSp,eo66-dn-v1
exhst cfm min reset s,exhaustFlowMinSp,eo66-dn-v1
exhst flow min rst stpt,exhaustFlowMinSp,eo66-dn-v1
exhst flow mn reset spt,exhaustFlowMinSp,eo66-dn-v1
exht air mn rst set,exhaustFlowMinSp,eo66-dn-v1
exht airflow min rst setp,exhaustFlowMinSp,eo66-dn-v1
exht airflow min rst setpt,exhaustFlowMinSp,eo66-dn-v1
exht airflw min reset spt,exhaustFlowMinSp,eo66-dn-v1
exht cfm min rst setpoint,exhaustFlowMinSp,eo66-dn-v1
exht cfm min rst sp,exhaustFlowMinSp,eo66-dn-v1
exht flow min rst setp,exhaustFlowMinSp,eo66-dn-v1
ea h,exhaustHumidity,eo66-dn-v1
ea hm,exhaustHumidity,eo66-dn-v1
ea humd,exhaustHumidity,eo66-dn-v1
ea humid,exhaustHumidity,eo66-dn-v1
ea humidity,exhaustHumidity,eo66-dn-v1
ea rh,exhaustHumidity,eo66-dn-v1
ex hi,exhaustHumidity,eo66-dn-v1
ex hm,exhaustHumidity,eo66-dn-v1
ex hum,exhaustHumidity,eo66-dn-v1
ex humd,exhaustHumidity,eo66-dn-v1
ex humid,exhaustHumidity,eo66-dn-v1
ex humidity,exhaustHumidity,eo66-dn-v1
ex rh,exhaustHumidity,eo66-dn-v1
exh h,exhaustHumidity,eo66-dn-v1
exh hi,exhaustHumidity,eo66-dn-v1
exh hm,exhaustHumidity,eo66-dn-v1
exh hum,exhaustHumidity,eo66-dn-v1
exh humid,exhaustHumidity,eo66-dn-v1
exh rh,exhaustHumidity,eo66-dn-v1
exhaust h,exhaustHumidity,eo66-dn-v1
exhaust hi,exhaustHumidity,eo66-dn-v1
exhaust hm,exhaustHumidity,eo66-dn-v1
exhaust hum,exhaustHumidity,eo66-dn-v1
exhaust humd,exhaustHumidity,eo66-dn-v1
exhaust humid,exhaustHumidity,eo66-dn-v1
exhaust humidity,exhaustHumidity,eo66-dn-v1
exhaust rh,exhaustHumidity,eo66-dn-v1
exhst h,exhaustHumidity,eo66-dn-v1
exhst hi,exhaustHumidity,eo66-dn-v1
exhst hm,exhaustHumidity,eo66-dn-v1
exhst humd,exhaustHumidity,eo66-dn-v1
exhst humid,exhaustHumidity,eo66-dn-v1
exhst humidity,exhaustHumidity,eo66-dn-v1
exhst rh,exhaustHumidity,eo66-dn-v1
exht hi,exhaustHumidity,eo66-dn-v1
exht hm,exhaustHumidity,eo66-dn-v1
exht hum,exhaustHumidity,eo66-dn-v1
exht humd,exhaustHumidity,eo66-dn-v1
exht humidity,exhaustHumidity,eo66-dn-v1
exht rh,exhaustHumidity,eo66-dn-v1
ea iso d,exhaustIsoDamper,eo66-dn-v1
ea iso dampr,exhaustIsoDamper,eo66-dn-v1
ea iso dm,exhaustIsoDamper,eo66-dn-v1
ea iso dmp,exhaustIsoDamper,eo66-dn-v1
ea iso dpr,exhaustIsoDamper,eo66-dn-v1
ea isolation d,exhaustIsoDamper,eo66-dn-v1
ea isolation dm,exhaustIsoDamper,eo66-dn-v1
ea isolation dmp,exhaustIsoDamper,eo66-dn-v1
ea isolation dmpr,exhaustIsoDamper,eo66-dn-v1
ex iso dampr,exhaustIsoDamper,eo66-dn-v1
ex iso dmpr,exhaustIsoDamper,eo66-dn-v1
ex isolation dmp,exhaustIsoDamper,eo66-dn-v1
ex isolation dmpr,exhaustIsoDamper,eo66-dn-v1
ex isolation dpr,exhaustIsoDamper,eo66-dn-v1
exh iso damper,exhaustIsoDamper,eo66-dn-v1
exh iso dm,exhaustIsoDamper,eo66-dn-v1
exh iso dmp,exhaustIsoDamper,eo66-dn-v1
exh iso dmper,exhaustIsoDamper,eo66-dn-v1
exh isolation d,exhaustIsoDamper,eo66-dn-v1
exh isolation dm,exhaustIsoDamper,eo66-dn-v1
exh isolation dmpr,exhaustIsoDamper,eo66-dn-v1
exhaust iso damper,exhaustIsoDamper,eo66-dn-v1
exhaust isolation damper,exhaustIsoDamper,eo66-dn-v1
exhaust isolation dampr,exhaustIsoDamper,eo66-dn-v1
exhaust isolation dm,exhaustIsoDamper,eo66-dn-v1
exhaust isolation dmp,exhaustIsoDamper,eo66-dn-v1
exhaust isolation dpr,exhaustIsoDamper,eo66-dn-v1
exhst iso dm,exhaustIsoDamper,eo66-dn-v1
exhst iso dmpr,exhaustIsoDamper,eo66-dn-v1
exhst isolation d,exhaustIsoDamper,eo66-dn-v1
exhst isolation dmper,exhaustIsoDamper,eo66-dn-v1
exhst isolation dmpr,exhaustIsoDamper,eo66-dn-v1
exhst isolation dpr,exhaustIsoDamper,eo66-dn-v1
exht iso damper,exhaustIsoDamper,eo66-dn-v1
exht iso dampr,exhaustIsoDamper,eo66-dn-v1
exht iso dm,exhaustIsoDamper,eo66-dn-v1
exht isolation d,exhaustIsoDamper,eo66-dn-v1
exht isolation dampr,exhaustIsoDamper,eo66-dn-v1
exht isolation dm,exhaustIsoDamper,eo66-dn-v1
exht isolation dmper,exhaustIsoDamper,eo66-dn-v1
ea iso d fb,exhaustIsoDamperFb,eo66-dn-v1
ea iso dmper fb,exhaustIsoDamperFb,eo66-dn-v1
ea iso dpr fb,exhaustIsoDamperFb,eo66-dn-v1
ea isolation damper fdbk,exhaustIsoDamperFb,eo66-dn-v1
ea isolation damper pos,exhaustIsoDamperFb,eo66-dn-v1
ea isolation dmpr fb,exhaustIsoDamperFb,eo66-dn-v1
ea isolation dpr position,exhaustIsoDamperFb,eo66-dn-v1
ex iso dampr fbk,exhaustIsoDamperFb,eo66-dn-v1
ex isolation d fdbk,exhaustIsoDamperFb,eo66-dn-v1
ex isolation dmp feedback,exhaustIsoDamperFb,eo66-dn-v1
ex isolation dmp pos,exhaustIsoDamperFb,eo66-dn-v1
ex isolation dmpr fdbk,exhaustIsoDamperFb,eo66-dn-v1
exh iso damper fdbk,exhaustIsoDamperFb,eo66-dn-v1
exh iso dampr fb,exhaustIsoDamperFb,eo66-dn-v1
exh iso dm fb,exhaustIsoDamperFb,eo66-dn-v1
exh iso dmp fbk,exhaustIsoDamperFb,eo66-dn-v1
exh iso dmp pos,exhaustIsoDamperFb,eo66-dn-v1
exh iso dpr feedback,exhaustIsoDamperFb,eo66-dn-v1
exh isolation d pos,exhaustIsoDamperFb,eo66-dn-v1
exh isolation dampr fdbk,exhaustIsoDamperFb,eo66-dn-v1
exh isolation dmpr pos,exhaustIsoDamperFb,eo66-dn-v1
exhaust iso dm fb,exhaustIsoDamperFb,eo66-dn-v1
exhaust iso dm position,exhaustIsoDamperFb,eo66-dn-v1
exhaust iso dmp fb,exhaustIsoDamperFb,eo66-dn-v1
exhaust iso dpr feedback,exhaustIsoDamperFb,eo66-dn-v1
exhaust isolation damper feedback,exhaustIsoDamperFb,eo66-dn-v1
exhaust isolation dampr fbk,exhaustIsoDamperFb,eo66-dn-v1
exhaust isolation dmp pos,exhaustIsoDamperFb,eo66-dn-v1
exhaust isolation dmpr fb,exhaustIsoDamperFb,eo66-dn-v1
exhst isolation d fdbk,exhaustIsoDamperFb,eo66-dn-v1
exhst isolation dm fbk,exhaustIsoDamperFb,eo66-dn-v1
exht iso d fdbk,exhaustIsoDamperFb,eo66-dn-v1
exht iso dmper feedback,exhaustIsoDamperFb,eo66-dn-v1
exht iso dpr position,exhaustIsoDamperFb,eo66-dn-v1
exht isolation damper pos,exhaustIsoDamperFb,eo66-dn-v1
exht isolation dampr fbk,exhaustIsoDamperFb,eo66-dn-v1
exht isolation dmp position,exhaustIsoDamperFb,eo66-dn-v1
exht isolation dmper pos,exhaustIsoDamperFb,eo66-dn-v1
exht isolation dmper position,exhaustIsoDamperFb,eo66-dn-v1
exht isolation dpr fbk,exhaustIsoDamperFb,eo66-dn-v1
face bp damper fdbk,faceBypassDamperFb,eo66-dn-v1
face bp dampr pos,faceBypassDamperFb,eo66-dn-v1
face bp dampr position,faceBypassDamperFb,eo66-dn-v1
face bp dm position,faceBypassDamperFb,eo66-dn-v1
face bp dmp fb,faceBypassDamperFb,eo66-dn-v1
face bp dmp fdbk,faceBypassDamperFb,eo66-dn-v1
face bp dmp position,faceBypassDamperFb,eo66-dn-v1
face bp dmper pos,faceBypassDamperFb,eo66-dn-v1
face bp dmpr feedback,faceBypassDamperFb,eo66-dn-v1
face bp dpr pos,faceBypassDamperFb,eo66-dn-v1
face byp d fb,faceBypassDamperFb,eo66-dn-v1
face byp d fdbk,faceBypassDamperFb,eo66-dn-v1
face byp d feedback,faceBypassDamperFb,eo66-dn-v1
face byp damper fbk,faceBypassDamperFb,eo66-dn-v1
face byp damper pos,faceBypassDamperFb,eo66-dn-v1
face byp dampr fb,faceBypassDamperFb,eo66-dn-v1
face byp dampr fdbk,faceBypassDamperFb,eo66-dn-v1
face byp dampr feedback,faceBypassDamperFb,eo66-dn-v1
face byp dm pos,faceBypassDamperFb,eo66-dn-v1
face byp dm position,faceBypassDamperFb,eo66-dn-v1
face byp dmp fb,faceBypassDamperFb,eo66-dn-v1
face byp dmp fdbk,faceBypassDamperFb,eo66-dn-v1
face byp dmp feedback,faceBypassDamperFb,eo66-dn-v1
face byp dmp position,faceBypassDamperFb,eo66-dn-v1
face byp dmper fb,faceBypassDamperFb,eo66-dn-v1
face byp dmper fdbk,faceBypassDamperFb,eo66-dn-v1
face byp dmpr fb,faceBypassDamperFb,eo66-dn-v1
face byp dpr fb,faceBypassDamperFb,eo66-dn-v1
face bypass d feedback,faceBypassDamperFb,eo66-dn-v1
face bypass d pos,faceBypassDamperFb,eo66-dn-v1
face bypass damper fdbk,faceBypassDamperFb,eo66-dn-v1
face bypass damper feedback,faceBypassDamperFb,eo66-dn-v1
face bypass dampr position,faceBypassDamperFb,eo66-dn-v1
face bypass dm fbk,faceBypassDamperFb,eo66-dn-v1
face bypass dm position,faceBypassDamperFb,eo66-dn-v1
face bypass dmp pos,faceBypassDamperFb,eo66-dn-v1
face bypass dmp position,faceBypassDamperFb,eo66-dn-v1
face bypass dmpr fdbk,faceBypassDamperFb,eo66-dn-v1
face bypass dmpr feedback,faceBypassDamperFb,eo66-dn-v1
face bypass dpr position,faceBypassDamperFb,eo66-dn-v1
face d fbk,faceDamperFb,eo66-dn-v1
face d fdbk,faceDamperFb,eo66-dn-v1
face d feedback,faceDamperFb,eo66-dn-v1
face d position,faceDamperFb,eo66-dn-v1
face damper fb,faceDamperFb,eo66-dn-v1
face damper fbk,faceDamperFb,eo66-dn-v1
face damper feedback,faceDamperFb,eo66-dn-v1
face damper pos,faceDamperFb,eo66-dn-v1
face damper position,faceDamperFb,eo66-dn-v1
face dampr fb,faceDamperFb,eo66-dn-v1
face dampr fdbk,faceDamperFb,eo66-dn-v1
face dampr feedback,faceDamperFb,eo66-dn-v1
face dampr pos,faceDamperFb,eo66-dn-v1
face dampr position,faceDamperFb,eo66-dn-v1
face dm fb,faceDamperFb,eo66-dn-v1
face dm fbk,faceDamperFb,eo66-dn-v1
face dm fdbk,faceDamperFb,eo66-dn-v1
face dm feedback,faceDamperFb,eo66-dn-v1
face dm position,faceDamperFb,eo66-dn-v1
face dmp fb,faceDamperFb,eo66-dn-v1
face dmp fbk,faceDamperFb,eo66-dn-v1
face dmp fdbk,faceDamperFb,eo66-dn-v1
face dmp feedback,faceDamperFb,eo66-dn-v1
face dmp pos,faceDamperFb,eo66-dn-v1
face dmp position,faceDamperFb,eo66-dn-v1
face dmper fb,faceDamperFb,eo66-dn-v1
face dmper fbk,faceDamperFb,eo66-dn-v1
face dmper fdbk,faceDamperFb,eo66-dn-v1
face dmper feedback,faceDamperFb,eo66-dn-v1
face dmper pos,faceDamperFb,eo66-dn-v1
face dmper position,faceDamperFb,eo66-dn-v1
face dmpr fb,faceDamperFb,eo66-dn-v1
face dmpr fdbk,faceDamperFb,eo66-dn-v1
face dmpr feedback,faceDamperFb,eo66-dn-v1
face dmpr pos,faceDamperFb,eo66-dn-v1
face dmpr position,faceDamperFb,eo66-dn-v1
face dpr fbk,faceDamperFb,eo66-dn-v1
face dpr fdbk,faceDamperFb,eo66-dn-v1
face dpr feedback,faceDamperFb,eo66-dn-v1
face dpr pos,faceDamperFb,eo66-dn-v1
flo rate,flow,eo66-dn-v1
flow rate,flow,eo66-dn-v1
flw rate,flow,eo66-dn-v1
gen c,gen,eo66-dn-v1
gen cmd,gen,eo66-dn-v1
gen cmnd,gen,eo66-dn-v1
gen command,gen,eo66-dn-v1
generator c,gen,eo66-dn-v1
generator cmd,gen,eo66-dn-v1
generator cmnd,gen,eo66-dn-v1
generator command,gen,eo66-dn-v1
gen s,genStatus,eo66-dn-v1
gen st,genStatus,eo66-dn-v1
gen stat,genStatus,eo66-dn-v1
gen status,genStatus,eo66-dn-v1
gen sts,genStatus,eo66-dn-v1
generator s,genStatus,eo66-dn-v1
generator st,genStatus,eo66-dn-v1
generator stat,genStatus,eo66-dn-v1
generator status,genStatus,eo66-dn-v1
generator sts,genStatus,eo66-dn-v1
heat trace s,heatTraceStatus,eo66-dn-v1
heat trace st,heatTraceStatus,eo66-dn-v1
heat trace stat,heatTraceStatus,eo66-dn-v1
heat trace status,heatTraceStatus,eo66-dn-v1
heat trace sts,heatTraceStatus,eo66-dn-v1
heating trace s,heatTraceStatus,eo66-dn-v1
heating trace st,heatTraceStatus,eo66-dn-v1
heating trace stat,heatTraceStatus,eo66-dn-v1
heating trace status,heatTraceStatus,eo66-dn-v1
heating trace sts,heatTraceStatus,eo66-dn-v1
htg trace s,heatTraceStatus,eo66-dn-v1
htg trace st,heatTraceStatus,eo66-dn-v1
htg trace stat,heatTraceStatus,eo66-dn-v1
htg trace status,heatTraceStatus,eo66-dn-v1
htg trace sts,heatTraceStatus,eo66-dn-v1
h cl flo,heatingCoilFlow,eo66-dn-v1
h cl flow,heatingCoilFlow,eo66-dn-v1
h cl flw,heatingCoilFlow,eo66-dn-v1
h coil flo,heatingCoilFlow,eo66-dn-v1
h coil flow,heatingCoilFlow,eo66-dn-v1
h coil flw,heatingCoilFlow,eo66-dn-v1
heat cl flo,heatingCoilFlow,eo66-dn-v1
heat cl flow,heatingCoilFlow,eo66-dn-v1
heat cl flw,heatingCoilFlow,eo66-dn-v1
heat coil flo,heatingCoilFlow,eo66-dn-v1
heat coil flow,heatingCoilFlow,eo66-dn-v1
heat coil flw,heatingCoilFlow,eo66-dn-v1
heating cl flo,heatingCoilFlow,eo66-dn-v1
heating cl flow,heatingCoilFlow,eo66-dn-v1
heating cl flw,heatingCoilFlow,eo66-dn-v1
heating coil flo,heatingCoilFlow,eo66-dn-v1
heating coil flow,heatingCoilFlow,eo66-dn-v1
heating coil flw,heatingCoilFlow,eo66-dn-v1
ht cl flo,heatingCoilFlow,eo66-dn-v1
ht cl flow,heatingCoilFlow,eo66-dn-v1
ht cl flw,heatingCoilFlow,eo66-dn-v1
ht coil flo,heatingCoilFlow,eo66-dn-v1
ht coil flow,heatingCoilFlow,eo66-dn-v1
ht coil flw,heatingCoilFlow,eo66-dn-v1
htg cl flo,heatingCoilFlow,eo66-dn-v1
htg cl flow,heatingCoilFlow,eo66-dn-v1
htg cl flw,heatingCoilFlow,eo66-dn-v1
htg coil flo,heatingCoilFlow,eo66-dn-v1
htg coil flow,heatingCoilFlow,eo66-dn-v1
htg coil flw,heatingCoilFlow,eo66-dn-v1
hw cl flo,heatingCoilFlow,eo66-dn-v1
hw cl flow,heatingCoilFlow,eo66-dn-v1
hw cl flw,heatingCoilFlow,eo66-dn-v1
hw coil flo,heatingCoilFlow,eo66-dn-v1
hw coil flow,heatingCoilFlow,eo66-dn-v1
hw coil flw,heatingCoilFlow,eo66-dn-v1
h cl p enb,heatingCoilPumpEnable,eo66-dn-v1
h cl pmp enab,heatingCoilPumpEnable,eo66-dn-v1
h cl pmp enbl,heatingCoilPumpEnable,eo66-dn-v1
h cl pump enbl,heatingCoilPumpEnable,eo66-dn-v1
h coil p eb,heatingCoilPumpEnable,eo66-dn-v1
h coil pmp en,heatingCoilPumpEnable,eo66-dn-v1
h coil pmp enab,heatingCoilPumpEnable,eo66-dn-v1
h coil pmp enbl,heatingCoilPumpEnable,eo66-dn-v1
heat cl pmp eb,heatingCoilPumpEnable,eo66-dn-v1
heat cl pmp enab,heatingCoilPumpEnable,eo66-dn-v1
heat cl pmp enable,heatingCoilPumpEnable,eo66-dn-v1
heat cl pump enab,heatingCoilPumpEnable,eo66-dn-v1
heat coil p en,heatingCoilPumpEnable,eo66-dn-v1
heat coil pmp en,heatingCoilPumpEnable,eo66-dn-v1
heat coil pump enbl,heatingCoilPumpEnable,eo66-dn-v1
heating cl pump enb,heatingCoilPumpEnable,eo66-dn-v1
heating coil p enable,heatingCoilPumpEnable,eo66-dn-v1
heating coil pmp en,heatingCoilPumpEnable,eo66-dn-v1
heating coil pmp ena,heatingCoilPumpEnable,eo66-dn-v1
heating coil pump eb,heatingCoilPumpEnable,eo66-dn-v1
heating coil pump enable,heatingCoilPumpEnable,eo66-dn-v1
ht cl pmp en,heatingCoilPumpEnable,eo66-dn-v1
ht cl pmp ena,heatingCoilPumpEnable,eo66-dn-v1
ht cl pmp enable,heatingCoilPumpEnable,eo66-dn-v1
ht cl pump enbl,heatingCoilPumpEnable,eo66-dn-v1
ht coil pump enab,heatingCoilPumpEnable,eo66-dn-v1
htg cl pmp ena,heatingCoilPumpEnable,eo66-dn-v1
htg cl pmp enab,heatingCoilPumpEnable,eo66-dn-v1
htg cl pmp enbl,heatingCoilPumpEnable,eo66-dn-v1
htg cl pump enbl,heatingCoilPumpEnable,eo66-dn-v1
htg coil pmp en,heatingCoilPumpEnable,eo66-dn-v1
htg coil pmp enbl,heatingCoilPumpEnable,eo66-dn-v1
htg coil pump eb,heatingCoilPumpEnable,eo66-dn-v1
htg coil pump enable,heatingCoilPumpEnable,eo66-dn-v1
hw cl p enable,heatingCoilPumpEnable,eo66-dn-v1
hw cl pmp ena,heatingCoilPumpEnable,eo66-dn-v1
hw cl pmp enbl,heatingCoilPumpEnable,eo66-dn-v1
hw coil pmp enab,heatingCoilPumpEnable,eo66-dn-v1
hw coil pmp enable,heatingCoilPumpEnable,eo66-dn-v1
hw coil pump enab,heatingCoilPumpEnable,eo66-dn-v1
h cl p eb set,heatingCoilPumpEnableSp,eo66-dn-v1
h cl pmp eb s,heatingCoilPumpEnableSp,eo66-dn-v1
h cl pmp eb setp,heatingCoilPumpEnableSp,eo66-dn-v1
h cl pmp enbl s,heatingCoilPumpEnableSp,eo66-dn-v1
h coil p ena stpt,heatingCoilPumpEnableSp,eo66-dn-v1
h coil p enab spt,heatingCoilPumpEnableSp,eo66-dn-v1
h coil p enb stpt,heatingCoilPumpEnableSp,eo66-dn-v1
heat cl p enbl s,heatingCoilPumpEnableSp,eo66-dn-v1
heat cl pmp eb s,heatingCoilPumpEnableSp,eo66-dn-v1
heat cl pmp enab setpoint,heatingCoilPumpEnableSp,eo66-dn-v1
heat cl pmp enbl setpoint,heatingCoilPumpEnableSp,eo66-dn-v1
heat cl pump enab set,heatingCoilPumpEnableSp,eo66-dn-v1
heat cl pump enbl s,heatingCoilPumpEnableSp,eo66-dn-v1
heat coil p enbl spt,heatingCoilPumpEnableSp,eo66-dn-v1
heat coil pmp enab setpoint,heatingCoilPumpEnableSp,eo66-dn-v1
heating cl p enb setp,heatingCoilPumpEnableSp,eo66-dn-v1
heating coil p enab setp,heatingCoilPumpEnableSp,eo66-dn-v1
heating coil p enbl setp,heatingCoilPumpEnableSp,eo66-dn-v1
heating coil pmp ena stpt,heatingCoilPumpEnableSp,eo66-dn-v1
heating coil pump enable setpoint,heatingCoilPumpEnableSp,eo66-dn-v1
ht cl p enable s,heatingCoilPumpEnableSp,eo66-dn-v1
htg cl pmp eb set,heatingCoilPumpEnableSp,eo66-dn-v1
htg coil p en spt,heatingCoilPumpEnableSp,eo66-dn-v1
htg coil pump ena setp,heatingCoilPumpEnableSp,eo66-dn-v1
htg coil pump enab setp,heatingCoilPumpEnableSp,eo66-dn-v1
htg coil pump enab setpoint,heatingCoilPumpEnableSp,eo66-dn-v1
htg coil pump enable sp,heatingCoilPumpEnableSp,eo66-dn-v1
htg coil pump enb setpoint,heatingCoilPumpEnableSp,eo66-dn-v1
hw cl pmp eb sp,heatingCoilPumpEnableSp,eo66-dn-v1
hw cl pmp ena setpoint,heatingCoilPumpEnableSp,eo66-dn-v1
hw cl pmp enb setpt,heatingCoilPumpEnableSp,eo66-dn-v1
hw cl pump enab s,heatingCoilPumpEnableSp,eo66-dn-v1
hw cl pump enb spt,heatingCoilPumpEnableSp,eo66-dn-v1
hw cl pump enbl sp,heatingCoilPumpEnableSp,eo66-dn-v1
hw coil pmp enable stpt,heatingCoilPumpEnableSp,eo66-dn-v1
hw coil pmp enbl s,heatingCoilPumpEnableSp,eo66-dn-v1
hw coil pump eb spt,heatingCoilPumpEnableSp,eo66-dn-v1
hw coil pump en setp,heatingCoilPumpEnableSp,eo66-dn-v1
hw coil pump enab setp,heatingCoilPumpEnableSp,eo66-dn-v1
hw coil pump enb s,heatingCoilPumpEnableSp,eo66-dn-v1
h stage eb,heatingStageEnable,eo66-dn-v1
h stage enable,heatingStageEnable,eo66-dn-v1
h stg ena,heatingStageEnable,eo66-dn-v1
h stg enab,heatingStageEnable,eo66-dn-v1
h stg enbl,heatingStageEnable,eo66-dn-v1
heat stage ena,heatingStageEnable,eo66-dn-v1
heat stage enab,heatingStageEnable,eo66-dn-v1
heat stage enable,heatingStageEnable,eo66-dn-v1
heat stage enbl,heatingStageEnable,eo66-dn-v1
heat stg eb,heatingStageEnable,eo66-dn-v1
heat stg en,heatingStageEnable,eo66-dn-v1
heat stg ena,heatingStageEnable,eo66-dn-v1
heating stage en,heatingStageEnable,eo66-dn-v1
heating stage enable,heatingStageEnable,eo66-dn-v1
heating stage enbl,heatingStageEnable,eo66-dn-v1
heating stg eb,heatingStageEnable,eo66-dn-v1
heating stg ena,heatingStageEnable,eo66-dn-v1
heating stg enab,heatingStageEnable,eo66-dn-v1
heating stg enb,heatingStageEnable,eo66-dn-v1
ht stage eb,heatingStageEnable,eo66-dn-v1
ht stage ena,heatingStageEnable,eo66-dn-v1
ht stg en,heatingStageEnable,eo66-dn-v1
ht stg ena,heatingStageEnable,eo66-dn-v1
ht stg enable,heatingStageEnable,eo66-dn-v1
ht stg enb,heatingStageEnable,eo66-dn-v1
htg stage eb,heatingStageEnable,eo66-dn-v1
htg stage ena,heatingStageEnable,eo66-dn-v1
htg stage enab,heatingStageEnable,eo66-dn-v1
htg stage enable,heatingStageEnable,eo66-dn-v1
htg stage enb,heatingStageEnable,eo66-dn-v1
htg stage enbl,heatingStageEnable,eo66-dn-v1
htg stg en,heatingStageEnable,eo66-dn-v1
htg stg enab,heatingStageEnable,eo66-dn-v1
htg stg enb,heatingStageEnable,eo66-dn-v1
htg stg enbl,heatingStageEnable,eo66-dn-v1
hw stage en,heatingStageEnable,eo66-dn-v1
hw stage enable,heatingStageEnable,eo66-dn-v1
hw stg eb,heatingStageEnable,eo66-dn-v1
hw stg en,heatingStageEnable,eo66-dn-v1
hw stg ena,heatingStageEnable,eo66-dn-v1
h stage mod cmnd,heatingStageMod,eo66-dn-v1
h stage modulation c,heatingStageMod,eo66-dn-v1
h stage modulation command,heatingStageMod,eo66-dn-v1
h stg mod cmd,heatingStageMod,eo66-dn-v1
h stg modulation c,heatingStageMod,eo66-dn-v1
h stg modulation cmd,heatingStageMod,eo66-dn-v1
h stg modulation cmnd,heatingStageMod,eo66-dn-v1
heat stage mod command,heatingStageMod,eo66-dn-v1
heat stage modulation cmd,heatingStageMod,eo66-dn-v1
heat stg mod cmd,heatingStageMod,eo66-dn-v1
heat stg mod cmnd,heatingStageMod,eo66-dn-v1
heat stg mod command,heatingStageMod,eo66-dn-v1
heat stg modulation cmnd,heatingStageMod,eo66-dn-v1
heating stage mod cmnd,heatingStageMod,eo66-dn-v1
heating stage modulation c,heatingStageMod,eo66-dn-v1
heating stage modulation cmd,heatingStageMod,eo66-dn-v1
heating stage modulation command,heatingStageMod,eo66-dn-v1
heating stg mod c,heatingStageMod,eo66-dn-v1
ht stage mod c,heatingStageMod,eo66-dn-v1
ht stage mod cmd,heatingStageMod,eo66-dn-v1
ht stage mod cmnd,heatingStageMod,eo66-dn-v1
ht stage mod command,heatingStageMod,eo66-dn-v1
ht stage modulation c,heatingStageMod,eo66-dn-v1
ht stage modulation cmnd,heatingStageMod,eo66-dn-v1
ht stg mod cmnd,heatingStageMod,eo66-dn-v1
ht stg mod command,heatingStageMod,eo66-dn-v1
htg stage mod cmd,heatingStageMod,eo66-dn-v1
htg stage mod cmnd,heatingStageMod,eo66-dn-v1
htg stage modulation cmd,heatingStageMod,eo66-dn-v1
htg stage modulation cmnd,heatingStageMod,eo66-dn-v1
htg stage modulation command,heatingStageMod,eo66-dn-v1
htg stg mod c,heatingStageMod,eo66-dn-v1
htg stg mod cmnd,heatingStageMod,eo66-dn-v1
htg stg modulation cmd,heatingStageMod,eo66-dn-v1
hw stage mod command,heatingStageMod,eo66-dn-v1
hw stage modulation c,heatingStageMod,eo66-dn-v1
hw stage modulation cmnd,heatingStageMod,eo66-dn-v1
hw stg mod c,heatingStageMod,eo66-dn-v1
hw stg mod cmd,heatingStageMod,eo66-dn-v1
hw stg modulation command,heatingStageMod,eo66-dn-v1
hot deck d air mn setpoint,hotDeckDischargeFlowMinSp,eo66-dn-v1
hot deck da flow mn set,hotDeckDischargeFlowMinSp,eo66-dn-v1
hot deck dch airflw min setp,hotDeckDischargeFlowMinSp,eo66-dn-v1
hot deck dch flow mn setpoint,hotDeckDischargeFlowMinSp,eo66-dn-v1
hot deck dis flow min setpoint,hotDeckDischargeFlowMinSp,eo66-dn-v1
hot deck disch air mn sp,hotDeckDischargeFlowMinSp,eo66-dn-v1
hot deck discharge airflow min set,hotDeckDischargeFlowMinSp,eo66-dn-v1
hot deck discharge airflow min setpoint,hotDeckDischargeFlowMinSp,eo66-dn-v1
hot deck sa airflow min sp,hotDeckDischargeFlowMinSp,eo66-dn-v1
hot deck sa airflow mn setpoint,hotDeckDischargeFlowMinSp,eo66-dn-v1
hot deck supply airflow min spt,hotDeckDischargeFlowMinSp,eo66-dn-v1
hot deck supply flow mn sp,hotDeckDischargeFlowMinSp,eo66-dn-v1
hot dk d cfm mn setpt,hotDeckDischargeFlowMinSp,eo66-dn-v1
hot dk da airflw min s,hotDeckDischargeFlowMinSp,eo66-dn-v1
hot dk dis cfm mn setp,hotDeckDischargeFlowMinSp,eo66-dn-v1
hot dk disch air min setpt,hotDeckDischargeFlowMinSp,eo66-dn-v1
hot dk disch airflw mn s,hotDeckDischargeFlowMinSp,eo66-dn-v1
hot dk disch flow min spt,hotDeckDischargeFlowMinSp,eo66-dn-v1
hot dk discharge air min setpoint,hotDeckDischargeFlowMinSp,eo66-dn-v1
hot dk dsch cfm min s,hotDeckDischargeFlowMinSp,eo66-dn-v1
hot dk dsch flow min s,hotDeckDischargeFlowMinSp,eo66-dn-v1
hot dk supply air mn s,hotDeckDischargeFlowMinSp,eo66-dn-v1
ht deck d cfm mn set,hotDeckDischargeFlowMinSp,eo66-dn-v1
ht deck dch airflw min setp,hotDeckDischargeFlowMinSp,eo66-dn-v1
ht deck dis air mn set,hotDeckDischargeFlowMinSp,eo66-dn-v1
ht deck discharge air mn spt,hotDeckDischargeFlowMinSp,eo66-dn-v1
ht deck discharge airflow mn setpoint,hotDeckDischargeFlowMinSp,eo66-dn-v1
ht deck dsch airflw mn sp,hotDeckDischargeFlowMinSp,eo66-dn-v1
ht deck sa air mn setp,hotDeckDischargeFlowMinSp,eo66-dn-v1
ht deck supply flow mn setpoint,hotDeckDischargeFlowMinSp,eo66-dn-v1
ht dk da airflow min setpt,hotDeckDischargeFlowMinSp,eo66-dn-v1
ht dk da flow mn setpoint,hotDeckDischargeFlowMinSp,eo66-dn-v1
ht dk dch air mn stpt,hotDeckDischargeFlowMinSp,eo66-dn-v1
ht dk disch airflw min setpoint,hotDeckDischargeFlowMinSp,eo66-dn-v1
ht dk discharge air min setp,hotDeckDischargeFlowMinSp,eo66-dn-v1
ht dk discharge cfm mn s,hotDeckDischargeFlowMinSp,eo66-dn-v1
ht dk dsch air mn sp,hotDeckDischargeFlowMinSp,eo66-dn-v1
ht dk dsch airflow mn s,hotDeckDischargeFlowMinSp,eo66-dn-v1
ht dk sa airflow mn sp,hotDeckDischargeFlowMinSp,eo66-dn-v1
ht dk supply airflow mn setpoint,hotDeckDischargeFlowMinSp,eo66-dn-v1
hot deck da presr mx reset s,hotDeckDischargePressureMaxSp,eo66-dn-v1
hot deck dch press max rst stpt,hotDeckDischargePressureMaxSp,eo66-dn-v1
hot deck discharge presr mx reset s,hotDeckDischargePressureMaxSp,eo66-dn-v1
hot deck discharge pressure max reset setpoint,hotDeckDischargePressureMaxSp,eo66-dn-v1
hot deck dsch pres max rst setpoint,hotDeckDischargePressureMaxSp,eo66-dn-v1
hot deck sa press max reset sp,hotDeckDischargePressureMaxSp,eo66-dn-v1
hot deck sa press max rst s,hotDeckDischargePressureMaxSp,eo66-dn-v1
hot deck supply press mx rst sp,hotDeckDischargePressureMaxSp,eo66-dn-v1
hot deck supply pressure mx rst setpt,hotDeckDischargePressureMaxSp,eo66-dn-v1
hot dk d press mx rst setpoint,hotDeckDischargePressureMaxSp,eo66-dn-v1
hot dk d pressure max reset setp,hotDeckDischargePressureMaxSp,eo66-dn-v1
hot dk d prs max reset stpt,hotDeckDischargePressureMaxSp,eo66-dn-v1
hot dk da presr max rst setp,hotDeckDischargePressureMaxSp,eo66-dn-v1
hot dk dch prs mx rst s,hotDeckDischargePressureMaxSp,eo66-dn-v1
hot dk disch p mx reset s,hotDeckDischargePressureMaxSp,eo66-dn-v1
hot dk dsch pressure max rst spt,hotDeckDischargePressureMaxSp,eo66-dn-v1
hot dk sa press max rst setpoint,hotDeckDischargePressureMaxSp,eo66-dn-v1
ht deck d pr max reset stpt,hotDeckDischargePressureMaxSp,eo66-dn-v1
ht deck d pres mx reset setp,hotDeckDischargePressureMaxSp,eo66-dn-v1
ht deck d press max rst stpt,hotDeckDischargePressureMaxSp,eo66-dn-v1
ht deck d pressure mx rst setpt,hotDeckDischargePressureMaxSp,eo66-dn-v1
ht deck da pres mx rst spt,hotDeckDischargePressureMaxSp,eo66-dn-v1
ht deck da press mx reset spt,hotDeckDischargePressureMaxSp,eo66-dn-v1
ht deck da pressure max reset stpt,hotDeckDischargePressureMaxSp,eo66-dn-v1
ht deck dch press max rst stpt,hotDeckDischargePressureMaxSp,eo66-dn-v1
ht deck dis p mx reset setpt,hotDeckDischargePressureMaxSp,eo66-dn-v1
ht deck discharge presr max reset sp,hotDeckDischargePressureMaxSp,eo66-dn-v1
ht deck dsch press max reset stpt,hotDeckDischargePressureMaxSp,eo66-dn-v1
ht deck supply prs mx reset stpt,hotDeckDischargePressureMaxSp,eo66-dn-v1
ht dk d presr max rst sp,hotDeckDischargePressureMaxSp,eo66-dn-v1
ht dk d pressure mx rst setpoint,hotDeckDischargePressureMaxSp,eo66-dn-v1
ht dk d prs max rst spt,hotDeckDischargePressureMaxSp,eo66-dn-v1
ht dk da press max reset setpoint,hotDeckDischargePressureMaxSp,eo66-dn-v1
ht dk da pressure mx rst setpt,hotDeckDischargePressureMaxSp,eo66-dn-v1
ht dk dch pres max rst setpoint,hotDeckDischargePressureMaxSp,eo66-dn-v1
ht dk dis p max rst spt,hotDeckDischargePressureMaxSp,eo66-dn-v1
ht dk dis prs max rst spt,hotDeckDischargePressureMaxSp,eo66-dn-v1
ht dk discharge p mx reset sp,hotDeckDischargePressureMaxSp,eo66-dn-v1
ht dk discharge prs max reset spt,hotDeckDischargePressureMaxSp,eo66-dn-v1
ht dk sa pr max rst s,hotDeckDischargePressureMaxSp,eo66-dn-v1
hot deck dch p min rst s,hotDeckDischargePressureMinSp,eo66-dn-v1
hot deck dch pres mn reset s,hotDeckDischargePressureMinSp,eo66-dn-v1
hot deck dch prs mn rst sp,hotDeckDischargePressureMinSp,eo66-dn-v1
hot deck disch presr mn reset setpt,hotDeckDischargePressureMinSp,eo66-dn-v1
hot deck discharge pressure min reset setpoint,hotDeckDischargePressureMinSp,eo66-dn-v1
hot deck sa press min reset sp,hotDeckDischargePressureMinSp,eo66-dn-v1
hot deck sa prs min reset set,hotDeckDischargePressureMinSp,eo66-dn-v1
hot deck sa prs min reset sp,hotDeckDischargePressureMinSp,eo66-dn-v1
hot dk d pressure mn reset setpt,hotDeckDischargePressureMinSp,eo66-dn-v1
hot dk da pr mn reset setpoint,hotDeckDischargePressureMinSp,eo66-dn-v1
hot dk da pressure min rst sp,hotDeckDischargePressureMinSp,eo66-dn-v1
hot dk da prs mn rst spt,hotDeckDischargePressureMinSp,eo66-dn-v1
hot dk dis pres mn rst s,hotDeckDischargePressureMinSp,eo66-dn-v1
hot dk disch p min reset setpt,hotDeckDischargePressureMinSp,eo66-dn-v1
hot dk disch pr min rst setpoint,hotDeckDischargePressureMinSp,eo66-dn-v1
hot dk discharge presr mn reset setpt,hotDeckDischargePressureMinSp,eo66-dn-v1
hot dk discharge prs mn reset set,hotDeckDischargePressureMinSp,eo66-dn-v1
hot dk dsch pres min rst setpt,hotDeckDischargePressureMinSp,eo66-dn-v1
hot dk dsch pressure mn rst setp,hotDeckDischargePressureMinSp,eo66-dn-v1
hot dk supply prs min rst setpt,hotDeckDischargePressureMinSp,eo66-dn-v1
ht deck d pr mn reset spt,hotDeckDischargePressureMinSp,eo66-dn-v1
ht deck dis press mn rst s,hotDeckDischargePressureMinSp,eo66-dn-v1
ht deck dis pressure mn rst set,hotDeckDischargePressureMinSp,eo66-dn-v1
ht deck disch pres mn reset stpt,hotDeckDischargePressureMinSp,eo66-dn-v1
ht deck discharge press mn reset spt,hotDeckDischargePressureMinSp,eo66-dn-v1
ht deck sa pr min reset setpoint,hotDeckDischargePressureMinSp,eo66-dn-v1
ht deck sa prs mn rst setpt,hotDeckDischargePressureMinSp,eo66-dn-v1
ht deck supply presr mn reset s,hotDeckDischargePressureMinSp,eo66-dn-v1
ht dk da presr mn rst sp,hotDeckDischargePressureMinSp,eo66-dn-v1
ht dk dch pres min reset setpoint,hotDeckDischargePressureMinSp,eo66-dn-v1
ht dk dis pres min rst setpoint,hotDeckDischargePressureMinSp,eo66-dn-v1
ht dk disch presr min reset stpt,hotDeckDischargePressureMinSp,eo66-dn-v1
ht dk discharge prs mn reset sp,hotDeckDischargePressureMinSp,eo66-dn-v1
ht dk dsch pres mn reset setpt,hotDeckDischargePressureMinSp,eo66-dn-v1
ht dk dsch pressure min rst setpt,hotDeckDischargePressureMinSp,eo66-dn-v1
ht dk sa p mn reset setpoint,hotDeckDischargePressureMinSp,eo66-dn-v1
ht dk sa pr min reset sp,hotDeckDischargePressureMinSp,eo66-dn-v1
ht dk sa pressure min rst spt,hotDeckDischargePressureMinSp,eo66-dn-v1
ht dk supply p mn rst setpoint,hotDeckDischargePressureMinSp,eo66-dn-v1
ht dk supply pressure min reset setpt,hotDeckDischargePressureMinSp,eo66-dn-v1
hot deck da p sp,hotDeckDischargePressureSp,eo66-dn-v1
hot deck da presr setp,hotDeckDischargePressureSp,eo66-dn-v1
hot deck da prs s,hotDeckDischargePressureSp,eo66-dn-v1
hot deck da prs set,hotDeckDischargePressureSp,eo66-dn-v1
hot deck dch press setpt,hotDeckDischargePressureSp,eo66-dn-v1
hot deck dch prs spt,hotDeckDischargePressureSp,eo66-dn-v1
hot deck dis pres setp,hotDeckDischargePressureSp,eo66-dn-v1
hot deck discharge pressure setpoint,hotDeckDischargePressureSp,eo66-dn-v1
hot deck dsch pres setpt,hotDeckDischargePressureSp,eo66-dn-v1
hot deck sa press sp,hotDeckDischargePressureSp,eo66-dn-v1
hot deck supply pres setpt,hotDeckDischargePressureSp,eo66-dn-v1
hot dk d pressure sp,hotDeckDischargePressureSp,eo66-dn-v1
hot dk da p setpt,hotDeckDischargePressureSp,eo66-dn-v1
hot dk dch pres spt,hotDeckDischargePressureSp,eo66-dn-v1
hot dk dch press setpoint,hotDeckDischargePressureSp,eo66-dn-v1
hot dk dis pres s,hotDeckDischargePressureSp,eo66-dn-v1
hot dk dis pressure set,hotDeckDischargePressureSp,eo66-dn-v1
hot dk dis pressure stpt,hotDeckDischargePressureSp,eo66-dn-v1
hot dk discharge pres spt,hotDeckDischargePressureSp,eo66-dn-v1
hot dk discharge pressure setpt,hotDeckDischargePressureSp,eo66-dn-v1
hot dk dsch pressure setpt,hotDeckDischargePressureSp,eo66-dn-v1
hot dk dsch prs stpt,hotDeckDischargePressureSp,eo66-dn-v1
ht deck d pr sp,hotDeckDischargePressureSp,eo66-dn-v1
ht deck d press set,hotDeckDischargePressureSp,eo66-dn-v1
ht deck da pres s,hotDeckDischargePressureSp,eo66-dn-v1
ht deck disch p stpt,hotDeckDischargePressureSp,eo66-dn-v1
ht deck dsch pr spt,hotDeckDischargePressureSp,eo66-dn-v1
ht deck sa p setpt,hotDeckDischargePressureSp,eo66-dn-v1
ht deck sa presr setpoint,hotDeckDischargePressureSp,eo66-dn-v1
ht deck supply pressure s,hotDeckDischargePressureSp,eo66-dn-v1
ht dk da pres setpt,hotDeckDischargePressureSp,eo66-dn-v1
ht dk dch p spt,hotDeckDischargePressureSp,eo66-dn-v1
ht dk dch presr setp,hotDeckDischargePressureSp,eo66-dn-v1
ht dk dch prs stpt,hotDeckDischargePressureSp,eo66-dn-v1
ht dk dis pressure setpt,hotDeckDischargePressureSp,eo66-dn-v1
ht dk discharge pressure spt,hotDeckDischargePressureSp,eo66-dn-v1
ht dk dsch presr stpt,hotDeckDischargePressureSp,eo66-dn-v1
ht dk dsch press sp,hotDeckDischargePressureSp,eo66-dn-v1
ht dk supply presr sp,hotDeckDischargePressureSp,eo66-dn-v1
ht dk supply pressure setpoint,hotDeckDischargePressureSp,eo66-dn-v1
hot deck d t mx s,hotDeckDischargeTempMaxSp,eo66-dn-v1
hot deck da temp max s,hotDeckDischargeTempMaxSp,eo66-dn-v1
hot deck dis t mx stpt,hotDeckDischargeTempMaxSp,eo66-dn-v1
hot deck discharge temperature max setpoint,hotDeckDischargeTempMaxSp,eo66-dn-v1
hot deck dsch temperature max setp,hotDeckDischargeTempMaxSp,eo66-dn-v1
hot deck sa temp max sp,hotDeckDischargeTempMaxSp,eo66-dn-v1
hot deck sa temperature mx stpt,hotDeckDischargeTempMaxSp,eo66-dn-v1
hot dk d temperature max setpoint,hotDeckDischargeTempMaxSp,eo66-dn-v1
hot dk da temperature max setp,hotDeckDischargeTempMaxSp,eo66-dn-v1
hot dk dch t max spt,hotDeckDischargeTempMaxSp,eo66-dn-v1
hot dk discharge temp max setpoint,hotDeckDischargeTempMaxSp,eo66-dn-v1
hot dk sa t max set,hotDeckDischargeTempMaxSp,eo66-dn-v1
hot dk supply t mx setpoint,hotDeckDischargeTempMaxSp,eo66-dn-v1
hot dk supply temp max setp,hotDeckDischargeTempMaxSp,eo66-dn-v1
hot dk supply temperature max setp,hotDeckDischargeTempMaxSp,eo66-dn-v1
hot dk supply temperature mx sp,hotDeckDischargeTempMaxSp,eo66-dn-v1
ht deck d temp max setp,hotDeckDischargeTempMaxSp,eo66-dn-v1
ht deck d temp max setpoint,hotDeckDischargeTempMaxSp,eo66-dn-v1
ht deck d temperature max sp,hotDeckDischargeTempMaxSp,eo66-dn-v1
ht deck da t max setp,hotDeckDischargeTempMaxSp,eo66-dn-v1
ht deck da t mx spt,hotDeckDischargeTempMaxSp,eo66-dn-v1
ht deck dsch t mx sp,hotDeckDischargeTempMaxSp,eo66-dn-v1
ht deck dsch temperature mx setp,hotDeckDischargeTempMaxSp,eo66-dn-v1
ht deck dsch temperature mx spt,hotDeckDischargeTempMaxSp,eo66-dn-v1
ht deck supply t max setp,hotDeckDischargeTempMaxSp,eo66-dn-v1
ht deck supply temp max s,hotDeckDischargeTempMaxSp,eo66-dn-v1
ht deck supply tmp mx set,hotDeckDischargeTempMaxSp,eo66-dn-v1
ht dk d t max set,hotDeckDischargeTempMaxSp,eo66-dn-v1
ht dk d temperature mx s,hotDeckDischargeTempMaxSp,eo66-dn-v1
ht dk dch tmp max sp,hotDeckDischargeTempMaxSp,eo66-dn-v1
ht dk dis temp max setpoint,hotDeckDischargeTempMaxSp,eo66-dn-v1
ht dk discharge tmp mx spt,hotDeckDischargeTempMaxSp,eo66-dn-v1
ht dk dsch temp max spt,hotDeckDischargeTempMaxSp,eo66-dn-v1
ht dk dsch tmp mx setpoint,hotDeckDischargeTempMaxSp,eo66-dn-v1
ht dk sa t mx s,hotDeckDischargeTempMaxSp,eo66-dn-v1
ht dk sa temperature mx setpt,hotDeckDischargeTempMaxSp,eo66-dn-v1
ht dk sa tmp max setp,hotDeckDischargeTempMaxSp,eo66-dn-v1
ht dk sa tmp mx s,hotDeckDischargeTempMaxSp,eo66-dn-v1
ht dk supply temperature max sp,hotDeckDischargeTempMaxSp,eo66-dn-v1
ht dk supply temperature mx setp,hotDeckDischargeTempMaxSp,eo66-dn-v1
hot deck d t mn setpoint,hotDeckDischargeTempMinSp,eo66-dn-v1
hot deck d temp mn s,hotDeckDischargeTempMinSp,eo66-dn-v1
hot deck da t min stpt,hotDeckDischargeTempMinSp,eo66-dn-v1
hot deck dch tmp mn set,hotDeckDischargeTempMinSp,eo66-dn-v1
hot deck dis tmp min setpt,hotDeckDischargeTempMinSp,eo66-dn-v1
hot deck dis tmp min stpt,hotDeckDischargeTempMinSp,eo66-dn-v1
hot deck disch t min stpt,hotDeckDischargeTempMinSp,eo66-dn-v1
hot deck discharge temp min s,hotDeckDischargeTempMinSp,eo66-dn-v1
hot deck discharge temperature min setpoint,hotDeckDischargeTempMinSp,eo66-dn-v1
hot deck discharge temperature mn stpt,hotDeckDischargeTempMinSp,eo66-dn-v1
hot deck dsch t mn setp,hotDeckDischargeTempMinSp,eo66-dn-v1
hot deck dsch temp min stpt,hotDeckDischargeTempMinSp,eo66-dn-v1
hot deck sa temp min sp,hotDeckDischargeTempMinSp,eo66-dn-v1
hot dk da temperature mn s,hotDeckDischargeTempMinSp,eo66-dn-v1
hot dk dch temp min setp,hotDeckDischargeTempMinSp,eo66-dn-v1
hot dk dch temperature mn sp,hotDeckDischargeTempMinSp,eo66-dn-v1
hot dk dis t min set,hotDeckDischargeTempMinSp,eo66-dn-v1
hot dk discharge tmp min sp,hotDeckDischargeTempMinSp,eo66-dn-v1
hot dk dsch temp min stpt,hotDeckDischargeTempMinSp,eo66-dn-v1
hot dk dsch temperature mn stpt,hotDeckDischargeTempMinSp,eo66-dn-v1
hot dk sa temp mn setpt,hotDeckDischargeTempMinSp,eo66-dn-v1
hot dk supply tmp min spt,hotDeckDischargeTempMinSp,eo66-dn-v1
ht deck d temperature min setp,hotDeckDischargeTempMinSp,eo66-dn-v1
ht deck da t min spt,hotDeckDischargeTempMinSp,eo66-dn-v1
ht deck disch t mn spt,hotDeckDischargeTempMinSp,eo66-dn-v1
ht deck disch temp min spt,hotDeckDischargeTempMinSp,eo66-dn-v1
ht deck dsch temp mn s,hotDeckDischargeTempMinSp,eo66-dn-v1
ht deck sa temp min setpt,hotDeckDischargeTempMinSp,eo66-dn-v1
ht dk d t min setpoint,hotDeckDischargeTempMinSp,eo66-dn-v1
ht dk d t mn set,hotDeckDischargeTempMinSp,eo66-dn-v1
ht dk d temperature min setp,hotDeckDischargeTempMinSp,eo66-dn-v1
ht dk da temp mn s,hotDeckDischargeTempMinSp,eo66-dn-v1
ht dk dch temp mn setp,hotDeckDischargeTempMinSp,eo66-dn-v1
ht dk dis t mn stpt,hotDeckDischargeTempMinSp,eo66-dn-v1
ht dk dis temp min setpoint,hotDeckDischargeTempMinSp,eo66-dn-v1
ht dk dsch temp mn spt,hotDeckDischargeTempMinSp,eo66-dn-v1
ht dk dsch temperature min stpt,hotDeckDischargeTempMinSp,eo66-dn-v1
ht dk sa temp min spt,hotDeckDischargeTempMinSp,eo66-dn-v1
ht dk sa tmp min stpt,hotDeckDischargeTempMinSp,eo66-dn-v1
ht dk supply temp min setpt,hotDeckDischargeTempMinSp,eo66-dn-v1
hot deck f c,hotDeckFan,eo66-dn-v1
hot deck f cmd,hotDeckFan,eo66-dn-v1
hot deck f cmnd,hotDeckFan,eo66-dn-v1
hot deck f command,hotDeckFan,eo66-dn-v1
hot deck fan c,hotDeckFan,eo66-dn-v1
hot deck fan cmd,hotDeckFan,eo66-dn-v1
hot deck fan cmnd,hotDeckFan,eo66-dn-v1
hot deck fan command,hotDeckFan,eo66-dn-v1
hot dk f c,hotDeckFan,eo66-dn-v1
hot dk f cmd,hotDeckFan,eo66-dn-v1
hot dk f cmnd,hotDeckFan,eo66-dn-v1
hot dk f command,hotDeckFan,eo66-dn-v1
hot dk fan c,hotDeckFan,eo66-dn-v1
hot dk fan cmd,hotDeckFan,eo66-dn-v1
hot dk fan cmnd,hotDeckFan,eo66-dn-v1
hot dk fan command,hotDeckFan,eo66-dn-v1
ht deck f c,hotDeckFan,eo66-dn-v1
ht deck f cmd,hotDeckFan,eo66-dn-v1
ht deck f cmnd,hotDeckFan,eo66-dn-v1
ht deck f command,hotDeckFan,eo66-dn-v1
ht deck fan c,hotDeckFan,eo66-dn-v1
ht deck fan cmd,hotDeckFan,eo66-dn-v1
ht deck fan cmnd,hotDeckFan,eo66-dn-v1
ht deck fan command,hotDeckFan,eo66-dn-v1
ht dk f c,hotDeckFan,eo66-dn-v1
ht dk f cmd,hotDeckFan,eo66-dn-v1
ht dk f cmnd,hotDeckFan,eo66-dn-v1
ht dk f command,hotDeckFan,eo66-dn-v1
ht dk fan c,hotDeckFan,eo66-dn-v1
ht dk fan cmd,hotDeckFan,eo66-dn-v1
ht dk fan cmnd,hotDeckFan,eo66-dn-v1
ht dk fan command,hotDeckFan,eo66-dn-v1
hot deck f spd,hotDeckFanSpeed,eo66-dn-v1
hot deck f speed,hotDeckFanSpeed,eo66-dn-v1
hot deck fan spd,hotDeckFanSpeed,eo66-dn-v1
hot deck fan speed,hotDeckFanSpeed,eo66-dn-v1
hot dk f spd,hotDeckFanSpeed,eo66-dn-v1
hot dk f speed,hotDeckFanSpeed,eo66-dn-v1
hot dk fan spd,hotDeckFanSpeed,eo66-dn-v1
hot dk fan speed,hotDeckFanSpeed,eo66-dn-v1
ht deck f spd,hotDeckFanSpeed,eo66-dn-v1
ht deck f speed,hotDeckFanSpeed,eo66-dn-v1
ht deck fan spd,hotDeckFanSpeed,eo66-dn-v1
ht deck fan speed,hotDeckFanSpeed,eo66-dn-v1
ht dk f spd,hotDeckFanSpeed,eo66-dn-v1
ht dk f speed,hotDeckFanSpeed,eo66-dn-v1
ht dk fan spd,hotDeckFanSpeed,eo66-dn-v1
ht dk fan speed,hotDeckFanSpeed,eo66-dn-v1
hot deck f s,hotDeckFanStatus,eo66-dn-v1
hot deck f st,hotDeckFanStatus,eo66-dn-v1
hot deck f stat,hotDeckFanStatus,eo66-dn-v1
hot deck f status,hotDeckFanStatus,eo66-dn-v1
hot deck f sts,hotDeckFanStatus,eo66-dn-v1
hot deck fan s,hotDeckFanStatus,eo66-dn-v1
hot deck fan st,hotDeckFanStatus,eo66-dn-v1
hot deck fan stat,hotDeckFanStatus,eo66-dn-v1
hot deck fan status,hotDeckFanStatus,eo66-dn-v1
hot deck fan sts,hotDeckFanStatus,eo66-dn-v1
hot dk f s,hotDeckFanStatus,eo66-dn-v1
hot dk f st,hotDeckFanStatus,eo66-dn-v1
hot dk f stat,hotDeckFanStatus,eo66-dn-v1
hot dk f status,hotDeckFanStatus,eo66-dn-v1
hot dk f sts,hotDeckFanStatus,eo66-dn-v1
hot dk fan s,hotDeckFanStatus,eo66-dn-v1
hot dk fan st,hotDeckFanStatus,eo66-dn-v1
hot dk fan stat,hotDeckFanStatus,eo66-dn-v1
hot dk fan status,hotDeckFanStatus,eo66-dn-v1
hot dk fan sts,hotDeckFanStatus,eo66-dn-v1
ht deck f s,hotDeckFanStatus,eo66-dn-v1
ht deck f st,hotDeckFanStatus,eo66-dn-v1
ht deck f stat,hotDeckFanStatus,eo66-dn-v1
ht deck f status,hotDeckFanStatus,eo66-dn-v1
ht deck f sts,hotDeckFanStatus,eo66-dn-v1
ht deck fan s,hotDeckFanStatus,eo66-dn-v1
ht deck fan st,hotDeckFanStatus,eo66-dn-v1
ht deck fan stat,hotDeckFanStatus,eo66-dn-v1
ht deck fan status,hotDeckFanStatus,eo66-dn-v1
ht deck fan sts,hotDeckFanStatus,eo66-dn-v1
ht dk f s,hotDeckFanStatus,eo66-dn-v1
ht dk f st,hotDeckFanStatus,eo66-dn-v1
ht dk f stat,hotDeckFanStatus,eo66-dn-v1
ht dk f status,hotDeckFanStatus,eo66-dn-v1
ht dk f sts,hotDeckFanStatus,eo66-dn-v1
ht dk fan s,hotDeckFanStatus,eo66-dn-v1
ht dk fan st,hotDeckFanStatus,eo66-dn-v1
ht dk fan stat,hotDeckFanStatus,eo66-dn-v1
ht dk fan status,hotDeckFanStatus,eo66-dn-v1
ht dk fan sts,hotDeckFanStatus,eo66-dn-v1
hot gas bp valve cmnd,hotGasBypassValve,eo66-dn-v1
hot gas bp valve command,hotGasBypassValve,eo66-dn-v1
hot gas bp vlv cmd,hotGasBypassValve,eo66-dn-v1
hot gas bp vlv command,hotGasBypassValve,eo66-dn-v1
hot gas byp valv c,hotGasBypassValve,eo66-dn-v1
hot gas byp valv cmd,hotGasBypassValve,eo66-dn-v1
hot gas byp valv cmnd,hotGasBypassValve,eo66-dn-v1
hot gas byp valv command,hotGasBypassValve,eo66-dn-v1
hot gas byp valve cmd,hotGasBypassValve,eo66-dn-v1
hot gas byp valve command,hotGasBypassValve,eo66-dn-v1
hot gas byp vlv c,hotGasBypassValve,eo66-dn-v1
hot gas byp vlv command,hotGasBypassValve,eo66-dn-v1
hot gas bypass valv cmd,hotGasBypassValve,eo66-dn-v1
hot gas bypass valv cmnd,hotGasBypassValve,eo66-dn-v1
hot gas bypass valve c,hotGasBypassValve,eo66-dn-v1
hot gas bypass valve cmd,hotGasBypassValve,eo66-dn-v1
hot gas bypass valve command,hotGasBypassValve,eo66-dn-v1
hot gas bypass vlv command,hotGasBypassValve,eo66-dn-v1
ht gas bp valv cmnd,hotGasBypassValve,eo66-dn-v1
ht gas bp valv command,hotGasBypassValve,eo66-dn-v1
ht gas bp valve c,hotGasBypassValve,eo66-dn-v1
ht gas bp valve cmd,hotGasBypassValve,eo66-dn-v1
ht gas bp vlv cmd,hotGasBypassValve,eo66-dn-v1
ht gas bp vlv cmnd,hotGasBypassValve,eo66-dn-v1
ht gas bp vlv command,hotGasBypassValve,eo66-dn-v1
ht gas byp valv c,hotGasBypassValve,eo66-dn-v1
ht gas byp valv cmd,hotGasBypassValve,eo66-dn-v1
ht gas byp valv cmnd,hotGasBypassValve,eo66-dn-v1
ht gas byp valv command,hotGasBypassValve,eo66-dn-v1
ht gas byp valve c,hotGasBypassValve,eo66-dn-v1
ht gas byp valve cmd,hotGasBypassValve,eo66-dn-v1
ht gas byp valve command,hotGasBypassValve,eo66-dn-v1
ht gas byp vlv c,hotGasBypassValve,eo66-dn-v1
ht gas byp vlv cmd,hotGasBypassValve,eo66-dn-v1
ht gas byp vlv command,hotGasBypassValve,eo66-dn-v1
ht gas bypass valv cmd,hotGasBypassValve,eo66-dn-v1
ht gas bypass valv command,hotGasBypassValve,eo66-dn-v1
ht gas bypass valve c,hotGasBypassValve,eo66-dn-v1
ht gas bypass valve cmnd,hotGasBypassValve,eo66-dn-v1
ht gas bypass vlv command,hotGasBypassValve,eo66-dn-v1
humid leav iso valve cmd,humidifierLeavingIsoValve,eo66-dn-v1
humid leav isolation valv c,humidifierLeavingIsoValve,eo66-dn-v1
humid leav isolation valve cmd,humidifierLeavingIsoValve,eo66-dn-v1
humid leav isolation vlv command,humidifierLeavingIsoValve,eo66-dn-v1
humid leaving isolation vlv cmnd,humidifierLeavingIsoValve,eo66-dn-v1
humid lv iso valv cmd,humidifierLeavingIsoValve,eo66-dn-v1
humid lv iso valv cmnd,humidifierLeavingIsoValve,eo66-dn-v1
humid lv iso valv command,humidifierLeavingIsoValve,eo66-dn-v1
humid lv iso valve command,humidifierLeavingIsoValve,eo66-dn-v1
humid lv isolation valv c,humidifierLeavingIsoValve,eo66-dn-v1
humid lv isolation valve c,humidifierLeavingIsoValve,eo66-dn-v1
humid lv isolation vlv c,humidifierLeavingIsoValve,eo66-dn-v1
humid lvg iso valve cmd,humidifierLeavingIsoValve,eo66-dn-v1
humid lvg isolation valve cmd,humidifierLeavingIsoValve,eo66-dn-v1
humid lvg isolation vlv c,humidifierLeavingIsoValve,eo66-dn-v1
humid lvg isolation vlv cmnd,humidifierLeavingIsoValve,eo66-dn-v1
humid sup isolation valv c,humidifierLeavingIsoValve,eo66-dn-v1
humid sup isolation valve c,humidifierLeavingIsoValve,eo66-dn-v1
humid sup isolation vlv command,humidifierLeavingIsoValve,eo66-dn-v1
humidifier leav isolation vlv cmnd,humidifierLeavingIsoValve,eo66-dn-v1
humidifier leaving iso valv c,humidifierLeavingIsoValve,eo66-dn-v1
humidifier leaving iso valv command,humidifierLeavingIsoValve,eo66-dn-v1
humidifier leaving iso valve c,humidifierLeavingIsoValve,eo66-dn-v1
humidifier leaving isolation valv cmd,humidifierLeavingIsoValve,eo66-dn-v1
humidifier leaving isolation valve cmd,humidifierLeavingIsoValve,eo66-dn-v1
humidifier leaving isolation valve command,humidifierLeavingIsoValve,eo66-dn-v1
humidifier leaving isolation vlv c,humidifierLeavingIsoValve,eo66-dn-v1
humidifier leaving isolation vlv command,humidifierLeavingIsoValve,eo66-dn-v1
humidifier lv iso valv c,humidifierLeavingIsoValve,eo66-dn-v1
humidifier lv iso valv cmd,humidifierLeavingIsoValve,eo66-dn-v1
humidifier lv iso valve command,humidifierLeavingIsoValve,eo66-dn-v1
humidifier lv iso vlv c,humidifierLeavingIsoValve,eo66-dn-v1
humidifier lv iso vlv command,humidifierLeavingIsoValve,eo66-dn-v1
humidifier lv isolation valve command,humidifierLeavingIsoValve,eo66-dn-v1
humidifier lv isolation vlv cmnd,humidifierLeavingIsoValve,eo66-dn-v1
humidifier lvg iso vlv command,humidifierLeavingIsoValve,eo66-dn-v1
humidifier lvg isolation valv cmnd,humidifierLeavingIsoValve,eo66-dn-v1
humidifier lvg isolation valv command,humidifierLeavingIsoValve,eo66-dn-v1
humidifier lvg isolation valve cmnd,humidifierLeavingIsoValve,eo66-dn-v1
humidifier sup iso vlv command,humidifierLeavingIsoValve,eo66-dn-v1
humid s,humidifierStatus,eo66-dn-v1
humid st,humidifierStatus,eo66-dn-v1
humid stat,humidifierStatus,eo66-dn-v1
humid status,humidifierStatus,eo66-dn-v1
humid sts,humidifierStatus,eo66-dn-v1
humidifier s,humidifierStatus,eo66-dn-v1
humidifier st,humidifierStatus,eo66-dn-v1
humidifier stat,humidifierStatus,eo66-dn-v1
humidifier status,humidifierStatus,eo66-dn-v1
humidifier sts,humidifierStatus,eo66-dn-v1
in t,inletTemp,eo66-dn-v1
in temp,inletTemp,eo66-dn-v1
in temperature,inletTemp,eo66-dn-v1
in tmp,inletTemp,eo66-dn-v1
inl t,inletTemp,eo66-dn-v1
inl temp,inletTemp,eo66-dn-v1
inl temperature,inletTemp,eo66-dn-v1
inl tmp,inletTemp,eo66-dn-v1
inlet t,inletTemp,eo66-dn-v1
inlet temp,inletTemp,eo66-dn-v1
inlet temperature,inletTemp,eo66-dn-v1
inlet tmp,inletTemp,eo66-dn-v1
in d fbk,intakeDamperFb,eo66-dn-v1
in d feedback,intakeDamperFb,eo66-dn-v1
in damper fdbk,intakeDamperFb,eo66-dn-v1
in damper feedback,intakeDamperFb,eo66-dn-v1
in dampr fbk,intakeDamperFb,eo66-dn-v1
in dampr feedback,intakeDamperFb,eo66-dn-v1
in dampr position,intakeDamperFb,eo66-dn-v1
in dm feedback,intakeDamperFb,eo66-dn-v1
in dm position,intakeDamperFb,eo66-dn-v1
in dmp fb,intakeDamperFb,eo66-dn-v1
in dmp fdbk,intakeDamperFb,eo66-dn-v1
in dmp pos,intakeDamperFb,eo66-dn-v1
in dmp position,intakeDamperFb,eo66-dn-v1
in dmpr fb,intakeDamperFb,eo66-dn-v1
in dmpr fbk,intakeDamperFb,eo66-dn-v1
in dmpr pos,intakeDamperFb,eo66-dn-v1
in dpr fbk,intakeDamperFb,eo66-dn-v1
in dpr feedback,intakeDamperFb,eo66-dn-v1
intake d fbk,intakeDamperFb,eo66-dn-v1
intake d pos,intakeDamperFb,eo66-dn-v1
intake damper fb,intakeDamperFb,eo66-dn-v1
intake damper feedback,intakeDamperFb,eo66-dn-v1
intake damper position,intakeDamperFb,eo66-dn-v1
intake dampr pos,intakeDamperFb,eo66-dn-v1
intake dm fbk,intakeDamperFb,eo66-dn-v1
intake dm fdbk,intakeDamperFb,eo66-dn-v1
intake dm feedback,intakeDamperFb,eo66-dn-v1
intake dm pos,intakeDamperFb,eo66-dn-v1
intake dmp fb,intakeDamperFb,eo66-dn-v1
intake dmp fbk,intakeDamperFb,eo66-dn-v1
intake dmp fdbk,intakeDamperFb,eo66-dn-v1
intake dmper fbk,intakeDamperFb,eo66-dn-v1
intake dmper position,intakeDamperFb,eo66-dn-v1
intake dmpr fb,intakeDamperFb,eo66-dn-v1
intake dmpr fdbk,intakeDamperFb,eo66-dn-v1
intake dmpr pos,intakeDamperFb,eo66-dn-v1
intake dpr fb,intakeDamperFb,eo66-dn-v1
intake dpr fdbk,intakeDamperFb,eo66-dn-v1
intake dpr feedback,intakeDamperFb,eo66-dn-v1
intake dpr pos,intakeDamperFb,eo66-dn-v1
min o f c,minOutsideFan,eo66-dn-v1
min o fan c,minOutsideFan,eo66-dn-v1
min o fan cmd,minOutsideFan,eo66-dn-v1
min o fan cmnd,minOutsideFan,eo66-dn-v1
min oa f cmnd,minOutsideFan,eo66-dn-v1
min oa f command,minOutsideFan,eo66-dn-v1
min oa fan c,minOutsideFan,eo66-dn-v1
min oa fan cmd,minOutsideFan,eo66-dn-v1
min oa fan cmnd,minOutsideFan,eo66-dn-v1
min od f c,minOutsideFan,eo66-dn-v1
min od f cmd,minOutsideFan,eo66-dn-v1
min od f command,minOutsideFan,eo66-dn-v1
min od fan command,minOutsideFan,eo66-dn-v1
min out f c,minOutsideFan,eo66-dn-v1
min out f cmd,minOutsideFan,eo66-dn-v1
min out f command,minOutsideFan,eo66-dn-v1
min out fan cmd,minOutsideFan,eo66-dn-v1
min outside f c,minOutsideFan,eo66-dn-v1
min outside f cmd,minOutsideFan,eo66-dn-v1
min outside f cmnd,minOutsideFan,eo66-dn-v1
min outside fan c,minOutsideFan,eo66-dn-v1
min outside fan cmd,minOutsideFan,eo66-dn-v1
min outside fan cmnd,minOutsideFan,eo66-dn-v1
minimum o f c,minOutsideFan,eo66-dn-v1
minimum o f cmd,minOutsideFan,eo66-dn-v1
minimum o f cmnd,minOutsideFan,eo66-dn-v1
minimum o fan cmd,minOutsideFan,eo66-dn-v1
minimum oa fan cmd,minOutsideFan,eo66-dn-v1
minimum oa fan command,minOutsideFan,eo66-dn-v1
minimum od f c,minOutsideFan,eo66-dn-v1
minimum od f cmd,minOutsideFan,eo66-dn-v1
minimum od f cmnd,minOutsideFan,eo66-dn-v1
minimum od f command,minOutsideFan,eo66-dn-v1
minimum out f cmd,minOutsideFan,eo66-dn-v1
minimum out fan c,minOutsideFan,eo66-dn-v1
minimum out fan command,minOutsideFan,eo66-dn-v1
minimum outside f command,minOutsideFan,eo66-dn-v1
minimum outside fan cmd,minOutsideFan,eo66-dn-v1
minimum outside fan cmnd,minOutsideFan,eo66-dn-v1
minimum outside fan command,minOutsideFan,eo66-dn-v1
min o filter alarm,minOutsideFilterAlarm,eo66-dn-v1
min o filter alrm,minOutsideFilterAlarm,eo66-dn-v1
min o flt alrm,minOutsideFilterAlarm,eo66-dn-v1
min o fltr alarm,minOutsideFilterAlarm,eo66-dn-v1
min o fltr alrm,minOutsideFilterAlarm,eo66-dn-v1
min oa fltr alarm,minOutsideFilterAlarm,eo66-dn-v1
min oa fltr alrm,minOutsideFilterAlarm,eo66-dn-v1
min od flt alrm,minOutsideFilterAlarm,eo66-dn-v1
min out filter alarm,minOutsideFilterAlarm,eo66-dn-v1
min out filter alm,minOutsideFilterAlarm,eo66-dn-v1
min out filter alrm,minOutsideFilterAlarm,eo66-dn-v1
min out fltr alm,minOutsideFilterAlarm,eo66-dn-v1
min outside filter alarm,minOutsideFilterAlarm,eo66-dn-v1
min outside fltr alarm,minOutsideFilterAlarm,eo66-dn-v1
minimum o filter alarm,minOutsideFilterAlarm,eo66-dn-v1
minimum o filter alm,minOutsideFilterAlarm,eo66-dn-v1
minimum o flt alarm,minOutsideFilterAlarm,eo66-dn-v1
minimum o fltr alarm,minOutsideFilterAlarm,eo66-dn-v1
minimum oa filter alarm,minOutsideFilterAlarm,eo66-dn-v1
minimum oa filter alrm,minOutsideFilterAlarm,eo66-dn-v1
minimum oa flt alarm,minOutsideFilterAlarm,eo66-dn-v1
minimum oa flt alrm,minOutsideFilterAlarm,eo66-dn-v1
minimum od filter alarm,minOutsideFilterAlarm,eo66-dn-v1
minimum od filter alm,minOutsideFilterAlarm,eo66-dn-v1
minimum od filter alrm,minOutsideFilterAlarm,eo66-dn-v1
minimum od flt alarm,minOutsideFilterAlarm,eo66-dn-v1
minimum od flt alm,minOutsideFilterAlarm,eo66-dn-v1
minimum od fltr alarm,minOutsideFilterAlarm,eo66-dn-v1
minimum od fltr alm,minOutsideFilterAlarm,eo66-dn-v1
minimum od fltr alrm,minOutsideFilterAlarm,eo66-dn-v1
minimum out filter alm,minOutsideFilterAlarm,eo66-dn-v1
minimum out filter alrm,minOutsideFilterAlarm,eo66-dn-v1
minimum out flt alarm,minOutsideFilterAlarm,eo66-dn-v1
minimum out flt alrm,minOutsideFilterAlarm,eo66-dn-v1
minimum out fltr alarm,minOutsideFilterAlarm,eo66-dn-v1
minimum out fltr alrm,minOutsideFilterAlarm,eo66-dn-v1
minimum outside filter alarm,minOutsideFilterAlarm,eo66-dn-v1
minimum outside filter alrm,minOutsideFilterAlarm,eo66-dn-v1
minimum outside flt alm,minOutsideFilterAlarm,eo66-dn-v1
minimum outside flt alrm,minOutsideFilterAlarm,eo66-dn-v1
m h,mixedHumidity,eo66-dn-v1
m hm,mixedHumidity,eo66-dn-v1
m humid,mixedHumidity,eo66-dn-v1
m humidity,mixedHumidity,eo66-dn-v1
m rh,mixedHumidity,eo66-dn-v1
ma h,mixedHumidity,eo66-dn-v1
ma hm,mixedHumidity,eo66-dn-v1
ma hum,mixedHumidity,eo66-dn-v1
ma humd,mixedHumidity,eo66-dn-v1
ma humid,mixedHumidity,eo66-dn-v1
ma humidity,mixedHumidity,eo66-dn-v1
ma rh,mixedHumidity,eo66-dn-v1
mix h,mixedHumidity,eo66-dn-v1
mix hm,mixedHumidity,eo66-dn-v1
mix hum,mixedHumidity,eo66-dn-v1
mix humd,mixedHumidity,eo66-dn-v1
mix humidity,mixedHumidity,eo66-dn-v1
mix rh,mixedHumidity,eo66-dn-v1
mixd h,mixedHumidity,eo66-dn-v1
mixd hi,mixedHumidity,eo66-dn-v1
mixd hm,mixedHumidity,eo66-dn-v1
mixd hum,mixedHumidity,eo66-dn-v1
mixd humid,mixedHumidity,eo66-dn-v1
mixd humidity,mixedHumidity,eo66-dn-v1
mixd rh,mixedHumidity,eo66-dn-v1
mixed h,mixedHumidity,eo66-dn-v1
mixed hi,mixedHumidity,eo66-dn-v1
mixed hm,mixedHumidity,eo66-dn-v1
mixed hum,mixedHumidity,eo66-dn-v1
mixed humid,mixedHumidity,eo66-dn-v1
mixed humidity,mixedHumidity,eo66-dn-v1
mixed rh,mixedHumidity,eo66-dn-v1
mxd h,mixedHumidity,eo66-dn-v1
mxd hi,mixedHumidity,eo66-dn-v1
mxd hm,mixedHumidity,eo66-dn-v1
mxd hum,mixedHumidity,eo66-dn-v1
mxd humd,mixedHumidity,eo66-dn-v1
mxd humid,mixedHumidity,eo66-dn-v1
mxd humidity,mixedHumidity,eo66-dn-v1
mxd rh,mixedHumidity,eo66-dn-v1
m p,mixedPressure,eo66-dn-v1
m pr,mixedPressure,eo66-dn-v1
m pres,mixedPressure,eo66-dn-v1
m press,mixedPressure,eo66-dn-v1
m pressure,mixedPressure,eo66-dn-v1
m prs,mixedPressure,eo66-dn-v1
ma p,mixedPressure,eo66-dn-v1
ma pres,mixedPressure,eo66-dn-v1
ma presr,mixedPressure,eo66-dn-v1
ma press,mixedPressure,eo66-dn-v1
ma pressure,mixedPressure,eo66-dn-v1
ma prs,mixedPressure,eo66-dn-v1
mix p,mixedPressure,eo66-dn-v1
mix pr,mixedPressure,eo66-dn-v1
mix pres,mixedPressure,eo66-dn-v1
mix presr,mixedPressure,eo66-dn-v1
mix press,mixedPressure,eo66-dn-v1
mix pressure,mixedPressure,eo66-dn-v1
mix prs,mixedPressure,eo66-dn-v1
mixd p,mixedPressure,eo66-dn-v1
mixd pr,mixedPressure,eo66-dn-v1
mixd pres,mixedPressure,eo66-dn-v1
mixd presr,mixedPressure,eo66-dn-v1
mixd press,mixedPressure,eo66-dn-v1
mixd pressure,mixedPressure,eo66-dn-v1
mixd prs,mixedPressure,eo66-dn-v1
mixed p,mixedPressure,eo66-dn-v1
mixed pr,mixedPressure,eo66-dn-v1
mixed pres,mixedPressure,eo66-dn-v1
mixed presr,mixedPressure,eo66-dn-v1
mixed press,mixedPressure,eo66-dn-v1
mixed pressure,mixedPressure,eo66-dn-v1
mixed prs,mixedPressure,eo66-dn-v1
mxd p,mixedPressure,eo66-dn-v1
mxd pr,mixedPressure,eo66-dn-v1
mxd pres,mixedPressure,eo66-dn-v1
mxd presr,mixedPressure,eo66-dn-v1
mxd press,mixedPressure,eo66-dn-v1
mxd pressure,mixedPressure,eo66-dn-v1
mxd prs,mixedPressure,eo66-dn-v1
m t db,mixedTempDb,eo66-dn-v1
m temp db,mixedTempDb,eo66-dn-v1
m temp deadband,mixedTempDb,eo66-dn-v1
m temperature db,mixedTempDb,eo66-dn-v1
m tmp deadb,mixedTempDb,eo66-dn-v1
ma t db,mixedTempDb,eo66-dn-v1
ma t deadb,mixedTempDb,eo66-dn-v1
ma t deadband,mixedTempDb,eo66-dn-v1
ma temp db,mixedTempDb,eo66-dn-v1
ma temp deadband,mixedTempDb,eo66-dn-v1
ma temperature deadb,mixedTempDb,eo66-dn-v1
ma tmp deadb,mixedTempDb,eo66-dn-v1
ma tmp deadband,mixedTempDb,eo66-dn-v1
mix t db,mixedTempDb,eo66-dn-v1
mix t deadb,mixedTempDb,eo66-dn-v1
mix temp deadb,mixedTempDb,eo66-dn-v1
mix temp deadband,mixedTempDb,eo66-dn-v1
mix temperature deadb,mixedTempDb,eo66-dn-v1
mix temperature deadband,mixedTempDb,eo66-dn-v1
mix tmp deadb,mixedTempDb,eo66-dn-v1
mixd t db,mixedTempDb,eo66-dn-v1
mixd t deadb,mixedTempDb,eo66-dn-v1
mixd t deadband,mixedTempDb,eo66-dn-v1
mixd temp deadband,mixedTempDb,eo66-dn-v1
mixd tmp db,mixedTempDb,eo66-dn-v1
mixd tmp deadb,mixedTempDb,eo66-dn-v1
mixd tmp deadband,mixedTempDb,eo66-dn-v1
mixed t db,mixedTempDb,eo66-dn-v1
mixed t deadb,mixedTempDb,eo66-dn-v1
mixed t deadband,mixedTempDb,eo66-dn-v1
mixed temp deadb,mixedTempDb,eo66-dn-v1
mixed temperature db,mixedTempDb,eo66-dn-v1
mixed temperature deadb,mixedTempDb,eo66-dn-v1
mixed temperature deadband,mixedTempDb,eo66-dn-v1
mixed tmp db,mixedTempDb,eo66-dn-v1
mxd t deadb,mixedTempDb,eo66-dn-v1
mxd temp deadband,mixedTempDb,eo66-dn-v1
mxd tmp db,mixedTempDb,eo66-dn-v1
mxd tmp deadb,mixedTempDb,eo66-dn-v1
mxd tmp deadband,mixedTempDb,eo66-dn-v1
m t hi setpt,mixedTempHiSp,eo66-dn-v1
m temp h setpt,mixedTempHiSp,eo66-dn-v1
m temperature h set,mixedTempHiSp,eo66-dn-v1
m temperature h sp,mixedTempHiSp,eo66-dn-v1
m temperature high setp,mixedTempHiSp,eo66-dn-v1
m temperature high setpt,mixedTempHiSp,eo66-dn-v1
ma t hi set,mixedTempHiSp,eo66-dn-v1
ma t high spt,mixedTempHiSp,eo66-dn-v1
ma temp hi sp,mixedTempHiSp,eo66-dn-v1
ma temp high set,mixedTempHiSp,eo66-dn-v1
ma temp high stpt,mixedTempHiSp,eo66-dn-v1
ma tmp h stpt,mixedTempHiSp,eo66-dn-v1
ma tmp high stpt,mixedTempHiSp,eo66-dn-v1
mix t h set,mixedTempHiSp,eo66-dn-v1
mix t high setp,mixedTempHiSp,eo66-dn-v1
mix temp h s,mixedTempHiSp,eo66-dn-v1
mix temp high setpt,mixedTempHiSp,eo66-dn-v1
mix temperature high s,mixedTempHiSp,eo66-dn-v1
mix temperature high setpt,mixedTempHiSp,eo66-dn-v1
mix tmp h s,mixedTempHiSp,eo66-dn-v1
mix tmp h setp,mixedTempHiSp,eo66-dn-v1
mix tmp h setpoint,mixedTempHiSp,eo66-dn-v1
mixd t h setpoint,mixedTempHiSp,eo66-dn-v1
mixd temp hi set,mixedTempHiSp,eo66-dn-v1
mixd temp hi spt,mixedTempHiSp,eo66-dn-v1
mixd temp high setp,mixedTempHiSp,eo66-dn-v1
mixd temp high stpt,mixedTempHiSp,eo66-dn-v1
mixd temperature high setpt,mixedTempHiSp,eo66-dn-v1
mixd temperature high stpt,mixedTempHiSp,eo66-dn-v1
mixd tmp hi setpoint,mixedTempHiSp,eo66-dn-v1
mixd tmp hi setpt,mixedTempHiSp,eo66-dn-v1
mixed temp h s,mixedTempHiSp,eo66-dn-v1
mixed temp h spt,mixedTempHiSp,eo66-dn-v1
mixed temperature hi setpoint,mixedTempHiSp,eo66-dn-v1
mixed temperature high setpoint,mixedTempHiSp,eo66-dn-v1
mixed temperature high sp,mixedTempHiSp,eo66-dn-v1
mixed tmp hi set,mixedTempHiSp,eo66-dn-v1
mixed tmp high setpt,mixedTempHiSp,eo66-dn-v1
mxd t high stpt,mixedTempHiSp,eo66-dn-v1
mxd temp high setp,mixedTempHiSp,eo66-dn-v1
m t max rst spt,mixedTempMaxSp,eo66-dn-v1
m t mx reset setpt,mixedTempMaxSp,eo66-dn-v1
m temp mx rst set,mixedTempMaxSp,eo66-dn-v1
m temperature max rst stpt,mixedTempMaxSp,eo66-dn-v1
m tmp mx reset setpoint,mixedTempMaxSp,eo66-dn-v1
ma t max reset s,mixedTempMaxSp,eo66-dn-v1
ma t mx rst setpoint,mixedTempMaxSp,eo66-dn-v1
ma temp max reset sp,mixedTempMaxSp,eo66-dn-v1
ma temp max rst sp,mixedTempMaxSp,eo66-dn-v1
mix t max rst setpt,mixedTempMaxSp,eo66-dn-v1
mix t max rst spt,mixedTempMaxSp,eo66-dn-v1
mix temp mx reset setpoint,mixedTempMaxSp,eo66-dn-v1
mix temp mx reset setpt,mixedTempMaxSp,eo66-dn-v1
mix temp mx rst setp,mixedTempMaxSp,eo66-dn-v1
mix temperature mx reset stpt,mixedTempMaxSp,eo66-dn-v1
mix tmp max rst setpt,mixedTempMaxSp,eo66-dn-v1
mixd temp max rst setp,mixedTempMaxSp,eo66-dn-v1
mixd temp max rst setpt,mixedTempMaxSp,eo66-dn-v1
mixd temp max rst stpt,mixedTempMaxSp,eo66-dn-v1
mixd temperature max rst setpt,mixedTempMaxSp,eo66-dn-v1
mixd tmp max rst set,mixedTempMaxSp,eo66-dn-v1
mixd tmp max rst setp,mixedTempMaxSp,eo66-dn-v1
mixd tmp max rst spt,mixedTempMaxSp,eo66-dn-v1
mixed t max reset setpt,mixedTempMaxSp,eo66-dn-v1
mixed t max rst setpoint,mixedTempMaxSp,eo66-dn-v1
mixed t mx reset set,mixedTempMaxSp,eo66-dn-v1
mixed t mx rst setp,mixedTempMaxSp,eo66-dn-v1
mixed t mx rst setpt,mixedTempMaxSp,eo66-dn-v1
mixed temperature max reset setpoint,mixedTempMaxSp,eo66-dn-v1
mixed temperature mx rst sp,mixedTempMaxSp,eo66-dn-v1
mixed tmp max reset set,mixedTempMaxSp,eo66-dn-v1
mixed tmp mx rst setpt,mixedTempMaxSp,eo66-dn-v1
mxd t mx reset s,mixedTempMaxSp,eo66-dn-v1
mxd t mx reset setpoint,mixedTempMaxSp,eo66-dn-v1
mxd t mx rst setp,mixedTempMaxSp,eo66-dn-v1
mxd temp max reset stpt,mixedTempMaxSp,eo66-dn-v1
mxd temp max rst setpoint,mixedTempMaxSp,eo66-dn-v1
mxd temp mx reset spt,mixedTempMaxSp,eo66-dn-v1
mxd temperature mx reset setpt,mixedTempMaxSp,eo66-dn-v1
mxd tmp mx rst set,mixedTempMaxSp,eo66-dn-v1
m t min rst s,mixedTempMinSp,eo66-dn-v1
m temperature min reset set,mixedTempMinSp,eo66-dn-v1
m temperature mn reset set,mixedTempMinSp,eo66-dn-v1
m tmp min rst setpoint,mixedTempMinSp,eo66-dn-v1
m tmp min rst sp,mixedTempMinSp,eo66-dn-v1
m tmp mn reset set,mixedTempMinSp,eo66-dn-v1
ma temp min reset sp,mixedTempMinSp,eo66-dn-v1
ma temp min reset spt,mixedTempMinSp,eo66-dn-v1
ma temp min rst set,mixedTempMinSp,eo66-dn-v1
ma temp mn rst setpt,mixedTempMinSp,eo66-dn-v1
ma temperature min reset stpt,mixedTempMinSp,eo66-dn-v1
ma tmp mn reset sp,mixedTempMinSp,eo66-dn-v1
mix t min rst setpt,mixedTempMinSp,eo66-dn-v1
mix t mn reset setp,mixedTempMinSp,eo66-dn-v1
mix t mn reset setpt,mixedTempMinSp,eo66-dn-v1
mix temp min reset set,mixedTempMinSp,eo66-dn-v1
mix temp min reset setp,mixedTempMinSp,eo66-dn-v1
mix temperature mn reset s,mixedTempMinSp,eo66-dn-v1
mix temperature mn rst set,mixedTempMinSp,eo66-dn-v1
mix temperature mn rst sp,mixedTempMinSp,eo66-dn-v1
mix tmp min rst s,mixedTempMinSp,eo66-dn-v1
mixd t min reset stpt,mixedTempMinSp,eo66-dn-v1
mixd t mn reset setp,mixedTempMinSp,eo66-dn-v1
mixd t mn rst setpt,mixedTempMinSp,eo66-dn-v1
mixd temp mn rst setp,mixedTempMinSp,eo66-dn-v1
mixd temp mn rst spt,mixedTempMinSp,eo66-dn-v1
mixd temperature mn reset setpoint,mixedTempMinSp,eo66-dn-v1
mixed temp mn rst s,mixedTempMinSp,eo66-dn-v1
mixed temperature min reset setpoint,mixedTempMinSp,eo66-dn-v1
mixed tmp min reset stpt,mixedTempMinSp,eo66-dn-v1
mixed tmp min rst setp,mixedTempMinSp,eo66-dn-v1
mxd t min reset spt,mixedTempMinSp,eo66-dn-v1
mxd t min rst stpt,mixedTempMinSp,eo66-dn-v1
mxd t mn reset s,mixedTempMinSp,eo66-dn-v1
mxd t mn reset setpt,mixedTempMinSp,eo66-dn-v1
mxd t mn rst stpt,mixedTempMinSp,eo66-dn-v1
mxd temp min reset setp,mixedTempMinSp,eo66-dn-v1
mxd temp mn rst setp,mixedTempMinSp,eo66-dn-v1
mxd temperature min reset stpt,mixedTempMinSp,eo66-dn-v1
mxd tmp mn reset sp,mixedTempMinSp,eo66-dn-v1
morn clg dn c,morningCoolDown,eo66-dn-v1
morn clg dn cmd,morningCoolDown,eo66-dn-v1
morn clg dn cmnd,morningCoolDown,eo66-dn-v1
morn clg dn command,morningCoolDown,eo66-dn-v1
morn clg down c,morningCoolDown,eo66-dn-v1
morn clg down cmd,morningCoolDown,eo66-dn-v1
morn clg down cmnd,morningCoolDown,eo66-dn-v1
morn clg down command,morningCoolDown,eo66-dn-v1
morn cool dn c,morningCoolDown,eo66-dn-v1
morn cool dn cmd,morningCoolDown,eo66-dn-v1
morn cool dn cmnd,morningCoolDown,eo66-dn-v1
morn cool dn command,morningCoolDown,eo66-dn-v1
morn cool down c,morningCoolDown,eo66-dn-v1
morn cool down cmd,morningCoolDown,eo66-dn-v1
morn cool down cmnd,morningCoolDown,eo66-dn-v1
morn cool down command,morningCoolDown,eo66-dn-v1
morn cooling dn c,morningCoolDown,eo66-dn-v1
morn cooling dn cmd,morningCoolDown,eo66-dn-v1
morn cooling dn cmnd,morningCoolDown,eo66-dn-v1
morn cooling dn command,morningCoolDown,eo66-dn-v1
morn cooling down c,morningCoolDown,eo66-dn-v1
morn cooling down cmd,morningCoolDown,eo66-dn-v1
morn cooling down cmnd,morningCoolDown,eo66-dn-v1
morn cooling down command,morningCoolDown,eo66-dn-v1
morning cool down command,morningCoolDown,eo66-dn-v1
unoc h md,nightSetbackMode,eo66-dn-v1
unoc h mod,nightSetbackMode,eo66-dn-v1
unoc h mode,nightSetbackMode,eo66-dn-v1
unoc heat md,nightSetbackMode,eo66-dn-v1
unoc heat mod,nightSetbackMode,eo66-dn-v1
unoc heat mode,nightSetbackMode,eo66-dn-v1
unoc heating md,nightSetbackMode,eo66-dn-v1
unoc ht md,nightSetbackMode,eo66-dn-v1
unoc ht mode,nightSetbackMode,eo66-dn-v1
unoc htg mode,nightSetbackMode,eo66-dn-v1
unoc hw md,nightSetbackMode,eo66-dn-v1
unoc hw mod,nightSetbackMode,eo66-dn-v1
unocc h mod,nightSetbackMode,eo66-dn-v1
unocc heat md,nightSetbackMode,eo66-dn-v1
unocc heat mod,nightSetbackMode,eo66-dn-v1
unocc heat mode,nightSetbackMode,eo66-dn-v1
unocc heating mod,nightSetbackMode,eo66-dn-v1
unocc heating mode,nightSetbackMode,eo66-dn-v1
unocc ht md,nightSetbackMode,eo66-dn-v1
unocc ht mod,nightSetbackMode,eo66-dn-v1
unocc ht mode,nightSetbackMode,eo66-dn-v1
unocc htg md,nightSetbackMode,eo66-dn-v1
unocc htg mod,nightSetbackMode,eo66-dn-v1
unocc htg mode,nightSetbackMode,eo66-dn-v1
unocc hw mod,nightSetbackMode,eo66-dn-v1
unocc hw mode,nightSetbackMode,eo66-dn-v1
unoccupied h mod,nightSetbackMode,eo66-dn-v1
unoccupied heat md,nightSetbackMode,eo66-dn-v1
unoccupied heat mod,nightSetbackMode,eo66-dn-v1
unoccupied heat mode,nightSetbackMode,eo66-dn-v1
unoccupied heating md,nightSetbackMode,eo66-dn-v1
unoccupied heating mode,nightSetbackMode,eo66-dn-v1
unoccupied ht mod,nightSetbackMode,eo66-dn-v1
unoccupied ht mode,nightSetbackMode,eo66-dn-v1
unoccupied htg md,nightSetbackMode,eo66-dn-v1
unoccupied htg mod,nightSetbackMode,eo66-dn-v1
unoccupied htg mode,nightSetbackMode,eo66-dn-v1
unoccupied hw md,nightSetbackMode,eo66-dn-v1
unoccupied hw mod,nightSetbackMode,eo66-dn-v1
unoccupied hw mode,nightSetbackMode,eo66-dn-v1
unoc c md,nightSetupMode,eo66-dn-v1
unoc c mod,nightSetupMode,eo66-dn-v1
unoc c mode,nightSetupMode,eo66-dn-v1
unoc chw mod,nightSetupMode,eo66-dn-v1
unoc chw mode,nightSetupMode,eo66-dn-v1
unoc cl md,nightSetupMode,eo66-dn-v1
unoc cl mod,nightSetupMode,eo66-dn-v1
unoc cl mode,nightSetupMode,eo66-dn-v1
unoc clg md,nightSetupMode,eo66-dn-v1
unoc clg mod,nightSetupMode,eo66-dn-v1
unoc clg mode,nightSetupMode,eo66-dn-v1
unoc cool md,nightSetupMode,eo66-dn-v1
unoc cool mode,nightSetupMode,eo66-dn-v1
unoc cooling md,nightSetupMode,eo66-dn-v1
unoc cooling mod,nightSetupMode,eo66-dn-v1
unocc c md,nightSetupMode,eo66-dn-v1
unocc c mod,nightSetupMode,eo66-dn-v1
unocc c mode,nightSetupMode,eo66-dn-v1
unocc chw md,nightSetupMode,eo66-dn-v1
unocc chw mod,nightSetupMode,eo66-dn-v1
unocc cl mod,nightSetupMode,eo66-dn-v1
unocc clg md,nightSetupMode,eo66-dn-v1
unocc clg mod,nightSetupMode,eo66-dn-v1
unocc clg mode,nightSetupMode,eo66-dn-v1
unocc cool md,nightSetupMode,eo66-dn-v1
unocc cool mod,nightSetupMode,eo66-dn-v1
unocc cooling md,nightSetupMode,eo66-dn-v1
unocc cooling mod,nightSetupMode,eo66-dn-v1
unocc cooling mode,nightSetupMode,eo66-dn-v1
unoccupied c mod,nightSetupMode,eo66-dn-v1
unoccupied c mode,nightSetupMode,eo66-dn-v1
unoccupied chw mod,nightSetupMode,eo66-dn-v1
unoccupied chw mode,nightSetupMode,eo66-dn-v1
unoccupied cl md,nightSetupMode,eo66-dn-v1
unoccupied cl mod,nightSetupMode,eo66-dn-v1
unoccupied cl mode,nightSetupMode,eo66-dn-v1
unoccupied clg mode,nightSetupMode,eo66-dn-v1
unoccupied cooling md,nightSetupMode,eo66-dn-v1
unoccupied cooling mod,nightSetupMode,eo66-dn-v1
unoccupied cooling mode,nightSetupMode,eo66-dn-v1
occ t sp,occupiedTempSp,eo66-dn-v1
occ t spt,occupiedTempSp,eo66-dn-v1
occ temp sp,occupiedTempSp,eo66-dn-v1
occ temperature spt,occupiedTempSp,eo66-dn-v1
occ tmp setp,occupiedTempSp,eo66-dn-v1
occ tmp setpoint,occupiedTempSp,eo66-dn-v1
occ tmp sp,occupiedTempSp,eo66-dn-v1
occup t setpt,occupiedTempSp,eo66-dn-v1
occup t stpt,occupiedTempSp,eo66-dn-v1
occup temp s,occupiedTempSp,eo66-dn-v1
occup temp setp,occupiedTempSp,eo66-dn-v1
occup temp setpt,occupiedTempSp,eo66-dn-v1
occup temp spt,occupiedTempSp,eo66-dn-v1
occup temperature setp,occupiedTempSp,eo66-dn-v1
occup temperature setpoint,occupiedTempSp,eo66-dn-v1
occup tmp set,occupiedTempSp,eo66-dn-v1
occup tmp setp,occupiedTempSp,eo66-dn-v1
occup tmp setpt,occupiedTempSp,eo66-dn-v1
occup tmp spt,occupiedTempSp,eo66-dn-v1
occup tmp stpt,occupiedTempSp,eo66-dn-v1
occupied t set,occupiedTempSp,eo66-dn-v1
occupied t setp,occupiedTempSp,eo66-dn-v1
occupied t stpt,occupiedTempSp,eo66-dn-v1
occupied temp sp,occupiedTempSp,eo66-dn-v1
occupied temp stpt,occupiedTempSp,eo66-dn-v1
occupied temperature set,occupiedTempSp,eo66-dn-v1
occupied temperature setpoint,occupiedTempSp,eo66-dn-v1
occupied temperature stpt,occupiedTempSp,eo66-dn-v1
occupied tmp setpoint,occupiedTempSp,eo66-dn-v1
occupied tmp spt,occupiedTempSp,eo66-dn-v1
ocp t setpoint,occupiedTempSp,eo66-dn-v1
ocp t stpt,occupiedTempSp,eo66-dn-v1
ocp temp setp,occupiedTempSp,eo66-dn-v1
ocp temp setpt,occupiedTempSp,eo66-dn-v1
ocp temp stpt,occupiedTempSp,eo66-dn-v1
ocp temperature set,occupiedTempSp,eo66-dn-v1
ocp temperature sp,occupiedTempSp,eo66-dn-v1
ocp tmp set,occupiedTempSp,eo66-dn-v1
ocp tmp setpt,occupiedTempSp,eo66-dn-v1
ocp tmp stpt,occupiedTempSp,eo66-dn-v1
o d mx reset setpt,outsideDamperMaxSp,eo66-dn-v1
o d mx reset spt,outsideDamperMaxSp,eo66-dn-v1
o dm max rst s,outsideDamperMaxSp,eo66-dn-v1
o dm mx reset setpoint,outsideDamperMaxSp,eo66-dn-v1
o dmper max rst stpt,outsideDamperMaxSp,eo66-dn-v1
o dmper mx rst setpoint,outsideDamperMaxSp,eo66-dn-v1
o dpr max reset sp,outsideDamperMaxSp,eo66-dn-v1
o dpr mx rst sp,outsideDamperMaxSp,eo66-dn-v1
oa d mx rst setpt,outsideDamperMaxSp,eo66-dn-v1
oa damper max reset sp,outsideDamperMaxSp,eo66-dn-v1
oa dampr mx rst setpt,outsideDamperMaxSp,eo66-dn-v1
oa dm max rst spt,outsideDamperMaxSp,eo66-dn-v1
od d max rst spt,outsideDamperMaxSp,eo66-dn-v1
od d mx rst setpoint,outsideDamperMaxSp,eo66-dn-v1
od d mx rst setpt,outsideDamperMaxSp,eo66-dn-v1
od dampr mx reset s,outsideDamperMaxSp,eo66-dn-v1
od dampr mx rst spt,outsideDamperMaxSp,eo66-dn-v1
od dm mx reset setpoint,outsideDamperMaxSp,eo66-dn-v1
od dmpr max rst setpt,outsideDamperMaxSp,eo66-dn-v1
od dpr mx rst setpoint,outsideDamperMaxSp,eo66-dn-v1
out d mx reset set,outsideDamperMaxSp,eo66-dn-v1
out dampr max reset setpt,outsideDamperMaxSp,eo66-dn-v1
out dampr mx reset sp,outsideDamperMaxSp,eo66-dn-v1
out dm mx reset spt,outsideDamperMaxSp,eo66-dn-v1
out dmp mx reset s,outsideDamperMaxSp,eo66-dn-v1
out dmper mx reset setp,outsideDamperMaxSp,eo66-dn-v1
out dmper mx rst setp,outsideDamperMaxSp,eo66-dn-v1
out dmpr max rst spt,outsideDamperMaxSp,eo66-dn-v1
out dpr mx rst stpt,outsideDamperMaxSp,eo66-dn-v1
outside damper max reset setpoint,outsideDamperMaxSp,eo66-dn-v1
outside damper max rst setpoint,outsideDamperMaxSp,eo66-dn-v1
outside damper mx rst sp,outsideDamperMaxSp,eo66-dn-v1
outside dampr max rst setp,outsideDamperMaxSp,eo66-dn-v1
outside dampr max rst setpt,outsideDamperMaxSp,eo66-dn-v1
outside dm max reset stpt,outsideDamperMaxSp,eo66-dn-v1
outside dm mx reset set,outsideDamperMaxSp,eo66-dn-v1
outside dmp max rst setpoint,outsideDamperMaxSp,eo66-dn-v1
outside dmp mx rst setp,outsideDamperMaxSp,eo66-dn-v1
outside dpr max rst spt,outsideDamperMaxSp,eo66-dn-v1
outside dpr mx rst s,outsideDamperMaxSp,eo66-dn-v1
o d override,outsideDamperOvr,eo66-dn-v1
o d ovr,outsideDamperOvr,eo66-dn-v1
o damper ovr,outsideDamperOvr,eo66-dn-v1
o dampr override,outsideDamperOvr,eo66-dn-v1
o dampr ovr,outsideDamperOvr,eo66-dn-v1
o dmp or,outsideDamperOvr,eo66-dn-v1
o dmp ovr,outsideDamperOvr,eo66-dn-v1
o dmper override,outsideDamperOvr,eo66-dn-v1
o dmper ovr,outsideDamperOvr,eo66-dn-v1
o dmpr override,outsideDamperOvr,eo66-dn-v1
o dmpr ovr,outsideDamperOvr,eo66-dn-v1
oa d ovr,outsideDamperOvr,eo66-dn-v1
oa damper override,outsideDamperOvr,eo66-dn-v1
oa dampr ovr,outsideDamperOvr,eo66-dn-v1
oa dm override,outsideDamperOvr,eo66-dn-v1
oa dmpr ovr,outsideDamperOvr,eo66-dn-v1
oa dpr or,outsideDamperOvr,eo66-dn-v1
oa dpr ovrd,outsideDamperOvr,eo66-dn-v1
od damper or,outsideDamperOvr,eo66-dn-v1
od dampr ovr,outsideDamperOvr,eo66-dn-v1
od dampr ovrd,outsideDamperOvr,eo66-dn-v1
od dm ovr,outsideDamperOvr,eo66-dn-v1
od dm ovrd,outsideDamperOvr,eo66-dn-v1
od dmper ovr,outsideDamperOvr,eo66-dn-v1
od dmpr or,outsideDamperOvr,eo66-dn-v1
od dmpr ovr,outsideDamperOvr,eo66-dn-v1
out d ovr,outsideDamperOvr,eo66-dn-v1
out damper ovr,outsideDamperOvr,eo66-dn-v1
out damper ovrd,outsideDamperOvr,eo66-dn-v1
out dampr or,outsideDamperOvr,eo66-dn-v1
out dampr override,outsideDamperOvr,eo66-dn-v1
out dm or,outsideDamperOvr,eo66-dn-v1
out dmper or,outsideDamperOvr,eo66-dn-v1
out dmpr ovr,outsideDamperOvr,eo66-dn-v1
out dpr ovr,outsideDamperOvr,eo66-dn-v1
outside d ovr,outsideDamperOvr,eo66-dn-v1
outside damper override,outsideDamperOvr,eo66-dn-v1
outside dm or,outsideDamperOvr,eo66-dn-v1
outside dm ovrd,outsideDamperOvr,eo66-dn-v1
outside dpr ovrd,outsideDamperOvr,eo66-dn-v1
o d setp,outsideDamperSp,eo66-dn-v1
o d spt,outsideDamperSp,eo66-dn-v1
o damper setp,outsideDamperSp,eo66-dn-v1
o dm sp,outsideDamperSp,eo66-dn-v1
o dmp spt,outsideDamperSp,eo66-dn-v1
o dmper set,outsideDamperSp,eo66-dn-v1
o dmper setp,outsideDamperSp,eo66-dn-v1
o dmpr set,outsideDamperSp,eo66-dn-v1
o dpr s,outsideDamperSp,eo66-dn-v1
oa damper sp,outsideDamperSp,eo66-dn-v1
oa dampr stpt,outsideDamperSp,eo66-dn-v1
oa dmp s,outsideDamperSp,eo66-dn-v1
oa dmp spt,outsideDamperSp,eo66-dn-v1
oa dmper s,outsideDamperSp,eo66-dn-v1
oa dmper set,outsideDamperSp,eo66-dn-v1
oa dmper setpoint,outsideDamperSp,eo66-dn-v1
oa dmper spt,outsideDamperSp,eo66-dn-v1
od d setpoint,outsideDamperSp,eo66-dn-v1
od d stpt,outsideDamperSp,eo66-dn-v1
od damper setp,outsideDamperSp,eo66-dn-v1
od dampr setp,outsideDamperSp,eo66-dn-v1
od dm sp,outsideDamperSp,eo66-dn-v1
od dm spt,outsideDamperSp,eo66-dn-v1
od dmp setp,outsideDamperSp,eo66-dn-v1
od dmp setpoint,outsideDamperSp,eo66-dn-v1
od dmp setpt,outsideDamperSp,eo66-dn-v1
od dmper set,outsideDamperSp,eo66-dn-v1
od dmper setp,outsideDamperSp,eo66-dn-v1
od dpr stpt,outsideDamperSp,eo66-dn-v1
out d s,outsideDamperSp,eo66-dn-v1
out d set,outsideDamperSp,eo66-dn-v1
out damper setpoint,outsideDamperSp,eo66-dn-v1
out dampr setpoint,outsideDamperSp,eo66-dn-v1
out dampr stpt,outsideDamperSp,eo66-dn-v1
out dm s,outsideDamperSp,eo66-dn-v1
outside damper setpoint,outsideDamperSp,eo66-dn-v1
outside damper stpt,outsideDamperSp,eo66-dn-v1
outside dm set,outsideDamperSp,eo66-dn-v1
outside dmp s,outsideDamperSp,eo66-dn-v1
outside dmp spt,outsideDamperSp,eo66-dn-v1
o filter presr diff,outsideFilterPressureDelta,eo66-dn-v1
o filter presr dlt,outsideFilterPressureDelta,eo66-dn-v1
o filter press dlt,outsideFilterPressureDelta,eo66-dn-v1
o filter pressure diff,outsideFilterPressureDelta,eo66-dn-v1
o flt pr dlt,outsideFilterPressureDelta,eo66-dn-v1
o flt presr delta,outsideFilterPressureDelta,eo66-dn-v1
o flt presr diff,outsideFilterPressureDelta,eo66-dn-v1
o flt press diff,outsideFilterPressureDelta,eo66-dn-v1
oa filter pr dlt,outsideFilterPressureDelta,eo66-dn-v1
oa filter press delta,outsideFilterPressureDelta,eo66-dn-v1
oa flt pres dlt,outsideFilterPressureDelta,eo66-dn-v1
oa flt presr delta,outsideFilterPressureDelta,eo66-dn-v1
oa flt press diff,outsideFilterPressureDelta,eo66-dn-v1
oa flt pressure delta,outsideFilterPressureDelta,eo66-dn-v1
oa fltr pr dlt,outsideFilterPressureDelta,eo66-dn-v1
oa fltr press diff,outsideFilterPressureDelta,eo66-dn-v1
oa fltr pressure delta,outsideFilterPressureDelta,eo66-dn-v1
oa fltr pressure dlt,outsideFilterPressureDelta,eo66-dn-v1
oa fltr prs diff,outsideFilterPressureDelta,eo66-dn-v1
od flt press dlt,outsideFilterPressureDelta,eo66-dn-v1
out filter press dlt,outsideFilterPressureDelta,eo66-dn-v1
out filter pressure diff,outsideFilterPressureDelta,eo66-dn-v1
out filter pressure dlt,outsideFilterPressureDelta,eo66-dn-v1
out filter prs dlt,outsideFilterPressureDelta,eo66-dn-v1
out flt pr delta,outsideFilterPressureDelta,eo66-dn-v1
out flt pres dlt,outsideFilterPressureDelta,eo66-dn-v1
out flt pressure dlt,outsideFilterPressureDelta,eo66-dn-v1
out fltr prs delta,outsideFilterPressureDelta,eo66-dn-v1
outside filter p diff,outsideFilterPressureDelta,eo66-dn-v1
outside filter presr diff,outsideFilterPressureDelta,eo66-dn-v1
outside filter presr dlt,outsideFilterPressureDelta,eo66-dn-v1
outside filter pressure delta,outsideFilterPressureDelta,eo66-dn-v1
outside flt pr diff,outsideFilterPressureDelta,eo66-dn-v1
outside flt pres dlt,outsideFilterPressureDelta,eo66-dn-v1
outside flt prs diff,outsideFilterPressureDelta,eo66-dn-v1
outside fltr p diff,outsideFilterPressureDelta,eo66-dn-v1
outside fltr pres diff,outsideFilterPressureDelta,eo66-dn-v1
outside fltr presr diff,outsideFilterPressureDelta,eo66-dn-v1
outside fltr press dlt,outsideFilterPressureDelta,eo66-dn-v1
outside fltr prs diff,outsideFilterPressureDelta,eo66-dn-v1
o p,outsidePressure,eo66-dn-v1
o pr,outsidePressure,eo66-dn-v1
o pres,outsidePressure,eo66-dn-v1
o presr,outsidePressure,eo66-dn-v1
o press,outsidePressure,eo66-dn-v1
o pressure,outsidePressure,eo66-dn-v1
o prs,outsidePressure,eo66-dn-v1
oa p,outsidePressure,eo66-dn-v1
oa pr,outsidePressure,eo66-dn-v1
oa pres,outsidePressure,eo66-dn-v1
oa presr,outsidePressure,eo66-dn-v1
oa press,outsidePressure,eo66-dn-v1
oa pressure,outsidePressure,eo66-dn-v1
oa prs,outsidePressure,eo66-dn-v1
od p,outsidePressure,eo66-dn-v1
od pr,outsidePressure,eo66-dn-v1
od pres,outsidePressure,eo66-dn-v1
od presr,outsidePressure,eo66-dn-v1
od press,outsidePressure,eo66-dn-v1
od pressure,outsidePressure,eo66-dn-v1
od prs,outsidePressure,eo66-dn-v1
out p,outsidePressure,eo66-dn-v1
out pr,outsidePressure,eo66-dn-v1
out pres,outsidePressure,eo66-dn-v1
out presr,outsidePressure,eo66-dn-v1
out press,outsidePressure,eo66-dn-v1
out pressure,outsidePressure,eo66-dn-v1
out prs,outsidePressure,eo66-dn-v1
outside p,outsidePressure,eo66-dn-v1
outside pr,outsidePressure,eo66-dn-v1
outside pres,outsidePressure,eo66-dn-v1
outside presr,outsidePressure,eo66-dn-v1
outside press,outsidePressure,eo66-dn-v1
outside pressure,outsidePressure,eo66-dn-v1
outside prs,outsidePressure,eo66-dn-v1
per h stage c,perimeterHeatingStage,eo66-dn-v1
per heating stg c,perimeterHeatingStage,eo66-dn-v1
per heating stg cmnd,perimeterHeatingStage,eo66-dn-v1
per heating stg command,perimeterHeatingStage,eo66-dn-v1
per ht stage cmd,perimeterHeatingStage,eo66-dn-v1
per ht stage cmnd,perimeterHeatingStage,eo66-dn-v1
per ht stage command,perimeterHeatingStage,eo66-dn-v1
per ht stg cmd,perimeterHeatingStage,eo66-dn-v1
per ht stg cmnd,perimeterHeatingStage,eo66-dn-v1
per htg stage c,perimeterHeatingStage,eo66-dn-v1
per htg stage cmnd,perimeterHeatingStage,eo66-dn-v1
per htg stg c,perimeterHeatingStage,eo66-dn-v1
per htg stg cmnd,perimeterHeatingStage,eo66-dn-v1
per hw stg cmd,perimeterHeatingStage,eo66-dn-v1
per hw stg command,perimeterHeatingStage,eo66-dn-v1
perim h stage command,perimeterHeatingStage,eo66-dn-v1
perim h stg command,perimeterHeatingStage,eo66-dn-v1
perim heat stage c,perimeterHeatingStage,eo66-dn-v1
perim heat stage command,perimeterHeatingStage,eo66-dn-v1
perim heating stage command,perimeterHeatingStage,eo66-dn-v1
perim heating stg c,perimeterHeatingStage,eo66-dn-v1
perim ht stage cmd,perimeterHeatingStage,eo66-dn-v1
perim ht stg cmd,perimeterHeatingStage,eo66-dn-v1
perim htg stg c,perimeterHeatingStage,eo66-dn-v1
perim htg stg command,perimeterHeatingStage,eo66-dn-v1
perim hw stage command,perimeterHeatingStage,eo66-dn-v1
perim hw stg cmd,perimeterHeatingStage,eo66-dn-v1
perim hw stg cmnd,perimeterHeatingStage,eo66-dn-v1
perimeter h stg cmd,perimeterHeatingStage,eo66-dn-v1
perimeter h stg command,perimeterHeatingStage,eo66-dn-v1
perimeter heat stage c,perimeterHeatingStage,eo66-dn-v1
perimeter heat stg command,perimeterHeatingStage,eo66-dn-v1
perimeter heating stage c,perimeterHeatingStage,eo66-dn-v1
perimeter heating stage command,perimeterHeatingStage,eo66-dn-v1
perimeter heating stg cmd,perimeterHeatingStage,eo66-dn-v1
perimeter ht stg c,perimeterHeatingStage,eo66-dn-v1
perimeter ht stg cmd,perimeterHeatingStage,eo66-dn-v1
perimeter htg stage c,perimeterHeatingStage,eo66-dn-v1
perimeter htg stage cmd,perimeterHeatingStage,eo66-dn-v1
perimeter hw stg c,perimeterHeatingStage,eo66-dn-v1
per h valv fbk,perimeterHeatingValveFb,eo66-dn-v1
per h vlv fbk,perimeterHeatingValveFb,eo66-dn-v1
per h vlv feedback,perimeterHeatingValveFb,eo66-dn-v1
per heat valv fbk,perimeterHeatingValveFb,eo66-dn-v1
per heat valve fdbk,perimeterHeatingValveFb,eo66-dn-v1
per heat vlv fb,perimeterHeatingValveFb,eo66-dn-v1
per heating valv fdbk,perimeterHeatingValveFb,eo66-dn-v1
per heating valv pos,perimeterHeatingValveFb,eo66-dn-v1
per ht valv fb,perimeterHeatingValveFb,eo66-dn-v1
per htg valve position,perimeterHeatingValveFb,eo66-dn-v1
per htg vlv position,perimeterHeatingValveFb,eo66-dn-v1
per hw valv pos,perimeterHeatingValveFb,eo66-dn-v1
per hw valve fbk,perimeterHeatingValveFb,eo66-dn-v1
perim h valve fbk,perimeterHeatingValveFb,eo66-dn-v1
perim h vlv fbk,perimeterHeatingValveFb,eo66-dn-v1
perim heat valv fbk,perimeterHeatingValveFb,eo66-dn-v1
perim heating valve position,perimeterHeatingValveFb,eo66-dn-v1
perim heating vlv fdbk,perimeterHeatingValveFb,eo66-dn-v1
perim ht valv pos,perimeterHeatingValveFb,eo66-dn-v1
perim htg valve fb,perimeterHeatingValveFb,eo66-dn-v1
perimeter h valv fdbk,perimeterHeatingValveFb,eo66-dn-v1
perimeter h valve fbk,perimeterHeatingValveFb,eo66-dn-v1
perimeter heat valv fb,perimeterHeatingValveFb,eo66-dn-v1
perimeter heat valv fdbk,perimeterHeatingValveFb,eo66-dn-v1
perimeter heat valve fdbk,perimeterHeatingValveFb,eo66-dn-v1
perimeter heat vlv position,perimeterHeatingValveFb,eo66-dn-v1
perimeter heating valve feedback,perimeterHeatingValveFb,eo66-dn-v1
perimeter heating valve pos,perimeterHeatingValveFb,eo66-dn-v1
perimeter heating vlv fb,perimeterHeatingValveFb,eo66-dn-v1
perimeter ht valve pos,perimeterHeatingValveFb,eo66-dn-v1
perimeter ht vlv pos,perimeterHeatingValveFb,eo66-dn-v1
perimeter htg valve feedback,perimeterHeatingValveFb,eo66-dn-v1
perimeter htg vlv fbk,perimeterHeatingValveFb,eo66-dn-v1
perimeter hw valv fb,perimeterHeatingValveFb,eo66-dn-v1
perimeter hw valv feedback,perimeterHeatingValveFb,eo66-dn-v1
perimeter hw valve fbk,perimeterHeatingValveFb,eo66-dn-v1
perimeter hw valve fdbk,perimeterHeatingValveFb,eo66-dn-v1
perimeter hw valve pos,perimeterHeatingValveFb,eo66-dn-v1
perimeter hw vlv fb,perimeterHeatingValveFb,eo66-dn-v1
perimeter hw vlv position,perimeterHeatingValveFb,eo66-dn-v1
kw factor,powerFactor,eo66-dn-v1
kw fct,powerFactor,eo66-dn-v1
kw k,powerFactor,eo66-dn-v1
power factor,powerFactor,eo66-dn-v1
power fct,powerFactor,eo66-dn-v1
power k,powerFactor,eo66-dn-v1
pwr factor,powerFactor,eo66-dn-v1
pwr fct,powerFactor,eo66-dn-v1
pwr k,powerFactor,eo66-dn-v1
real kw max,powerRealMax,eo66-dn-v1
real kw maximum,powerRealMax,eo66-dn-v1
real power max,powerRealMax,eo66-dn-v1
real power maximum,powerRealMax,eo66-dn-v1
real pwr max,powerRealMax,eo66-dn-v1
real pwr maximum,powerRealMax,eo66-dn-v1
pre c cl da t,preCoolingCoilDischargeTemp,eo66-dn-v1
pre c cl da temperature,preCoolingCoilDischargeTemp,eo66-dn-v1
pre c cl discharge t,preCoolingCoilDischargeTemp,eo66-dn-v1
pre c coil d temp,preCoolingCoilDischargeTemp,eo66-dn-v1
pre c coil disch temp,preCoolingCoilDischargeTemp,eo66-dn-v1
pre c coil supply t,preCoolingCoilDischargeTemp,eo66-dn-v1
pre c coil supply tmp,preCoolingCoilDischargeTemp,eo66-dn-v1
pre chw cl da tmp,preCoolingCoilDischargeTemp,eo66-dn-v1
pre chw cl dis tmp,preCoolingCoilDischargeTemp,eo66-dn-v1
pre chw cl disch temperature,preCoolingCoilDischargeTemp,eo66-dn-v1
pre chw cl dsch temp,preCoolingCoilDischargeTemp,eo66-dn-v1
pre chw coil dch tmp,preCoolingCoilDischargeTemp,eo66-dn-v1
pre chw coil dsch t,preCoolingCoilDischargeTemp,eo66-dn-v1
pre cl cl dch temp,preCoolingCoilDischargeTemp,eo66-dn-v1
pre cl cl supply temp,preCoolingCoilDischargeTemp,eo66-dn-v1
pre cl coil dch temp,preCoolingCoilDischargeTemp,eo66-dn-v1
pre cl coil disch temp,preCoolingCoilDischargeTemp,eo66-dn-v1
pre cl coil discharge temp,preCoolingCoilDischargeTemp,eo66-dn-v1
pre cl coil discharge temperature,preCoolingCoilDischargeTemp,eo66-dn-v1
pre clg cl dch t,preCoolingCoilDischargeTemp,eo66-dn-v1
pre clg cl dis temp,preCoolingCoilDischargeTemp,eo66-dn-v1
pre clg cl dis temperature,preCoolingCoilDischargeTemp,eo66-dn-v1
pre clg cl sa t,preCoolingCoilDischargeTemp,eo66-dn-v1
pre clg cl sa temperature,preCoolingCoilDischargeTemp,eo66-dn-v1
pre clg cl sa tmp,preCoolingCoilDischargeTemp,eo66-dn-v1
pre clg coil da temperature,preCoolingCoilDischargeTemp,eo66-dn-v1
pre clg coil dis temp,preCoolingCoilDischargeTemp,eo66-dn-v1
pre clg coil sa temp,preCoolingCoilDischargeTemp,eo66-dn-v1
pre clg coil supply temperature,preCoolingCoilDischargeTemp,eo66-dn-v1
pre cool cl dis temperature,preCoolingCoilDischargeTemp,eo66-dn-v1
pre cool cl discharge t,preCoolingCoilDischargeTemp,eo66-dn-v1
pre cool cl sa tmp,preCoolingCoilDischargeTemp,eo66-dn-v1
pre cool cl supply tmp,preCoolingCoilDischargeTemp,eo66-dn-v1
pre cool coil supply temp,preCoolingCoilDischargeTemp,eo66-dn-v1
pre cooling cl dch temperature,preCoolingCoilDischargeTemp,eo66-dn-v1
pre cooling cl dis t,preCoolingCoilDischargeTemp,eo66-dn-v1
pre cooling cl dsch temp,preCoolingCoilDischargeTemp,eo66-dn-v1
pre cooling coil d temperature,preCoolingCoilDischargeTemp,eo66-dn-v1
pre cooling coil discharge temperature,preCoolingCoilDischargeTemp,eo66-dn-v1
pre cooling coil sa t,preCoolingCoilDischargeTemp,eo66-dn-v1
pre c md,preCoolingMode,eo66-dn-v1
pre c mod,preCoolingMode,eo66-dn-v1
pre c mode,preCoolingMode,eo66-dn-v1
pre chw md,preCoolingMode,eo66-dn-v1
pre chw mod,preCoolingMode,eo66-dn-v1
pre chw mode,preCoolingMode,eo66-dn-v1
pre cl md,preCoolingMode,eo66-dn-v1
pre cl mod,preCoolingMode,eo66-dn-v1
pre cl mode,preCoolingMode,eo66-dn-v1
pre clg md,preCoolingMode,eo66-dn-v1
pre clg mod,preCoolingMode,eo66-dn-v1
pre clg mode,preCoolingMode,eo66-dn-v1
pre cool md,preCoolingMode,eo66-dn-v1
pre cool mod,preCoolingMode,eo66-dn-v1
pre cool mode,preCoolingMode,eo66-dn-v1
pre cooling md,preCoolingMode,eo66-dn-v1
pre cooling mod,preCoolingMode,eo66-dn-v1
pre cooling mode,preCoolingMode,eo66-dn-v1
pre h cl ent t,preHeatingCoilEnteringTemp,eo66-dn-v1
pre h cl ent temp,preHeatingCoilEnteringTemp,eo66-dn-v1
pre h coil enter tmp,preHeatingCoilEnteringTemp,eo66-dn-v1
pre h coil entering t,preHeatingCoilEnteringTemp,eo66-dn-v1
pre h coil entr temp,preHeatingCoilEnteringTemp,eo66-dn-v1
pre h coil entr temperature,preHeatingCoilEnteringTemp,eo66-dn-v1
pre heat cl enter t,preHeatingCoilEnteringTemp,eo66-dn-v1
pre heat cl enter tmp,preHeatingCoilEnteringTemp,eo66-dn-v1
pre heat cl entering t,preHeatingCoilEnteringTemp,eo66-dn-v1
pre heat coil enter t,preHeatingCoilEnteringTemp,eo66-dn-v1
pre heating cl ent t,preHeatingCoilEnteringTemp,eo66-dn-v1
pre heating cl entering t,preHeatingCoilEnteringTemp,eo66-dn-v1
pre heating cl entering temp,preHeatingCoilEnteringTemp,eo66-dn-v1
pre heating cl entering temperature,preHeatingCoilEnteringTemp,eo66-dn-v1
pre heating cl entr temperature,preHeatingCoilEnteringTemp,eo66-dn-v1
pre heating coil ent t,preHeatingCoilEnteringTemp,eo66-dn-v1
pre heating coil ent tmp,preHeatingCoilEnteringTemp,eo66-dn-v1
pre heating coil entering temperature,preHeatingCoilEnteringTemp,eo66-dn-v1
pre heating coil entr t,preHeatingCoilEnteringTemp,eo66-dn-v1
pre heating coil entr temperature,preHeatingCoilEnteringTemp,eo66-dn-v1
pre ht cl ent t,preHeatingCoilEnteringTemp,eo66-dn-v1
pre ht cl enter t,preHeatingCoilEnteringTemp,eo66-dn-v1
pre ht coil ent tmp,preHeatingCoilEnteringTemp,eo66-dn-v1
pre ht coil enter t,preHeatingCoilEnteringTemp,eo66-dn-v1
pre ht coil enter temperature,preHeatingCoilEnteringTemp,eo66-dn-v1
pre ht coil enter tmp,preHeatingCoilEnteringTemp,eo66-dn-v1
pre ht coil entering temperature,preHeatingCoilEnteringTemp,eo66-dn-v1
pre ht coil entr tmp,preHeatingCoilEnteringTemp,eo66-dn-v1
pre htg cl ent t,preHeatingCoilEnteringTemp,eo66-dn-v1
pre htg cl entr t,preHeatingCoilEnteringTemp,eo66-dn-v1
pre htg coil ent tmp,preHeatingCoilEnteringTemp,eo66-dn-v1
pre htg coil enter tmp,preHeatingCoilEnteringTemp,eo66-dn-v1
pre htg coil entering temp,preHeatingCoilEnteringTemp,eo66-dn-v1
pre hw cl ent t,preHeatingCoilEnteringTemp,eo66-dn-v1
pre hw cl ent tmp,preHeatingCoilEnteringTemp,eo66-dn-v1
pre hw cl entering temp,preHeatingCoilEnteringTemp,eo66-dn-v1
pre hw coil ent temp,preHeatingCoilEnteringTemp,eo66-dn-v1
pre hw coil enter temperature,preHeatingCoilEnteringTemp,eo66-dn-v1
pre hw coil entering temperature,preHeatingCoilEnteringTemp,eo66-dn-v1
pre hw coil entering tmp,preHeatingCoilEnteringTemp,eo66-dn-v1
pre h cl leaving temperature,preHeatingCoilLeavingTemp,eo66-dn-v1
pre h cl lv tmp,preHeatingCoilLeavingTemp,eo66-dn-v1
pre h coil leav tmp,preHeatingCoilLeavingTemp,eo66-dn-v1
pre h coil lv tmp,preHeatingCoilLeavingTemp,eo66-dn-v1
pre heat cl sup tmp,preHeatingCoilLeavingTemp,eo66-dn-v1
pre heat coil leav temp,preHeatingCoilLeavingTemp,eo66-dn-v1
pre heat coil lv t,preHeatingCoilLeavingTemp,eo66-dn-v1
pre heat coil lvg temp,preHeatingCoilLeavingTemp,eo66-dn-v1
pre heat coil sup t,preHeatingCoilLeavingTemp,eo66-dn-v1
pre heat coil sup temp,preHeatingCoilLeavingTemp,eo66-dn-v1
pre heating cl leaving temp,preHeatingCoilLeavingTemp,eo66-dn-v1
pre heating cl leaving temperature,preHeatingCoilLeavingTemp,eo66-dn-v1
pre heating cl leaving tmp,preHeatingCoilLeavingTemp,eo66-dn-v1
pre heating cl lv temp,preHeatingCoilLeavingTemp,eo66-dn-v1
pre heating cl lvg temperature,preHeatingCoilLeavingTemp,eo66-dn-v1
pre heating cl sup tmp,preHeatingCoilLeavingTemp,eo66-dn-v1
pre heating coil leaving temperature,preHeatingCoilLeavingTemp,eo66-dn-v1
pre heating coil leaving tmp,preHeatingCoilLeavingTemp,eo66-dn-v1
pre heating coil sup t,preHeatingCoilLeavingTemp,eo66-dn-v1
pre ht cl leav tmp,preHeatingCoilLeavingTemp,eo66-dn-v1
pre ht cl lv temp,preHeatingCoilLeavingTemp,eo66-dn-v1
pre ht cl lvg temp,preHeatingCoilLeavingTemp,eo66-dn-v1
pre ht cl lvg temperature,preHeatingCoilLeavingTemp,eo66-dn-v1
pre ht coil lv t,preHeatingCoilLeavingTemp,eo66-dn-v1
pre ht coil lv temperature,preHeatingCoilLeavingTemp,eo66-dn-v1
pre ht coil lv tmp,preHeatingCoilLeavingTemp,eo66-dn-v1
pre ht coil lvg temperature,preHeatingCoilLeavingTemp,eo66-dn-v1
pre htg cl leav t,preHeatingCoilLeavingTemp,eo66-dn-v1
pre htg coil leaving temp,preHeatingCoilLeavingTemp,eo66-dn-v1
pre htg coil lvg temp,preHeatingCoilLeavingTemp,eo66-dn-v1
pre htg coil lvg tmp,preHeatingCoilLeavingTemp,eo66-dn-v1
pre htg coil sup temp,preHeatingCoilLeavingTemp,eo66-dn-v1
pre hw cl leaving t,preHeatingCoilLeavingTemp,eo66-dn-v1
pre hw cl lv t,preHeatingCoilLeavingTemp,eo66-dn-v1
pre hw cl lv temperature,preHeatingCoilLeavingTemp,eo66-dn-v1
pre hw cl lvg temp,preHeatingCoilLeavingTemp,eo66-dn-v1
pre hw coil leaving tmp,preHeatingCoilLeavingTemp,eo66-dn-v1
pre hw coil lv temperature,preHeatingCoilLeavingTemp,eo66-dn-v1
pre hw coil lvg t,preHeatingCoilLeavingTemp,eo66-dn-v1
pre hw coil sup temperature,preHeatingCoilLeavingTemp,eo66-dn-v1
pre h cl pump cmd,preHeatingCoilPump,eo66-dn-v1
pre h cl pump cmnd,preHeatingCoilPump,eo66-dn-v1
pre h cl pump command,preHeatingCoilPump,eo66-dn-v1
pre h coil p command,preHeatingCoilPump,eo66-dn-v1
pre heat cl p command,preHeatingCoilPump,eo66-dn-v1
pre heat cl pmp c,preHeatingCoilPump,eo66-dn-v1
pre heat cl pmp cmnd,preHeatingCoilPump,eo66-dn-v1
pre heat cl pump cmnd,preHeatingCoilPump,eo66-dn-v1
pre heating cl p c,preHeatingCoilPump,eo66-dn-v1
pre heating cl p cmd,preHeatingCoilPump,eo66-dn-v1
pre heating cl p cmnd,preHeatingCoilPump,eo66-dn-v1
pre heating cl pmp command,preHeatingCoilPump,eo66-dn-v1
pre heating cl pump cmd,preHeatingCoilPump,eo66-dn-v1
pre heating coil p c,preHeatingCoilPump,eo66-dn-v1
pre heating coil p command,preHeatingCoilPump,eo66-dn-v1
pre heating coil pmp cmnd,preHeatingCoilPump,eo66-dn-v1
pre heating coil pmp command,preHeatingCoilPump,eo66-dn-v1
pre heating coil pump command,preHeatingCoilPump,eo66-dn-v1
pre ht cl p command,preHeatingCoilPump,eo66-dn-v1
pre ht cl pmp c,preHeatingCoilPump,eo66-dn-v1
pre ht cl pmp cmd,preHeatingCoilPump,eo66-dn-v1
pre ht cl pmp cmnd,preHeatingCoilPump,eo66-dn-v1
pre ht cl pump cmnd,preHeatingCoilPump,eo66-dn-v1
pre ht coil p c,preHeatingCoilPump,eo66-dn-v1
pre ht coil p cmd,preHeatingCoilPump,eo66-dn-v1
pre ht coil pmp c,preHeatingCoilPump,eo66-dn-v1
pre ht coil pump cmd,preHeatingCoilPump,eo66-dn-v1
pre ht coil pump cmnd,preHeatingCoilPump,eo66-dn-v1
pre htg cl p c,preHeatingCoilPump,eo66-dn-v1
pre htg cl p command,preHeatingCoilPump,eo66-dn-v1
pre htg cl pump cmnd,preHeatingCoilPump,eo66-dn-v1
pre htg coil pmp command,preHeatingCoilPump,eo66-dn-v1
pre htg coil pump cmd,preHeatingCoilPump,eo66-dn-v1
pre htg coil pump cmnd,preHeatingCoilPump,eo66-dn-v1
pre hw cl p cmnd,preHeatingCoilPump,eo66-dn-v1
pre hw cl pump command,preHeatingCoilPump,eo66-dn-v1
pre hw coil p cmnd,preHeatingCoilPump,eo66-dn-v1
pre hw coil p command,preHeatingCoilPump,eo66-dn-v1
pre hw coil pmp cmd,preHeatingCoilPump,eo66-dn-v1
pre hw coil pump cmnd,preHeatingCoilPump,eo66-dn-v1
pre h cl p stat,preHeatingCoilPumpStatus,eo66-dn-v1
pre h cl pmp status,preHeatingCoilPumpStatus,eo66-dn-v1
pre h cl pump stat,preHeatingCoilPumpStatus,eo66-dn-v1
pre h coil p status,preHeatingCoilPumpStatus,eo66-dn-v1
pre heat cl p s,preHeatingCoilPumpStatus,eo66-dn-v1
pre heat cl pmp s,preHeatingCoilPumpStatus,eo66-dn-v1
pre heat cl pmp sts,preHeatingCoilPumpStatus,eo66-dn-v1
pre heat coil p st,preHeatingCoilPumpStatus,eo66-dn-v1
pre heat coil p stat,preHeatingCoilPumpStatus,eo66-dn-v1
pre heat coil pump st,preHeatingCoilPumpStatus,eo66-dn-v1
pre heating cl p stat,preHeatingCoilPumpStatus,eo66-dn-v1
pre heating cl pmp s,preHeatingCoilPumpStatus,eo66-dn-v1
pre heating coil pmp status,preHeatingCoilPumpStatus,eo66-dn-v1
pre heating coil pmp sts,preHeatingCoilPumpStatus,eo66-dn-v1
pre heating coil pump status,preHeatingCoilPumpStatus,eo66-dn-v1
pre heating coil pump sts,preHeatingCoilPumpStatus,eo66-dn-v1
pre ht cl p s,preHeatingCoilPumpStatus,eo66-dn-v1
pre ht cl pmp s,preHeatingCoilPumpStatus,eo66-dn-v1
pre ht cl pmp sts,preHeatingCoilPumpStatus,eo66-dn-v1
pre ht cl pump stat,preHeatingCoilPumpStatus,eo66-dn-v1
pre ht coil p st,preHeatingCoilPumpStatus,eo66-dn-v1
pre ht coil p sts,preHeatingCoilPumpStatus,eo66-dn-v1
pre ht coil pmp sts,preHeatingCoilPumpStatus,eo66-dn-v1
pre ht coil pump st,preHeatingCoilPumpStatus,eo66-dn-v1
pre ht coil pump stat,preHeatingCoilPumpStatus,eo66-dn-v1
pre ht coil pump status,preHeatingCoilPumpStatus,eo66-dn-v1
pre ht coil pump sts,preHeatingCoilPumpStatus,eo66-dn-v1
pre htg cl p stat,preHeatingCoilPumpStatus,eo66-dn-v1
pre htg cl pmp st,preHeatingCoilPumpStatus,eo66-dn-v1
pre htg cl pmp stat,preHeatingCoilPumpStatus,eo66-dn-v1
pre htg cl pmp status,preHeatingCoilPumpStatus,eo66-dn-v1
pre htg cl pump status,preHeatingCoilPumpStatus,eo66-dn-v1
pre htg coil p st,preHeatingCoilPumpStatus,eo66-dn-v1
pre htg coil p sts,preHeatingCoilPumpStatus,eo66-dn-v1
pre htg coil pmp stat,preHeatingCoilPumpStatus,eo66-dn-v1
pre htg coil pump st,preHeatingCoilPumpStatus,eo66-dn-v1
pre htg coil pump status,preHeatingCoilPumpStatus,eo66-dn-v1
pre hw cl p st,preHeatingCoilPumpStatus,eo66-dn-v1
pre hw cl pmp stat,preHeatingCoilPumpStatus,eo66-dn-v1
pre hw coil pump status,preHeatingCoilPumpStatus,eo66-dn-v1
pre h eb cmnd,preHeatingEnable,eo66-dn-v1
pre h en cmnd,preHeatingEnable,eo66-dn-v1
pre h ena c,preHeatingEnable,eo66-dn-v1
pre h enab cmd,preHeatingEnable,eo66-dn-v1
pre h enable cmd,preHeatingEnable,eo66-dn-v1
pre h enable cmnd,preHeatingEnable,eo66-dn-v1
pre h enb cmnd,preHeatingEnable,eo66-dn-v1
pre h enb command,preHeatingEnable,eo66-dn-v1
pre h enbl c,preHeatingEnable,eo66-dn-v1
pre h enbl command,preHeatingEnable,eo66-dn-v1
pre heat enab c,preHeatingEnable,eo66-dn-v1
pre heat enab cmnd,preHeatingEnable,eo66-dn-v1
pre heating eb cmnd,preHeatingEnable,eo66-dn-v1
pre heating enable c,preHeatingEnable,eo66-dn-v1
pre heating enable command,preHeatingEnable,eo66-dn-v1
pre heating enbl c,preHeatingEnable,eo66-dn-v1
pre heating enbl cmd,preHeatingEnable,eo66-dn-v1
pre ht eb c,preHeatingEnable,eo66-dn-v1
pre ht en c,preHeatingEnable,eo66-dn-v1
pre ht en cmnd,preHeatingEnable,eo66-dn-v1
pre ht ena c,preHeatingEnable,eo66-dn-v1
pre ht ena command,preHeatingEnable,eo66-dn-v1
pre ht enable cmd,preHeatingEnable,eo66-dn-v1
pre ht enb cmnd,preHeatingEnable,eo66-dn-v1
pre ht enbl cmd,preHeatingEnable,eo66-dn-v1
pre ht enbl cmnd,preHeatingEnable,eo66-dn-v1
pre ht enbl command,preHeatingEnable,eo66-dn-v1
pre htg eb c,preHeatingEnable,eo66-dn-v1
pre htg eb command,preHeatingEnable,eo66-dn-v1
pre htg en cmd,preHeatingEnable,eo66-dn-v1
pre htg en command,preHeatingEnable,eo66-dn-v1
pre htg ena cmnd,preHeatingEnable,eo66-dn-v1
pre htg enable cmd,preHeatingEnable,eo66-dn-v1
pre htg enbl c,preHeatingEnable,eo66-dn-v1
pre hw eb c,preHeatingEnable,eo66-dn-v1
pre hw eb cmnd,preHeatingEnable,eo66-dn-v1
pre hw en c,preHeatingEnable,eo66-dn-v1
pre hw en command,preHeatingEnable,eo66-dn-v1
pre hw enbl c,preHeatingEnable,eo66-dn-v1
pre hw enbl cmnd,preHeatingEnable,eo66-dn-v1
pre h en stpt,preHeatingEnableSp,eo66-dn-v1
pre h ena sp,preHeatingEnableSp,eo66-dn-v1
pre h enab setpoint,preHeatingEnableSp,eo66-dn-v1
pre h enable sp,preHeatingEnableSp,eo66-dn-v1
pre h enb sp,preHeatingEnableSp,eo66-dn-v1
pre heat eb set,preHeatingEnableSp,eo66-dn-v1
pre heat eb setpoint,preHeatingEnableSp,eo66-dn-v1
pre heat enab sp,preHeatingEnableSp,eo66-dn-v1
pre heat enable sp,preHeatingEnableSp,eo66-dn-v1
pre heat enb setp,preHeatingEnableSp,eo66-dn-v1
pre heat enbl set,preHeatingEnableSp,eo66-dn-v1
pre heat enbl spt,preHeatingEnableSp,eo66-dn-v1
pre heating eb set,preHeatingEnableSp,eo66-dn-v1
pre heating eb setp,preHeatingEnableSp,eo66-dn-v1
pre heating enable setpoint,preHeatingEnableSp,eo66-dn-v1
pre heating enb sp,preHeatingEnableSp,eo66-dn-v1
pre heating enbl setpt,preHeatingEnableSp,eo66-dn-v1
pre heating enbl sp,preHeatingEnableSp,eo66-dn-v1
pre ht en setpoint,preHeatingEnableSp,eo66-dn-v1
pre ht en stpt,preHeatingEnableSp,eo66-dn-v1
pre ht ena setpoint,preHeatingEnableSp,eo66-dn-v1
pre ht enable setpoint,preHeatingEnableSp,eo66-dn-v1
pre ht enbl s,preHeatingEnableSp,eo66-dn-v1
pre ht enbl sp,preHeatingEnableSp,eo66-dn-v1
pre htg eb stpt,preHeatingEnableSp,eo66-dn-v1
pre htg en s,preHeatingEnableSp,eo66-dn-v1
pre htg ena s,preHeatingEnableSp,eo66-dn-v1
pre htg ena set,preHeatingEnableSp,eo66-dn-v1
pre htg ena setpt,preHeatingEnableSp,eo66-dn-v1
pre htg enable setpoint,preHeatingEnableSp,eo66-dn-v1
pre htg enable sp,preHeatingEnableSp,eo66-dn-v1
pre htg enb setp,preHeatingEnableSp,eo66-dn-v1
pre htg enbl setpt,preHeatingEnableSp,eo66-dn-v1
pre htg enbl spt,preHeatingEnableSp,eo66-dn-v1
pre hw eb spt,preHeatingEnableSp,eo66-dn-v1
pre hw en sp,preHeatingEnableSp,eo66-dn-v1
pre hw ena stpt,preHeatingEnableSp,eo66-dn-v1
pre hw enab s,preHeatingEnableSp,eo66-dn-v1
pre hw enb spt,preHeatingEnableSp,eo66-dn-v1
pre hw enbl set,preHeatingEnableSp,eo66-dn-v1
pre h stage mod,preHeatingStageMod,eo66-dn-v1
pre h stage modulation,preHeatingStageMod,eo66-dn-v1
pre h stg mod,preHeatingStageMod,eo66-dn-v1
pre h stg modulation,preHeatingStageMod,eo66-dn-v1
pre heat stage mod,preHeatingStageMod,eo66-dn-v1
pre heat stage modulation,preHeatingStageMod,eo66-dn-v1
pre heat stg mod,preHeatingStageMod,eo66-dn-v1
pre heat stg modulation,preHeatingStageMod,eo66-dn-v1
pre heating stage mod,preHeatingStageMod,eo66-dn-v1
pre heating stage modulation,preHeatingStageMod,eo66-dn-v1
pre heating stg mod,preHeatingStageMod,eo66-dn-v1
pre heating stg modulation,preHeatingStageMod,eo66-dn-v1
pre ht stage mod,preHeatingStageMod,eo66-dn-v1
pre ht stage modulation,preHeatingStageMod,eo66-dn-v1
pre ht stg mod,preHeatingStageMod,eo66-dn-v1
pre ht stg modulation,preHeatingStageMod,eo66-dn-v1
pre htg stage mod,preHeatingStageMod,eo66-dn-v1
pre htg stage modulation,preHeatingStageMod,eo66-dn-v1
pre htg stg mod,preHeatingStageMod,eo66-dn-v1
pre htg stg modulation,preHeatingStageMod,eo66-dn-v1
pre hw stage mod,preHeatingStageMod,eo66-dn-v1
pre hw stage modulation,preHeatingStageMod,eo66-dn-v1
pre hw stg mod,preHeatingStageMod,eo66-dn-v1
pre hw stg modulation,preHeatingStageMod,eo66-dn-v1
pre h valv fdbk,preHeatingValveFb,eo66-dn-v1
pre h valve fb,preHeatingValveFb,eo66-dn-v1
pre h valve fdbk,preHeatingValveFb,eo66-dn-v1
pre h valve position,preHeatingValveFb,eo66-dn-v1
pre h vlv feedback,preHeatingValveFb,eo66-dn-v1
pre heat valv fbk,preHeatingValveFb,eo66-dn-v1
pre heat valv position,preHeatingValveFb,eo66-dn-v1
pre heat valve fdbk,preHeatingValveFb,eo66-dn-v1
pre heat valve feedback,preHeatingValveFb,eo66-dn-v1
pre heat valve position,preHeatingValveFb,eo66-dn-v1
pre heating valv feedback,preHeatingValveFb,eo66-dn-v1
pre heating valv position,preHeatingValveFb,eo66-dn-v1
pre heating valve fdbk,preHeatingValveFb,eo66-dn-v1
pre heating valve feedback,preHeatingValveFb,eo66-dn-v1
pre heating valve position,preHeatingValveFb,eo66-dn-v1
pre heating vlv fdbk,preHeatingValveFb,eo66-dn-v1
pre heating vlv feedback,preHeatingValveFb,eo66-dn-v1
pre heating vlv pos,preHeatingValveFb,eo66-dn-v1
pre ht valv fb,preHeatingValveFb,eo66-dn-v1
pre ht valv feedback,preHeatingValveFb,eo66-dn-v1
pre ht valv pos,preHeatingValveFb,eo66-dn-v1
pre ht valve fbk,preHeatingValveFb,eo66-dn-v1
pre ht valve feedback,preHeatingValveFb,eo66-dn-v1
pre ht valve pos,preHeatingValveFb,eo66-dn-v1
pre ht valve position,preHeatingValveFb,eo66-dn-v1
pre ht vlv fbk,preHeatingValveFb,eo66-dn-v1
pre ht vlv position,preHeatingValveFb,eo66-dn-v1
pre htg valve feedback,preHeatingValveFb,eo66-dn-v1
pre htg vlv fbk,preHeatingValveFb,eo66-dn-v1
pre hw valv fb,preHeatingValveFb,eo66-dn-v1
pre hw valv fbk,preHeatingValveFb,eo66-dn-v1
pre hw valv fdbk,preHeatingValveFb,eo66-dn-v1
pre hw valve fb,preHeatingValveFb,eo66-dn-v1
pre hw valve feedback,preHeatingValveFb,eo66-dn-v1
pre hw valve position,preHeatingValveFb,eo66-dn-v1
pre hw vlv fbk,preHeatingValveFb,eo66-dn-v1
pre hw vlv fdbk,preHeatingValveFb,eo66-dn-v1
pre hw vlv feedback,preHeatingValveFb,eo66-dn-v1
pre hw vlv pos,preHeatingValveFb,eo66-dn-v1
pre hw vlv position,preHeatingValveFb,eo66-dn-v1
pri bp t,priBypassTemp,eo66-dn-v1
pri bp temp,priBypassTemp,eo66-dn-v1
pri bp temperature,priBypassTemp,eo66-dn-v1
pri bp tmp,priBypassTemp,eo66-dn-v1
pri byp t,priBypassTemp,eo66-dn-v1
pri byp temp,priBypassTemp,eo66-dn-v1
pri byp temperature,priBypassTemp,eo66-dn-v1
pri byp tmp,priBypassTemp,eo66-dn-v1
pri bypass t,priBypassTemp,eo66-dn-v1
pri bypass temp,priBypassTemp,eo66-dn-v1
pri bypass temperature,priBypassTemp,eo66-dn-v1
pri bypass tmp,priBypassTemp,eo66-dn-v1
prim bp t,priBypassTemp,eo66-dn-v1
prim bp temp,priBypassTemp,eo66-dn-v1
prim bp temperature,priBypassTemp,eo66-dn-v1
prim bp tmp,priBypassTemp,eo66-dn-v1
prim byp t,priBypassTemp,eo66-dn-v1
prim byp temp,priBypassTemp,eo66-dn-v1
prim byp temperature,priBypassTemp,eo66-dn-v1
prim byp tmp,priBypassTemp,eo66-dn-v1
prim bypass t,priBypassTemp,eo66-dn-v1
prim bypass temp,priBypassTemp,eo66-dn-v1
prim bypass temperature,priBypassTemp,eo66-dn-v1
prim bypass tmp,priBypassTemp,eo66-dn-v1
primary bp t,priBypassTemp,eo66-dn-v1
primary bp temp,priBypassTemp,eo66-dn-v1
primary bp temperature,priBypassTemp,eo66-dn-v1
primary bp tmp,priBypassTemp,eo66-dn-v1
primary byp t,priBypassTemp,eo66-dn-v1
primary byp temp,priBypassTemp,eo66-dn-v1
primary byp temperature,priBypassTemp,eo66-dn-v1
primary byp tmp,priBypassTemp,eo66-dn-v1
primary bypass t,priBypassTemp,eo66-dn-v1
primary bypass temp,priBypassTemp,eo66-dn-v1
primary bypass temperature,priBypassTemp,eo66-dn-v1
primary bypass tmp,priBypassTemp,eo66-dn-v1
pri bp valv c,priBypassValve,eo66-dn-v1
pri bp valv cmd,priBypassValve,eo66-dn-v1
pri bp valv command,priBypassValve,eo66-dn-v1
pri bp valve c,priBypassValve,eo66-dn-v1
pri bp valve cmd,priBypassValve,eo66-dn-v1
pri bp valve command,priBypassValve,eo66-dn-v1
pri byp valv c,priBypassValve,eo66-dn-v1
pri byp valv cmd,priBypassValve,eo66-dn-v1
pri byp valve cmd,priBypassValve,eo66-dn-v1
pri bypass valv c,priBypassValve,eo66-dn-v1
pri bypass valv cmd,priBypassValve,eo66-dn-v1
pri bypass valv cmnd,priBypassValve,eo66-dn-v1
pri bypass valv command,priBypassValve,eo66-dn-v1
pri bypass valve cmd,priBypassValve,eo66-dn-v1
pri bypass vlv cmd,priBypassValve,eo66-dn-v1
pri bypass vlv cmnd,priBypassValve,eo66-dn-v1
prim bp valv cmd,priBypassValve,eo66-dn-v1
prim bp valv cmnd,priBypassValve,eo66-dn-v1
prim bp valve cmd,priBypassValve,eo66-dn-v1
prim bp vlv c,priBypassValve,eo66-dn-v1
prim bp vlv cmd,priBypassValve,eo66-dn-v1
prim byp valve c,priBypassValve,eo66-dn-v1
prim bypass valv c,priBypassValve,eo66-dn-v1
prim bypass valve command,priBypassValve,eo66-dn-v1
prim bypass vlv c,priBypassValve,eo66-dn-v1
prim bypass vlv cmnd,priBypassValve,eo66-dn-v1
primary bp valve cmd,priBypassValve,eo66-dn-v1
primary bp vlv c,priBypassValve,eo66-dn-v1
primary byp valv c,priBypassValve,eo66-dn-v1
primary byp valv cmd,priBypassValve,eo66-dn-v1
primary byp valv command,priBypassValve,eo66-dn-v1
primary byp valve cmd,priBypassValve,eo66-dn-v1
primary byp vlv c,priBypassValve,eo66-dn-v1
primary byp vlv cmnd,priBypassValve,eo66-dn-v1
primary byp vlv command,priBypassValve,eo66-dn-v1
primary bypass valv c,priBypassValve,eo66-dn-v1
primary bypass valv command,priBypassValve,eo66-dn-v1
primary bypass valve command,priBypassValve,eo66-dn-v1
primary bypass vlv cmd,priBypassValve,eo66-dn-v1
primary bypass vlv cmnd,priBypassValve,eo66-dn-v1
pri ent p,priEnteringPressure,eo66-dn-v1
pri ent pr,priEnteringPressure,eo66-dn-v1
pri ent presr,priEnteringPressure,eo66-dn-v1
pri ent press,priEnteringPressure,eo66-dn-v1
pri enter pr,priEnteringPressure,eo66-dn-v1
pri enter press,priEnteringPressure,eo66-dn-v1
pri enter prs,priEnteringPressure,eo66-dn-v1
pri entering p,priEnteringPressure,eo66-dn-v1
pri entering pr,priEnteringPressure,eo66-dn-v1
pri entering presr,priEnteringPressure,eo66-dn-v1
pri entering press,priEnteringPressure,eo66-dn-v1
pri entr pr,priEnteringPressure,eo66-dn-v1
pri entr presr,priEnteringPressure,eo66-dn-v1
pri entr prs,priEnteringPressure,eo66-dn-v1
prim ent p,priEnteringPressure,eo66-dn-v1
prim ent presr,priEnteringPressure,eo66-dn-v1
prim ent press,priEnteringPressure,eo66-dn-v1
prim ent pressure,priEnteringPressure,eo66-dn-v1
prim enter pres,priEnteringPressure,eo66-dn-v1
prim enter press,priEnteringPressure,eo66-dn-v1
prim entering p,priEnteringPressure,eo66-dn-v1
prim entering pressure,priEnteringPressure,eo66-dn-v1
prim entr p,priEnteringPressure,eo66-dn-v1
prim entr pres,priEnteringPressure,eo66-dn-v1
prim entr pressure,priEnteringPressure,eo66-dn-v1
primary ent p,priEnteringPressure,eo66-dn-v1
primary ent pr,priEnteringPressure,eo66-dn-v1
primary ent press,priEnteringPressure,eo66-dn-v1
primary ent pressure,priEnteringPressure,eo66-dn-v1
primary ent prs,priEnteringPressure,eo66-dn-v1
primary enter pr,priEnteringPressure,eo66-dn-v1
primary enter press,priEnteringPressure,eo66-dn-v1
primary enter prs,priEnteringPressure,eo66-dn-v1
primary entering presr,priEnteringPressure,eo66-dn-v1
primary entering press,priEnteringPressure,eo66-dn-v1
primary entering pressure,priEnteringPressure,eo66-dn-v1
primary entr pr,priEnteringPressure,eo66-dn-v1
primary entr pres,priEnteringPressure,eo66-dn-v1
primary entr press,priEnteringPressure,eo66-dn-v1
primary entr prs,priEnteringPressure,eo66-dn-v1
pri enter t setpt,priEnteringTempSp,eo66-dn-v1
pri enter tmp setpt,priEnteringTempSp,eo66-dn-v1
pri entering t s,priEnteringTempSp,eo66-dn-v1
pri entering temp sp,priEnteringTempSp,eo66-dn-v1
pri entering temperature setpoint,priEnteringTempSp,eo66-dn-v1
pri entering tmp setpoint,priEnteringTempSp,eo66-dn-v1
pri entr temperature setp,priEnteringTempSp,eo66-dn-v1
prim ent t spt,priEnteringTempSp,eo66-dn-v1
prim ent temp spt,priEnteringTempSp,eo66-dn-v1
prim enter t s,priEnteringTempSp,eo66-dn-v1
prim enter t sp,priEnteringTempSp,eo66-dn-v1
prim enter t spt,priEnteringTempSp,eo66-dn-v1
prim enter temp set,priEnteringTempSp,eo66-dn-v1
prim enter tmp setpoint,priEnteringTempSp,eo66-dn-v1
prim entering t set,priEnteringTempSp,eo66-dn-v1
prim entering temp s,priEnteringTempSp,eo66-dn-v1
prim entering temp set,priEnteringTempSp,eo66-dn-v1
prim entering temp stpt,priEnteringTempSp,eo66-dn-v1
prim entering temperature setpoint,priEnteringTempSp,eo66-dn-v1
prim entering tmp setpoint,priEnteringTempSp,eo66-dn-v1
prim entr temperature setp,priEnteringTempSp,eo66-dn-v1
prim entr tmp set,priEnteringTempSp,eo66-dn-v1
prim entr tmp setpoint,priEnteringTempSp,eo66-dn-v1
primary ent temp s,priEnteringTempSp,eo66-dn-v1
primary ent temp set,priEnteringTempSp,eo66-dn-v1
primary ent temp setpoint,priEnteringTempSp,eo66-dn-v1
primary ent temperature setp,priEnteringTempSp,eo66-dn-v1
primary ent tmp setp,priEnteringTempSp,eo66-dn-v1
primary enter t s,priEnteringTempSp,eo66-dn-v1
primary enter temperature setp,priEnteringTempSp,eo66-dn-v1
primary entering t setpoint,priEnteringTempSp,eo66-dn-v1
primary entering temp s,priEnteringTempSp,eo66-dn-v1
primary entering temp setp,priEnteringTempSp,eo66-dn-v1
primary entering temp setpoint,priEnteringTempSp,eo66-dn-v1
primary entering temperature setp,priEnteringTempSp,eo66-dn-v1
primary entering temperature setpoint,priEnteringTempSp,eo66-dn-v1
primary entering temperature stpt,priEnteringTempSp,eo66-dn-v1
primary entr temp s,priEnteringTempSp,eo66-dn-v1
primary entr temp set,priEnteringTempSp,eo66-dn-v1
primary entr temp setpoint,priEnteringTempSp,eo66-dn-v1
pri ent valv cmd,priEnteringValve,eo66-dn-v1
pri ent valve c,priEnteringValve,eo66-dn-v1
pri ent valve cmnd,priEnteringValve,eo66-dn-v1
pri ent valve command,priEnteringValve,eo66-dn-v1
pri ent vlv cmd,priEnteringValve,eo66-dn-v1
pri enter valve cmnd,priEnteringValve,eo66-dn-v1
pri enter vlv c,priEnteringValve,eo66-dn-v1
pri enter vlv cmd,priEnteringValve,eo66-dn-v1
pri entering valv c,priEnteringValve,eo66-dn-v1
pri entering valv cmnd,priEnteringValve,eo66-dn-v1
pri entering valve c,priEnteringValve,eo66-dn-v1
pri entering valve cmd,priEnteringValve,eo66-dn-v1
pri entering valve command,priEnteringValve,eo66-dn-v1
pri entr valv c,priEnteringValve,eo66-dn-v1
pri entr valve c,priEnteringValve,eo66-dn-v1
pri entr valve cmnd,priEnteringValve,eo66-dn-v1
pri entr vlv cmd,priEnteringValve,eo66-dn-v1
prim ent valve c,priEnteringValve,eo66-dn-v1
prim ent vlv command,priEnteringValve,eo66-dn-v1
prim enter valv c,priEnteringValve,eo66-dn-v1
prim enter valve cmd,priEnteringValve,eo66-dn-v1
prim enter vlv cmnd,priEnteringValve,eo66-dn-v1
prim entering valv cmd,priEnteringValve,eo66-dn-v1
prim entering valve c,priEnteringValve,eo66-dn-v1
prim entering valve command,priEnteringValve,eo66-dn-v1
prim entr valv cmnd,priEnteringValve,eo66-dn-v1
prim entr valve cmd,priEnteringValve,eo66-dn-v1
prim entr vlv c,priEnteringValve,eo66-dn-v1
prim entr vlv command,priEnteringValve,eo66-dn-v1
primary ent vlv cmd,priEnteringValve,eo66-dn-v1
primary enter valv c,priEnteringValve,eo66-dn-v1
primary enter vlv c,priEnteringValve,eo66-dn-v1
primary enter vlv command,priEnteringValve,eo66-dn-v1
primary entering valv cmd,priEnteringValve,eo66-dn-v1
primary entering valve command,priEnteringValve,eo66-dn-v1
primary entering vlv cmd,priEnteringValve,eo66-dn-v1
primary entr valv c,priEnteringValve,eo66-dn-v1
primary entr valv command,priEnteringValve,eo66-dn-v1
primary entr vlv cmd,priEnteringValve,eo66-dn-v1
primary entr vlv command,priEnteringValve,eo66-dn-v1
pri filter pres delta,priFilterPressureDelta,eo66-dn-v1
pri filter press delta,priFilterPressureDelta,eo66-dn-v1
pri filter pressure dlt,priFilterPressureDelta,eo66-dn-v1
pri flt pres delta,priFilterPressureDelta,eo66-dn-v1
pri flt pres dlt,priFilterPressureDelta,eo66-dn-v1
pri flt press diff,priFilterPressureDelta,eo66-dn-v1
pri fltr p delta,priFilterPressureDelta,eo66-dn-v1
pri fltr p dlt,priFilterPressureDelta,eo66-dn-v1
pri fltr pr dlt,priFilterPressureDelta,eo66-dn-v1
pri fltr presr delta,priFilterPressureDelta,eo66-dn-v1
pri fltr pressure delta,priFilterPressureDelta,eo66-dn-v1
prim filter pr delta,priFilterPressureDelta,eo66-dn-v1
prim filter pressure diff,priFilterPressureDelta,eo66-dn-v1
prim filter pressure dlt,priFilterPressureDelta,eo66-dn-v1
prim filter prs diff,priFilterPressureDelta,eo66-dn-v1
prim filter prs dlt,priFilterPressureDelta,eo66-dn-v1
prim flt p diff,priFilterPressureDelta,eo66-dn-v1
prim flt p dlt,priFilterPressureDelta,eo66-dn-v1
prim flt pres delta,priFilterPressureDelta,eo66-dn-v1
prim flt presr dlt,priFilterPressureDelta,eo66-dn-v1
prim flt press diff,priFilterPressureDelta,eo66-dn-v1
prim fltr p dlt,priFilterPressureDelta,eo66-dn-v1
prim fltr pr dlt,priFilterPressureDelta,eo66-dn-v1
prim fltr pres diff,priFilterPressureDelta,eo66-dn-v1
prim fltr press diff,priFilterPressureDelta,eo66-dn-v1
primary filter pr dlt,priFilterPressureDelta,eo66-dn-v1
primary filter presr diff,priFilterPressureDelta,eo66-dn-v1
primary filter press diff,priFilterPressureDelta,eo66-dn-v1
primary filter press dlt,priFilterPressureDelta,eo66-dn-v1
primary filter pressure delta,priFilterPressureDelta,eo66-dn-v1
primary filter pressure dlt,priFilterPressureDelta,eo66-dn-v1
primary flt p diff,priFilterPressureDelta,eo66-dn-v1
primary flt p dlt,priFilterPressureDelta,eo66-dn-v1
primary flt pr dlt,priFilterPressureDelta,eo66-dn-v1
primary flt pres diff,priFilterPressureDelta,eo66-dn-v1
primary flt pres dlt,priFilterPressureDelta,eo66-dn-v1
primary flt press delta,priFilterPressureDelta,eo66-dn-v1
primary flt pressure diff,priFilterPressureDelta,eo66-dn-v1
primary fltr presr delta,priFilterPressureDelta,eo66-dn-v1
primary fltr prs dlt,priFilterPressureDelta,eo66-dn-v1
pri leav flo set,priLeavingFlowSp,eo66-dn-v1
pri leav flw set,priLeavingFlowSp,eo66-dn-v1
pri leav flw sp,priLeavingFlowSp,eo66-dn-v1
pri leaving flo sp,priLeavingFlowSp,eo66-dn-v1
pri leaving flow setpt,priLeavingFlowSp,eo66-dn-v1
pri leaving flow sp,priLeavingFlowSp,eo66-dn-v1
pri leaving flw s,priLeavingFlowSp,eo66-dn-v1
pri leaving flw setp,priLeavingFlowSp,eo66-dn-v1
pri lv flow stpt,priLeavingFlowSp,eo66-dn-v1
pri lvg flo sp,priLeavingFlowSp,eo66-dn-v1
pri lvg flo stpt,priLeavingFlowSp,eo66-dn-v1
pri lvg flow spt,priLeavingFlowSp,eo66-dn-v1
pri lvg flw spt,priLeavingFlowSp,eo66-dn-v1
pri sup flo setpt,priLeavingFlowSp,eo66-dn-v1
prim leav flw set,priLeavingFlowSp,eo66-dn-v1
prim leaving flo set,priLeavingFlowSp,eo66-dn-v1
prim lv flow setpt,priLeavingFlowSp,eo66-dn-v1
prim lv flow stpt,priLeavingFlowSp,eo66-dn-v1
prim lv flw setpoint,priLeavingFlowSp,eo66-dn-v1
prim lvg flo set,priLeavingFlowSp,eo66-dn-v1
prim lvg flw spt,priLeavingFlowSp,eo66-dn-v1
prim sup flw set,priLeavingFlowSp,eo66-dn-v1
prim sup flw sp,priLeavingFlowSp,eo66-dn-v1
primary leav flo stpt,priLeavingFlowSp,eo66-dn-v1
primary leav flow setpt,priLeavingFlowSp,eo66-dn-v1
primary leav flw s,priLeavingFlowSp,eo66-dn-v1
primary leaving flo sp,priLeavingFlowSp,eo66-dn-v1
primary leaving flow setpoint,priLeavingFlowSp,eo66-dn-v1
primary leaving flow stpt,priLeavingFlowSp,eo66-dn-v1
primary leaving flw set,priLeavingFlowSp,eo66-dn-v1
primary lv flow setp,priLeavingFlowSp,eo66-dn-v1
primary lv flw s,priLeavingFlowSp,eo66-dn-v1
primary lv flw setp,priLeavingFlowSp,eo66-dn-v1
primary lv flw setpt,priLeavingFlowSp,eo66-dn-v1
primary lvg flo sp,priLeavingFlowSp,eo66-dn-v1
primary lvg flow setpt,priLeavingFlowSp,eo66-dn-v1
primary lvg flw sp,priLeavingFlowSp,eo66-dn-v1
primary sup flo sp,priLeavingFlowSp,eo66-dn-v1
primary sup flo spt,priLeavingFlowSp,eo66-dn-v1
primary sup flow setpt,priLeavingFlowSp,eo66-dn-v1
pri leav p,priLeavingPressure,eo66-dn-v1
pri leav pr,priLeavingPressure,eo66-dn-v1
pri leav press,priLeavingPressure,eo66-dn-v1
pri leav pressure,priLeavingPressure,eo66-dn-v1
pri leaving pres,priLeavingPressure,eo66-dn-v1
pri leaving presr,priLeavingPressure,eo66-dn-v1
pri leaving press,priLeavingPressure,eo66-dn-v1
pri lv pr,priLeavingPressure,eo66-dn-v1
pri lv pres,priLeavingPressure,eo66-dn-v1
pri lv presr,priLeavingPressure,eo66-dn-v1
pri lv press,priLeavingPressure,eo66-dn-v1
pri lv pressure,priLeavingPressure,eo66-dn-v1
pri lvg p,priLeavingPressure,eo66-dn-v1
pri lvg pres,priLeavingPressure,eo66-dn-v1
pri lvg press,priLeavingPressure,eo66-dn-v1
pri lvg pressure,priLeavingPressure,eo66-dn-v1
pri sup pres,priLeavingPressure,eo66-dn-v1
pri sup presr,priLeavingPressure,eo66-dn-v1
pri sup press,priLeavingPressure,eo66-dn-v1
pri sup pressure,priLeavingPressure,eo66-dn-v1
prim leaving p,priLeavingPressure,eo66-dn-v1
prim lv prs,priLeavingPressure,eo66-dn-v1
prim lvg prs,priLeavingPressure,eo66-dn-v1
prim sup pres,priLeavingPressure,eo66-dn-v1
primary leav p,priLeavingPressure,eo66-dn-v1
primary leav presr,priLeavingPressure,eo66-dn-v1
primary leav prs,priLeavingPressure,eo66-dn-v1
primary leaving pres,priLeavingPressure,eo66-dn-v1
primary leaving pressure,priLeavingPressure,eo66-dn-v1
primary lv pr,priLeavingPressure,eo66-dn-v1
primary lv presr,priLeavingPressure,eo66-dn-v1
primary lv press,priLeavingPressure,eo66-dn-v1
primary lv pressure,priLeavingPressure,eo66-dn-v1
primary lvg p,priLeavingPressure,eo66-dn-v1
primary lvg press,priLeavingPressure,eo66-dn-v1
primary lvg prs,priLeavingPressure,eo66-dn-v1
primary sup pr,priLeavingPressure,eo66-dn-v1
primary sup presr,priLeavingPressure,eo66-dn-v1
primary sup pressure,priLeavingPressure,eo66-dn-v1
primary sup prs,priLeavingPressure,eo66-dn-v1
pri leav presr setp,priLeavingPressureSp,eo66-dn-v1
pri leav presr sp,priLeavingPressureSp,eo66-dn-v1
pri leav pressure stpt,priLeavingPressureSp,eo66-dn-v1
pri leav prs stpt,priLeavingPressureSp,eo66-dn-v1
pri leaving press sp,priLeavingPressureSp,eo66-dn-v1
pri leaving pressure setp,priLeavingPressureSp,eo66-dn-v1
pri lv p stpt,priLeavingPressureSp,eo66-dn-v1
pri lv pr setpt,priLeavingPressureSp,eo66-dn-v1
pri lv presr spt,priLeavingPressureSp,eo66-dn-v1
pri lv pressure setpt,priLeavingPressureSp,eo66-dn-v1
pri lvg p sp,priLeavingPressureSp,eo66-dn-v1
pri lvg pr setp,priLeavingPressureSp,eo66-dn-v1
pri lvg press setpoint,priLeavingPressureSp,eo66-dn-v1
pri lvg pressure spt,priLeavingPressureSp,eo66-dn-v1
pri sup p setp,priLeavingPressureSp,eo66-dn-v1
pri sup presr stpt,priLeavingPressureSp,eo66-dn-v1
pri sup press sp,priLeavingPressureSp,eo66-dn-v1
prim leav pres setpt,priLeavingPressureSp,eo66-dn-v1
prim leav pressure stpt,priLeavingPressureSp,eo66-dn-v1
prim leaving presr set,priLeavingPressureSp,eo66-dn-v1
prim leaving prs set,priLeavingPressureSp,eo66-dn-v1
prim lv press setp,priLeavingPressureSp,eo66-dn-v1
prim lvg p setp,priLeavingPressureSp,eo66-dn-v1
prim lvg pres spt,priLeavingPressureSp,eo66-dn-v1
prim lvg prs spt,priLeavingPressureSp,eo66-dn-v1
prim sup pr setpt,priLeavingPressureSp,eo66-dn-v1
prim sup press stpt,priLeavingPressureSp,eo66-dn-v1
prim sup pressure set,priLeavingPressureSp,eo66-dn-v1
prim sup prs s,priLeavingPressureSp,eo66-dn-v1
primary leav pr setpoint,priLeavingPressureSp,eo66-dn-v1
primary leav pres sp,priLeavingPressureSp,eo66-dn-v1
primary leaving pres setpt,priLeavingPressureSp,eo66-dn-v1
primary leaving pressure setpoint,priLeavingPressureSp,eo66-dn-v1
primary lv presr setpt,priLeavingPressureSp,eo66-dn-v1
primary lv press setpoint,priLeavingPressureSp,eo66-dn-v1
primary lv pressure setpt,priLeavingPressureSp,eo66-dn-v1
primary lv pressure sp,priLeavingPressureSp,eo66-dn-v1
primary lv prs set,priLeavingPressureSp,eo66-dn-v1
primary lvg pres set,priLeavingPressureSp,eo66-dn-v1
primary sup prs sp,priLeavingPressureSp,eo66-dn-v1
pri leav tmp hi set,priLeavingTempHiSp,eo66-dn-v1
pri leaving t h spt,priLeavingTempHiSp,eo66-dn-v1
pri leaving temp hi sp,priLeavingTempHiSp,eo66-dn-v1
pri leaving tmp h spt,priLeavingTempHiSp,eo66-dn-v1
pri lv t h set,priLeavingTempHiSp,eo66-dn-v1
pri lv t hi setpt,priLeavingTempHiSp,eo66-dn-v1
pri lv t high s,priLeavingTempHiSp,eo66-dn-v1
pri lv temperature h setpoint,priLeavingTempHiSp,eo66-dn-v1
pri lvg tmp hi setpt,priLeavingTempHiSp,eo66-dn-v1
pri lvg tmp high s,priLeavingTempHiSp,eo66-dn-v1
pri sup t h setp,priLeavingTempHiSp,eo66-dn-v1
pri sup t h spt,priLeavingTempHiSp,eo66-dn-v1
pri sup t hi stpt,priLeavingTempHiSp,eo66-dn-v1
prim leav t h setpt,priLeavingTempHiSp,eo66-dn-v1
prim leav t high spt,priLeavingTempHiSp,eo66-dn-v1
prim leav temp h stpt,priLeavingTempHiSp,eo66-dn-v1
prim leaving t h setpt,priLeavingTempHiSp,eo66-dn-v1
prim leaving t high setpt,priLeavingTempHiSp,eo66-dn-v1
prim leaving temperature h sp,priLeavingTempHiSp,eo66-dn-v1
prim leaving tmp hi setpoint,priLeavingTempHiSp,eo66-dn-v1
prim lv temp hi spt,priLeavingTempHiSp,eo66-dn-v1
prim lv tmp h set,priLeavingTempHiSp,eo66-dn-v1
prim lv tmp h spt,priLeavingTempHiSp,eo66-dn-v1
prim lvg temp high setp,priLeavingTempHiSp,eo66-dn-v1
prim lvg tmp high spt,priLeavingTempHiSp,eo66-dn-v1
prim sup temperature hi set,priLeavingTempHiSp,eo66-dn-v1
primary leav t hi setp,priLeavingTempHiSp,eo66-dn-v1
primary leav tmp hi setpoint,priLeavingTempHiSp,eo66-dn-v1
primary leaving t h stpt,priLeavingTempHiSp,eo66-dn-v1
primary leaving t hi stpt,priLeavingTempHiSp,eo66-dn-v1
primary leaving temperature high setpoint,priLeavingTempHiSp,eo66-dn-v1
primary leaving tmp h sp,priLeavingTempHiSp,eo66-dn-v1
primary leaving tmp hi sp,priLeavingTempHiSp,eo66-dn-v1
primary leaving tmp high s,priLeavingTempHiSp,eo66-dn-v1
primary lv tmp h set,priLeavingTempHiSp,eo66-dn-v1
primary lvg temp h stpt,priLeavingTempHiSp,eo66-dn-v1
primary lvg temp hi set,priLeavingTempHiSp,eo66-dn-v1
primary lvg tmp hi set,priLeavingTempHiSp,eo66-dn-v1
primary sup t hi sp,priLeavingTempHiSp,eo66-dn-v1
primary sup temp hi sp,priLeavingTempHiSp,eo66-dn-v1
pri leav t low spt,priLeavingTempLoSp,eo66-dn-v1
pri leav temp lo setpt,priLeavingTempLoSp,eo66-dn-v1
pri leaving t lo setp,priLeavingTempLoSp,eo66-dn-v1
pri leaving temp lo sp,priLeavingTempLoSp,eo66-dn-v1
pri lvg t lo setpt,priLeavingTempLoSp,eo66-dn-v1
pri sup temp lo setpt,priLeavingTempLoSp,eo66-dn-v1
pri sup temp lo sp,priLeavingTempLoSp,eo66-dn-v1
pri sup temperature low set,priLeavingTempLoSp,eo66-dn-v1
pri sup tmp low spt,priLeavingTempLoSp,eo66-dn-v1
prim leav temp lo spt,priLeavingTempLoSp,eo66-dn-v1
prim leav tmp l stpt,priLeavingTempLoSp,eo66-dn-v1
prim leaving t l s,priLeavingTempLoSp,eo66-dn-v1
prim leaving t lo s,priLeavingTempLoSp,eo66-dn-v1
prim leaving temp lo setpoint,priLeavingTempLoSp,eo66-dn-v1
prim leaving tmp lo sp,priLeavingTempLoSp,eo66-dn-v1
prim lv temp low setpt,priLeavingTempLoSp,eo66-dn-v1
prim lv temperature lo setp,priLeavingTempLoSp,eo66-dn-v1
prim lvg temp lo stpt,priLeavingTempLoSp,eo66-dn-v1
prim lvg temp low setpt,priLeavingTempLoSp,eo66-dn-v1
prim lvg temperature low setpt,priLeavingTempLoSp,eo66-dn-v1
prim sup temp l s,priLeavingTempLoSp,eo66-dn-v1
prim sup temp low spt,priLeavingTempLoSp,eo66-dn-v1
primary leav t lo setp,priLeavingTempLoSp,eo66-dn-v1
primary leav temp lo setpt,priLeavingTempLoSp,eo66-dn-v1
primary leav temperature l stpt,priLeavingTempLoSp,eo66-dn-v1
primary leav temperature low stpt,priLeavingTempLoSp,eo66-dn-v1
primary leaving temp low setpoint,priLeavingTempLoSp,eo66-dn-v1
primary leaving temperature lo sp,priLeavingTempLoSp,eo66-dn-v1
primary leaving temperature low setpoint,priLeavingTempLoSp,eo66-dn-v1
primary lv t low set,priLeavingTempLoSp,eo66-dn-v1
primary lv temp l setpt,priLeavingTempLoSp,eo66-dn-v1
primary lv temp lo setpoint,priLeavingTempLoSp,eo66-dn-v1
primary lv temperature l sp,priLeavingTempLoSp,eo66-dn-v1
primary lvg t low setpoint,priLeavingTempLoSp,eo66-dn-v1
primary lvg temp lo setp,priLeavingTempLoSp,eo66-dn-v1
primary lvg temperature l setpt,priLeavingTempLoSp,eo66-dn-v1
primary sup t lo set,priLeavingTempLoSp,eo66-dn-v1
primary sup t low setp,priLeavingTempLoSp,eo66-dn-v1
primary sup temp lo s,priLeavingTempLoSp,eo66-dn-v1
primary sup tmp l spt,priLeavingTempLoSp,eo66-dn-v1
pri leav t max reset setpt,priLeavingTempMaxSp,eo66-dn-v1
pri leav temp max rst spt,priLeavingTempMaxSp,eo66-dn-v1
pri leaving t mx rst s,priLeavingTempMaxSp,eo66-dn-v1
pri leaving temp max reset sp,priLeavingTempMaxSp,eo66-dn-v1
pri leaving temperature max rst set,priLeavingTempMaxSp,eo66-dn-v1
pri leaving tmp mx rst setpt,priLeavingTempMaxSp,eo66-dn-v1
pri lv t max rst sp,priLeavingTempMaxSp,eo66-dn-v1
pri lv temp mx rst set,priLeavingTempMaxSp,eo66-dn-v1
pri lv temp mx rst spt,priLeavingTempMaxSp,eo66-dn-v1
pri lv temperature max reset s,priLeavingTempMaxSp,eo66-dn-v1
pri lv temperature mx rst set,priLeavingTempMaxSp,eo66-dn-v1
pri lvg tmp max rst setpoint,priLeavingTempMaxSp,eo66-dn-v1
prim leav t max rst spt,priLeavingTempMaxSp,eo66-dn-v1
prim leav t mx reset stpt,priLeavingTempMaxSp,eo66-dn-v1
prim leav tmp max reset spt,priLeavingTempMaxSp,eo66-dn-v1
prim leav tmp max rst s,priLeavingTempMaxSp,eo66-dn-v1
prim leav tmp max rst spt,priLeavingTempMaxSp,eo66-dn-v1
prim leaving t max rst setpoint,priLeavingTempMaxSp,eo66-dn-v1
prim lv t mx rst stpt,priLeavingTempMaxSp,eo66-dn-v1
prim lv temp mx reset spt,priLeavingTempMaxSp,eo66-dn-v1
prim lv temperature max rst setpoint,priLeavingTempMaxSp,eo66-dn-v1
prim lv temperature mx reset spt,priLeavingTempMaxSp,eo66-dn-v1
prim lv tmp max reset spt,priLeavingTempMaxSp,eo66-dn-v1
prim lv tmp mx rst setpoint,priLeavingTempMaxSp,eo66-dn-v1
prim lvg temp mx reset set,priLeavingTempMaxSp,eo66-dn-v1
prim lvg tmp mx reset spt,priLeavingTempMaxSp,eo66-dn-v1
prim sup t max rst s,priLeavingTempMaxSp,eo66-dn-v1
prim sup temperature max reset setpt,priLeavingTempMaxSp,eo66-dn-v1
prim sup temperature max rst sp,priLeavingTempMaxSp,eo66-dn-v1
primary leav temperature max reset s,priLeavingTempMaxSp,eo66-dn-v1
primary leav tmp max reset stpt,priLeavingTempMaxSp,eo66-dn-v1
primary leaving t max reset setpoint,priLeavingTempMaxSp,eo66-dn-v1
primary leaving t max rst set,priLeavingTempMaxSp,eo66-dn-v1
primary leaving temperature max reset set,priLeavingTempMaxSp,eo66-dn-v1
primary leaving temperature max reset setpoint,priLeavingTempMaxSp,eo66-dn-v1
primary leaving temperature mx rst setp,priLeavingTempMaxSp,eo66-dn-v1
primary leaving tmp max rst setp,priLeavingTempMaxSp,eo66-dn-v1
primary lvg t max rst setpoint,priLeavingTempMaxSp,eo66-dn-v1
primary lvg t mx rst spt,priLeavingTempMaxSp,eo66-dn-v1
primary sup temperature mx reset setpt,priLeavingTempMaxSp,eo66-dn-v1
pri leav tmp mn reset spt,priLeavingTempMinSp,eo66-dn-v1
pri leaving t mn reset s,priLeavingTempMinSp,eo66-dn-v1
pri leaving t mn rst set,priLeavingTempMinSp,eo66-dn-v1
pri leaving temp min reset sp,priLeavingTempMinSp,eo66-dn-v1
pri leaving temp min rst set,priLeavingTempMinSp,eo66-dn-v1
pri leaving temp min rst setp,priLeavingTempMinSp,eo66-dn-v1
pri leaving tmp mn rst stpt,priLeavingTempMinSp,eo66-dn-v1
pri lv temperature min rst sp,priLeavingTempMinSp,eo66-dn-v1
pri lv temperature mn rst sp,priLeavingTempMinSp,eo66-dn-v1
pri lvg t min reset sp,priLeavingTempMinSp,eo66-dn-v1
pri lvg tmp mn reset stpt,priLeavingTempMinSp,eo66-dn-v1
pri sup temperature min rst s,priLeavingTempMinSp,eo66-dn-v1
pri sup temperature min rst set,priLeavingTempMinSp,eo66-dn-v1
prim leaving t min reset s,priLeavingTempMinSp,eo66-dn-v1
prim leaving temperature mn rst stpt,priLeavingTempMinSp,eo66-dn-v1
prim lv tmp min rst set,priLeavingTempMinSp,eo66-dn-v1
prim lvg t min reset stpt,priLeavingTempMinSp,eo66-dn-v1
prim lvg t mn rst setpoint,priLeavingTempMinSp,eo66-dn-v1
prim lvg temp min reset set,priLeavingTempMinSp,eo66-dn-v1
prim lvg tmp min reset stpt,priLeavingTempMinSp,eo66-dn-v1
prim sup temp mn rst sp,priLeavingTempMinSp,eo66-dn-v1
prim sup temperature mn rst setpoint,priLeavingTempMinSp,eo66-dn-v1
primary leav t min rst sp,priLeavingTempMinSp,eo66-dn-v1
primary leav t mn reset setp,priLeavingTempMinSp,eo66-dn-v1
primary leav t mn reset sp,priLeavingTempMinSp,eo66-dn-v1
primary leav t mn rst s,priLeavingTempMinSp,eo66-dn-v1
primary leav temp min reset setp,priLeavingTempMinSp,eo66-dn-v1
primary leav temp min rst sp,priLeavingTempMinSp,eo66-dn-v1
primary leav temperature mn reset spt,priLeavingTempMinSp,eo66-dn-v1
primary leav tmp min rst sp,priLeavingTempMinSp,eo66-dn-v1
primary leav tmp mn reset s,priLeavingTempMinSp,eo66-dn-v1
primary leaving t mn reset set,priLeavingTempMinSp,eo66-dn-v1
primary leaving t mn reset spt,priLeavingTempMinSp,eo66-dn-v1
primary leaving temperature min reset setpoint,priLeavingTempMinSp,eo66-dn-v1
primary lv temp mn rst spt,priLeavingTempMinSp,eo66-dn-v1
primary lvg temperature min reset setpoint,priLeavingTempMinSp,eo66-dn-v1
primary lvg temperature min rst set,priLeavingTempMinSp,eo66-dn-v1
primary lvg temperature mn rst set,priLeavingTempMinSp,eo66-dn-v1
primary sup temp min reset setpt,priLeavingTempMinSp,eo66-dn-v1
primary sup tmp mn reset sp,priLeavingTempMinSp,eo66-dn-v1
pri p alarm,priPumpAlarm,eo66-dn-v1
pri p alm,priPumpAlarm,eo66-dn-v1
pri p alrm,priPumpAlarm,eo66-dn-v1
pri pmp alarm,priPumpAlarm,eo66-dn-v1
pri pmp alm,priPumpAlarm,eo66-dn-v1
pri pmp alrm,priPumpAlarm,eo66-dn-v1
pri pump alarm,priPumpAlarm,eo66-dn-v1
pri pump alm,priPumpAlarm,eo66-dn-v1
pri pump alrm,priPumpAlarm,eo66-dn-v1
prim p alarm,priPumpAlarm,eo66-dn-v1
prim p alm,priPumpAlarm,eo66-dn-v1
prim p alrm,priPumpAlarm,eo66-dn-v1
prim pmp alarm,priPumpAlarm,eo66-dn-v1
prim pmp alm,priPumpAlarm,eo66-dn-v1
prim pmp alrm,priPumpAlarm,eo66-dn-v1
prim pump alarm,priPumpAlarm,eo66-dn-v1
prim pump alm,priPumpAlarm,eo66-dn-v1
prim pump alrm,priPumpAlarm,eo66-dn-v1
primary p alarm,priPumpAlarm,eo66-dn-v1
primary p alm,priPumpAlarm,eo66-dn-v1
primary p alrm,priPumpAlarm,eo66-dn-v1
primary pmp alarm,priPumpAlarm,eo66-dn-v1
primary pmp alm,priPumpAlarm,eo66-dn-v1
primary pmp alrm,priPumpAlarm,eo66-dn-v1
primary pump alarm,priPumpAlarm,eo66-dn-v1
primary pump alm,priPumpAlarm,eo66-dn-v1
primary pump alrm,priPumpAlarm,eo66-dn-v1
pri p amp,priPumpCurrent,eo66-dn-v1
pri p amps,priPumpCurrent,eo66-dn-v1
pri p cur,priPumpCurrent,eo66-dn-v1
pri p current,priPumpCurrent,eo66-dn-v1
pri pmp amp,priPumpCurrent,eo66-dn-v1
pri pmp cur,priPumpCurrent,eo66-dn-v1
pri pmp curr,priPumpCurrent,eo66-dn-v1
pri pmp current,priPumpCurrent,eo66-dn-v1
pri pump amp,priPumpCurrent,eo66-dn-v1
pri pump amps,priPumpCurrent,eo66-dn-v1
pri pump cur,priPumpCurrent,eo66-dn-v1
pri pump curr,priPumpCurrent,eo66-dn-v1
pri pump current,priPumpCurrent,eo66-dn-v1
prim p amp,priPumpCurrent,eo66-dn-v1
prim p amps,priPumpCurrent,eo66-dn-v1
prim p curr,priPumpCurrent,eo66-dn-v1
prim p current,priPumpCurrent,eo66-dn-v1
prim pmp amp,priPumpCurrent,eo66-dn-v1
prim pmp amps,priPumpCurrent,eo66-dn-v1
prim pmp cur,priPumpCurrent,eo66-dn-v1
prim pmp curr,priPumpCurrent,eo66-dn-v1
prim pmp current,priPumpCurrent,eo66-dn-v1
prim pump amp,priPumpCurrent,eo66-dn-v1
prim pump amps,priPumpCurrent,eo66-dn-v1
prim pump current,priPumpCurrent,eo66-dn-v1
primary p amp,priPumpCurrent,eo66-dn-v1
primary p amps,priPumpCurrent,eo66-dn-v1
primary p cur,priPumpCurrent,eo66-dn-v1
primary p curr,priPumpCurrent,eo66-dn-v1
primary p current,priPumpCurrent,eo66-dn-v1
primary pmp amp,priPumpCurrent,eo66-dn-v1
primary pmp amps,priPumpCurrent,eo66-dn-v1
primary pmp cur,priPumpCurrent,eo66-dn-v1
primary pmp curr,priPumpCurrent,eo66-dn-v1
primary pmp current,priPumpCurrent,eo66-dn-v1
primary pump amp,priPumpCurrent,eo66-dn-v1
primary pump amps,priPumpCurrent,eo66-dn-v1
primary pump cur,priPumpCurrent,eo66-dn-v1
primary pump curr,priPumpCurrent,eo66-dn-v1
primary pump current,priPumpCurrent,eo66-dn-v1
pri p fault,priPumpFault,eo66-dn-v1
pri p flt,priPumpFault,eo66-dn-v1
pri pmp fault,priPumpFault,eo66-dn-v1
pri pmp flt,priPumpFault,eo66-dn-v1
pri pump fault,priPumpFault,eo66-dn-v1
pri pump flt,priPumpFault,eo66-dn-v1
prim p fault,priPumpFault,eo66-dn-v1
prim p flt,priPumpFault,eo66-dn-v1
prim pmp fault,priPumpFault,eo66-dn-v1
prim pmp flt,priPumpFault,eo66-dn-v1
prim pump fault,priPumpFault,eo66-dn-v1
prim pump flt,priPumpFault,eo66-dn-v1
primary p fault,priPumpFault,eo66-dn-v1
primary p flt,priPumpFault,eo66-dn-v1
primary pmp fault,priPumpFault,eo66-dn-v1
primary pmp flt,priPumpFault,eo66-dn-v1
primary pump fault,priPumpFault,eo66-dn-v1
primary pump flt,priPumpFault,eo66-dn-v1
pri p spd mn setpoint,priPumpSpeedMinSp,eo66-dn-v1
pri p spd mn spt,priPumpSpeedMinSp,eo66-dn-v1
pri p speed min setp,priPumpSpeedMinSp,eo66-dn-v1
pri p speed mn set,priPumpSpeedMinSp,eo66-dn-v1
pri pmp spd mn set,priPumpSpeedMinSp,eo66-dn-v1
pri pmp spd mn setpoint,priPumpSpeedMinSp,eo66-dn-v1
pri pmp speed min set,priPumpSpeedMinSp,eo66-dn-v1
pri pmp speed min spt,priPumpSpeedMinSp,eo66-dn-v1
pri pump spd min sp,priPumpSpeedMinSp,eo66-dn-v1
pri pump spd mn s,priPumpSpeedMinSp,eo66-dn-v1
pri pump spd mn sp,priPumpSpeedMinSp,eo66-dn-v1
pri pump speed min sp,priPumpSpeedMinSp,eo66-dn-v1
pri pump speed min stpt,priPumpSpeedMinSp,eo66-dn-v1
pri pump speed mn setpoint,priPumpSpeedMinSp,eo66-dn-v1
prim p spd min sp,priPumpSpeedMinSp,eo66-dn-v1
prim p speed min set,priPumpSpeedMinSp,eo66-dn-v1
prim p speed min spt,priPumpSpeedMinSp,eo66-dn-v1
prim p speed mn set,priPumpSpeedMinSp,eo66-dn-v1
prim pmp spd min sp,priPumpSpeedMinSp,eo66-dn-v1
prim pmp spd min stpt,priPumpSpeedMinSp,eo66-dn-v1
prim pmp spd mn s,priPumpSpeedMinSp,eo66-dn-v1
prim pmp spd mn sp,priPumpSpeedMinSp,eo66-dn-v1
prim pmp speed min setpoint,priPumpSpeedMinSp,eo66-dn-v1
prim pmp speed min setpt,priPumpSpeedMinSp,eo66-dn-v1
prim pmp speed min stpt,priPumpSpeedMinSp,eo66-dn-v1
prim pump spd min setp,priPumpSpeedMinSp,eo66-dn-v1
prim pump spd min setpoint,priPumpSpeedMinSp,eo66-dn-v1
prim pump spd min stpt,priPumpSpeedMinSp,eo66-dn-v1
prim pump spd mn stpt,priPumpSpeedMinSp,eo66-dn-v1
prim pump speed min set,priPumpSpeedMinSp,eo66-dn-v1
prim pump speed min spt,priPumpSpeedMinSp,eo66-dn-v1
primary p speed min spt,priPumpSpeedMinSp,eo66-dn-v1
primary p speed mn setp,priPumpSpeedMinSp,eo66-dn-v1
primary p speed mn spt,priPumpSpeedMinSp,eo66-dn-v1
primary pmp spd mn sp,priPumpSpeedMinSp,eo66-dn-v1
primary pmp spd mn spt,priPumpSpeedMinSp,eo66-dn-v1
primary pmp speed min setpt,priPumpSpeedMinSp,eo66-dn-v1
primary pmp speed mn spt,priPumpSpeedMinSp,eo66-dn-v1
primary pump speed min setpoint,priPumpSpeedMinSp,eo66-dn-v1
primary pump speed min stpt,priPumpSpeedMinSp,eo66-dn-v1
pri t delta,priTempDelta,eo66-dn-v1
pri t diff,priTempDelta,eo66-dn-v1
pri t dlt,priTempDelta,eo66-dn-v1
pri temp delta,priTempDelta,eo66-dn-v1
pri temp diff,priTempDelta,eo66-dn-v1
pri temp dlt,priTempDelta,eo66-dn-v1
pri temperature delta,priTempDelta,eo66-dn-v1
pri temperature diff,priTempDelta,eo66-dn-v1
pri temperature dlt,priTempDelta,eo66-dn-v1
pri tmp delta,priTempDelta,eo66-dn-v1
pri tmp diff,priTempDelta,eo66-dn-v1
pri tmp dlt,priTempDelta,eo66-dn-v1
prim t delta,priTempDelta,eo66-dn-v1
prim t diff,priTempDelta,eo66-dn-v1
prim t dlt,priTempDelta,eo66-dn-v1
prim temp delta,priTempDelta,eo66-dn-v1
prim temp diff,priTempDelta,eo66-dn-v1
prim temp dlt,priTempDelta,eo66-dn-v1
prim temperature delta,priTempDelta,eo66-dn-v1
prim temperature diff,priTempDelta,eo66-dn-v1
prim temperature dlt,priTempDelta,eo66-dn-v1
prim tmp delta,priTempDelta,eo66-dn-v1
prim tmp diff,priTempDelta,eo66-dn-v1
prim tmp dlt,priTempDelta,eo66-dn-v1
primary t delta,priTempDelta,eo66-dn-v1
primary t diff,priTempDelta,eo66-dn-v1
primary t dlt,priTempDelta,eo66-dn-v1
primary temp delta,priTempDelta,eo66-dn-v1
primary temp diff,priTempDelta,eo66-dn-v1
primary temp dlt,priTempDelta,eo66-dn-v1
primary temperature delta,priTempDelta,eo66-dn-v1
primary temperature diff,priTempDelta,eo66-dn-v1
primary temperature dlt,priTempDelta,eo66-dn-v1
primary tmp delta,priTempDelta,eo66-dn-v1
primary tmp diff,priTempDelta,eo66-dn-v1
primary tmp dlt,priTempDelta,eo66-dn-v1
pri valv fb,priValveTwoThirdFb,eo66-dn-v1
pri valv fbk,priValveTwoThirdFb,eo66-dn-v1
pri valv fdbk,priValveTwoThirdFb,eo66-dn-v1
pri valv feedback,priValveTwoThirdFb,eo66-dn-v1
pri valv pos,priValveTwoThirdFb,eo66-dn-v1
pri valv position,priValveTwoThirdFb,eo66-dn-v1
pri valve fb,priValveTwoThirdFb,eo66-dn-v1
pri valve fbk,priValveTwoThirdFb,eo66-dn-v1
pri valve feedback,priValveTwoThirdFb,eo66-dn-v1
pri valve position,priValveTwoThirdFb,eo66-dn-v1
pri vlv fb,priValveTwoThirdFb,eo66-dn-v1
pri vlv fbk,priValveTwoThirdFb,eo66-dn-v1
pri vlv feedback,priValveTwoThirdFb,eo66-dn-v1
pri vlv pos,priValveTwoThirdFb,eo66-dn-v1
pri vlv position,priValveTwoThirdFb,eo66-dn-v1
prim valv fbk,priValveTwoThirdFb,eo66-dn-v1
prim valv pos,priValveTwoThirdFb,eo66-dn-v1
prim valve fb,priValveTwoThirdFb,eo66-dn-v1
prim valve fbk,priValveTwoThirdFb,eo66-dn-v1
prim valve feedback,priValveTwoThirdFb,eo66-dn-v1
prim vlv fb,priValveTwoThirdFb,eo66-dn-v1
prim vlv fbk,priValveTwoThirdFb,eo66-dn-v1
prim vlv fdbk,priValveTwoThirdFb,eo66-dn-v1
prim vlv pos,priValveTwoThirdFb,eo66-dn-v1
prim vlv position,priValveTwoThirdFb,eo66-dn-v1
primary valv fb,priValveTwoThirdFb,eo66-dn-v1
primary valv fbk,priValveTwoThirdFb,eo66-dn-v1
primary valv fdbk,priValveTwoThirdFb,eo66-dn-v1
primary valv feedback,priValveTwoThirdFb,eo66-dn-v1
primary valv pos,priValveTwoThirdFb,eo66-dn-v1
primary valv position,priValveTwoThirdFb,eo66-dn-v1
primary valve fbk,priValveTwoThirdFb,eo66-dn-v1
primary valve fdbk,priValveTwoThirdFb,eo66-dn-v1
primary valve feedback,priValveTwoThirdFb,eo66-dn-v1
primary valve pos,priValveTwoThirdFb,eo66-dn-v1
primary vlv fb,priValveTwoThirdFb,eo66-dn-v1
primary vlv fbk,priValveTwoThirdFb,eo66-dn-v1
primary vlv fdbk,priValveTwoThirdFb,eo66-dn-v1
primary vlv feedback,priValveTwoThirdFb,eo66-dn-v1
primary vlv pos,priValveTwoThirdFb,eo66-dn-v1
p eb,pumpEnable,eo66-dn-v1
p en,pumpEnable,eo66-dn-v1
p ena,pumpEnable,eo66-dn-v1
p enab,pumpEnable,eo66-dn-v1
p enable,pumpEnable,eo66-dn-v1
p enb,pumpEnable,eo66-dn-v1
p enbl,pumpEnable,eo66-dn-v1
pmp eb,pumpEnable,eo66-dn-v1
pmp en,pumpEnable,eo66-dn-v1
pmp ena,pumpEnable,eo66-dn-v1
pmp enab,pumpEnable,eo66-dn-v1
pmp enable,pumpEnable,eo66-dn-v1
pmp enb,pumpEnable,eo66-dn-v1
pmp enbl,pumpEnable,eo66-dn-v1
pump eb,pumpEnable,eo66-dn-v1
pump en,pumpEnable,eo66-dn-v1
pump ena,pumpEnable,eo66-dn-v1
pump enab,pumpEnable,eo66-dn-v1
pump enable,pumpEnable,eo66-dn-v1
pump enb,pumpEnable,eo66-dn-v1
pump enbl,pumpEnable,eo66-dn-v1
p p delta,pumpPressureDelta,eo66-dn-v1
p p diff,pumpPressureDelta,eo66-dn-v1
p pr diff,pumpPressureDelta,eo66-dn-v1
p pr dlt,pumpPressureDelta,eo66-dn-v1
p pres delta,pumpPressureDelta,eo66-dn-v1
p pres dlt,pumpPressureDelta,eo66-dn-v1
p presr delta,pumpPressureDelta,eo66-dn-v1
p presr diff,pumpPressureDelta,eo66-dn-v1
p press diff,pumpPressureDelta,eo66-dn-v1
p press dlt,pumpPressureDelta,eo66-dn-v1
p pressure delta,pumpPressureDelta,eo66-dn-v1
p pressure diff,pumpPressureDelta,eo66-dn-v1
p prs diff,pumpPressureDelta,eo66-dn-v1
pmp p delta,pumpPressureDelta,eo66-dn-v1
pmp p diff,pumpPressureDelta,eo66-dn-v1
pmp p dlt,pumpPressureDelta,eo66-dn-v1
pmp pr delta,pumpPressureDelta,eo66-dn-v1
pmp pr diff,pumpPressureDelta,eo66-dn-v1
pmp pres diff,pumpPressureDelta,eo66-dn-v1
pmp pres dlt,pumpPressureDelta,eo66-dn-v1
pmp presr delta,pumpPressureDelta,eo66-dn-v1
pmp presr diff,pumpPressureDelta,eo66-dn-v1
pmp presr dlt,pumpPressureDelta,eo66-dn-v1
pmp press delta,pumpPressureDelta,eo66-dn-v1
pmp press dlt,pumpPressureDelta,eo66-dn-v1
pmp pressure delta,pumpPressureDelta,eo66-dn-v1
pump p diff,pumpPressureDelta,eo66-dn-v1
pump p dlt,pumpPressureDelta,eo66-dn-v1
pump pr delta,pumpPressureDelta,eo66-dn-v1
pump pr diff,pumpPressureDelta,eo66-dn-v1
pump pr dlt,pumpPressureDelta,eo66-dn-v1
pump pres dlt,pumpPressureDelta,eo66-dn-v1
pump presr delta,pumpPressureDelta,eo66-dn-v1
pump presr diff,pumpPressureDelta,eo66-dn-v1
pump presr dlt,pumpPressureDelta,eo66-dn-v1
pump press delta,pumpPressureDelta,eo66-dn-v1
pump press dlt,pumpPressureDelta,eo66-dn-v1
pump pressure delta,pumpPressureDelta,eo66-dn-v1
pump prs delta,pumpPressureDelta,eo66-dn-v1
pump prs dlt,pumpPressureDelta,eo66-dn-v1
p spd,pumpSpeed,eo66-dn-v1
p speed,pumpSpeed,eo66-dn-v1
pmp spd,pumpSpeed,eo66-dn-v1
pmp speed,pumpSpeed,eo66-dn-v1
pump spd,pumpSpeed,eo66-dn-v1
pump speed,pumpSpeed,eo66-dn-v1
re c cl d tmp,reCoolingCoilDischargeTemp,eo66-dn-v1
re c cl da temperature,reCoolingCoilDischargeTemp,eo66-dn-v1
re c cl da tmp,reCoolingCoilDischargeTemp,eo66-dn-v1
re c cl sa temp,reCoolingCoilDischargeTemp,eo66-dn-v1
re c coil d tmp,reCoolingCoilDischargeTemp,eo66-dn-v1
re c coil da t,reCoolingCoilDischargeTemp,eo66-dn-v1
re c coil dch t,reCoolingCoilDischargeTemp,eo66-dn-v1
re c coil dis t,reCoolingCoilDischargeTemp,eo66-dn-v1
re c coil supply t,reCoolingCoilDischargeTemp,eo66-dn-v1
re c coil supply tmp,reCoolingCoilDischargeTemp,eo66-dn-v1
re chw cl dis t,reCoolingCoilDischargeTemp,eo66-dn-v1
re chw coil d tmp,reCoolingCoilDischargeTemp,eo66-dn-v1
re chw coil dch t,reCoolingCoilDischargeTemp,eo66-dn-v1
re chw coil dsch t,reCoolingCoilDischargeTemp,eo66-dn-v1
re chw coil dsch tmp,reCoolingCoilDischargeTemp,eo66-dn-v1
re cl cl dch t,reCoolingCoilDischargeTemp,eo66-dn-v1
re cl cl dsch temp,reCoolingCoilDischargeTemp,eo66-dn-v1
re cl cl supply t,reCoolingCoilDischargeTemp,eo66-dn-v1
re cl coil dch temperature,reCoolingCoilDischargeTemp,eo66-dn-v1
re cl coil dch tmp,reCoolingCoilDischargeTemp,eo66-dn-v1
re clg coil d t,reCoolingCoilDischargeTemp,eo66-dn-v1
re clg coil discharge tmp,reCoolingCoilDischargeTemp,eo66-dn-v1
re clg coil sa temp,reCoolingCoilDischargeTemp,eo66-dn-v1
re cool cl dch temperature,reCoolingCoilDischargeTemp,eo66-dn-v1
re cool cl disch t,reCoolingCoilDischargeTemp,eo66-dn-v1
re cool cl sa temp,reCoolingCoilDischargeTemp,eo66-dn-v1
re cool cl sa temperature,reCoolingCoilDischargeTemp,eo66-dn-v1
re cool coil d temperature,reCoolingCoilDischargeTemp,eo66-dn-v1
re cool coil dch temp,reCoolingCoilDischargeTemp,eo66-dn-v1
re cool coil disch temperature,reCoolingCoilDischargeTemp,eo66-dn-v1
re cool coil supply temp,reCoolingCoilDischargeTemp,eo66-dn-v1
re cooling cl d tmp,reCoolingCoilDischargeTemp,eo66-dn-v1
re cooling cl dis temp,reCoolingCoilDischargeTemp,eo66-dn-v1
re cooling cl dis temperature,reCoolingCoilDischargeTemp,eo66-dn-v1
re cooling cl dsch temp,reCoolingCoilDischargeTemp,eo66-dn-v1
re cooling cl sa temp,reCoolingCoilDischargeTemp,eo66-dn-v1
re cooling cl sa temperature,reCoolingCoilDischargeTemp,eo66-dn-v1
re cooling coil discharge temperature,reCoolingCoilDischargeTemp,eo66-dn-v1
re cooling coil dsch t,reCoolingCoilDischargeTemp,eo66-dn-v1
re cooling coil sa temperature,reCoolingCoilDischargeTemp,eo66-dn-v1
re c cl ent temperature,reCoolingCoilEnteringTemp,eo66-dn-v1
re c cl enter temp,reCoolingCoilEnteringTemp,eo66-dn-v1
re c cl enter tmp,reCoolingCoilEnteringTemp,eo66-dn-v1
re c coil enter temp,reCoolingCoilEnteringTemp,eo66-dn-v1
re c coil entr temp,reCoolingCoilEnteringTemp,eo66-dn-v1
re chw cl ent temp,reCoolingCoilEnteringTemp,eo66-dn-v1
re chw cl entering temperature,reCoolingCoilEnteringTemp,eo66-dn-v1
re chw cl entr temp,reCoolingCoilEnteringTemp,eo66-dn-v1
re chw coil enter tmp,reCoolingCoilEnteringTemp,eo66-dn-v1
re chw coil entering tmp,reCoolingCoilEnteringTemp,eo66-dn-v1
re chw coil entr temperature,reCoolingCoilEnteringTemp,eo66-dn-v1
re chw coil entr tmp,reCoolingCoilEnteringTemp,eo66-dn-v1
re cl cl ent t,reCoolingCoilEnteringTemp,eo66-dn-v1
re cl cl ent tmp,reCoolingCoilEnteringTemp,eo66-dn-v1
re cl cl enter temperature,reCoolingCoilEnteringTemp,eo66-dn-v1
re cl cl enter tmp,reCoolingCoilEnteringTemp,eo66-dn-v1
re cl cl entering tmp,reCoolingCoilEnteringTemp,eo66-dn-v1
re cl coil ent tmp,reCoolingCoilEnteringTemp,eo66-dn-v1
re clg cl entering temp,reCoolingCoilEnteringTemp,eo66-dn-v1
re clg cl entering tmp,reCoolingCoilEnteringTemp,eo66-dn-v1
re clg cl entr t,reCoolingCoilEnteringTemp,eo66-dn-v1
re clg cl entr temp,reCoolingCoilEnteringTemp,eo66-dn-v1
re clg coil ent t,reCoolingCoilEnteringTemp,eo66-dn-v1
re clg coil entering temp,reCoolingCoilEnteringTemp,eo66-dn-v1
re cool cl ent temperature,reCoolingCoilEnteringTemp,eo66-dn-v1
re cool cl enter temperature,reCoolingCoilEnteringTemp,eo66-dn-v1
re cool cl entering tmp,reCoolingCoilEnteringTemp,eo66-dn-v1
re cool coil ent t,reCoolingCoilEnteringTemp,eo66-dn-v1
re cool coil ent temp,reCoolingCoilEnteringTemp,eo66-dn-v1
re cool coil entering tmp,reCoolingCoilEnteringTemp,eo66-dn-v1
re cool coil entr temp,reCoolingCoilEnteringTemp,eo66-dn-v1
re cooling cl ent t,reCoolingCoilEnteringTemp,eo66-dn-v1
re cooling cl ent tmp,reCoolingCoilEnteringTemp,eo66-dn-v1
re cooling cl entering temperature,reCoolingCoilEnteringTemp,eo66-dn-v1
re cooling cl entr t,reCoolingCoilEnteringTemp,eo66-dn-v1
re cooling coil ent t,reCoolingCoilEnteringTemp,eo66-dn-v1
re cooling coil ent temperature,reCoolingCoilEnteringTemp,eo66-dn-v1
re cooling coil enter t,reCoolingCoilEnteringTemp,eo66-dn-v1
re cooling coil entering temperature,reCoolingCoilEnteringTemp,eo66-dn-v1
re cooling coil entr t,reCoolingCoilEnteringTemp,eo66-dn-v1
re c cl p command,reCoolingCoilPump,eo66-dn-v1
re c cl pmp cmd,reCoolingCoilPump,eo66-dn-v1
re c cl pmp cmnd,reCoolingCoilPump,eo66-dn-v1
re c cl pump c,reCoolingCoilPump,eo66-dn-v1
re c coil p command,reCoolingCoilPump,eo66-dn-v1
re c coil pump c,reCoolingCoilPump,eo66-dn-v1
re chw cl p command,reCoolingCoilPump,eo66-dn-v1
re chw cl pmp cmd,reCoolingCoilPump,eo66-dn-v1
re chw cl pump c,reCoolingCoilPump,eo66-dn-v1
re chw cl pump cmd,reCoolingCoilPump,eo66-dn-v1
re chw cl pump cmnd,reCoolingCoilPump,eo66-dn-v1
re chw coil p cmnd,reCoolingCoilPump,eo66-dn-v1
re chw coil pump c,reCoolingCoilPump,eo66-dn-v1
re chw coil pump cmnd,reCoolingCoilPump,eo66-dn-v1
re cl cl p command,reCoolingCoilPump,eo66-dn-v1
re cl cl pmp c,reCoolingCoilPump,eo66-dn-v1
re cl cl pump command,reCoolingCoilPump,eo66-dn-v1
re cl coil p c,reCoolingCoilPump,eo66-dn-v1
re cl coil pump cmd,reCoolingCoilPump,eo66-dn-v1
re clg cl p cmd,reCoolingCoilPump,eo66-dn-v1
re clg cl p cmnd,reCoolingCoilPump,eo66-dn-v1
re clg cl pmp cmnd,reCoolingCoilPump,eo66-dn-v1
re clg coil p cmnd,reCoolingCoilPump,eo66-dn-v1
re clg coil p command,reCoolingCoilPump,eo66-dn-v1
re clg coil pmp c,reCoolingCoilPump,eo66-dn-v1
re clg coil pmp cmnd,reCoolingCoilPump,eo66-dn-v1
re clg coil pmp command,reCoolingCoilPump,eo66-dn-v1
re clg coil pump cmd,reCoolingCoilPump,eo66-dn-v1
re clg coil pump cmnd,reCoolingCoilPump,eo66-dn-v1
re cool cl p command,reCoolingCoilPump,eo66-dn-v1
re cool cl pmp c,reCoolingCoilPump,eo66-dn-v1
re cool coil p cmd,reCoolingCoilPump,eo66-dn-v1
re cool coil p cmnd,reCoolingCoilPump,eo66-dn-v1
re cool coil p command,reCoolingCoilPump,eo66-dn-v1
re cooling cl pmp cmd,reCoolingCoilPump,eo66-dn-v1
re cooling cl pmp cmnd,reCoolingCoilPump,eo66-dn-v1
re cooling cl pump cmd,reCoolingCoilPump,eo66-dn-v1
re cooling coil pmp cmd,reCoolingCoilPump,eo66-dn-v1
re cooling coil pmp cmnd,reCoolingCoilPump,eo66-dn-v1
re cooling coil pump command,reCoolingCoilPump,eo66-dn-v1
re c cl pump spd,reCoolingCoilPumpSpeed,eo66-dn-v1
re c cl pump speed,reCoolingCoilPumpSpeed,eo66-dn-v1
re c coil p spd,reCoolingCoilPumpSpeed,eo66-dn-v1
re c coil pmp spd,reCoolingCoilPumpSpeed,eo66-dn-v1
re c coil pmp speed,reCoolingCoilPumpSpeed,eo66-dn-v1
re c coil pump spd,reCoolingCoilPumpSpeed,eo66-dn-v1
re c coil pump speed,reCoolingCoilPumpSpeed,eo66-dn-v1
re chw cl p speed,reCoolingCoilPumpSpeed,eo66-dn-v1
re chw cl pmp speed,reCoolingCoilPumpSpeed,eo66-dn-v1
re chw cl pump spd,reCoolingCoilPumpSpeed,eo66-dn-v1
re chw cl pump speed,reCoolingCoilPumpSpeed,eo66-dn-v1
re chw coil p speed,reCoolingCoilPumpSpeed,eo66-dn-v1
re chw coil pump speed,reCoolingCoilPumpSpeed,eo66-dn-v1
re cl cl p speed,reCoolingCoilPumpSpeed,eo66-dn-v1
re cl cl pump spd,reCoolingCoilPumpSpeed,eo66-dn-v1
re cl cl pump speed,reCoolingCoilPumpSpeed,eo66-dn-v1
re cl coil p speed,reCoolingCoilPumpSpeed,eo66-dn-v1
re cl coil pmp speed,reCoolingCoilPumpSpeed,eo66-dn-v1
re cl coil pump spd,reCoolingCoilPumpSpeed,eo66-dn-v1
re clg cl p spd,reCoolingCoilPumpSpeed,eo66-dn-v1
re clg cl pmp spd,reCoolingCoilPumpSpeed,eo66-dn-v1
re clg cl pmp speed,reCoolingCoilPumpSpeed,eo66-dn-v1
re clg cl pump spd,reCoolingCoilPumpSpeed,eo66-dn-v1
re clg coil pmp spd,reCoolingCoilPumpSpeed,eo66-dn-v1
re clg coil pump speed,reCoolingCoilPumpSpeed,eo66-dn-v1
re cool cl pmp speed,reCoolingCoilPumpSpeed,eo66-dn-v1
re cool coil p spd,reCoolingCoilPumpSpeed,eo66-dn-v1
re cool coil p speed,reCoolingCoilPumpSpeed,eo66-dn-v1
re cool coil pmp speed,reCoolingCoilPumpSpeed,eo66-dn-v1
re cool coil pump spd,reCoolingCoilPumpSpeed,eo66-dn-v1
re cool coil pump speed,reCoolingCoilPumpSpeed,eo66-dn-v1
re cooling cl p spd,reCoolingCoilPumpSpeed,eo66-dn-v1
re cooling cl pmp spd,reCoolingCoilPumpSpeed,eo66-dn-v1
re cooling cl pmp speed,reCoolingCoilPumpSpeed,eo66-dn-v1
re cooling coil p spd,reCoolingCoilPumpSpeed,eo66-dn-v1
re cooling coil p speed,reCoolingCoilPumpSpeed,eo66-dn-v1
re cooling coil pmp spd,reCoolingCoilPumpSpeed,eo66-dn-v1
re cooling coil pmp speed,reCoolingCoilPumpSpeed,eo66-dn-v1
re cooling coil pump spd,reCoolingCoilPumpSpeed,eo66-dn-v1
re cooling coil pump speed,reCoolingCoilPumpSpeed,eo66-dn-v1
re c cl pmp st,reCoolingCoilPumpStatus,eo66-dn-v1
re c cl pump st,reCoolingCoilPumpStatus,eo66-dn-v1
re c cl pump sts,reCoolingCoilPumpStatus,eo66-dn-v1
re c coil pmp sts,reCoolingCoilPumpStatus,eo66-dn-v1
re c coil pump st,reCoolingCoilPumpStatus,eo66-dn-v1
re c coil pump stat,reCoolingCoilPumpStatus,eo66-dn-v1
re chw cl p sts,reCoolingCoilPumpStatus,eo66-dn-v1
re chw cl pmp sts,reCoolingCoilPumpStatus,eo66-dn-v1
re chw coil pmp s,reCoolingCoilPumpStatus,eo66-dn-v1
re chw coil pump s,reCoolingCoilPumpStatus,eo66-dn-v1
re chw coil pump st,reCoolingCoilPumpStatus,eo66-dn-v1
re chw coil pump status,reCoolingCoilPumpStatus,eo66-dn-v1
re cl cl pmp s,reCoolingCoilPumpStatus,eo66-dn-v1
re cl cl pmp sts,reCoolingCoilPumpStatus,eo66-dn-v1
re cl cl pump s,reCoolingCoilPumpStatus,eo66-dn-v1
re cl coil p s,reCoolingCoilPumpStatus,eo66-dn-v1
re cl coil p status,reCoolingCoilPumpStatus,eo66-dn-v1
re cl coil p sts,reCoolingCoilPumpStatus,eo66-dn-v1
re cl coil pmp stat,reCoolingCoilPumpStatus,eo66-dn-v1
re cl coil pmp sts,reCoolingCoilPumpStatus,eo66-dn-v1
re cl coil pump st,reCoolingCoilPumpStatus,eo66-dn-v1
re cl coil pump sts,reCoolingCoilPumpStatus,eo66-dn-v1
re clg cl p s,reCoolingCoilPumpStatus,eo66-dn-v1
re clg cl pmp status,reCoolingCoilPumpStatus,eo66-dn-v1
re clg cl pmp sts,reCoolingCoilPumpStatus,eo66-dn-v1
re clg cl pump st,reCoolingCoilPumpStatus,eo66-dn-v1
re clg cl pump status,reCoolingCoilPumpStatus,eo66-dn-v1
re clg coil p s,reCoolingCoilPumpStatus,eo66-dn-v1
re clg coil pump status,reCoolingCoilPumpStatus,eo66-dn-v1
re cool cl p stat,reCoolingCoilPumpStatus,eo66-dn-v1
re cool cl pmp sts,reCoolingCoilPumpStatus,eo66-dn-v1
re cool coil p st,reCoolingCoilPumpStatus,eo66-dn-v1
re cool coil pmp s,reCoolingCoilPumpStatus,eo66-dn-v1
re cool coil pmp stat,reCoolingCoilPumpStatus,eo66-dn-v1
re cooling cl pmp stat,reCoolingCoilPumpStatus,eo66-dn-v1
re cooling cl pmp sts,reCoolingCoilPumpStatus,eo66-dn-v1
re cooling cl pump status,reCoolingCoilPumpStatus,eo66-dn-v1
re cooling coil p stat,reCoolingCoilPumpStatus,eo66-dn-v1
re cooling coil pmp status,reCoolingCoilPumpStatus,eo66-dn-v1
re cooling coil pump status,reCoolingCoilPumpStatus,eo66-dn-v1
re h cl dis temperature,reHeatingCoilDischargeTemp,eo66-dn-v1
re h cl supply tmp,reHeatingCoilDischargeTemp,eo66-dn-v1
re h coil da tmp,reHeatingCoilDischargeTemp,eo66-dn-v1
re h coil dsch t,reHeatingCoilDischargeTemp,eo66-dn-v1
re heat cl d temperature,reHeatingCoilDischargeTemp,eo66-dn-v1
re heat cl dis temp,reHeatingCoilDischargeTemp,eo66-dn-v1
re heat coil da temperature,reHeatingCoilDischargeTemp,eo66-dn-v1
re heat coil dis t,reHeatingCoilDischargeTemp,eo66-dn-v1
re heat coil disch temperature,reHeatingCoilDischargeTemp,eo66-dn-v1
re heating cl dch tmp,reHeatingCoilDischargeTemp,eo66-dn-v1
re heating cl dsch t,reHeatingCoilDischargeTemp,eo66-dn-v1
re heating cl sa temperature,reHeatingCoilDischargeTemp,eo66-dn-v1
re heating cl supply temp,reHeatingCoilDischargeTemp,eo66-dn-v1
re heating cl supply temperature,reHeatingCoilDischargeTemp,eo66-dn-v1
re heating coil d temp,reHeatingCoilDischargeTemp,eo66-dn-v1
re heating coil dch t,reHeatingCoilDischargeTemp,eo66-dn-v1
re heating coil dis temperature,reHeatingCoilDischargeTemp,eo66-dn-v1
re heating coil discharge temperature,reHeatingCoilDischargeTemp,eo66-dn-v1
re heating coil dsch temperature,reHeatingCoilDischargeTemp,eo66-dn-v1
re ht cl d temp,reHeatingCoilDischargeTemp,eo66-dn-v1
re ht cl da temp,reHeatingCoilDischargeTemp,eo66-dn-v1
re ht cl disch t,reHeatingCoilDischargeTemp,eo66-dn-v1
re ht cl dsch temperature,reHeatingCoilDischargeTemp,eo66-dn-v1
re ht cl sa tmp,reHeatingCoilDischargeTemp,eo66-dn-v1
re ht cl supply temp,reHeatingCoilDischargeTemp,eo66-dn-v1
re ht coil dch t,reHeatingCoilDischargeTemp,eo66-dn-v1
re ht coil discharge temperature,reHeatingCoilDischargeTemp,eo66-dn-v1
re ht coil sa t,reHeatingCoilDischargeTemp,eo66-dn-v1
re htg coil d t,reHeatingCoilDischargeTemp,eo66-dn-v1
re htg coil d tmp,reHeatingCoilDischargeTemp,eo66-dn-v1
re htg coil da t,reHeatingCoilDischargeTemp,eo66-dn-v1
re htg coil da temp,reHeatingCoilDischargeTemp,eo66-dn-v1
re htg coil dch tmp,reHeatingCoilDischargeTemp,eo66-dn-v1
re htg coil disch t,reHeatingCoilDischargeTemp,eo66-dn-v1
re htg coil discharge temp,reHeatingCoilDischargeTemp,eo66-dn-v1
re htg coil dsch temperature,reHeatingCoilDischargeTemp,eo66-dn-v1
re htg coil sa temp,reHeatingCoilDischargeTemp,eo66-dn-v1
re htg coil supply temp,reHeatingCoilDischargeTemp,eo66-dn-v1
re hw cl sa temp,reHeatingCoilDischargeTemp,eo66-dn-v1
re hw coil d temperature,reHeatingCoilDischargeTemp,eo66-dn-v1
re h cl d tmp setpt,reHeatingCoilDischargeTempSp,eo66-dn-v1
re h cl disch t set,reHeatingCoilDischargeTempSp,eo66-dn-v1
re h cl supply t set,reHeatingCoilDischargeTempSp,eo66-dn-v1
re h coil dis tmp setp,reHeatingCoilDischargeTempSp,eo66-dn-v1
re heat cl dis t set,reHeatingCoilDischargeTempSp,eo66-dn-v1
re heat cl discharge temperature sp,reHeatingCoilDischargeTempSp,eo66-dn-v1
re heat cl dsch temp set,reHeatingCoilDischargeTempSp,eo66-dn-v1
re heat cl sa t spt,reHeatingCoilDischargeTempSp,eo66-dn-v1
re heat coil da temperature stpt,reHeatingCoilDischargeTempSp,eo66-dn-v1
re heat coil disch tmp setp,reHeatingCoilDischargeTempSp,eo66-dn-v1
re heat coil sa t setp,reHeatingCoilDischargeTempSp,eo66-dn-v1
re heating cl da t spt,reHeatingCoilDischargeTempSp,eo66-dn-v1
re heating cl sa temperature setp,reHeatingCoilDischargeTempSp,eo66-dn-v1
re heating coil discharge t s,reHeatingCoilDischargeTempSp,eo66-dn-v1
re heating coil discharge temperature setpoint,reHeatingCoilDischargeTempSp,eo66-dn-v1
re heating coil dsch temp setpt,reHeatingCoilDischargeTempSp,eo66-dn-v1
re heating coil sa temp spt,reHeatingCoilDischargeTempSp,eo66-dn-v1
re heating coil sa tmp s,reHeatingCoilDischargeTempSp,eo66-dn-v1
re ht cl dis temperature set,reHeatingCoilDischargeTempSp,eo66-dn-v1
re ht cl dsch temperature sp,reHeatingCoilDischargeTempSp,eo66-dn-v1
re ht coil da tmp sp,reHeatingCoilDischargeTempSp,eo66-dn-v1
re ht coil dis temp setp,reHeatingCoilDischargeTempSp,eo66-dn-v1
re ht coil disch t set,reHeatingCoilDischargeTempSp,eo66-dn-v1
re ht coil sa temperature spt,reHeatingCoilDischargeTempSp,eo66-dn-v1
re ht coil supply temp setp,reHeatingCoilDischargeTempSp,eo66-dn-v1
re htg cl disch tmp set,reHeatingCoilDischargeTempSp,eo66-dn-v1
re htg coil dch tmp setpoint,reHeatingCoilDischargeTempSp,eo66-dn-v1
re htg coil disch t spt,reHeatingCoilDischargeTempSp,eo66-dn-v1
re htg coil discharge temperature spt,reHeatingCoilDischargeTempSp,eo66-dn-v1
re htg coil dsch temp set,reHeatingCoilDischargeTempSp,eo66-dn-v1
re htg coil sa temp sp,reHeatingCoilDischargeTempSp,eo66-dn-v1
re hw cl dch temp set,reHeatingCoilDischargeTempSp,eo66-dn-v1
re hw cl dsch temperature sp,reHeatingCoilDischargeTempSp,eo66-dn-v1
re hw cl dsch tmp sp,reHeatingCoilDischargeTempSp,eo66-dn-v1
re hw cl dsch tmp stpt,reHeatingCoilDischargeTempSp,eo66-dn-v1
re hw cl sa temp s,reHeatingCoilDischargeTempSp,eo66-dn-v1
re hw coil d t s,reHeatingCoilDischargeTempSp,eo66-dn-v1
re hw coil discharge tmp setp,reHeatingCoilDischargeTempSp,eo66-dn-v1
re hw coil dsch temp sp,reHeatingCoilDischargeTempSp,eo66-dn-v1
re hw coil supply tmp sp,reHeatingCoilDischargeTempSp,eo66-dn-v1
re h eb command,reHeatingEnable,eo66-dn-v1
re h ena cmd,reHeatingEnable,eo66-dn-v1
re h enab cmd,reHeatingEnable,eo66-dn-v1
re h enable c,reHeatingEnable,eo66-dn-v1
re h enable cmd,reHeatingEnable,eo66-dn-v1
re h enb cmnd,reHeatingEnable,eo66-dn-v1
re h enbl cmd,reHeatingEnable,eo66-dn-v1
re heat en c,reHeatingEnable,eo66-dn-v1
re heat ena command,reHeatingEnable,eo66-dn-v1
re heat enab cmnd,reHeatingEnable,eo66-dn-v1
re heat enable c,reHeatingEnable,eo66-dn-v1
re heat enable cmd,reHeatingEnable,eo66-dn-v1
re heat enb c,reHeatingEnable,eo66-dn-v1
re heat enb command,reHeatingEnable,eo66-dn-v1
re heat enbl cmd,reHeatingEnable,eo66-dn-v1
re heating eb cmnd,reHeatingEnable,eo66-dn-v1
re heating eb command,reHeatingEnable,eo66-dn-v1
re heating en c,reHeatingEnable,eo66-dn-v1
re heating ena cmd,reHeatingEnable,eo66-dn-v1
re heating ena command,reHeatingEnable,eo66-dn-v1
re heating enable cmd,reHeatingEnable,eo66-dn-v1
re heating enable command,reHeatingEnable,eo66-dn-v1
re ht eb c,reHeatingEnable,eo66-dn-v1
re ht en c,reHeatingEnable,eo66-dn-v1
re ht en cmd,reHeatingEnable,eo66-dn-v1
re ht ena cmnd,reHeatingEnable,eo66-dn-v1
re ht enb c,reHeatingEnable,eo66-dn-v1
re htg eb cmd,reHeatingEnable,eo66-dn-v1
re htg eb cmnd,reHeatingEnable,eo66-dn-v1
re htg en command,reHeatingEnable,eo66-dn-v1
re htg ena c,reHeatingEnable,eo66-dn-v1
re htg enab command,reHeatingEnable,eo66-dn-v1
re htg enable c,reHeatingEnable,eo66-dn-v1
re htg enable cmd,reHeatingEnable,eo66-dn-v1
re htg enable cmnd,reHeatingEnable,eo66-dn-v1
re htg enb c,reHeatingEnable,eo66-dn-v1
re hw en c,reHeatingEnable,eo66-dn-v1
re hw enab cmd,reHeatingEnable,eo66-dn-v1
re hw enable c,reHeatingEnable,eo66-dn-v1
re hw enb cmnd,reHeatingEnable,eo66-dn-v1
re h stage c,reHeatingStage,eo66-dn-v1
re h stage cmd,reHeatingStage,eo66-dn-v1
re h stage cmnd,reHeatingStage,eo66-dn-v1
re h stage command,reHeatingStage,eo66-dn-v1
re h stg c,reHeatingStage,eo66-dn-v1
re h stg cmd,reHeatingStage,eo66-dn-v1
re h stg cmnd,reHeatingStage,eo66-dn-v1
re h stg command,reHeatingStage,eo66-dn-v1
re heat stage c,reHeatingStage,eo66-dn-v1
re heat stage cmd,reHeatingStage,eo66-dn-v1
re heat stage cmnd,reHeatingStage,eo66-dn-v1
re heat stage command,reHeatingStage,eo66-dn-v1
re heat stg cmd,reHeatingStage,eo66-dn-v1
re heat stg cmnd,reHeatingStage,eo66-dn-v1
re heat stg command,reHeatingStage,eo66-dn-v1
re heating stage c,reHeatingStage,eo66-dn-v1
re heating stage cmd,reHeatingStage,eo66-dn-v1
re heating stage command,reHeatingStage,eo66-dn-v1
re heating stg c,reHeatingStage,eo66-dn-v1
re heating stg cmd,reHeatingStage,eo66-dn-v1
re heating stg cmnd,reHeatingStage,eo66-dn-v1
re heating stg command,reHeatingStage,eo66-dn-v1
re ht stage c,reHeatingStage,eo66-dn-v1
re ht stage cmd,reHeatingStage,eo66-dn-v1
re ht stage cmnd,reHeatingStage,eo66-dn-v1
re ht stage command,reHeatingStage,eo66-dn-v1
re ht stg c,reHeatingStage,eo66-dn-v1
re ht stg cmd,reHeatingStage,eo66-dn-v1
re ht stg cmnd,reHeatingStage,eo66-dn-v1
re ht stg command,reHeatingStage,eo66-dn-v1
re htg stage cmd,reHeatingStage,eo66-dn-v1
re htg stage cmnd,reHeatingStage,eo66-dn-v1
re htg stg c,reHeatingStage,eo66-dn-v1
re htg stg cmd,reHeatingStage,eo66-dn-v1
re htg stg cmnd,reHeatingStage,eo66-dn-v1
re htg stg command,reHeatingStage,eo66-dn-v1
re hw stage cmd,reHeatingStage,eo66-dn-v1
re hw stage command,reHeatingStage,eo66-dn-v1
re hw stg cmd,reHeatingStage,eo66-dn-v1
re hw stg cmnd,reHeatingStage,eo66-dn-v1
re h stage mod,reHeatingStageMod,eo66-dn-v1
re h stage modulation,reHeatingStageMod,eo66-dn-v1
re h stg mod,reHeatingStageMod,eo66-dn-v1
re h stg modulation,reHeatingStageMod,eo66-dn-v1
re heat stage mod,reHeatingStageMod,eo66-dn-v1
re heat stage modulation,reHeatingStageMod,eo66-dn-v1
re heat stg mod,reHeatingStageMod,eo66-dn-v1
re heat stg modulation,reHeatingStageMod,eo66-dn-v1
re heating stage mod,reHeatingStageMod,eo66-dn-v1
re heating stage modulation,reHeatingStageMod,eo66-dn-v1
re heating stg mod,reHeatingStageMod,eo66-dn-v1
re heating stg modulation,reHeatingStageMod,eo66-dn-v1
re ht stage mod,reHeatingStageMod,eo66-dn-v1
re ht stage modulation,reHeatingStageMod,eo66-dn-v1
re ht stg mod,reHeatingStageMod,eo66-dn-v1
re ht stg modulation,reHeatingStageMod,eo66-dn-v1
re htg stage mod,reHeatingStageMod,eo66-dn-v1
re htg stage modulation,reHeatingStageMod,eo66-dn-v1
re htg stg mod,reHeatingStageMod,eo66-dn-v1
re htg stg modulation,reHeatingStageMod,eo66-dn-v1
re hw stage mod,reHeatingStageMod,eo66-dn-v1
re hw stage modulation,reHeatingStageMod,eo66-dn-v1
re hw stg mod,reHeatingStageMod,eo66-dn-v1
re hw stg modulation,reHeatingStageMod,eo66-dn-v1
rcl cl byp dampr fdbk,recBypassDamperFb,eo66-dn-v1
rcl cl bypass damper pos,recBypassDamperFb,eo66-dn-v1
rcl cl bypass dmp position,recBypassDamperFb,eo66-dn-v1
rcl coil bp dampr feedback,recBypassDamperFb,eo66-dn-v1
rcl coil byp d position,recBypassDamperFb,eo66-dn-v1
rcl coil bypass dampr fdbk,recBypassDamperFb,eo66-dn-v1
rcl coil bypass dm fdbk,recBypassDamperFb,eo66-dn-v1
rec cl bp d fb,recBypassDamperFb,eo66-dn-v1
rec cl bp dampr pos,recBypassDamperFb,eo66-dn-v1
rec cl bp dmper fb,recBypassDamperFb,eo66-dn-v1
rec cl byp d pos,recBypassDamperFb,eo66-dn-v1
rec cl bypass d fbk,recBypassDamperFb,eo66-dn-v1
rec cl bypass dm fdbk,recBypassDamperFb,eo66-dn-v1
rec cl bypass dpr position,recBypassDamperFb,eo66-dn-v1
rec coil bp dampr fbk,recBypassDamperFb,eo66-dn-v1
rec coil bp dmper pos,recBypassDamperFb,eo66-dn-v1
rec coil byp d position,recBypassDamperFb,eo66-dn-v1
rec coil byp damper feedback,recBypassDamperFb,eo66-dn-v1
rec coil byp dpr fbk,recBypassDamperFb,eo66-dn-v1
rec coil bypass dmper feedback,recBypassDamperFb,eo66-dn-v1
reclaim cl bp dm fbk,recBypassDamperFb,eo66-dn-v1
reclaim cl bp dmp pos,recBypassDamperFb,eo66-dn-v1
reclaim cl bp dmper position,recBypassDamperFb,eo66-dn-v1
reclaim cl byp d position,recBypassDamperFb,eo66-dn-v1
reclaim cl byp dmp pos,recBypassDamperFb,eo66-dn-v1
reclaim cl bypass d fb,recBypassDamperFb,eo66-dn-v1
reclaim cl bypass damper pos,recBypassDamperFb,eo66-dn-v1
reclaim cl bypass dampr fb,recBypassDamperFb,eo66-dn-v1
reclaim cl bypass dm fdbk,recBypassDamperFb,eo66-dn-v1
reclaim cl bypass dmper feedback,recBypassDamperFb,eo66-dn-v1
reclaim cl bypass dmpr pos,recBypassDamperFb,eo66-dn-v1
reclaim coil bp dampr fdbk,recBypassDamperFb,eo66-dn-v1
reclaim coil byp d fdbk,recBypassDamperFb,eo66-dn-v1
reclaim coil byp damper feedback,recBypassDamperFb,eo66-dn-v1
reclaim coil byp dampr fdbk,recBypassDamperFb,eo66-dn-v1
reclaim coil byp dmper fbk,recBypassDamperFb,eo66-dn-v1
reclaim coil byp dmpr pos,recBypassDamperFb,eo66-dn-v1
reclaim coil bypass damper feedback,recBypassDamperFb,eo66-dn-v1
reclaim coil bypass dampr position,recBypassDamperFb,eo66-dn-v1
reclaim coil bypass dpr fdbk,recBypassDamperFb,eo66-dn-v1
rcl ea cl exhaust hm,recEaCoilExhaustHumidity,eo66-dn-v1
rcl ea cl exht hi,recEaCoilExhaustHumidity,eo66-dn-v1
rcl ea coil ex rh,recEaCoilExhaustHumidity,eo66-dn-v1
rcl ex coil exh humidity,recEaCoilExhaustHumidity,eo66-dn-v1
rcl exh cl ea hum,recEaCoilExhaustHumidity,eo66-dn-v1
rcl exhaust cl exht h,recEaCoilExhaustHumidity,eo66-dn-v1
rcl exhaust coil ex hum,recEaCoilExhaustHumidity,eo66-dn-v1
rcl exht coil ex rh,recEaCoilExhaustHumidity,eo66-dn-v1
rcl exht coil exhaust h,recEaCoilExhaustHumidity,eo66-dn-v1
rec ea coil exht hm,recEaCoilExhaustHumidity,eo66-dn-v1
rec ea coil exht rh,recEaCoilExhaustHumidity,eo66-dn-v1
rec ex cl exhaust h,recEaCoilExhaustHumidity,eo66-dn-v1
rec exh coil exh h,recEaCoilExhaustHumidity,eo66-dn-v1
rec exhaust cl ea humidity,recEaCoilExhaustHumidity,eo66-dn-v1
rec exhaust coil ea humidity,recEaCoilExhaustHumidity,eo66-dn-v1
rec exhaust coil exhaust rh,recEaCoilExhaustHumidity,eo66-dn-v1
rec exhaust coil exhst hm,recEaCoilExhaustHumidity,eo66-dn-v1
rec exhaust coil exhst humid,recEaCoilExhaustHumidity,eo66-dn-v1
rec exhaust coil exht hi,recEaCoilExhaustHumidity,eo66-dn-v1
rec exhst cl ex humd,recEaCoilExhaustHumidity,eo66-dn-v1
rec exhst cl exhaust humid,recEaCoilExhaustHumidity,eo66-dn-v1
rec exhst cl exhst humidity,recEaCoilExhaustHumidity,eo66-dn-v1
rec exhst coil exht humd,recEaCoilExhaustHumidity,eo66-dn-v1
rec exht cl ea rh,recEaCoilExhaustHumidity,eo66-dn-v1
rec exht coil exht rh,recEaCoilExhaustHumidity,eo66-dn-v1
reclaim ea cl exhaust humidity,recEaCoilExhaustHumidity,eo66-dn-v1
reclaim ea coil ex humd,recEaCoilExhaustHumidity,eo66-dn-v1
reclaim ex cl ea h,recEaCoilExhaustHumidity,eo66-dn-v1
reclaim ex cl ex rh,recEaCoilExhaustHumidity,eo66-dn-v1
reclaim ex coil exht humidity,recEaCoilExhaustHumidity,eo66-dn-v1
reclaim exh coil ea humd,recEaCoilExhaustHumidity,eo66-dn-v1
reclaim exh coil exhst hi,recEaCoilExhaustHumidity,eo66-dn-v1
reclaim exhaust cl exhst h,recEaCoilExhaustHumidity,eo66-dn-v1
reclaim exhaust coil exhaust humidity,recEaCoilExhaustHumidity,eo66-dn-v1
reclaim exhaust coil exht hm,recEaCoilExhaustHumidity,eo66-dn-v1
reclaim exhst cl exh humid,recEaCoilExhaustHumidity,eo66-dn-v1
reclaim exhst coil ea rh,recEaCoilExhaustHumidity,eo66-dn-v1
reclaim exhst coil exhst humidity,recEaCoilExhaustHumidity,eo66-dn-v1
reclaim exht cl ea hum,recEaCoilExhaustHumidity,eo66-dn-v1
reclaim exht coil ea humd,recEaCoilExhaustHumidity,eo66-dn-v1
rcl ea cl lvg temperature,recEaCoilLeavingTemp,eo66-dn-v1
rcl ea coil lvg temp,recEaCoilLeavingTemp,eo66-dn-v1
rcl ex cl leaving t,recEaCoilLeavingTemp,eo66-dn-v1
rcl ex coil leaving tmp,recEaCoilLeavingTemp,eo66-dn-v1
rcl exh cl leav temp,recEaCoilLeavingTemp,eo66-dn-v1
rcl exhaust cl leav t,recEaCoilLeavingTemp,eo66-dn-v1
rcl exhaust cl lv temp,recEaCoilLeavingTemp,eo66-dn-v1
rcl exhaust cl lvg t,recEaCoilLeavingTemp,eo66-dn-v1
rcl exhaust coil leav t,recEaCoilLeavingTemp,eo66-dn-v1
rcl exhst cl lv t,recEaCoilLeavingTemp,eo66-dn-v1
rcl exhst cl lvg t,recEaCoilLeavingTemp,eo66-dn-v1
rcl exht cl leav temperature,recEaCoilLeavingTemp,eo66-dn-v1
rcl exht cl leaving temp,recEaCoilLeavingTemp,eo66-dn-v1
rcl exht cl leaving tmp,recEaCoilLeavingTemp,eo66-dn-v1
rec ea cl sup tmp,recEaCoilLeavingTemp,eo66-dn-v1
rec ex cl leav temperature,recEaCoilLeavingTemp,eo66-dn-v1
rec ex coil lv t,recEaCoilLeavingTemp,eo66-dn-v1
rec exh cl leav temperature,recEaCoilLeavingTemp,eo66-dn-v1
rec exh coil leav t,recEaCoilLeavingTemp,eo66-dn-v1
rec exh coil lv temp,recEaCoilLeavingTemp,eo66-dn-v1
rec exh coil sup temperature,recEaCoilLeavingTemp,eo66-dn-v1
rec exhaust cl leav tmp,recEaCoilLeavingTemp,eo66-dn-v1
rec exhaust cl lv t,recEaCoilLeavingTemp,eo66-dn-v1
rec exhaust coil leav temperature,recEaCoilLeavingTemp,eo66-dn-v1
rec exhaust coil leaving t,recEaCoilLeavingTemp,eo66-dn-v1
rec exhaust coil lv temp,recEaCoilLeavingTemp,eo66-dn-v1
rec exht coil lv temp,recEaCoilLeavingTemp,eo66-dn-v1
reclaim ea cl sup temp,recEaCoilLeavingTemp,eo66-dn-v1
reclaim ea coil sup temperature,recEaCoilLeavingTemp,eo66-dn-v1
reclaim ex coil lvg temperature,recEaCoilLeavingTemp,eo66-dn-v1
reclaim exh cl lv temperature,recEaCoilLeavingTemp,eo66-dn-v1
reclaim exh coil leaving temp,recEaCoilLeavingTemp,eo66-dn-v1
reclaim exhaust cl leaving tmp,recEaCoilLeavingTemp,eo66-dn-v1
reclaim exhaust coil leaving temp,recEaCoilLeavingTemp,eo66-dn-v1
reclaim exhaust coil leaving temperature,recEaCoilLeavingTemp,eo66-dn-v1
reclaim exhaust coil lv tmp,recEaCoilLeavingTemp,eo66-dn-v1
reclaim exhaust coil lvg tmp,recEaCoilLeavingTemp,eo66-dn-v1
reclaim exhst coil leaving temperature,recEaCoilLeavingTemp,eo66-dn-v1
reclaim exht cl lv tmp,recEaCoilLeavingTemp,eo66-dn-v1
reclaim exht coil sup temperature,recEaCoilLeavingTemp,eo66-dn-v1
rcl ea cl r temperature,recEaCoilReturnTemp,eo66-dn-v1
rcl ea cl return tmp,recEaCoilReturnTemp,eo66-dn-v1
rcl ea cl rr temp,recEaCoilReturnTemp,eo66-dn-v1
rcl ex coil return t,recEaCoilReturnTemp,eo66-dn-v1
rcl ex coil rtn tmp,recEaCoilReturnTemp,eo66-dn-v1
rcl exh coil ra temperature,recEaCoilReturnTemp,eo66-dn-v1
rcl exh coil ra tmp,recEaCoilReturnTemp,eo66-dn-v1
rcl exhaust cl r temperature,recEaCoilReturnTemp,eo66-dn-v1
rcl exhaust cl return temp,recEaCoilReturnTemp,eo66-dn-v1
rcl exhaust coil ret tmp,recEaCoilReturnTemp,eo66-dn-v1
rcl exhst cl rr tmp,recEaCoilReturnTemp,eo66-dn-v1
rcl exhst coil rtrn tmp,recEaCoilReturnTemp,eo66-dn-v1
rcl exht coil r t,recEaCoilReturnTemp,eo66-dn-v1
rec ea coil rt t,recEaCoilReturnTemp,eo66-dn-v1
rec ea coil rtrn tmp,recEaCoilReturnTemp,eo66-dn-v1
rec ex cl r temp,recEaCoilReturnTemp,eo66-dn-v1
rec exh coil ret temp,recEaCoilReturnTemp,eo66-dn-v1
rec exh coil return t,recEaCoilReturnTemp,eo66-dn-v1
rec exh coil rr tmp,recEaCoilReturnTemp,eo66-dn-v1
rec exhaust cl ra tmp,recEaCoilReturnTemp,eo66-dn-v1
rec exhaust cl rr t,recEaCoilReturnTemp,eo66-dn-v1
rec exhaust cl rt t,recEaCoilReturnTemp,eo66-dn-v1
rec exhst coil r tmp,recEaCoilReturnTemp,eo66-dn-v1
rec exhst coil return tmp,recEaCoilReturnTemp,eo66-dn-v1
rec exht cl ra t,recEaCoilReturnTemp,eo66-dn-v1
rec exht cl ret temp,recEaCoilReturnTemp,eo66-dn-v1
rec exht cl rt t,recEaCoilReturnTemp,eo66-dn-v1
rec exht coil ret temperature,recEaCoilReturnTemp,eo66-dn-v1
rec exht coil rtn tmp,recEaCoilReturnTemp,eo66-dn-v1
rec exht coil rtrn tmp,recEaCoilReturnTemp,eo66-dn-v1
reclaim ea cl ra temp,recEaCoilReturnTemp,eo66-dn-v1
reclaim ea cl rt t,recEaCoilReturnTemp,eo66-dn-v1
reclaim ea coil ret t,recEaCoilReturnTemp,eo66-dn-v1
reclaim ea coil rr t,recEaCoilReturnTemp,eo66-dn-v1
reclaim ex cl ret t,recEaCoilReturnTemp,eo66-dn-v1
reclaim ex coil return t,recEaCoilReturnTemp,eo66-dn-v1
reclaim ex coil rtrn temp,recEaCoilReturnTemp,eo66-dn-v1
reclaim exhaust coil return temp,recEaCoilReturnTemp,eo66-dn-v1
reclaim exhaust coil return temperature,recEaCoilReturnTemp,eo66-dn-v1
reclaim exhst coil rtn temp,recEaCoilReturnTemp,eo66-dn-v1
rcl o cl leav temperature,recOaCoilLeavingTemp,eo66-dn-v1
rcl o cl leav tmp,recOaCoilLeavingTemp,eo66-dn-v1
rcl o cl leaving temperature,recOaCoilLeavingTemp,eo66-dn-v1
rcl o coil leaving t,recOaCoilLeavingTemp,eo66-dn-v1
rcl o coil leaving temp,recOaCoilLeavingTemp,eo66-dn-v1
rcl oa cl leaving temperature,recOaCoilLeavingTemp,eo66-dn-v1
rcl od cl leav temp,recOaCoilLeavingTemp,eo66-dn-v1
rcl od cl leav tmp,recOaCoilLeavingTemp,eo66-dn-v1
rcl od cl lv tmp,recOaCoilLeavingTemp,eo66-dn-v1
rcl od coil sup temp,recOaCoilLeavingTemp,eo66-dn-v1
rcl out cl leav t,recOaCoilLeavingTemp,eo66-dn-v1
rcl out cl leaving tmp,recOaCoilLeavingTemp,eo66-dn-v1
rcl out coil leav temp,recOaCoilLeavingTemp,eo66-dn-v1
rcl out coil leaving temp,recOaCoilLeavingTemp,eo66-dn-v1
rcl outside cl lv temp,recOaCoilLeavingTemp,eo66-dn-v1
rcl outside coil leaving temp,recOaCoilLeavingTemp,eo66-dn-v1
rcl outside coil sup temperature,recOaCoilLeavingTemp,eo66-dn-v1
rec o cl leav temp,recOaCoilLeavingTemp,eo66-dn-v1
rec o cl lv temp,recOaCoilLeavingTemp,eo66-dn-v1
rec o cl lv tmp,recOaCoilLeavingTemp,eo66-dn-v1
rec o cl sup t,recOaCoilLeavingTemp,eo66-dn-v1
rec oa cl lv temp,recOaCoilLeavingTemp,eo66-dn-v1
rec oa cl lvg temperature,recOaCoilLeavingTemp,eo66-dn-v1
rec oa coil lv tmp,recOaCoilLeavingTemp,eo66-dn-v1
rec od cl lv t,recOaCoilLeavingTemp,eo66-dn-v1
rec od cl lvg temp,recOaCoilLeavingTemp,eo66-dn-v1
rec out cl leav temperature,recOaCoilLeavingTemp,eo66-dn-v1
rec out coil lvg tmp,recOaCoilLeavingTemp,eo66-dn-v1
rec outside cl lv t,recOaCoilLeavingTemp,eo66-dn-v1
rec outside coil leaving temperature,recOaCoilLeavingTemp,eo66-dn-v1
reclaim oa coil leaving temp,recOaCoilLeavingTemp,eo66-dn-v1
reclaim oa coil lvg t,recOaCoilLeavingTemp,eo66-dn-v1
reclaim oa coil lvg tmp,recOaCoilLeavingTemp,eo66-dn-v1
reclaim od coil leaving t,recOaCoilLeavingTemp,eo66-dn-v1
reclaim od coil lvg temp,recOaCoilLeavingTemp,eo66-dn-v1
reclaim out cl leav t,recOaCoilLeavingTemp,eo66-dn-v1
reclaim out cl leav temp,recOaCoilLeavingTemp,eo66-dn-v1
reclaim out cl leav tmp,recOaCoilLeavingTemp,eo66-dn-v1
reclaim outside cl leaving temperature,recOaCoilLeavingTemp,eo66-dn-v1
reclaim outside coil leaving temperature,recOaCoilLeavingTemp,eo66-dn-v1
rcl p spd,recPumpSpeed,eo66-dn-v1
rcl p speed,recPumpSpeed,eo66-dn-v1
rcl pmp spd,recPumpSpeed,eo66-dn-v1
rcl pmp speed,recPumpSpeed,eo66-dn-v1
rcl pump spd,recPumpSpeed,eo66-dn-v1
rcl pump speed,recPumpSpeed,eo66-dn-v1
rec p spd,recPumpSpeed,eo66-dn-v1
rec p speed,recPumpSpeed,eo66-dn-v1
rec pmp spd,recPumpSpeed,eo66-dn-v1
rec pmp speed,recPumpSpeed,eo66-dn-v1
rec pump spd,recPumpSpeed,eo66-dn-v1
rec pump speed,recPumpSpeed,eo66-dn-v1
reclaim p spd,recPumpSpeed,eo66-dn-v1
reclaim p speed,recPumpSpeed,eo66-dn-v1
reclaim pmp spd,recPumpSpeed,eo66-dn-v1
reclaim pmp speed,recPumpSpeed,eo66-dn-v1
reclaim pump spd,recPumpSpeed,eo66-dn-v1
reclaim pump speed,recPumpSpeed,eo66-dn-v1
r co,returnCO,eo66-dn-v1
ra co,returnCO,eo66-dn-v1
ret co,returnCO,eo66-dn-v1
return co,returnCO,eo66-dn-v1
rr co,returnCO,eo66-dn-v1
rt co,returnCO,eo66-dn-v1
rtn co,returnCO,eo66-dn-v1
rtrn co,returnCO,eo66-dn-v1
r co2 h rst sp,returnCO2HiSp,eo66-dn-v1
r co2 h rst stpt,returnCO2HiSp,eo66-dn-v1
r co2 hi reset setpoint,returnCO2HiSp,eo66-dn-v1
r co2 hi reset stpt,returnCO2HiSp,eo66-dn-v1
r co2 hi rst s,returnCO2HiSp,eo66-dn-v1
r co2 high reset setpt,returnCO2HiSp,eo66-dn-v1
r co2 high reset stpt,returnCO2HiSp,eo66-dn-v1
ra co2 h reset spt,returnCO2HiSp,eo66-dn-v1
ra co2 h rst setpoint,returnCO2HiSp,eo66-dn-v1
ra co2 hi reset set,returnCO2HiSp,eo66-dn-v1
ra co2 hi reset spt,returnCO2HiSp,eo66-dn-v1
ra co2 hi rst stpt,returnCO2HiSp,eo66-dn-v1
ra co2 high reset sp,returnCO2HiSp,eo66-dn-v1
ret co2 hi rst stpt,returnCO2HiSp,eo66-dn-v1
ret co2 high rst set,returnCO2HiSp,eo66-dn-v1
return co2 h reset setpt,returnCO2HiSp,eo66-dn-v1
return co2 hi reset sp,returnCO2HiSp,eo66-dn-v1
return co2 hi reset spt,returnCO2HiSp,eo66-dn-v1
return co2 high reset setp,returnCO2HiSp,eo66-dn-v1
return co2 high reset setpoint,returnCO2HiSp,eo66-dn-v1
return co2 high reset setpt,returnCO2HiSp,eo66-dn-v1
return co2 high rst s,returnCO2HiSp,eo66-dn-v1
rr co2 h reset set,returnCO2HiSp,eo66-dn-v1
rr co2 h rst setpt,returnCO2HiSp,eo66-dn-v1
rr co2 high reset setp,returnCO2HiSp,eo66-dn-v1
rr co2 high rst spt,returnCO2HiSp,eo66-dn-v1
rt co2 h reset spt,returnCO2HiSp,eo66-dn-v1
rt co2 h reset stpt,returnCO2HiSp,eo66-dn-v1
rt co2 h rst setpt,returnCO2HiSp,eo66-dn-v1
rt co2 hi reset set,returnCO2HiSp,eo66-dn-v1
rt co2 hi rst set,returnCO2HiSp,eo66-dn-v1
rtn co2 h reset s,returnCO2HiSp,eo66-dn-v1
rtn co2 hi reset set,returnCO2HiSp,eo66-dn-v1
rtn co2 hi reset setp,returnCO2HiSp,eo66-dn-v1
rtn co2 hi rst s,returnCO2HiSp,eo66-dn-v1
rtrn co2 h rst s,returnCO2HiSp,eo66-dn-v1
rtrn co2 hi reset setp,returnCO2HiSp,eo66-dn-v1
rtrn co2 hi reset setpt,returnCO2HiSp,eo66-dn-v1
rtrn co2 hi rst sp,returnCO2HiSp,eo66-dn-v1
rtrn co2 high rst setpoint,returnCO2HiSp,eo66-dn-v1
r co2 lo rst s,returnCO2LoSp,eo66-dn-v1
r co2 low reset set,returnCO2LoSp,eo66-dn-v1
ra co2 l rst set,returnCO2LoSp,eo66-dn-v1
ra co2 l rst setp,returnCO2LoSp,eo66-dn-v1
ra co2 l rst setpoint,returnCO2LoSp,eo66-dn-v1
ra co2 l rst spt,returnCO2LoSp,eo66-dn-v1
ra co2 lo reset setpt,returnCO2LoSp,eo66-dn-v1
ra co2 lo reset sp,returnCO2LoSp,eo66-dn-v1
ra co2 lo rst setpt,returnCO2LoSp,eo66-dn-v1
ra co2 lo rst spt,returnCO2LoSp,eo66-dn-v1
ra co2 low rst sp,returnCO2LoSp,eo66-dn-v1
ret co2 lo reset setp,returnCO2LoSp,eo66-dn-v1
ret co2 lo rst s,returnCO2LoSp,eo66-dn-v1
ret co2 low reset setpt,returnCO2LoSp,eo66-dn-v1
ret co2 low reset sp,returnCO2LoSp,eo66-dn-v1
ret co2 low reset stpt,returnCO2LoSp,eo66-dn-v1
ret co2 low rst set,returnCO2LoSp,eo66-dn-v1
ret co2 low rst setpoint,returnCO2LoSp,eo66-dn-v1
return co2 l reset spt,returnCO2LoSp,eo66-dn-v1
return co2 l reset stpt,returnCO2LoSp,eo66-dn-v1
return co2 lo reset setpoint,returnCO2LoSp,eo66-dn-v1
return co2 lo reset sp,returnCO2LoSp,eo66-dn-v1
return co2 low reset setpoint,returnCO2LoSp,eo66-dn-v1
rr co2 l rst stpt,returnCO2LoSp,eo66-dn-v1
rr co2 lo rst setp,returnCO2LoSp,eo66-dn-v1
rr co2 low reset setpoint,returnCO2LoSp,eo66-dn-v1
rr co2 low reset setpt,returnCO2LoSp,eo66-dn-v1
rr co2 low reset stpt,returnCO2LoSp,eo66-dn-v1
rr co2 low rst setpt,returnCO2LoSp,eo66-dn-v1
rt co2 l reset setp,returnCO2LoSp,eo66-dn-v1
rt co2 lo reset set,returnCO2LoSp,eo66-dn-v1
rt co2 low reset setpt,returnCO2LoSp,eo66-dn-v1
rt co2 low rst setpt,returnCO2LoSp,eo66-dn-v1
rtn co2 l reset setp,returnCO2LoSp,eo66-dn-v1
rtn co2 lo rst sp,returnCO2LoSp,eo66-dn-v1
rtn co2 low reset set,returnCO2LoSp,eo66-dn-v1
rtrn co2 l reset stpt,returnCO2LoSp,eo66-dn-v1
rtrn co2 low reset set,returnCO2LoSp,eo66-dn-v1
rtrn co2 low reset stpt,returnCO2LoSp,eo66-dn-v1
rtrn co2 low rst spt,returnCO2LoSp,eo66-dn-v1
r co2 max reset setp,returnCO2MaxSp,eo66-dn-v1
r co2 max reset setpt,returnCO2MaxSp,eo66-dn-v1
r co2 max reset spt,returnCO2MaxSp,eo66-dn-v1
r co2 max rst setpoint,returnCO2MaxSp,eo66-dn-v1
r co2 mx reset setp,returnCO2MaxSp,eo66-dn-v1
r co2 mx rst sp,returnCO2MaxSp,eo66-dn-v1
ra co2 max reset set,returnCO2MaxSp,eo66-dn-v1
ra co2 max reset setpoint,returnCO2MaxSp,eo66-dn-v1
ra co2 max rst s,returnCO2MaxSp,eo66-dn-v1
ra co2 max rst set,returnCO2MaxSp,eo66-dn-v1
ret co2 max reset s,returnCO2MaxSp,eo66-dn-v1
ret co2 mx reset s,returnCO2MaxSp,eo66-dn-v1
ret co2 mx reset setpoint,returnCO2MaxSp,eo66-dn-v1
ret co2 mx reset sp,returnCO2MaxSp,eo66-dn-v1
ret co2 mx rst setpt,returnCO2MaxSp,eo66-dn-v1
ret co2 mx rst spt,returnCO2MaxSp,eo66-dn-v1
return co2 max reset setpoint,returnCO2MaxSp,eo66-dn-v1
return co2 max reset sp,returnCO2MaxSp,eo66-dn-v1
return co2 max rst s,returnCO2MaxSp,eo66-dn-v1
return co2 mx reset s,returnCO2MaxSp,eo66-dn-v1
rr co2 max reset s,returnCO2MaxSp,eo66-dn-v1
rr co2 max reset setp,returnCO2MaxSp,eo66-dn-v1
rr co2 max reset spt,returnCO2MaxSp,eo66-dn-v1
rr co2 mx rst s,returnCO2MaxSp,eo66-dn-v1
rt co2 max reset setp,returnCO2MaxSp,eo66-dn-v1
rt co2 max reset setpoint,returnCO2MaxSp,eo66-dn-v1
rt co2 max rst set,returnCO2MaxSp,eo66-dn-v1
rt co2 max rst setpt,returnCO2MaxSp,eo66-dn-v1
rt co2 max rst spt,returnCO2MaxSp,eo66-dn-v1
rt co2 mx reset set,returnCO2MaxSp,eo66-dn-v1
rt co2 mx rst setp,returnCO2MaxSp,eo66-dn-v1
rtn co2 max reset setp,returnCO2MaxSp,eo66-dn-v1
rtn co2 max reset setpt,returnCO2MaxSp,eo66-dn-v1
rtn co2 max reset spt,returnCO2MaxSp,eo66-dn-v1
rtn co2 mx reset sp,returnCO2MaxSp,eo66-dn-v1
rtn co2 mx rst s,returnCO2MaxSp,eo66-dn-v1
rtn co2 mx rst setp,returnCO2MaxSp,eo66-dn-v1
rtn co2 mx rst setpt,returnCO2MaxSp,eo66-dn-v1
rtrn co2 max rst set,returnCO2MaxSp,eo66-dn-v1
rtrn co2 mx reset spt,returnCO2MaxSp,eo66-dn-v1
r d minimum set,returnDamperMinSp,eo66-dn-v1
r damper minimum setpoint,returnDamperMinSp,eo66-dn-v1
r dampr minimum setp,returnDamperMinSp,eo66-dn-v1
r dm minimum setpt,returnDamperMinSp,eo66-dn-v1
r dmp minimum spt,returnDamperMinSp,eo66-dn-v1
r dmper minimum sp,returnDamperMinSp,eo66-dn-v1
r dpr minimum setpoint,returnDamperMinSp,eo66-dn-v1
ra damper min setp,returnDamperMinSp,eo66-dn-v1
ra damper min setpoint,returnDamperMinSp,eo66-dn-v1
ra dampr min setpoint,returnDamperMinSp,eo66-dn-v1
ra dm minimum setpoint,returnDamperMinSp,eo66-dn-v1
ra dpr min s,returnDamperMinSp,eo66-dn-v1
ret d min sp,returnDamperMinSp,eo66-dn-v1
ret damper min setpt,returnDamperMinSp,eo66-dn-v1
ret dmp minimum setpt,returnDamperMinSp,eo66-dn-v1
ret dmp minimum stpt,returnDamperMinSp,eo66-dn-v1
ret dmper min stpt,returnDamperMinSp,eo66-dn-v1
ret dmper minimum set,returnDamperMinSp,eo66-dn-v1
ret dmper minimum setp,returnDamperMinSp,eo66-dn-v1
return damper minimum setpoint,returnDamperMinSp,eo66-dn-v1
return damper minimum sp,returnDamperMinSp,eo66-dn-v1
return dm min spt,returnDamperMinSp,eo66-dn-v1
return dmp min stpt,returnDamperMinSp,eo66-dn-v1
rr dm min set,returnDamperMinSp,eo66-dn-v1
rr dm min stpt,returnDamperMinSp,eo66-dn-v1
rr dmp min set,returnDamperMinSp,eo66-dn-v1
rr dmpr min s,returnDamperMinSp,eo66-dn-v1
rr dmpr minimum set,returnDamperMinSp,eo66-dn-v1
rt damper min setp,returnDamperMinSp,eo66-dn-v1
rt dm min set,returnDamperMinSp,eo66-dn-v1
rtn dampr min set,returnDamperMinSp,eo66-dn-v1
rtn dampr min setp,returnDamperMinSp,eo66-dn-v1
rtn dampr minimum s,returnDamperMinSp,eo66-dn-v1
rtn dm min setpt,returnDamperMinSp,eo66-dn-v1
rtn dmper min spt,returnDamperMinSp,eo66-dn-v1
rtrn d minimum setp,returnDamperMinSp,eo66-dn-v1
rtrn d minimum setpt,returnDamperMinSp,eo66-dn-v1
rtrn dmp min stpt,returnDamperMinSp,eo66-dn-v1
rtrn dpr minimum setpoint,returnDamperMinSp,eo66-dn-v1
rtrn dpr minimum stpt,returnDamperMinSp,eo66-dn-v1
r d or,returnDamperOvr,eo66-dn-v1
r damper override,returnDamperOvr,eo66-dn-v1
r dm override,returnDamperOvr,eo66-dn-v1
r dm ovrd,returnDamperOvr,eo66-dn-v1
r dmp ovr,returnDamperOvr,eo66-dn-v1
r dmper ovrd,returnDamperOvr,eo66-dn-v1
r dmpr ovrd,returnDamperOvr,eo66-dn-v1
r dpr or,returnDamperOvr,eo66-dn-v1
ra dm or,returnDamperOvr,eo66-dn-v1
ra dm override,returnDamperOvr,eo66-dn-v1
ra dmper override,returnDamperOvr,eo66-dn-v1
ra dpr ovr,returnDamperOvr,eo66-dn-v1
ret damper override,returnDamperOvr,eo66-dn-v1
ret dampr ovrd,returnDamperOvr,eo66-dn-v1
ret dmper or,returnDamperOvr,eo66-dn-v1
return d or,returnDamperOvr,eo66-dn-v1
return d ovr,returnDamperOvr,eo66-dn-v1
return damper override,returnDamperOvr,eo66-dn-v1
rr d or,returnDamperOvr,eo66-dn-v1
rr d override,returnDamperOvr,eo66-dn-v1
rr damper ovr,returnDamperOvr,eo66-dn-v1
rr dampr ovr,returnDamperOvr,eo66-dn-v1
rr dmp or,returnDamperOvr,eo66-dn-v1
rr dmpr override,returnDamperOvr,eo66-dn-v1
rr dpr or,returnDamperOvr,eo66-dn-v1
rr dpr override,returnDamperOvr,eo66-dn-v1
rt d ovr,returnDamperOvr,eo66-dn-v1
rt dampr override,returnDamperOvr,eo66-dn-v1
rt dmper override,returnDamperOvr,eo66-dn-v1
rt dmpr ovrd,returnDamperOvr,eo66-dn-v1
rt dpr ovr,returnDamperOvr,eo66-dn-v1
rtn d override,returnDamperOvr,eo66-dn-v1
rtn damper ovr,returnDamperOvr,eo66-dn-v1
rtn dampr override,returnDamperOvr,eo66-dn-v1
rtn dmpr ovr,returnDamperOvr,eo66-dn-v1
rtn dpr ovrd,returnDamperOvr,eo66-dn-v1
rtrn dampr ovrd,returnDamperOvr,eo66-dn-v1
rtrn dmper ovr,returnDamperOvr,eo66-dn-v1
rtrn dmpr ovrd,returnDamperOvr,eo66-dn-v1
rtrn dpr ovrd,returnDamperOvr,eo66-dn-v1
r dew s,returnDewpointSp,eo66-dn-v1
r dew sp,returnDewpointSp,eo66-dn-v1
r dp stpt,returnDewpointSp,eo66-dn-v1
r dpt setpt,returnDewpointSp,eo66-dn-v1
r dwpt s,returnDewpointSp,eo66-dn-v1
r dwpt setpt,returnDewpointSp,eo66-dn-v1
ra dpnt set,returnDewpointSp,eo66-dn-v1
ra dpt sp,returnDewpointSp,eo66-dn-v1
ra dwpt s,returnDewpointSp,eo66-dn-v1
ret dwpt setp,returnDewpointSp,eo66-dn-v1
ret dwpt setpoint,returnDewpointSp,eo66-dn-v1
return dewpoint setpoint,returnDewpointSp,eo66-dn-v1
return dp stpt,returnDewpointSp,eo66-dn-v1
return dpnt s,returnDewpointSp,eo66-dn-v1
return dpnt setpt,returnDewpointSp,eo66-dn-v1
return dpt sp,returnDewpointSp,eo66-dn-v1
return dwpt setpoint,returnDewpointSp,eo66-dn-v1
rr dew stpt,returnDewpointSp,eo66-dn-v1
rr dewpt sp,returnDewpointSp,eo66-dn-v1
rr dpnt sp,returnDewpointSp,eo66-dn-v1
rt dew sp,returnDewpointSp,eo66-dn-v1
rt dewpoint s,returnDewpointSp,eo66-dn-v1
rt dewpt spt,returnDewpointSp,eo66-dn-v1
rt dp s,returnDewpointSp,eo66-dn-v1
rt dpnt s,returnDewpointSp,eo66-dn-v1
rt dpnt setpoint,returnDewpointSp,eo66-dn-v1
rt dpt s,returnDewpointSp,eo66-dn-v1
rt dpt setp,returnDewpointSp,eo66-dn-v1
rt dpt spt,returnDewpointSp,eo66-dn-v1
rtn dew set,returnDewpointSp,eo66-dn-v1
rtn dew setp,returnDewpointSp,eo66-dn-v1
rtn dew spt,returnDewpointSp,eo66-dn-v1
rtn dwpt stpt,returnDewpointSp,eo66-dn-v1
rtrn dew setp,returnDewpointSp,eo66-dn-v1
rtrn dew setpt,returnDewpointSp,eo66-dn-v1
rtrn dpnt setp,returnDewpointSp,eo66-dn-v1
rtrn dpt s,returnDewpointSp,eo66-dn-v1
rtrn dpt setpt,returnDewpointSp,eo66-dn-v1
rtrn dpt spt,returnDewpointSp,eo66-dn-v1
rtrn dwpt setpt,returnDewpointSp,eo66-dn-v1
r enp set,returnEnthalpySp,eo66-dn-v1
r ent setpt,returnEnthalpySp,eo66-dn-v1
r enth spt,returnEnthalpySp,eo66-dn-v1
ra enp set,returnEnthalpySp,eo66-dn-v1
ra enp stpt,returnEnthalpySp,eo66-dn-v1
ra ent set,returnEnthalpySp,eo66-dn-v1
ra enth setpt,returnEnthalpySp,eo66-dn-v1
ra enthalpy setpt,returnEnthalpySp,eo66-dn-v1
ret enth setpt,returnEnthalpySp,eo66-dn-v1
ret enthalpy setp,returnEnthalpySp,eo66-dn-v1
return enp s,returnEnthalpySp,eo66-dn-v1
return enp stpt,returnEnthalpySp,eo66-dn-v1
return enth spt,returnEnthalpySp,eo66-dn-v1
return enthalpy s,returnEnthalpySp,eo66-dn-v1
return enthalpy set,returnEnthalpySp,eo66-dn-v1
return enthalpy setpoint,returnEnthalpySp,eo66-dn-v1
return enthalpy sp,returnEnthalpySp,eo66-dn-v1
rr ent setpt,returnEnthalpySp,eo66-dn-v1
rr enth spt,returnEnthalpySp,eo66-dn-v1
rt enp spt,returnEnthalpySp,eo66-dn-v1
rt ent stpt,returnEnthalpySp,eo66-dn-v1
rt enth s,returnEnthalpySp,eo66-dn-v1
rt enth setp,returnEnthalpySp,eo66-dn-v1
rt enth spt,returnEnthalpySp,eo66-dn-v1
rt enthalpy s,returnEnthalpySp,eo66-dn-v1
rtn enp setp,returnEnthalpySp,eo66-dn-v1
rtn ent setpoint,returnEnthalpySp,eo66-dn-v1
rtn ent setpt,returnEnthalpySp,eo66-dn-v1
rtn enth setp,returnEnthalpySp,eo66-dn-v1
rtn enth setpoint,returnEnthalpySp,eo66-dn-v1
rtn enth sp,returnEnthalpySp,eo66-dn-v1
rtn enthalpy sp,returnEnthalpySp,eo66-dn-v1
rtrn enp setpt,returnEnthalpySp,eo66-dn-v1
rtrn enp spt,returnEnthalpySp,eo66-dn-v1
rtrn ent s,returnEnthalpySp,eo66-dn-v1
rtrn ent set,returnEnthalpySp,eo66-dn-v1
rtrn ent setpoint,returnEnthalpySp,eo66-dn-v1
rtrn enth setp,returnEnthalpySp,eo66-dn-v1
rtrn enth spt,returnEnthalpySp,eo66-dn-v1
rtrn enth stpt,returnEnthalpySp,eo66-dn-v1
r f filter pr diff,returnFanFilterPressureDelta,eo66-dn-v1
r fan flt pr diff,returnFanFilterPressureDelta,eo66-dn-v1
r fan flt pres dlt,returnFanFilterPressureDelta,eo66-dn-v1
r fan flt press dlt,returnFanFilterPressureDelta,eo66-dn-v1
r fan fltr p delta,returnFanFilterPressureDelta,eo66-dn-v1
ra f fltr pr diff,returnFanFilterPressureDelta,eo66-dn-v1
ra fan fltr pres delta,returnFanFilterPressureDelta,eo66-dn-v1
ra fan fltr presr diff,returnFanFilterPressureDelta,eo66-dn-v1
ret f filter prs delta,returnFanFilterPressureDelta,eo66-dn-v1
ret f fltr presr delta,returnFanFilterPressureDelta,eo66-dn-v1
ret fan filter presr diff,returnFanFilterPressureDelta,eo66-dn-v1
ret fan filter prs delta,returnFanFilterPressureDelta,eo66-dn-v1
ret fan flt pres dlt,returnFanFilterPressureDelta,eo66-dn-v1
return f filter pr delta,returnFanFilterPressureDelta,eo66-dn-v1
return f filter pres dlt,returnFanFilterPressureDelta,eo66-dn-v1
return f flt pres delta,returnFanFilterPressureDelta,eo66-dn-v1
return f flt prs dlt,returnFanFilterPressureDelta,eo66-dn-v1
return f fltr pressure dlt,returnFanFilterPressureDelta,eo66-dn-v1
return f fltr prs dlt,returnFanFilterPressureDelta,eo66-dn-v1
return fan filter pres diff,returnFanFilterPressureDelta,eo66-dn-v1
return fan filter press delta,returnFanFilterPressureDelta,eo66-dn-v1
return fan filter pressure delta,returnFanFilterPressureDelta,eo66-dn-v1
rr f fltr p diff,returnFanFilterPressureDelta,eo66-dn-v1
rr f fltr pressure dlt,returnFanFilterPressureDelta,eo66-dn-v1
rr fan filter press dlt,returnFanFilterPressureDelta,eo66-dn-v1
rr fan flt pr delta,returnFanFilterPressureDelta,eo66-dn-v1
rr fan flt pressure delta,returnFanFilterPressureDelta,eo66-dn-v1
rr fan flt pressure diff,returnFanFilterPressureDelta,eo66-dn-v1
rt f flt pr dlt,returnFanFilterPressureDelta,eo66-dn-v1
rt fan fltr presr delta,returnFanFilterPressureDelta,eo66-dn-v1
rt fan fltr press delta,returnFanFilterPressureDelta,eo66-dn-v1
rtn f flt pres delta,returnFanFilterPressureDelta,eo66-dn-v1
rtn f fltr pr diff,returnFanFilterPressureDelta,eo66-dn-v1
rtn fan flt press diff,returnFanFilterPressureDelta,eo66-dn-v1
rtrn f filter presr diff,returnFanFilterPressureDelta,eo66-dn-v1
rtrn f filter pressure diff,returnFanFilterPressureDelta,eo66-dn-v1
rtrn f filter pressure dlt,returnFanFilterPressureDelta,eo66-dn-v1
rtrn fan filter prs diff,returnFanFilterPressureDelta,eo66-dn-v1
rtrn fan flt press dlt,returnFanFilterPressureDelta,eo66-dn-v1
rtrn fan fltr pr dlt,returnFanFilterPressureDelta,eo66-dn-v1
r f p diff,returnFanPressureDelta,eo66-dn-v1
r f pressure delta,returnFanPressureDelta,eo66-dn-v1
r f prs dlt,returnFanPressureDelta,eo66-dn-v1
r fan presr diff,returnFanPressureDelta,eo66-dn-v1
r fan press delta,returnFanPressureDelta,eo66-dn-v1
ra f p delta,returnFanPressureDelta,eo66-dn-v1
ra f p diff,returnFanPressureDelta,eo66-dn-v1
ra f pres delta,returnFanPressureDelta,eo66-dn-v1
ra f pressure delta,returnFanPressureDelta,eo66-dn-v1
ra f pressure diff,returnFanPressureDelta,eo66-dn-v1
ra fan pres delta,returnFanPressureDelta,eo66-dn-v1
ra fan presr diff,returnFanPressureDelta,eo66-dn-v1
ra fan press dlt,returnFanPressureDelta,eo66-dn-v1
ret f pr delta,returnFanPressureDelta,eo66-dn-v1
ret f pres delta,returnFanPressureDelta,eo66-dn-v1
ret f pressure delta,returnFanPressureDelta,eo66-dn-v1
ret f pressure diff,returnFanPressureDelta,eo66-dn-v1
ret fan presr dlt,returnFanPressureDelta,eo66-dn-v1
return f p dlt,returnFanPressureDelta,eo66-dn-v1
return f pr diff,returnFanPressureDelta,eo66-dn-v1
return fan pr dlt,returnFanPressureDelta,eo66-dn-v1
return fan press delta,returnFanPressureDelta,eo66-dn-v1
return fan pressure delta,returnFanPressureDelta,eo66-dn-v1
return fan pressure diff,returnFanPressureDelta,eo66-dn-v1
rr f presr dlt,returnFanPressureDelta,eo66-dn-v1
rr fan presr dlt,returnFanPressureDelta,eo66-dn-v1
rr fan press diff,returnFanPressureDelta,eo66-dn-v1
rt f presr delta,returnFanPressureDelta,eo66-dn-v1
rt f pressure delta,returnFanPressureDelta,eo66-dn-v1
rt fan p dlt,returnFanPressureDelta,eo66-dn-v1
rt fan press delta,returnFanPressureDelta,eo66-dn-v1
rtn f pres delta,returnFanPressureDelta,eo66-dn-v1
rtn f presr delta,returnFanPressureDelta,eo66-dn-v1
rtn fan p dlt,returnFanPressureDelta,eo66-dn-v1
rtn fan pres dlt,returnFanPressureDelta,eo66-dn-v1
rtrn f presr delta,returnFanPressureDelta,eo66-dn-v1
rtrn f press dlt,returnFanPressureDelta,eo66-dn-v1
rtrn fan pr diff,returnFanPressureDelta,eo66-dn-v1
rtrn fan pr dlt,returnFanPressureDelta,eo66-dn-v1
rtrn fan prs diff,returnFanPressureDelta,eo66-dn-v1
r f spd setpoint,returnFanSpeedSp,eo66-dn-v1
r f spd setpt,returnFanSpeedSp,eo66-dn-v1
r fan speed spt,returnFanSpeedSp,eo66-dn-v1
ra f speed sp,returnFanSpeedSp,eo66-dn-v1
ra fan speed set,returnFanSpeedSp,eo66-dn-v1
ret f spd setpoint,returnFanSpeedSp,eo66-dn-v1
ret f spd setpt,returnFanSpeedSp,eo66-dn-v1
ret fan spd setpt,returnFanSpeedSp,eo66-dn-v1
ret fan spd sp,returnFanSpeedSp,eo66-dn-v1
ret fan speed setpoint,returnFanSpeedSp,eo66-dn-v1
return f spd sp,returnFanSpeedSp,eo66-dn-v1
return f spd stpt,returnFanSpeedSp,eo66-dn-v1
return f speed set,returnFanSpeedSp,eo66-dn-v1
return f speed setpoint,returnFanSpeedSp,eo66-dn-v1
return fan spd setpoint,returnFanSpeedSp,eo66-dn-v1
return fan speed set,returnFanSpeedSp,eo66-dn-v1
return fan speed setpoint,returnFanSpeedSp,eo66-dn-v1
return fan speed sp,returnFanSpeedSp,eo66-dn-v1
rr f speed setpoint,returnFanSpeedSp,eo66-dn-v1
rr fan spd s,returnFanSpeedSp,eo66-dn-v1
rr fan spd setpoint,returnFanSpeedSp,eo66-dn-v1
rr fan spd setpt,returnFanSpeedSp,eo66-dn-v1
rt f spd stpt,returnFanSpeedSp,eo66-dn-v1
rt f speed setp,returnFanSpeedSp,eo66-dn-v1
rt f speed setpoint,returnFanSpeedSp,eo66-dn-v1
rt f speed spt,returnFanSpeedSp,eo66-dn-v1
rt fan spd setpoint,returnFanSpeedSp,eo66-dn-v1
rt fan spd stpt,returnFanSpeedSp,eo66-dn-v1
rt fan speed set,returnFanSpeedSp,eo66-dn-v1
rtn f spd setpoint,returnFanSpeedSp,eo66-dn-v1
rtn f speed setpoint,returnFanSpeedSp,eo66-dn-v1
rtn fan spd setp,returnFanSpeedSp,eo66-dn-v1
rtn fan speed stpt,returnFanSpeedSp,eo66-dn-v1
rtrn f spd spt,returnFanSpeedSp,eo66-dn-v1
rtrn f speed set,returnFanSpeedSp,eo66-dn-v1
rtrn f speed setpt,returnFanSpeedSp,eo66-dn-v1
rtrn f speed stpt,returnFanSpeedSp,eo66-dn-v1
rtrn fan spd sp,returnFanSpeedSp,eo66-dn-v1
rtrn fan speed spt,returnFanSpeedSp,eo66-dn-v1
rtrn fan speed stpt,returnFanSpeedSp,eo66-dn-v1
r airflw occupied setpoint,returnFlowOccSp,eo66-dn-v1
r cfm occupied stpt,returnFlowOccSp,eo66-dn-v1
r cfm ocp spt,returnFlowOccSp,eo66-dn-v1
r flow ocp spt,returnFlowOccSp,eo66-dn-v1
ra airflw occup setp,returnFlowOccSp,eo66-dn-v1
ra airflw ocp s,returnFlowOccSp,eo66-dn-v1
ra airflw ocp sp,returnFlowOccSp,eo66-dn-v1
ra cfm ocp set,returnFlowOccSp,eo66-dn-v1
ra flow occup stpt,returnFlowOccSp,eo66-dn-v1
ret air ocp setpoint,returnFlowOccSp,eo66-dn-v1
ret airflow occ set,returnFlowOccSp,eo66-dn-v1
ret airflow ocp set,returnFlowOccSp,eo66-dn-v1
ret airflw occup setpt,returnFlowOccSp,eo66-dn-v1
ret airflw occup sp,returnFlowOccSp,eo66-dn-v1
ret airflw ocp sp,returnFlowOccSp,eo66-dn-v1
ret cfm occup sp,returnFlowOccSp,eo66-dn-v1
return air occupied setpoint,returnFlowOccSp,eo66-dn-v1
return airflow occup spt,returnFlowOccSp,eo66-dn-v1
return airflow occupied setpoint,returnFlowOccSp,eo66-dn-v1
return airflow occupied sp,returnFlowOccSp,eo66-dn-v1
return airflw occ setpoint,returnFlowOccSp,eo66-dn-v1
return flow occupied s,returnFlowOccSp,eo66-dn-v1
rr air occ setp,returnFlowOccSp,eo66-dn-v1
rr airflow occupied spt,returnFlowOccSp,eo66-dn-v1
rr airflw occ s,returnFlowOccSp,eo66-dn-v1
rr flow occupied stpt,returnFlowOccSp,eo66-dn-v1
rt air occup set,returnFlowOccSp,eo66-dn-v1
rt air ocp stpt,returnFlowOccSp,eo66-dn-v1
rt airflow occ setpt,returnFlowOccSp,eo66-dn-v1
rt airflow occup s,returnFlowOccSp,eo66-dn-v1
rt airflow ocp spt,returnFlowOccSp,eo66-dn-v1
rt airflw occ s,returnFlowOccSp,eo66-dn-v1
rt cfm occup spt,returnFlowOccSp,eo66-dn-v1
rt flow occup s,returnFlowOccSp,eo66-dn-v1
rtn air occ set,returnFlowOccSp,eo66-dn-v1
rtn cfm occupied set,returnFlowOccSp,eo66-dn-v1
rtn flow occupied spt,returnFlowOccSp,eo66-dn-v1
rtrn air occupied spt,returnFlowOccSp,eo66-dn-v1
rtrn airflow occup set,returnFlowOccSp,eo66-dn-v1
rtrn airflw occ stpt,returnFlowOccSp,eo66-dn-v1
r airflow unoccupied stpt,returnFlowUnoccSp,eo66-dn-v1
r cfm unocc spt,returnFlowUnoccSp,eo66-dn-v1
r flow unoccupied setpt,returnFlowUnoccSp,eo66-dn-v1
ra airflw unoc setpoint,returnFlowUnoccSp,eo66-dn-v1
ra airflw unoccupied setp,returnFlowUnoccSp,eo66-dn-v1
ra cfm unoccupied stpt,returnFlowUnoccSp,eo66-dn-v1
ret air unocc s,returnFlowUnoccSp,eo66-dn-v1
ret air unocc spt,returnFlowUnoccSp,eo66-dn-v1
ret air unoccupied sp,returnFlowUnoccSp,eo66-dn-v1
return air unocc set,returnFlowUnoccSp,eo66-dn-v1
return airflow unocc setpt,returnFlowUnoccSp,eo66-dn-v1
return airflow unocc sp,returnFlowUnoccSp,eo66-dn-v1
return airflow unoccupied setpoint,returnFlowUnoccSp,eo66-dn-v1
return airflw unocc set,returnFlowUnoccSp,eo66-dn-v1
return airflw unocc setpoint,returnFlowUnoccSp,eo66-dn-v1
return cfm unoccupied s,returnFlowUnoccSp,eo66-dn-v1
return flow unoccupied setp,returnFlowUnoccSp,eo66-dn-v1
rr airflow unoccupied set,returnFlowUnoccSp,eo66-dn-v1
rr flow unocc setpoint,returnFlowUnoccSp,eo66-dn-v1
rr flow unocc setpt,returnFlowUnoccSp,eo66-dn-v1
rt air unoccupied setpoint,returnFlowUnoccSp,eo66-dn-v1
rt airflow unoccupied set,returnFlowUnoccSp,eo66-dn-v1
rt airflw unoc spt,returnFlowUnoccSp,eo66-dn-v1
rt airflw unocc sp,returnFlowUnoccSp,eo66-dn-v1
rt cfm unocc s,returnFlowUnoccSp,eo66-dn-v1
rt flow unoccupied setpt,returnFlowUnoccSp,eo66-dn-v1
rt flow unoccupied spt,returnFlowUnoccSp,eo66-dn-v1
rtn airflow unocc s,returnFlowUnoccSp,eo66-dn-v1
rtn airflow unocc setp,returnFlowUnoccSp,eo66-dn-v1
rtn airflow unoccupied set,returnFlowUnoccSp,eo66-dn-v1
rtn airflw unoc setpoint,returnFlowUnoccSp,eo66-dn-v1
rtn airflw unoc sp,returnFlowUnoccSp,eo66-dn-v1
rtn airflw unoc spt,returnFlowUnoccSp,eo66-dn-v1
rtn airflw unocc setpoint,returnFlowUnoccSp,eo66-dn-v1
rtn airflw unoccupied spt,returnFlowUnoccSp,eo66-dn-v1
rtrn air unoccupied s,returnFlowUnoccSp,eo66-dn-v1
rtrn air unoccupied setp,returnFlowUnoccSp,eo66-dn-v1
rtrn airflw unocc stpt,returnFlowUnoccSp,eo66-dn-v1
rtrn cfm unoccupied s,returnFlowUnoccSp,eo66-dn-v1
rtrn cfm unoccupied set,returnFlowUnoccSp,eo66-dn-v1
r hum sp,returnHumidSp,eo66-dn-v1
r humid setpt,returnHumidSp,eo66-dn-v1
r humidification set,returnHumidSp,eo66-dn-v1
r humidification setpoint,returnHumidSp,eo66-dn-v1
ra hum setp,returnHumidSp,eo66-dn-v1
ra hum setpt,returnHumidSp,eo66-dn-v1
ra hum spt,returnHumidSp,eo66-dn-v1
ra humid set,returnHumidSp,eo66-dn-v1
ret hum setpoint,returnHumidSp,eo66-dn-v1
ret humid s,returnHumidSp,eo66-dn-v1
ret humid sp,returnHumidSp,eo66-dn-v1
ret humidification setpoint,returnHumidSp,eo66-dn-v1
ret humidification setpt,returnHumidSp,eo66-dn-v1
return hum setpt,returnHumidSp,eo66-dn-v1
return hum sp,returnHumidSp,eo66-dn-v1
return humid s,returnHumidSp,eo66-dn-v1
return humid sp,returnHumidSp,eo66-dn-v1
return humidification setp,returnHumidSp,eo66-dn-v1
return humidification setpoint,returnHumidSp,eo66-dn-v1
return humidification spt,returnHumidSp,eo66-dn-v1
return humidification stpt,returnHumidSp,eo66-dn-v1
rr hum setp,returnHumidSp,eo66-dn-v1
rr hum spt,returnHumidSp,eo66-dn-v1
rr humid s,returnHumidSp,eo66-dn-v1
rr humid set,returnHumidSp,eo66-dn-v1
rr humid setpoint,returnHumidSp,eo66-dn-v1
rr humidification s,returnHumidSp,eo66-dn-v1
rr humidification setp,returnHumidSp,eo66-dn-v1
rr humidification stpt,returnHumidSp,eo66-dn-v1
rt humidification setp,returnHumidSp,eo66-dn-v1
rtn hum s,returnHumidSp,eo66-dn-v1
rtn hum setpoint,returnHumidSp,eo66-dn-v1
rtn hum stpt,returnHumidSp,eo66-dn-v1
rtn humid s,returnHumidSp,eo66-dn-v1
rtn humidification setpoint,returnHumidSp,eo66-dn-v1
rtrn hum setpt,returnHumidSp,eo66-dn-v1
rtrn hum spt,returnHumidSp,eo66-dn-v1
rtrn hum stpt,returnHumidSp,eo66-dn-v1
rtrn humid s,returnHumidSp,eo66-dn-v1
rtrn humid stpt,returnHumidSp,eo66-dn-v1
r iso damper,returnIsoDamper,eo66-dn-v1
r iso dampr,returnIsoDamper,eo66-dn-v1
r iso dmpr,returnIsoDamper,eo66-dn-v1
r isolation damper,returnIsoDamper,eo66-dn-v1
r isolation dampr,returnIsoDamper,eo66-dn-v1
r isolation dmper,returnIsoDamper,eo66-dn-v1
ra iso dm,returnIsoDamper,eo66-dn-v1
ra iso dmper,returnIsoDamper,eo66-dn-v1
ra iso dmpr,returnIsoDamper,eo66-dn-v1
ra isolation dm,returnIsoDamper,eo66-dn-v1
ra isolation dmper,returnIsoDamper,eo66-dn-v1
ret iso dampr,returnIsoDamper,eo66-dn-v1
ret iso dmper,returnIsoDamper,eo66-dn-v1
ret iso dmpr,returnIsoDamper,eo66-dn-v1
ret isolation damper,returnIsoDamper,eo66-dn-v1
ret isolation dampr,returnIsoDamper,eo66-dn-v1
ret isolation dmper,returnIsoDamper,eo66-dn-v1
ret isolation dpr,returnIsoDamper,eo66-dn-v1
return iso d,returnIsoDamper,eo66-dn-v1
return iso damper,returnIsoDamper,eo66-dn-v1
return iso dpr,returnIsoDamper,eo66-dn-v1
return isolation damper,returnIsoDamper,eo66-dn-v1
return isolation dmper,returnIsoDamper,eo66-dn-v1
rr iso dmp,returnIsoDamper,eo66-dn-v1
rr isolation dpr,returnIsoDamper,eo66-dn-v1
rt iso dampr,returnIsoDamper,eo66-dn-v1
rt iso dmp,returnIsoDamper,eo66-dn-v1
rt iso dmper,returnIsoDamper,eo66-dn-v1
rt isolation d,returnIsoDamper,eo66-dn-v1
rt isolation dpr,returnIsoDamper,eo66-dn-v1
rtn iso dmper,returnIsoDamper,eo66-dn-v1
rtn iso dpr,returnIsoDamper,eo66-dn-v1
rtn isolation dmper,returnIsoDamper,eo66-dn-v1
rtn isolation dpr,returnIsoDamper,eo66-dn-v1
rtrn iso d,returnIsoDamper,eo66-dn-v1
rtrn iso dmper,returnIsoDamper,eo66-dn-v1
rtrn iso dmpr,returnIsoDamper,eo66-dn-v1
rtrn isolation damper,returnIsoDamper,eo66-dn-v1
rtrn isolation dampr,returnIsoDamper,eo66-dn-v1
rtrn isolation dmper,returnIsoDamper,eo66-dn-v1
r iso dampr fdbk,returnIsoDamperFb,eo66-dn-v1
r isolation d fdbk,returnIsoDamperFb,eo66-dn-v1
ra iso dpr feedback,returnIsoDamperFb,eo66-dn-v1
ra iso dpr pos,returnIsoDamperFb,eo66-dn-v1
ra isolation d fb,returnIsoDamperFb,eo66-dn-v1
ra isolation dampr fbk,returnIsoDamperFb,eo66-dn-v1
ra isolation dampr pos,returnIsoDamperFb,eo66-dn-v1
ra isolation dmper feedback,returnIsoDamperFb,eo66-dn-v1
ra isolation dpr pos,returnIsoDamperFb,eo66-dn-v1
ret iso dpr fb,returnIsoDamperFb,eo66-dn-v1
ret isolation d fbk,returnIsoDamperFb,eo66-dn-v1
ret isolation dpr fbk,returnIsoDamperFb,eo66-dn-v1
ret isolation dpr position,returnIsoDamperFb,eo66-dn-v1
return iso dmper fbk,returnIsoDamperFb,eo66-dn-v1
return iso dmpr fbk,returnIsoDamperFb,eo66-dn-v1
return isolation damper feedback,returnIsoDamperFb,eo66-dn-v1
return isolation dmp fbk,returnIsoDamperFb,eo66-dn-v1
rr iso dampr fb,returnIsoDamperFb,eo66-dn-v1
rr iso dampr fbk,returnIsoDamperFb,eo66-dn-v1
rr iso dampr feedback,returnIsoDamperFb,eo66-dn-v1
rr iso dmpr fdbk,returnIsoDamperFb,eo66-dn-v1
rr isolation dmper fbk,returnIsoDamperFb,eo66-dn-v1
rr isolation dmper fdbk,returnIsoDamperFb,eo66-dn-v1
rr isolation dmpr pos,returnIsoDamperFb,eo66-dn-v1
rt iso dampr fdbk,returnIsoDamperFb,eo66-dn-v1
rt iso dm fbk,returnIsoDamperFb,eo66-dn-v1
rt iso dmpr fbk,returnIsoDamperFb,eo66-dn-v1
rt isolation d pos,returnIsoDamperFb,eo66-dn-v1
rt isolation dm feedback,returnIsoDamperFb,eo66-dn-v1
rt isolation dmp fdbk,returnIsoDamperFb,eo66-dn-v1
rtn iso damper fdbk,returnIsoDamperFb,eo66-dn-v1
rtn iso damper feedback,returnIsoDamperFb,eo66-dn-v1
rtn iso dmper position,returnIsoDamperFb,eo66-dn-v1
rtn iso dmpr pos,returnIsoDamperFb,eo66-dn-v1
rtn iso dpr fdbk,returnIsoDamperFb,eo66-dn-v1
rtn isolation dm position,returnIsoDamperFb,eo66-dn-v1
rtrn iso dm pos,returnIsoDamperFb,eo66-dn-v1
rtrn isolation dm fbk,returnIsoDamperFb,eo66-dn-v1
rtrn isolation dmp pos,returnIsoDamperFb,eo66-dn-v1
rtrn isolation dpr fbk,returnIsoDamperFb,eo66-dn-v1
r presr mx sp,returnPressureMaxSp,eo66-dn-v1
r press mx s,returnPressureMaxSp,eo66-dn-v1
ra pr mx spt,returnPressureMaxSp,eo66-dn-v1
ret p mx setpt,returnPressureMaxSp,eo66-dn-v1
ret pr max setpoint,returnPressureMaxSp,eo66-dn-v1
ret pres max set,returnPressureMaxSp,eo66-dn-v1
ret pres max sp,returnPressureMaxSp,eo66-dn-v1
ret pres mx stpt,returnPressureMaxSp,eo66-dn-v1
ret press max sp,returnPressureMaxSp,eo66-dn-v1
ret press mx setpt,returnPressureMaxSp,eo66-dn-v1
return p max set,returnPressureMaxSp,eo66-dn-v1
return pr max setp,returnPressureMaxSp,eo66-dn-v1
return pr mx setpt,returnPressureMaxSp,eo66-dn-v1
return presr max sp,returnPressureMaxSp,eo66-dn-v1
return press max sp,returnPressureMaxSp,eo66-dn-v1
return pressure max set,returnPressureMaxSp,eo66-dn-v1
return pressure max setpoint,returnPressureMaxSp,eo66-dn-v1
return prs max setp,returnPressureMaxSp,eo66-dn-v1
rr p mx s,returnPressureMaxSp,eo66-dn-v1
rr p mx setpoint,returnPressureMaxSp,eo66-dn-v1
rr p mx spt,returnPressureMaxSp,eo66-dn-v1
rr pr max setp,returnPressureMaxSp,eo66-dn-v1
rr press max setp,returnPressureMaxSp,eo66-dn-v1
rr press max stpt,returnPressureMaxSp,eo66-dn-v1
rr press mx spt,returnPressureMaxSp,eo66-dn-v1
rr pressure max setpt,returnPressureMaxSp,eo66-dn-v1
rt p mx spt,returnPressureMaxSp,eo66-dn-v1
rt pr max stpt,returnPressureMaxSp,eo66-dn-v1
rt pres max setp,returnPressureMaxSp,eo66-dn-v1
rt presr mx s,returnPressureMaxSp,eo66-dn-v1
rt presr mx setp,returnPressureMaxSp,eo66-dn-v1
rt press max stpt,returnPressureMaxSp,eo66-dn-v1
rtn p mx setpt,returnPressureMaxSp,eo66-dn-v1
rtn pres mx stpt,returnPressureMaxSp,eo66-dn-v1
rtn press mx setpt,returnPressureMaxSp,eo66-dn-v1
rtn prs max spt,returnPressureMaxSp,eo66-dn-v1
rtn prs mx s,returnPressureMaxSp,eo66-dn-v1
rtrn pr mx spt,returnPressureMaxSp,eo66-dn-v1
rtrn press max set,returnPressureMaxSp,eo66-dn-v1
rtrn prs max s,returnPressureMaxSp,eo66-dn-v1
r p mn set,returnPressureMinSp,eo66-dn-v1
r pr min set,returnPressureMinSp,eo66-dn-v1
r pres min set,returnPressureMinSp,eo66-dn-v1
ra pr mn setp,returnPressureMinSp,eo66-dn-v1
ra pres mn set,returnPressureMinSp,eo66-dn-v1
ra prs mn s,returnPressureMinSp,eo66-dn-v1
ret pr min set,returnPressureMinSp,eo66-dn-v1
ret pres min s,returnPressureMinSp,eo66-dn-v1
ret pres mn spt,returnPressureMinSp,eo66-dn-v1
ret pres mn stpt,returnPressureMinSp,eo66-dn-v1
ret presr min spt,returnPressureMinSp,eo66-dn-v1
ret presr mn setpt,returnPressureMinSp,eo66-dn-v1
ret pressure min setp,returnPressureMinSp,eo66-dn-v1
return pr min s,returnPressureMinSp,eo66-dn-v1
return pres min spt,returnPressureMinSp,eo66-dn-v1
return press min sp,returnPressureMinSp,eo66-dn-v1
return press min spt,returnPressureMinSp,eo66-dn-v1
return pressure min setpoint,returnPressureMinSp,eo66-dn-v1
rr p min setp,returnPressureMinSp,eo66-dn-v1
rr pr min set,returnPressureMinSp,eo66-dn-v1
rr pr mn stpt,returnPressureMinSp,eo66-dn-v1
rr pres mn s,returnPressureMinSp,eo66-dn-v1
rr pres mn set,returnPressureMinSp,eo66-dn-v1
rr presr min setpoint,returnPressureMinSp,eo66-dn-v1
rr press mn spt,returnPressureMinSp,eo66-dn-v1
rr pressure min sp,returnPressureMinSp,eo66-dn-v1
rr prs mn sp,returnPressureMinSp,eo66-dn-v1
rt pr mn setpoint,returnPressureMinSp,eo66-dn-v1
rt presr min set,returnPressureMinSp,eo66-dn-v1
rt presr mn sp,returnPressureMinSp,eo66-dn-v1
rt prs min set,returnPressureMinSp,eo66-dn-v1
rtn p mn setpoint,returnPressureMinSp,eo66-dn-v1
rtn pr mn s,returnPressureMinSp,eo66-dn-v1
rtn pr mn set,returnPressureMinSp,eo66-dn-v1
rtn presr mn setpt,returnPressureMinSp,eo66-dn-v1
rtn pressure min setp,returnPressureMinSp,eo66-dn-v1
rtn prs mn stpt,returnPressureMinSp,eo66-dn-v1
rtrn p min sp,returnPressureMinSp,eo66-dn-v1
rtrn pressure min setpt,returnPressureMinSp,eo66-dn-v1
rtrn pressure mn setpoint,returnPressureMinSp,eo66-dn-v1
r smk alarm,returnSmokeAlarm,eo66-dn-v1
r smk alm,returnSmokeAlarm,eo66-dn-v1
r smk alrm,returnSmokeAlarm,eo66-dn-v1
r smoke alarm,returnSmokeAlarm,eo66-dn-v1
r smoke alm,returnSmokeAlarm,eo66-dn-v1
r smoke alrm,returnSmokeAlarm,eo66-dn-v1
ra smk alarm,returnSmokeAlarm,eo66-dn-v1
ra smk alm,returnSmokeAlarm,eo66-dn-v1
ra smk alrm,returnSmokeAlarm,eo66-dn-v1
ra smoke alarm,returnSmokeAlarm,eo66-dn-v1
ra smoke alm,returnSmokeAlarm,eo66-dn-v1
ra smoke alrm,returnSmokeAlarm,eo66-dn-v1
ret smk alarm,returnSmokeAlarm,eo66-dn-v1
ret smk alm,returnSmokeAlarm,eo66-dn-v1
ret smk alrm,returnSmokeAlarm,eo66-dn-v1
ret smoke alarm,returnSmokeAlarm,eo66-dn-v1
ret smoke alm,returnSmokeAlarm,eo66-dn-v1
ret smoke alrm,returnSmokeAlarm,eo66-dn-v1
return smk alm,returnSmokeAlarm,eo66-dn-v1
return smk alrm,returnSmokeAlarm,eo66-dn-v1
return smoke alarm,returnSmokeAlarm,eo66-dn-v1
return smoke alm,returnSmokeAlarm,eo66-dn-v1
return smoke alrm,returnSmokeAlarm,eo66-dn-v1
rr smk alarm,returnSmokeAlarm,eo66-dn-v1
rr smk alm,returnSmokeAlarm,eo66-dn-v1
rr smk alrm,returnSmokeAlarm,eo66-dn-v1
rr smoke alarm,returnSmokeAlarm,eo66-dn-v1
rr smoke alm,returnSmokeAlarm,eo66-dn-v1
rr smoke alrm,returnSmokeAlarm,eo66-dn-v1
rt smk alarm,returnSmokeAlarm,eo66-dn-v1
rt smoke alarm,returnSmokeAlarm,eo66-dn-v1
rt smoke alm,returnSmokeAlarm,eo66-dn-v1
rtn smk alarm,returnSmokeAlarm,eo66-dn-v1
rtn smoke alarm,returnSmokeAlarm,eo66-dn-v1
rtn smoke alm,returnSmokeAlarm,eo66-dn-v1
rtrn smk alarm,returnSmokeAlarm,eo66-dn-v1
rtrn smk alm,returnSmokeAlarm,eo66-dn-v1
rtrn smk alrm,returnSmokeAlarm,eo66-dn-v1
rtrn smoke alarm,returnSmokeAlarm,eo66-dn-v1
rtrn smoke alrm,returnSmokeAlarm,eo66-dn-v1
r smk damper c,returnSmokeDamper,eo66-dn-v1
r smk damper command,returnSmokeDamper,eo66-dn-v1
r smk dampr cmd,returnSmokeDamper,eo66-dn-v1
r smk dmpr command,returnSmokeDamper,eo66-dn-v1
r smk dpr command,returnSmokeDamper,eo66-dn-v1
r smoke dmp cmd,returnSmokeDamper,eo66-dn-v1
ra smk dampr c,returnSmokeDamper,eo66-dn-v1
ra smk dmp cmnd,returnSmokeDamper,eo66-dn-v1
ra smk dmper command,returnSmokeDamper,eo66-dn-v1
ra smoke dampr cmd,returnSmokeDamper,eo66-dn-v1
ret smk damper cmnd,returnSmokeDamper,eo66-dn-v1
ret smk dm command,returnSmokeDamper,eo66-dn-v1
ret smk dmp cmd,returnSmokeDamper,eo66-dn-v1
ret smk dmper cmnd,returnSmokeDamper,eo66-dn-v1
ret smoke dmpr command,returnSmokeDamper,eo66-dn-v1
return smk damper command,returnSmokeDamper,eo66-dn-v1
return smk dmpr cmd,returnSmokeDamper,eo66-dn-v1
return smoke d cmnd,returnSmokeDamper,eo66-dn-v1
return smoke damper cmd,returnSmokeDamper,eo66-dn-v1
return smoke damper command,returnSmokeDamper,eo66-dn-v1
return smoke dmp cmnd,returnSmokeDamper,eo66-dn-v1
return smoke dmpr cmd,returnSmokeDamper,eo66-dn-v1
rr smk dmp cmnd,returnSmokeDamper,eo66-dn-v1
rr smk dmpr cmnd,returnSmokeDamper,eo66-dn-v1
rr smk dpr c,returnSmokeDamper,eo66-dn-v1
rr smk dpr cmnd,returnSmokeDamper,eo66-dn-v1
rr smoke dmp c,returnSmokeDamper,eo66-dn-v1
rt smk d cmnd,returnSmokeDamper,eo66-dn-v1
rt smk d command,returnSmokeDamper,eo66-dn-v1
rt smoke damper cmnd,returnSmokeDamper,eo66-dn-v1
rt smoke dampr c,returnSmokeDamper,eo66-dn-v1
rt smoke dm command,returnSmokeDamper,eo66-dn-v1
rt smoke dmper command,returnSmokeDamper,eo66-dn-v1
rtn smoke d cmnd,returnSmokeDamper,eo66-dn-v1
rtn smoke damper cmnd,returnSmokeDamper,eo66-dn-v1
rtn smoke dm cmd,returnSmokeDamper,eo66-dn-v1
rtn smoke dpr c,returnSmokeDamper,eo66-dn-v1
rtn smoke dpr command,returnSmokeDamper,eo66-dn-v1
rtrn smk dmper command,returnSmokeDamper,eo66-dn-v1
rtrn smk dmpr c,returnSmokeDamper,eo66-dn-v1
r smk damper fb,returnSmokeDamperFb,eo66-dn-v1
r smk damper fbk,returnSmokeDamperFb,eo66-dn-v1
r smk dampr fbk,returnSmokeDamperFb,eo66-dn-v1
r smoke damper position,returnSmokeDamperFb,eo66-dn-v1
r smoke dmper feedback,returnSmokeDamperFb,eo66-dn-v1
r smoke dpr pos,returnSmokeDamperFb,eo66-dn-v1
ra smk damper fbk,returnSmokeDamperFb,eo66-dn-v1
ra smk dampr position,returnSmokeDamperFb,eo66-dn-v1
ra smk dmp fb,returnSmokeDamperFb,eo66-dn-v1
ra smk dmp fbk,returnSmokeDamperFb,eo66-dn-v1
ra smk dpr fbk,returnSmokeDamperFb,eo66-dn-v1
ra smoke damper fdbk,returnSmokeDamperFb,eo66-dn-v1
ra smoke dm fdbk,returnSmokeDamperFb,eo66-dn-v1
ret smk dampr position,returnSmokeDamperFb,eo66-dn-v1
ret smk dmp position,returnSmokeDamperFb,eo66-dn-v1
ret smk dmpr fbk,returnSmokeDamperFb,eo66-dn-v1
ret smoke d feedback,returnSmokeDamperFb,eo66-dn-v1
ret smoke damper fbk,returnSmokeDamperFb,eo66-dn-v1
ret smoke damper pos,returnSmokeDamperFb,eo66-dn-v1
ret smoke dmp feedback,returnSmokeDamperFb,eo66-dn-v1
ret smoke dmpr pos,returnSmokeDamperFb,eo66-dn-v1
return smk damper pos,returnSmokeDamperFb,eo66-dn-v1
return smk dmpr feedback,returnSmokeDamperFb,eo66-dn-v1
return smk dpr fbk,returnSmokeDamperFb,eo66-dn-v1
return smk dpr feedback,returnSmokeDamperFb,eo66-dn-v1
return smoke damper feedback,returnSmokeDamperFb,eo66-dn-v1
rr smk d fb,returnSmokeDamperFb,eo66-dn-v1
rr smk d fbk,returnSmokeDamperFb,eo66-dn-v1
rr smk d fdbk,returnSmokeDamperFb,eo66-dn-v1
rr smk dm position,returnSmokeDamperFb,eo66-dn-v1
rr smoke dampr fbk,returnSmokeDamperFb,eo66-dn-v1
rt smk damper position,returnSmokeDamperFb,eo66-dn-v1
rt smk dmper pos,returnSmokeDamperFb,eo66-dn-v1
rt smoke d pos,returnSmokeDamperFb,eo66-dn-v1
rt smoke damper feedback,returnSmokeDamperFb,eo66-dn-v1
rtn smk dmper fbk,returnSmokeDamperFb,eo66-dn-v1
rtn smk dpr pos,returnSmokeDamperFb,eo66-dn-v1
rtn smoke damper feedback,returnSmokeDamperFb,eo66-dn-v1
rtrn smoke dmp fbk,returnSmokeDamperFb,eo66-dn-v1
rtrn smoke dmpr fdbk,returnSmokeDamperFb,eo66-dn-v1
r t mx reset s,returnTempMaxSp,eo66-dn-v1
r temperature mx rst setpt,returnTempMaxSp,eo66-dn-v1
r tmp mx rst stpt,returnTempMaxSp,eo66-dn-v1
ra t max rst spt,returnTempMaxSp,eo66-dn-v1
ra temp mx reset setpoint,returnTempMaxSp,eo66-dn-v1
ra temperature mx reset s,returnTempMaxSp,eo66-dn-v1
ra tmp mx reset set,returnTempMaxSp,eo66-dn-v1
ret t mx rst stpt,returnTempMaxSp,eo66-dn-v1
ret temperature max rst s,returnTempMaxSp,eo66-dn-v1
return temp max reset sp,returnTempMaxSp,eo66-dn-v1
return temp max rst setp,returnTempMaxSp,eo66-dn-v1
return temperature max reset setpoint,returnTempMaxSp,eo66-dn-v1
return temperature mx reset set,returnTempMaxSp,eo66-dn-v1
return temperature mx rst setp,returnTempMaxSp,eo66-dn-v1
return tmp max reset setpt,returnTempMaxSp,eo66-dn-v1
return tmp max rst stpt,returnTempMaxSp,eo66-dn-v1
return tmp mx reset stpt,returnTempMaxSp,eo66-dn-v1
rr t max rst sp,returnTempMaxSp,eo66-dn-v1
rr temp max reset set,returnTempMaxSp,eo66-dn-v1
rr temp mx reset s,returnTempMaxSp,eo66-dn-v1
rr temperature max rst stpt,returnTempMaxSp,eo66-dn-v1
rr tmp max rst sp,returnTempMaxSp,eo66-dn-v1
rr tmp mx reset setp,returnTempMaxSp,eo66-dn-v1
rr tmp mx reset sp,returnTempMaxSp,eo66-dn-v1
rt t mx reset s,returnTempMaxSp,eo66-dn-v1
rt t mx rst setpoint,returnTempMaxSp,eo66-dn-v1
rt temp max reset s,returnTempMaxSp,eo66-dn-v1
rt tmp mx rst spt,returnTempMaxSp,eo66-dn-v1
rtn t max reset s,returnTempMaxSp,eo66-dn-v1
rtn t max rst stpt,returnTempMaxSp,eo66-dn-v1
rtn t mx rst setpt,returnTempMaxSp,eo66-dn-v1
rtn temp mx reset setpoint,returnTempMaxSp,eo66-dn-v1
rtn temperature max reset sp,returnTempMaxSp,eo66-dn-v1
rtn temperature mx rst setpt,returnTempMaxSp,eo66-dn-v1
rtn tmp max rst s,returnTempMaxSp,eo66-dn-v1
rtn tmp mx rst spt,returnTempMaxSp,eo66-dn-v1
rtrn t max reset s,returnTempMaxSp,eo66-dn-v1
rtrn temperature max rst setpoint,returnTempMaxSp,eo66-dn-v1
rtrn temperature max rst spt,returnTempMaxSp,eo66-dn-v1
rtrn tmp mx rst stpt,returnTempMaxSp,eo66-dn-v1
r t min rst stpt,returnTempMinSp,eo66-dn-v1
r temp min reset spt,returnTempMinSp,eo66-dn-v1
r temp min rst setpoint,returnTempMinSp,eo66-dn-v1
r temp min rst stpt,returnTempMinSp,eo66-dn-v1
r temp mn reset setpoint,returnTempMinSp,eo66-dn-v1
r tmp min rst setpoint,returnTempMinSp,eo66-dn-v1
r tmp mn rst sp,returnTempMinSp,eo66-dn-v1
ra t min reset s,returnTempMinSp,eo66-dn-v1
ret t min rst setpt,returnTempMinSp,eo66-dn-v1
ret t mn reset setp,returnTempMinSp,eo66-dn-v1
ret temp min reset set,returnTempMinSp,eo66-dn-v1
ret temp min reset stpt,returnTempMinSp,eo66-dn-v1
ret temperature mn reset setpt,returnTempMinSp,eo66-dn-v1
ret temperature mn rst sp,returnTempMinSp,eo66-dn-v1
ret tmp min reset spt,returnTempMinSp,eo66-dn-v1
return t min reset setpt,returnTempMinSp,eo66-dn-v1
return t min reset sp,returnTempMinSp,eo66-dn-v1
return temp min reset sp,returnTempMinSp,eo66-dn-v1
return temp mn reset stpt,returnTempMinSp,eo66-dn-v1
return temperature min reset setpoint,returnTempMinSp,eo66-dn-v1
return temperature mn reset spt,returnTempMinSp,eo66-dn-v1
rr t min reset spt,returnTempMinSp,eo66-dn-v1
rr t mn reset set,returnTempMinSp,eo66-dn-v1
rr temp mn rst setpoint,returnTempMinSp,eo66-dn-v1
rr temp mn rst spt,returnTempMinSp,eo66-dn-v1
rr temperature mn reset s,returnTempMinSp,eo66-dn-v1
rr temperature mn rst setpt,returnTempMinSp,eo66-dn-v1
rr tmp mn rst spt,returnTempMinSp,eo66-dn-v1
rt temp min rst setpoint,returnTempMinSp,eo66-dn-v1
rt temperature min rst set,returnTempMinSp,eo66-dn-v1
rt temperature min rst setpoint,returnTempMinSp,eo66-dn-v1
rt tmp min reset s,returnTempMinSp,eo66-dn-v1
rtn t min reset setpoint,returnTempMinSp,eo66-dn-v1
rtn temperature min rst spt,returnTempMinSp,eo66-dn-v1
rtn tmp mn rst sp,returnTempMinSp,eo66-dn-v1
rtn tmp mn rst stpt,returnTempMinSp,eo66-dn-v1
rtrn t min reset setp,returnTempMinSp,eo66-dn-v1
rtrn temp mn rst s,returnTempMinSp,eo66-dn-v1
rtrn temperature min reset spt,returnTempMinSp,eo66-dn-v1
rtrn tmp min rst setpt,returnTempMinSp,eo66-dn-v1
rev valv c,reversingValve,eo66-dn-v1
rev valv cmd,reversingValve,eo66-dn-v1
rev valv cmnd,reversingValve,eo66-dn-v1
rev valv command,reversingValve,eo66-dn-v1
rev valve c,reversingValve,eo66-dn-v1
rev valve cmd,reversingValve,eo66-dn-v1
rev valve cmnd,reversingValve,eo66-dn-v1
rev valve command,reversingValve,eo66-dn-v1
rev vlv c,reversingValve,eo66-dn-v1
rev vlv cmd,reversingValve,eo66-dn-v1
rev vlv cmnd,reversingValve,eo66-dn-v1
rev vlv command,reversingValve,eo66-dn-v1
reversing valv c,reversingValve,eo66-dn-v1
reversing valv cmd,reversingValve,eo66-dn-v1
reversing valv cmnd,reversingValve,eo66-dn-v1
reversing valv command,reversingValve,eo66-dn-v1
reversing valve c,reversingValve,eo66-dn-v1
reversing valve cmd,reversingValve,eo66-dn-v1
reversing valve cmnd,reversingValve,eo66-dn-v1
reversing valve command,reversingValve,eo66-dn-v1
reversing vlv c,reversingValve,eo66-dn-v1
reversing vlv cmd,reversingValve,eo66-dn-v1
reversing vlv cmnd,reversingValve,eo66-dn-v1
reversing vlv command,reversingValve,eo66-dn-v1
sec bp flo,secBypassFlow,eo66-dn-v1
sec bp flow,secBypassFlow,eo66-dn-v1
sec bp flw,secBypassFlow,eo66-dn-v1
sec byp flo,secBypassFlow,eo66-dn-v1
sec byp flow,secBypassFlow,eo66-dn-v1
sec byp flw,secBypassFlow,eo66-dn-v1
sec bypass flo,secBypassFlow,eo66-dn-v1
sec bypass flow,secBypassFlow,eo66-dn-v1
sec bypass flw,secBypassFlow,eo66-dn-v1
secondary bp flo,secBypassFlow,eo66-dn-v1
secondary bp flow,secBypassFlow,eo66-dn-v1
secondary bp flw,secBypassFlow,eo66-dn-v1
secondary byp flo,secBypassFlow,eo66-dn-v1
secondary byp flow,secBypassFlow,eo66-dn-v1
secondary byp flw,secBypassFlow,eo66-dn-v1
secondary bypass flo,secBypassFlow,eo66-dn-v1
secondary bypass flow,secBypassFlow,eo66-dn-v1
secondary bypass flw,secBypassFlow,eo66-dn-v1
sec ent bp vlv cmd,secEnteringBypassValve,eo66-dn-v1
sec ent bp vlv command,secEnteringBypassValve,eo66-dn-v1
sec ent byp valv command,secEnteringBypassValve,eo66-dn-v1
sec ent byp valve c,secEnteringBypassValve,eo66-dn-v1
sec ent bypass valv command,secEnteringBypassValve,eo66-dn-v1
sec ent bypass valve cmd,secEnteringBypassValve,eo66-dn-v1
sec ent bypass valve cmnd,secEnteringBypassValve,eo66-dn-v1
sec enter bp valve command,secEnteringBypassValve,eo66-dn-v1
sec enter bp vlv cmd,secEnteringBypassValve,eo66-dn-v1
sec enter byp valve c,secEnteringBypassValve,eo66-dn-v1
sec enter byp vlv cmnd,secEnteringBypassValve,eo66-dn-v1
sec enter bypass valv c,secEnteringBypassValve,eo66-dn-v1
sec enter bypass vlv cmd,secEnteringBypassValve,eo66-dn-v1
sec entering byp vlv command,secEnteringBypassValve,eo66-dn-v1
sec entering bypass valve cmd,secEnteringBypassValve,eo66-dn-v1
sec entering bypass vlv cmnd,secEnteringBypassValve,eo66-dn-v1
sec entr bp valve command,secEnteringBypassValve,eo66-dn-v1
sec entr byp valv command,secEnteringBypassValve,eo66-dn-v1
sec entr bypass vlv command,secEnteringBypassValve,eo66-dn-v1
secondary ent bp valv cmd,secEnteringBypassValve,eo66-dn-v1
secondary ent bp valve cmnd,secEnteringBypassValve,eo66-dn-v1
secondary ent byp vlv cmd,secEnteringBypassValve,eo66-dn-v1
secondary ent bypass valv cmnd,secEnteringBypassValve,eo66-dn-v1
secondary ent bypass valve c,secEnteringBypassValve,eo66-dn-v1
secondary enter bp valve cmnd,secEnteringBypassValve,eo66-dn-v1
secondary enter byp valve c,secEnteringBypassValve,eo66-dn-v1
secondary enter byp vlv cmnd,secEnteringBypassValve,eo66-dn-v1
secondary enter bypass valve c,secEnteringBypassValve,eo66-dn-v1
secondary enter bypass valve command,secEnteringBypassValve,eo66-dn-v1
secondary entering bp valv cmnd,secEnteringBypassValve,eo66-dn-v1
secondary entering byp valv command,secEnteringBypassValve,eo66-dn-v1
secondary entering bypass valv command,secEnteringBypassValve,eo66-dn-v1
secondary entering bypass valve command,secEnteringBypassValve,eo66-dn-v1
secondary entr bp vlv c,secEnteringBypassValve,eo66-dn-v1
secondary entr bp vlv cmnd,secEnteringBypassValve,eo66-dn-v1
secondary entr byp valv command,secEnteringBypassValve,eo66-dn-v1
secondary entr byp valve command,secEnteringBypassValve,eo66-dn-v1
secondary entr byp vlv c,secEnteringBypassValve,eo66-dn-v1
secondary entr bypass vlv cmd,secEnteringBypassValve,eo66-dn-v1
secondary entr bypass vlv command,secEnteringBypassValve,eo66-dn-v1
sec ent bp valv feedback,secEnteringBypassValveFb,eo66-dn-v1
sec ent bp valve pos,secEnteringBypassValveFb,eo66-dn-v1
sec ent bp valve position,secEnteringBypassValveFb,eo66-dn-v1
sec ent byp valv feedback,secEnteringBypassValveFb,eo66-dn-v1
sec ent byp vlv position,secEnteringBypassValveFb,eo66-dn-v1
sec ent bypass valve pos,secEnteringBypassValveFb,eo66-dn-v1
sec enter bp valv fb,secEnteringBypassValveFb,eo66-dn-v1
sec enter byp vlv fbk,secEnteringBypassValveFb,eo66-dn-v1
sec enter bypass valv fdbk,secEnteringBypassValveFb,eo66-dn-v1
sec entering bp valve pos,secEnteringBypassValveFb,eo66-dn-v1
sec entering byp valv pos,secEnteringBypassValveFb,eo66-dn-v1
sec entering byp valve fb,secEnteringBypassValveFb,eo66-dn-v1
sec entering bypass valv fb,secEnteringBypassValveFb,eo66-dn-v1
sec entering bypass valv feedback,secEnteringBypassValveFb,eo66-dn-v1
sec entering bypass valve feedback,secEnteringBypassValveFb,eo66-dn-v1
sec entr bp valv fb,secEnteringBypassValveFb,eo66-dn-v1
sec entr bp vlv fbk,secEnteringBypassValveFb,eo66-dn-v1
sec entr byp valv fbk,secEnteringBypassValveFb,eo66-dn-v1
sec entr byp vlv fbk,secEnteringBypassValveFb,eo66-dn-v1
sec entr byp vlv feedback,secEnteringBypassValveFb,eo66-dn-v1
sec entr byp vlv position,secEnteringBypassValveFb,eo66-dn-v1
secondary ent bp valve pos,secEnteringBypassValveFb,eo66-dn-v1
secondary ent bp vlv position,secEnteringBypassValveFb,eo66-dn-v1
secondary ent bypass valv fb,secEnteringBypassValveFb,eo66-dn-v1
secondary enter bp valv position,secEnteringBypassValveFb,eo66-dn-v1
secondary enter bp valve fdbk,secEnteringBypassValveFb,eo66-dn-v1
secondary enter bypass valve feedback,secEnteringBypassValveFb,eo66-dn-v1
secondary entering bp valv feedback,secEnteringBypassValveFb,eo66-dn-v1
secondary entering bp valv pos,secEnteringBypassValveFb,eo66-dn-v1
secondary entering bp valve fb,secEnteringBypassValveFb,eo66-dn-v1
secondary entering bp vlv position,secEnteringBypassValveFb,eo66-dn-v1
secondary entering byp valve fb,secEnteringBypassValveFb,eo66-dn-v1
secondary entering byp vlv fbk,secEnteringBypassValveFb,eo66-dn-v1
secondary entering bypass valve feedback,secEnteringBypassValveFb,eo66-dn-v1
secondary entering bypass vlv fbk,secEnteringBypassValveFb,eo66-dn-v1
secondary entr bp valve fbk,secEnteringBypassValveFb,eo66-dn-v1
secondary entr bp vlv fb,secEnteringBypassValveFb,eo66-dn-v1
secondary entr byp vlv fdbk,secEnteringBypassValveFb,eo66-dn-v1
secondary entr bypass valv feedback,secEnteringBypassValveFb,eo66-dn-v1
secondary entr bypass valve pos,secEnteringBypassValveFb,eo66-dn-v1
sec ent flo setp,secEnteringFlowSp,eo66-dn-v1
sec ent flow s,secEnteringFlowSp,eo66-dn-v1
sec ent flow set,secEnteringFlowSp,eo66-dn-v1
sec ent flow setp,secEnteringFlowSp,eo66-dn-v1
sec ent flw s,secEnteringFlowSp,eo66-dn-v1
sec ent flw set,secEnteringFlowSp,eo66-dn-v1
sec ent flw setpoint,secEnteringFlowSp,eo66-dn-v1
sec ent flw sp,secEnteringFlowSp,eo66-dn-v1
sec enter flo s,secEnteringFlowSp,eo66-dn-v1
sec enter flo setp,secEnteringFlowSp,eo66-dn-v1
sec enter flo spt,secEnteringFlowSp,eo66-dn-v1
sec enter flow set,secEnteringFlowSp,eo66-dn-v1
sec enter flw s,secEnteringFlowSp,eo66-dn-v1
sec enter flw setp,secEnteringFlowSp,eo66-dn-v1
sec enter flw setpt,secEnteringFlowSp,eo66-dn-v1
sec enter flw spt,secEnteringFlowSp,eo66-dn-v1
sec entering flow sp,secEnteringFlowSp,eo66-dn-v1
sec entering flw set,secEnteringFlowSp,eo66-dn-v1
sec entering flw setp,secEnteringFlowSp,eo66-dn-v1
sec entr flow sp,secEnteringFlowSp,eo66-dn-v1
sec entr flw setp,secEnteringFlowSp,eo66-dn-v1
sec entr flw setpoint,secEnteringFlowSp,eo66-dn-v1
secondary ent flo set,secEnteringFlowSp,eo66-dn-v1
secondary ent flo sp,secEnteringFlowSp,eo66-dn-v1
secondary ent flow stpt,secEnteringFlowSp,eo66-dn-v1
secondary ent flw sp,secEnteringFlowSp,eo66-dn-v1
secondary ent flw stpt,secEnteringFlowSp,eo66-dn-v1
secondary enter flo s,secEnteringFlowSp,eo66-dn-v1
secondary enter flo setpoint,secEnteringFlowSp,eo66-dn-v1
secondary enter flow s,secEnteringFlowSp,eo66-dn-v1
secondary entering flo setpt,secEnteringFlowSp,eo66-dn-v1
secondary entering flow setpoint,secEnteringFlowSp,eo66-dn-v1
secondary entering flow sp,secEnteringFlowSp,eo66-dn-v1
secondary entering flw setpoint,secEnteringFlowSp,eo66-dn-v1
secondary entering flw setpt,secEnteringFlowSp,eo66-dn-v1
secondary entr flo setpoint,secEnteringFlowSp,eo66-dn-v1
secondary entr flo spt,secEnteringFlowSp,eo66-dn-v1
secondary entr flow s,secEnteringFlowSp,eo66-dn-v1
secondary entr flow setpoint,secEnteringFlowSp,eo66-dn-v1
secondary entr flow spt,secEnteringFlowSp,eo66-dn-v1
sec ent valv c,secEnteringValve,eo66-dn-v1
sec ent valv cmnd,secEnteringValve,eo66-dn-v1
sec ent valve c,secEnteringValve,eo66-dn-v1
sec ent valve command,secEnteringValve,eo66-dn-v1
sec ent vlv command,secEnteringValve,eo66-dn-v1
sec enter valv c,secEnteringValve,eo66-dn-v1
sec enter valv cmnd,secEnteringValve,eo66-dn-v1
sec enter valve cmd,secEnteringValve,eo66-dn-v1
sec enter valve command,secEnteringValve,eo66-dn-v1
sec enter vlv c,secEnteringValve,eo66-dn-v1
sec enter vlv cmnd,secEnteringValve,eo66-dn-v1
sec entering valv cmnd,secEnteringValve,eo66-dn-v1
sec entering valve c,secEnteringValve,eo66-dn-v1
sec entering valve cmd,secEnteringValve,eo66-dn-v1
sec entering valve cmnd,secEnteringValve,eo66-dn-v1
sec entering vlv c,secEnteringValve,eo66-dn-v1
sec entr valv command,secEnteringValve,eo66-dn-v1
sec entr valve cmd,secEnteringValve,eo66-dn-v1
sec entr valve command,secEnteringValve,eo66-dn-v1
secondary ent valv c,secEnteringValve,eo66-dn-v1
secondary ent valv command,secEnteringValve,eo66-dn-v1
secondary ent valve cmd,secEnteringValve,eo66-dn-v1
secondary ent valve cmnd,secEnteringValve,eo66-dn-v1
secondary ent valve command,secEnteringValve,eo66-dn-v1
secondary ent vlv c,secEnteringValve,eo66-dn-v1
secondary enter valve c,secEnteringValve,eo66-dn-v1
secondary enter valve cmnd,secEnteringValve,eo66-dn-v1
secondary enter valve command,secEnteringValve,eo66-dn-v1
secondary enter vlv c,secEnteringValve,eo66-dn-v1
secondary enter vlv cmd,secEnteringValve,eo66-dn-v1
secondary enter vlv command,secEnteringValve,eo66-dn-v1
secondary entering valv cmd,secEnteringValve,eo66-dn-v1
secondary entering valv command,secEnteringValve,eo66-dn-v1
secondary entering valve cmd,secEnteringValve,eo66-dn-v1
secondary entering valve cmnd,secEnteringValve,eo66-dn-v1
secondary entering valve command,secEnteringValve,eo66-dn-v1
secondary entering vlv c,secEnteringValve,eo66-dn-v1
secondary entering vlv cmd,secEnteringValve,eo66-dn-v1
secondary entr valv cmd,secEnteringValve,eo66-dn-v1
secondary entr vlv c,secEnteringValve,eo66-dn-v1
sec flo s,secFlowStatus,eo66-dn-v1
sec flo st,secFlowStatus,eo66-dn-v1
sec flo stat,secFlowStatus,eo66-dn-v1
sec flo status,secFlowStatus,eo66-dn-v1
sec flo sts,secFlowStatus,eo66-dn-v1
sec flow s,secFlowStatus,eo66-dn-v1
sec flow st,secFlowStatus,eo66-dn-v1
sec flow stat,secFlowStatus,eo66-dn-v1
sec flow status,secFlowStatus,eo66-dn-v1
sec flow sts,secFlowStatus,eo66-dn-v1
sec flw s,secFlowStatus,eo66-dn-v1
sec flw st,secFlowStatus,eo66-dn-v1
sec flw stat,secFlowStatus,eo66-dn-v1
sec flw status,secFlowStatus,eo66-dn-v1
sec flw sts,secFlowStatus,eo66-dn-v1
secondary flo s,secFlowStatus,eo66-dn-v1
secondary flo st,secFlowStatus,eo66-dn-v1
secondary flo stat,secFlowStatus,eo66-dn-v1
secondary flo status,secFlowStatus,eo66-dn-v1
secondary flo sts,secFlowStatus,eo66-dn-v1
secondary flow s,secFlowStatus,eo66-dn-v1
secondary flow st,secFlowStatus,eo66-dn-v1
secondary flow stat,secFlowStatus,eo66-dn-v1
secondary flow status,secFlowStatus,eo66-dn-v1
secondary flow sts,secFlowStatus,eo66-dn-v1
secondary flw s,secFlowStatus,eo66-dn-v1
secondary flw st,secFlowStatus,eo66-dn-v1
secondary flw stat,secFlowStatus,eo66-dn-v1
secondary flw status,secFlowStatus,eo66-dn-v1
secondary flw sts,secFlowStatus,eo66-dn-v1
sec leav bp valv cmnd,secLeavingBypassValve,eo66-dn-v1
sec leav bp valve cmd,secLeavingBypassValve,eo66-dn-v1
sec leav bp valve command,secLeavingBypassValve,eo66-dn-v1
sec leav bypass valve c,secLeavingBypassValve,eo66-dn-v1
sec leav bypass vlv cmd,secLeavingBypassValve,eo66-dn-v1
sec leaving bp valv c,secLeavingBypassValve,eo66-dn-v1
sec leaving byp vlv cmnd,secLeavingBypassValve,eo66-dn-v1
sec leaving bypass valve cmd,secLeavingBypassValve,eo66-dn-v1
sec leaving bypass vlv cmd,secLeavingBypassValve,eo66-dn-v1
sec lv bp valv command,secLeavingBypassValve,eo66-dn-v1
sec lv byp vlv cmnd,secLeavingBypassValve,eo66-dn-v1
sec lv bypass valv c,secLeavingBypassValve,eo66-dn-v1
sec lv bypass valv command,secLeavingBypassValve,eo66-dn-v1
sec lv bypass valve command,secLeavingBypassValve,eo66-dn-v1
sec lvg bp valv command,secLeavingBypassValve,eo66-dn-v1
sec lvg byp valv cmd,secLeavingBypassValve,eo66-dn-v1
sec lvg byp valv command,secLeavingBypassValve,eo66-dn-v1
sec lvg byp vlv cmd,secLeavingBypassValve,eo66-dn-v1
sec lvg bypass valve cmd,secLeavingBypassValve,eo66-dn-v1
sec lvg bypass valve cmnd,secLeavingBypassValve,eo66-dn-v1
sec sup bp valve cmnd,secLeavingBypassValve,eo66-dn-v1
sec sup byp valv c,secLeavingBypassValve,eo66-dn-v1
sec sup byp valv cmnd,secLeavingBypassValve,eo66-dn-v1
sec sup bypass valv c,secLeavingBypassValve,eo66-dn-v1
sec sup bypass valv cmnd,secLeavingBypassValve,eo66-dn-v1
sec sup bypass vlv c,secLeavingBypassValve,eo66-dn-v1
secondary leav bypass valve cmd,secLeavingBypassValve,eo66-dn-v1
secondary leav bypass vlv c,secLeavingBypassValve,eo66-dn-v1
secondary leav bypass vlv cmnd,secLeavingBypassValve,eo66-dn-v1
secondary leaving bp valv c,secLeavingBypassValve,eo66-dn-v1
secondary leaving bp valve command,secLeavingBypassValve,eo66-dn-v1
secondary leaving bypass valve command,secLeavingBypassValve,eo66-dn-v1
secondary lv bypass valv command,secLeavingBypassValve,eo66-dn-v1
secondary lvg bp valv cmd,secLeavingBypassValve,eo66-dn-v1
secondary lvg bp valve cmd,secLeavingBypassValve,eo66-dn-v1
secondary lvg byp valv cmd,secLeavingBypassValve,eo66-dn-v1
secondary lvg byp vlv cmd,secLeavingBypassValve,eo66-dn-v1
secondary sup byp valv command,secLeavingBypassValve,eo66-dn-v1
secondary sup byp vlv command,secLeavingBypassValve,eo66-dn-v1
secondary sup bypass valve c,secLeavingBypassValve,eo66-dn-v1
sec leav flo mx stpt,secLeavingFlowMaxSp,eo66-dn-v1
sec leav flow max s,secLeavingFlowMaxSp,eo66-dn-v1
sec leav flw mx setpt,secLeavingFlowMaxSp,eo66-dn-v1
sec leaving flo max setpoint,secLeavingFlowMaxSp,eo66-dn-v1
sec leaving flo max stpt,secLeavingFlowMaxSp,eo66-dn-v1
sec leaving flo mx setpoint,secLeavingFlowMaxSp,eo66-dn-v1
sec leaving flo mx spt,secLeavingFlowMaxSp,eo66-dn-v1
sec leaving flow max setpt,secLeavingFlowMaxSp,eo66-dn-v1
sec leaving flow max sp,secLeavingFlowMaxSp,eo66-dn-v1
sec leaving flow mx stpt,secLeavingFlowMaxSp,eo66-dn-v1
sec leaving flw max setp,secLeavingFlowMaxSp,eo66-dn-v1
sec leaving flw mx s,secLeavingFlowMaxSp,eo66-dn-v1
sec leaving flw mx setpt,secLeavingFlowMaxSp,eo66-dn-v1
sec lv flo mx set,secLeavingFlowMaxSp,eo66-dn-v1
sec lv flw mx setp,secLeavingFlowMaxSp,eo66-dn-v1
sec lvg flo max setp,secLeavingFlowMaxSp,eo66-dn-v1
sec lvg flo max setpt,secLeavingFlowMaxSp,eo66-dn-v1
sec lvg flo max spt,secLeavingFlowMaxSp,eo66-dn-v1
sec lvg flow mx stpt,secLeavingFlowMaxSp,eo66-dn-v1
sec lvg flw max setpt,secLeavingFlowMaxSp,eo66-dn-v1
sec lvg flw mx setp,secLeavingFlowMaxSp,eo66-dn-v1
sec sup flo mx s,secLeavingFlowMaxSp,eo66-dn-v1
sec sup flow max setpt,secLeavingFlowMaxSp,eo66-dn-v1
sec sup flw mx setp,secLeavingFlowMaxSp,eo66-dn-v1
secondary leav flo max setp,secLeavingFlowMaxSp,eo66-dn-v1
secondary leav flo mx set,secLeavingFlowMaxSp,eo66-dn-v1
secondary leav flow max setp,secLeavingFlowMaxSp,eo66-dn-v1
secondary leav flow mx set,secLeavingFlowMaxSp,eo66-dn-v1
secondary leav flw mx sp,secLeavingFlowMaxSp,eo66-dn-v1
secondary leav flw mx stpt,secLeavingFlowMaxSp,eo66-dn-v1
secondary leaving flo max s,secLeavingFlowMaxSp,eo66-dn-v1
secondary leaving flow max setpoint,secLeavingFlowMaxSp,eo66-dn-v1
secondary lv flo mx setp,secLeavingFlowMaxSp,eo66-dn-v1
secondary lv flo mx stpt,secLeavingFlowMaxSp,eo66-dn-v1
secondary lv flw mx setpt,secLeavingFlowMaxSp,eo66-dn-v1
secondary lvg flow max sp,secLeavingFlowMaxSp,eo66-dn-v1
secondary sup flow mx s,secLeavingFlowMaxSp,eo66-dn-v1
secondary sup flow mx setp,secLeavingFlowMaxSp,eo66-dn-v1
secondary sup flow mx sp,secLeavingFlowMaxSp,eo66-dn-v1
secondary sup flw mx set,secLeavingFlowMaxSp,eo66-dn-v1
sec leav flo mn setpoint,secLeavingFlowMinSp,eo66-dn-v1
sec leav flow mn spt,secLeavingFlowMinSp,eo66-dn-v1
sec leav flw min spt,secLeavingFlowMinSp,eo66-dn-v1
sec leaving flo min setp,secLeavingFlowMinSp,eo66-dn-v1
sec leaving flo min setpt,secLeavingFlowMinSp,eo66-dn-v1
sec leaving flo min sp,secLeavingFlowMinSp,eo66-dn-v1
sec leaving flo mn s,secLeavingFlowMinSp,eo66-dn-v1
sec leaving flo mn setpoint,secLeavingFlowMinSp,eo66-dn-v1
sec leaving flow min setpt,secLeavingFlowMinSp,eo66-dn-v1
sec leaving flow min sp,secLeavingFlowMinSp,eo66-dn-v1
sec leaving flow min spt,secLeavingFlowMinSp,eo66-dn-v1
sec leaving flow mn sp,secLeavingFlowMinSp,eo66-dn-v1
sec leaving flw min set,secLeavingFlowMinSp,eo66-dn-v1
sec leaving flw mn set,secLeavingFlowMinSp,eo66-dn-v1
sec lv flo mn setpoint,secLeavingFlowMinSp,eo66-dn-v1
sec lv flow min setpt,secLeavingFlowMinSp,eo66-dn-v1
sec lv flw min s,secLeavingFlowMinSp,eo66-dn-v1
sec lv flw mn setpt,secLeavingFlowMinSp,eo66-dn-v1
sec lvg flow min setpt,secLeavingFlowMinSp,eo66-dn-v1
sec lvg flow min spt,secLeavingFlowMinSp,eo66-dn-v1
sec sup flo min setpoint,secLeavingFlowMinSp,eo66-dn-v1
sec sup flo mn setp,secLeavingFlowMinSp,eo66-dn-v1
sec sup flo mn sp,secLeavingFlowMinSp,eo66-dn-v1
sec sup flw mn setp,secLeavingFlowMinSp,eo66-dn-v1
secondary leav flo mn setpt,secLeavingFlowMinSp,eo66-dn-v1
secondary leav flo mn sp,secLeavingFlowMinSp,eo66-dn-v1
secondary leav flow min stpt,secLeavingFlowMinSp,eo66-dn-v1
secondary leav flow mn sp,secLeavingFlowMinSp,eo66-dn-v1
secondary leav flw mn setpt,secLeavingFlowMinSp,eo66-dn-v1
secondary leaving flow min setpoint,secLeavingFlowMinSp,eo66-dn-v1
secondary leaving flow min setpt,secLeavingFlowMinSp,eo66-dn-v1
secondary leaving flow mn setpt,secLeavingFlowMinSp,eo66-dn-v1
secondary leaving flow mn stpt,secLeavingFlowMinSp,eo66-dn-v1
secondary leaving flw mn s,secLeavingFlowMinSp,eo66-dn-v1
secondary lv flow min s,secLeavingFlowMinSp,eo66-dn-v1
secondary lvg flo mn s,secLeavingFlowMinSp,eo66-dn-v1
secondary lvg flow min sp,secLeavingFlowMinSp,eo66-dn-v1
secondary lvg flw min spt,secLeavingFlowMinSp,eo66-dn-v1
secondary lvg flw min stpt,secLeavingFlowMinSp,eo66-dn-v1
secondary sup flo mn stpt,secLeavingFlowMinSp,eo66-dn-v1
sec leav flo setp,secLeavingFlowSp,eo66-dn-v1
sec leav flw setpt,secLeavingFlowSp,eo66-dn-v1
sec leaving flo setpoint,secLeavingFlowSp,eo66-dn-v1
sec leaving flo setpt,secLeavingFlowSp,eo66-dn-v1
sec leaving flow setpt,secLeavingFlowSp,eo66-dn-v1
sec leaving flow sp,secLeavingFlowSp,eo66-dn-v1
sec leaving flw set,secLeavingFlowSp,eo66-dn-v1
sec lv flo setpt,secLeavingFlowSp,eo66-dn-v1
sec lv flow set,secLeavingFlowSp,eo66-dn-v1
sec lv flow stpt,secLeavingFlowSp,eo66-dn-v1
sec lv flw sp,secLeavingFlowSp,eo66-dn-v1
sec lv flw stpt,secLeavingFlowSp,eo66-dn-v1
sec lvg flo setpoint,secLeavingFlowSp,eo66-dn-v1
sec lvg flow set,secLeavingFlowSp,eo66-dn-v1
sec lvg flw set,secLeavingFlowSp,eo66-dn-v1
sec lvg flw setpt,secLeavingFlowSp,eo66-dn-v1
sec sup flo stpt,secLeavingFlowSp,eo66-dn-v1
sec sup flow setpoint,secLeavingFlowSp,eo66-dn-v1
secondary leav flo setpoint,secLeavingFlowSp,eo66-dn-v1
secondary leav flow setpoint,secLeavingFlowSp,eo66-dn-v1
secondary leav flow stpt,secLeavingFlowSp,eo66-dn-v1
secondary leav flw setp,secLeavingFlowSp,eo66-dn-v1
secondary leav flw sp,secLeavingFlowSp,eo66-dn-v1
secondary leav flw stpt,secLeavingFlowSp,eo66-dn-v1
secondary leaving flow setpoint,secLeavingFlowSp,eo66-dn-v1
secondary leaving flow stpt,secLeavingFlowSp,eo66-dn-v1
secondary lv flo setpt,secLeavingFlowSp,eo66-dn-v1
secondary lv flow setpoint,secLeavingFlowSp,eo66-dn-v1
secondary lv flw s,secLeavingFlowSp,eo66-dn-v1
secondary lv flw sp,secLeavingFlowSp,eo66-dn-v1
secondary lvg flo spt,secLeavingFlowSp,eo66-dn-v1
secondary lvg flow sp,secLeavingFlowSp,eo66-dn-v1
secondary lvg flow spt,secLeavingFlowSp,eo66-dn-v1
secondary lvg flw spt,secLeavingFlowSp,eo66-dn-v1
secondary sup flo s,secLeavingFlowSp,eo66-dn-v1
secondary sup flo setp,secLeavingFlowSp,eo66-dn-v1
secondary sup flo spt,secLeavingFlowSp,eo66-dn-v1
secondary sup flow setpt,secLeavingFlowSp,eo66-dn-v1
secondary sup flw set,secLeavingFlowSp,eo66-dn-v1
secondary sup flw setpoint,secLeavingFlowSp,eo66-dn-v1
sec leav p max reset set,secLeavingPressureMaxSp,eo66-dn-v1
sec leav pr max reset sp,secLeavingPressureMaxSp,eo66-dn-v1
sec leav prs max reset s,secLeavingPressureMaxSp,eo66-dn-v1
sec leav prs max reset setp,secLeavingPressureMaxSp,eo66-dn-v1
sec leaving presr max reset setpt,secLeavingPressureMaxSp,eo66-dn-v1
sec leaving press max reset sp,secLeavingPressureMaxSp,eo66-dn-v1
sec leaving pressure mx rst setpoint,secLeavingPressureMaxSp,eo66-dn-v1
sec lv p mx reset set,secLeavingPressureMaxSp,eo66-dn-v1
sec lv press mx rst stpt,secLeavingPressureMaxSp,eo66-dn-v1
sec lv pressure max reset spt,secLeavingPressureMaxSp,eo66-dn-v1
sec lvg p mx reset set,secLeavingPressureMaxSp,eo66-dn-v1
sec lvg pres max reset s,secLeavingPressureMaxSp,eo66-dn-v1
sec sup pr max rst s,secLeavingPressureMaxSp,eo66-dn-v1
sec sup pr max rst set,secLeavingPressureMaxSp,eo66-dn-v1
sec sup pr mx reset s,secLeavingPressureMaxSp,eo66-dn-v1
sec sup pres mx rst setpoint,secLeavingPressureMaxSp,eo66-dn-v1
sec sup presr max rst setpoint,secLeavingPressureMaxSp,eo66-dn-v1
sec sup presr max rst sp,secLeavingPressureMaxSp,eo66-dn-v1
secondary leav pr max rst spt,secLeavingPressureMaxSp,eo66-dn-v1
secondary leav pres mx rst setp,secLeavingPressureMaxSp,eo66-dn-v1
secondary leav pressure mx reset stpt,secLeavingPressureMaxSp,eo66-dn-v1
secondary leaving p mx rst setpoint,secLeavingPressureMaxSp,eo66-dn-v1
secondary leaving pr max rst sp,secLeavingPressureMaxSp,eo66-dn-v1
secondary leaving pres max reset set,secLeavingPressureMaxSp,eo66-dn-v1
secondary leaving pres max rst set,secLeavingPressureMaxSp,eo66-dn-v1
secondary leaving pres mx reset s,secLeavingPressureMaxSp,eo66-dn-v1
secondary leaving pressure max reset setp,secLeavingPressureMaxSp,eo66-dn-v1
secondary leaving pressure max reset setpoint,secLeavingPressureMaxSp,eo66-dn-v1
secondary lv p mx reset stpt,secLeavingPressureMaxSp,eo66-dn-v1
secondary lv pr max reset stpt,secLeavingPressureMaxSp,eo66-dn-v1
secondary lv pres max reset set,secLeavingPressureMaxSp,eo66-dn-v1
secondary lv presr max reset set,secLeavingPressureMaxSp,eo66-dn-v1
secondary lv press mx reset stpt,secLeavingPressureMaxSp,eo66-dn-v1
secondary lv pressure mx rst setp,secLeavingPressureMaxSp,eo66-dn-v1
secondary lv prs max rst spt,secLeavingPressureMaxSp,eo66-dn-v1
secondary lvg pr max rst spt,secLeavingPressureMaxSp,eo66-dn-v1
secondary lvg pres max rst s,secLeavingPressureMaxSp,eo66-dn-v1
secondary lvg presr mx rst setp,secLeavingPressureMaxSp,eo66-dn-v1
secondary sup presr mx reset sp,secLeavingPressureMaxSp,eo66-dn-v1
secondary sup presr mx rst spt,secLeavingPressureMaxSp,eo66-dn-v1
sec leav presr min rst setpoint,secLeavingPressureMinSp,eo66-dn-v1
sec leav prs min reset spt,secLeavingPressureMinSp,eo66-dn-v1
sec leaving presr mn rst stpt,secLeavingPressureMinSp,eo66-dn-v1
sec leaving press min reset sp,secLeavingPressureMinSp,eo66-dn-v1
sec lv p mn reset setp,secLeavingPressureMinSp,eo66-dn-v1
sec lv pr mn reset spt,secLeavingPressureMinSp,eo66-dn-v1
sec lv press mn reset s,secLeavingPressureMinSp,eo66-dn-v1
sec lv pressure min reset stpt,secLeavingPressureMinSp,eo66-dn-v1
sec lv prs min rst s,secLeavingPressureMinSp,eo66-dn-v1
sec lvg pres min rst spt,secLeavingPressureMinSp,eo66-dn-v1
sec lvg prs min reset set,secLeavingPressureMinSp,eo66-dn-v1
sec sup p min rst setpoint,secLeavingPressureMinSp,eo66-dn-v1
sec sup p mn reset setp,secLeavingPressureMinSp,eo66-dn-v1
sec sup p mn rst sp,secLeavingPressureMinSp,eo66-dn-v1
sec sup pres min rst setp,secLeavingPressureMinSp,eo66-dn-v1
sec sup pressure min reset stpt,secLeavingPressureMinSp,eo66-dn-v1
secondary leav pr mn reset stpt,secLeavingPressureMinSp,eo66-dn-v1
secondary leav pres min reset setpt,secLeavingPressureMinSp,eo66-dn-v1
secondary leav pres mn rst setpt,secLeavingPressureMinSp,eo66-dn-v1
secondary leav presr min reset set,secLeavingPressureMinSp,eo66-dn-v1
secondary leav prs min reset s,secLeavingPressureMinSp,eo66-dn-v1
secondary leaving pr mn rst setpt,secLeavingPressureMinSp,eo66-dn-v1
secondary leaving presr mn rst sp,secLeavingPressureMinSp,eo66-dn-v1
secondary leaving pressure min reset setpoint,secLeavingPressureMinSp,eo66-dn-v1
secondary lv pr mn reset setp,secLeavingPressureMinSp,eo66-dn-v1
secondary lv pres mn reset setpt,secLeavingPressureMinSp,eo66-dn-v1
secondary lv pressure mn rst spt,secLeavingPressureMinSp,eo66-dn-v1
secondary lvg pr min rst setp,secLeavingPressureMinSp,eo66-dn-v1
secondary lvg pr mn rst s,secLeavingPressureMinSp,eo66-dn-v1
secondary lvg pres min rst setp,secLeavingPressureMinSp,eo66-dn-v1
secondary lvg presr min rst stpt,secLeavingPressureMinSp,eo66-dn-v1
secondary lvg presr mn reset setpt,secLeavingPressureMinSp,eo66-dn-v1
secondary sup p min rst setpoint,secLeavingPressureMinSp,eo66-dn-v1
secondary sup p mn reset setpt,secLeavingPressureMinSp,eo66-dn-v1
secondary sup pr min rst spt,secLeavingPressureMinSp,eo66-dn-v1
secondary sup presr min rst s,secLeavingPressureMinSp,eo66-dn-v1
secondary sup press mn reset stpt,secLeavingPressureMinSp,eo66-dn-v1
secondary sup press mn rst setpoint,secLeavingPressureMinSp,eo66-dn-v1
secondary sup press mn rst spt,secLeavingPressureMinSp,eo66-dn-v1
secondary sup pressure mn reset sp,secLeavingPressureMinSp,eo66-dn-v1
sec leav t high stpt,secLeavingTempHiSp,eo66-dn-v1
sec leav temp high setpt,secLeavingTempHiSp,eo66-dn-v1
sec leav tmp hi s,secLeavingTempHiSp,eo66-dn-v1
sec leav tmp hi setpt,secLeavingTempHiSp,eo66-dn-v1
sec leaving temp hi sp,secLeavingTempHiSp,eo66-dn-v1
sec leaving temperature hi stpt,secLeavingTempHiSp,eo66-dn-v1
sec lv t hi setpoint,secLeavingTempHiSp,eo66-dn-v1
sec lv t high setpoint,secLeavingTempHiSp,eo66-dn-v1
sec lv temperature h set,secLeavingTempHiSp,eo66-dn-v1
sec lv temperature hi setpt,secLeavingTempHiSp,eo66-dn-v1
sec lvg t hi s,secLeavingTempHiSp,eo66-dn-v1
sec lvg t hi setpt,secLeavingTempHiSp,eo66-dn-v1
sec lvg temperature h s,secLeavingTempHiSp,eo66-dn-v1
sec lvg temperature high sp,secLeavingTempHiSp,eo66-dn-v1
sec lvg tmp hi set,secLeavingTempHiSp,eo66-dn-v1
sec lvg tmp high setpt,secLeavingTempHiSp,eo66-dn-v1
sec sup t hi stpt,secLeavingTempHiSp,eo66-dn-v1
sec sup temp hi set,secLeavingTempHiSp,eo66-dn-v1
sec sup tmp high setpoint,secLeavingTempHiSp,eo66-dn-v1
secondary leav temp high setpoint,secLeavingTempHiSp,eo66-dn-v1
secondary leav temp high stpt,secLeavingTempHiSp,eo66-dn-v1
secondary leaving t h setpoint,secLeavingTempHiSp,eo66-dn-v1
secondary leaving t hi stpt,secLeavingTempHiSp,eo66-dn-v1
secondary leaving temp high setpoint,secLeavingTempHiSp,eo66-dn-v1
secondary leaving temperature h setpt,secLeavingTempHiSp,eo66-dn-v1
secondary leaving temperature hi set,secLeavingTempHiSp,eo66-dn-v1
secondary leaving temperature high setpoint,secLeavingTempHiSp,eo66-dn-v1
secondary lv t hi s,secLeavingTempHiSp,eo66-dn-v1
secondary lv t hi sp,secLeavingTempHiSp,eo66-dn-v1
secondary lv t high stpt,secLeavingTempHiSp,eo66-dn-v1
secondary lv temp hi set,secLeavingTempHiSp,eo66-dn-v1
secondary lv temperature h setpoint,secLeavingTempHiSp,eo66-dn-v1
secondary lv temperature high setpoint,secLeavingTempHiSp,eo66-dn-v1
secondary lv tmp h setpoint,secLeavingTempHiSp,eo66-dn-v1
secondary lv tmp high set,secLeavingTempHiSp,eo66-dn-v1
secondary lvg t h set,secLeavingTempHiSp,eo66-dn-v1
secondary lvg t hi setpoint,secLeavingTempHiSp,eo66-dn-v1
secondary lvg temp h set,secLeavingTempHiSp,eo66-dn-v1
secondary lvg tmp hi setp,secLeavingTempHiSp,eo66-dn-v1
secondary sup t high setpoint,secLeavingTempHiSp,eo66-dn-v1
sec leav t lo sp,secLeavingTempLoSp,eo66-dn-v1
sec leav t low spt,secLeavingTempLoSp,eo66-dn-v1
sec leav temp l spt,secLeavingTempLoSp,eo66-dn-v1
sec leav temp low sp,secLeavingTempLoSp,eo66-dn-v1
sec leaving temp lo sp,secLeavingTempLoSp,eo66-dn-v1
sec leaving temp lo stpt,secLeavingTempLoSp,eo66-dn-v1
sec lv temp low setp,secLeavingTempLoSp,eo66-dn-v1
sec lv tmp l s,secLeavingTempLoSp,eo66-dn-v1
sec lv tmp low s,secLeavingTempLoSp,eo66-dn-v1
sec lvg t l s,secLeavingTempLoSp,eo66-dn-v1
sec lvg t lo setpoint,secLeavingTempLoSp,eo66-dn-v1
sec lvg t low setpoint,secLeavingTempLoSp,eo66-dn-v1
sec lvg temp low s,secLeavingTempLoSp,eo66-dn-v1
sec lvg tmp l s,secLeavingTempLoSp,eo66-dn-v1
sec lvg tmp low set,secLeavingTempLoSp,eo66-dn-v1
sec sup t lo sp,secLeavingTempLoSp,eo66-dn-v1
sec sup tmp lo stpt,secLeavingTempLoSp,eo66-dn-v1
secondary leav temp lo sp,secLeavingTempLoSp,eo66-dn-v1
secondary leav tmp lo stpt,secLeavingTempLoSp,eo66-dn-v1
secondary leaving t l stpt,secLeavingTempLoSp,eo66-dn-v1
secondary leaving t lo sp,secLeavingTempLoSp,eo66-dn-v1
secondary leaving temp l stpt,secLeavingTempLoSp,eo66-dn-v1
secondary leaving temperature l setp,secLeavingTempLoSp,eo66-dn-v1
secondary leaving temperature low setpoint,secLeavingTempLoSp,eo66-dn-v1
secondary leaving tmp l setpoint,secLeavingTempLoSp,eo66-dn-v1
secondary leaving tmp lo set,secLeavingTempLoSp,eo66-dn-v1
secondary leaving tmp lo stpt,secLeavingTempLoSp,eo66-dn-v1
secondary lv t lo spt,secLeavingTempLoSp,eo66-dn-v1
secondary lv temp l stpt,secLeavingTempLoSp,eo66-dn-v1
secondary lv temperature lo sp,secLeavingTempLoSp,eo66-dn-v1
secondary lvg t low s,secLeavingTempLoSp,eo66-dn-v1
secondary lvg t low setpt,secLeavingTempLoSp,eo66-dn-v1
secondary lvg temp l stpt,secLeavingTempLoSp,eo66-dn-v1
secondary lvg temperature l s,secLeavingTempLoSp,eo66-dn-v1
secondary lvg temperature low set,secLeavingTempLoSp,eo66-dn-v1
secondary lvg tmp lo setpoint,secLeavingTempLoSp,eo66-dn-v1
secondary sup t l s,secLeavingTempLoSp,eo66-dn-v1
secondary sup temp lo set,secLeavingTempLoSp,eo66-dn-v1
secondary sup temp lo setp,secLeavingTempLoSp,eo66-dn-v1
secondary sup temp lo setpt,secLeavingTempLoSp,eo66-dn-v1
sec leav t max rst stpt,secLeavingTempMaxSp,eo66-dn-v1
sec leav temp max rst stpt,secLeavingTempMaxSp,eo66-dn-v1
sec leav temp mx rst s,secLeavingTempMaxSp,eo66-dn-v1
sec leav temp mx rst sp,secLeavingTempMaxSp,eo66-dn-v1
sec leav temperature max reset setpt,secLeavingTempMaxSp,eo66-dn-v1
sec leav temperature max rst spt,secLeavingTempMaxSp,eo66-dn-v1
sec leaving t mx rst spt,secLeavingTempMaxSp,eo66-dn-v1
sec leaving temp max reset sp,secLeavingTempMaxSp,eo66-dn-v1
sec leaving temp mx reset spt,secLeavingTempMaxSp,eo66-dn-v1
sec leaving temperature max reset set,secLeavingTempMaxSp,eo66-dn-v1
sec leaving temperature max reset sp,secLeavingTempMaxSp,eo66-dn-v1
sec leaving temperature max reset spt,secLeavingTempMaxSp,eo66-dn-v1
sec leaving tmp mx reset setpt,secLeavingTempMaxSp,eo66-dn-v1
sec leaving tmp mx rst setpt,secLeavingTempMaxSp,eo66-dn-v1
sec lv temperature mx rst spt,secLeavingTempMaxSp,eo66-dn-v1
sec sup t mx reset setp,secLeavingTempMaxSp,eo66-dn-v1
sec sup temp mx rst spt,secLeavingTempMaxSp,eo66-dn-v1
secondary leav t max reset stpt,secLeavingTempMaxSp,eo66-dn-v1
secondary leav temp max reset stpt,secLeavingTempMaxSp,eo66-dn-v1
secondary leav temperature mx rst set,secLeavingTempMaxSp,eo66-dn-v1
secondary leaving t max reset spt,secLeavingTempMaxSp,eo66-dn-v1
secondary leaving t mx reset set,secLeavingTempMaxSp,eo66-dn-v1
secondary leaving temperature max reset setpoint,secLeavingTempMaxSp,eo66-dn-v1
secondary leaving tmp max reset setpt,secLeavingTempMaxSp,eo66-dn-v1
secondary lv temp max rst s,secLeavingTempMaxSp,eo66-dn-v1
secondary lv temp mx rst setpt,secLeavingTempMaxSp,eo66-dn-v1
secondary lv temperature max rst setpt,secLeavingTempMaxSp,eo66-dn-v1
secondary lv temperature mx rst set,secLeavingTempMaxSp,eo66-dn-v1
secondary lv tmp max reset set,secLeavingTempMaxSp,eo66-dn-v1
secondary lv tmp mx reset sp,secLeavingTempMaxSp,eo66-dn-v1
secondary lvg t max reset setpt,secLeavingTempMaxSp,eo66-dn-v1
secondary lvg t mx reset sp,secLeavingTempMaxSp,eo66-dn-v1
secondary lvg temperature max reset stpt,secLeavingTempMaxSp,eo66-dn-v1
secondary lvg tmp max rst stpt,secLeavingTempMaxSp,eo66-dn-v1
secondary sup temp mx rst setpt,secLeavingTempMaxSp,eo66-dn-v1
secondary sup temperature max rst spt,secLeavingTempMaxSp,eo66-dn-v1
secondary sup temperature mx reset spt,secLeavingTempMaxSp,eo66-dn-v1
secondary sup temperature mx reset stpt,secLeavingTempMaxSp,eo66-dn-v1
secondary sup tmp max rst setp,secLeavingTempMaxSp,eo66-dn-v1
secondary sup tmp max rst spt,secLeavingTempMaxSp,eo66-dn-v1
sec leav temp mn reset stpt,secLeavingTempMinSp,eo66-dn-v1
sec leav temperature min rst s,secLeavingTempMinSp,eo66-dn-v1
sec leav tmp mn reset set,secLeavingTempMinSp,eo66-dn-v1
sec leav tmp mn rst stpt,secLeavingTempMinSp,eo66-dn-v1
sec leaving temp min reset sp,secLeavingTempMinSp,eo66-dn-v1
sec leaving temp min rst setpoint,secLeavingTempMinSp,eo66-dn-v1
sec leaving temp min rst setpt,secLeavingTempMinSp,eo66-dn-v1
sec leaving temp mn reset setp,secLeavingTempMinSp,eo66-dn-v1
sec leaving temperature mn reset spt,secLeavingTempMinSp,eo66-dn-v1
sec leaving temperature mn rst sp,secLeavingTempMinSp,eo66-dn-v1
sec lv temperature mn reset setpoint,secLeavingTempMinSp,eo66-dn-v1
sec lv tmp mn reset set,secLeavingTempMinSp,eo66-dn-v1
sec lvg t min rst setp,secLeavingTempMinSp,eo66-dn-v1
sec lvg t mn rst sp,secLeavingTempMinSp,eo66-dn-v1
sec lvg temp mn rst setp,secLeavingTempMinSp,eo66-dn-v1
sec lvg temperature min reset s,secLeavingTempMinSp,eo66-dn-v1
sec lvg temperature min reset setp,secLeavingTempMinSp,eo66-dn-v1
sec lvg temperature mn rst s,secLeavingTempMinSp,eo66-dn-v1
sec lvg tmp min reset sp,secLeavingTempMinSp,eo66-dn-v1
sec sup tmp min rst setp,secLeavingTempMinSp,eo66-dn-v1
sec sup tmp mn reset setp,secLeavingTempMinSp,eo66-dn-v1
sec sup tmp mn rst setp,secLeavingTempMinSp,eo66-dn-v1
secondary leav temp min reset setpt,secLeavingTempMinSp,eo66-dn-v1
secondary leav temp min rst setpoint,secLeavingTempMinSp,eo66-dn-v1
secondary leav temperature min reset stpt,secLeavingTempMinSp,eo66-dn-v1
secondary leaving temperature min reset setpoint,secLeavingTempMinSp,eo66-dn-v1
secondary leaving temperature min reset stpt,secLeavingTempMinSp,eo66-dn-v1
secondary leaving temperature mn reset sp,secLeavingTempMinSp,eo66-dn-v1
secondary lv t min reset setp,secLeavingTempMinSp,eo66-dn-v1
secondary lv t min rst set,secLeavingTempMinSp,eo66-dn-v1
secondary lv temp min reset s,secLeavingTempMinSp,eo66-dn-v1
secondary lv temp min rst setp,secLeavingTempMinSp,eo66-dn-v1
secondary lv temp min rst sp,secLeavingTempMinSp,eo66-dn-v1
secondary lv temperature min rst s,secLeavingTempMinSp,eo66-dn-v1
secondary lv tmp min reset setp,secLeavingTempMinSp,eo66-dn-v1
secondary lv tmp min reset stpt,secLeavingTempMinSp,eo66-dn-v1
secondary lvg t min rst s,secLeavingTempMinSp,eo66-dn-v1
secondary lvg temperature min rst setpt,secLeavingTempMinSp,eo66-dn-v1
secondary lvg temperature mn reset setp,secLeavingTempMinSp,eo66-dn-v1
secondary lvg temperature mn reset stpt,secLeavingTempMinSp,eo66-dn-v1
sec mix valv fb,secMixingValveFb,eo66-dn-v1
sec mix valv fbk,secMixingValveFb,eo66-dn-v1
sec mix valv position,secMixingValveFb,eo66-dn-v1
sec mix valve fb,secMixingValveFb,eo66-dn-v1
sec mix valve pos,secMixingValveFb,eo66-dn-v1
sec mix vlv fdbk,secMixingValveFb,eo66-dn-v1
sec mix vlv feedback,secMixingValveFb,eo66-dn-v1
sec mix vlv pos,secMixingValveFb,eo66-dn-v1
sec mixing valv pos,secMixingValveFb,eo66-dn-v1
sec mixing valve fb,secMixingValveFb,eo66-dn-v1
sec mixing valve fdbk,secMixingValveFb,eo66-dn-v1
sec mixing valve feedback,secMixingValveFb,eo66-dn-v1
sec mixing vlv fb,secMixingValveFb,eo66-dn-v1
sec mixing vlv fdbk,secMixingValveFb,eo66-dn-v1
sec mixing vlv feedback,secMixingValveFb,eo66-dn-v1
sec mixing vlv pos,secMixingValveFb,eo66-dn-v1
sec mxg valv fbk,secMixingValveFb,eo66-dn-v1
sec mxg valve fb,secMixingValveFb,eo66-dn-v1
sec mxg valve fdbk,secMixingValveFb,eo66-dn-v1
sec mxg valve pos,secMixingValveFb,eo66-dn-v1
sec mxg valve position,secMixingValveFb,eo66-dn-v1
sec mxg vlv fbk,secMixingValveFb,eo66-dn-v1
sec mxg vlv position,secMixingValveFb,eo66-dn-v1
secondary mix valv position,secMixingValveFb,eo66-dn-v1
secondary mix valve feedback,secMixingValveFb,eo66-dn-v1
secondary mix valve position,secMixingValveFb,eo66-dn-v1
secondary mix vlv fb,secMixingValveFb,eo66-dn-v1
secondary mix vlv fdbk,secMixingValveFb,eo66-dn-v1
secondary mix vlv feedback,secMixingValveFb,eo66-dn-v1
secondary mixing valv pos,secMixingValveFb,eo66-dn-v1
secondary mixing valve fdbk,secMixingValveFb,eo66-dn-v1
secondary mixing valve feedback,secMixingValveFb,eo66-dn-v1
secondary mixing valve pos,secMixingValveFb,eo66-dn-v1
secondary mixing vlv fbk,secMixingValveFb,eo66-dn-v1
secondary mixing vlv pos,secMixingValveFb,eo66-dn-v1
secondary mixing vlv position,secMixingValveFb,eo66-dn-v1
secondary mxg valv pos,secMixingValveFb,eo66-dn-v1
secondary mxg valve fb,secMixingValveFb,eo66-dn-v1
secondary mxg valve fdbk,secMixingValveFb,eo66-dn-v1
secondary mxg vlv fdbk,secMixingValveFb,eo66-dn-v1
sec p differential high sp,secPressureDeltaHiSp,eo66-dn-v1
sec p dp high sp,secPressureDeltaHiSp,eo66-dn-v1
sec pr dp hi set,secPressureDeltaHiSp,eo66-dn-v1
sec pr dp hi setpt,secPressureDeltaHiSp,eo66-dn-v1
sec pr dp high setpoint,secPressureDeltaHiSp,eo66-dn-v1
sec pr dp high stpt,secPressureDeltaHiSp,eo66-dn-v1
sec pres diff hi spt,secPressureDeltaHiSp,eo66-dn-v1
sec pres dp high setp,secPressureDeltaHiSp,eo66-dn-v1
sec presr diff hi sp,secPressureDeltaHiSp,eo66-dn-v1
sec presr diff high set,secPressureDeltaHiSp,eo66-dn-v1
sec presr differential h setp,secPressureDeltaHiSp,eo66-dn-v1
sec presr dp h setpt,secPressureDeltaHiSp,eo66-dn-v1
sec press diff h spt,secPressureDeltaHiSp,eo66-dn-v1
sec press diff hi sp,secPressureDeltaHiSp,eo66-dn-v1
sec press dp hi setpt,secPressureDeltaHiSp,eo66-dn-v1
sec press dp high sp,secPressureDeltaHiSp,eo66-dn-v1
sec prs differential hi stpt,secPressureDeltaHiSp,eo66-dn-v1
sec prs differential high stpt,secPressureDeltaHiSp,eo66-dn-v1
sec prs dp h setpoint,secPressureDeltaHiSp,eo66-dn-v1
secondary p diff h setp,secPressureDeltaHiSp,eo66-dn-v1
secondary p differential high setp,secPressureDeltaHiSp,eo66-dn-v1
secondary p differential high spt,secPressureDeltaHiSp,eo66-dn-v1
secondary pr differential h setpt,secPressureDeltaHiSp,eo66-dn-v1
secondary pr differential hi setp,secPressureDeltaHiSp,eo66-dn-v1
secondary pr differential hi sp,secPressureDeltaHiSp,eo66-dn-v1
secondary pr differential high sp,secPressureDeltaHiSp,eo66-dn-v1
secondary pres diff h spt,secPressureDeltaHiSp,eo66-dn-v1
secondary pres dp high spt,secPressureDeltaHiSp,eo66-dn-v1
secondary presr differential hi spt,secPressureDeltaHiSp,eo66-dn-v1
secondary presr dp hi setpoint,secPressureDeltaHiSp,eo66-dn-v1
secondary press diff h s,secPressureDeltaHiSp,eo66-dn-v1
secondary press differential h setpoint,secPressureDeltaHiSp,eo66-dn-v1
secondary pressure diff h spt,secPressureDeltaHiSp,eo66-dn-v1
secondary pressure diff hi set,secPressureDeltaHiSp,eo66-dn-v1
secondary pressure differential hi s,secPressureDeltaHiSp,eo66-dn-v1
secondary pressure differential high setpoint,secPressureDeltaHiSp,eo66-dn-v1
secondary prs differential hi stpt,secPressureDeltaHiSp,eo66-dn-v1
secondary prs differential high spt,secPressureDeltaHiSp,eo66-dn-v1
secondary prs dp h s,secPressureDeltaHiSp,eo66-dn-v1
secondary prs dp hi s,secPressureDeltaHiSp,eo66-dn-v1
sec p differential low s,secPressureDeltaLoSp,eo66-dn-v1
sec p dp l s,secPressureDeltaLoSp,eo66-dn-v1
sec p dp lo sp,secPressureDeltaLoSp,eo66-dn-v1
sec pr diff l s,secPressureDeltaLoSp,eo66-dn-v1
sec pr diff low sp,secPressureDeltaLoSp,eo66-dn-v1
sec pr dp low setpt,secPressureDeltaLoSp,eo66-dn-v1
sec pres differential lo spt,secPressureDeltaLoSp,eo66-dn-v1
sec pres differential lo stpt,secPressureDeltaLoSp,eo66-dn-v1
sec pres dp low s,secPressureDeltaLoSp,eo66-dn-v1
sec presr diff l sp,secPressureDeltaLoSp,eo66-dn-v1
sec presr differential lo setp,secPressureDeltaLoSp,eo66-dn-v1
sec presr differential low stpt,secPressureDeltaLoSp,eo66-dn-v1
sec presr dp low spt,secPressureDeltaLoSp,eo66-dn-v1
sec press diff lo sp,secPressureDeltaLoSp,eo66-dn-v1
sec press dp l set,secPressureDeltaLoSp,eo66-dn-v1
sec press dp lo setpoint,secPressureDeltaLoSp,eo66-dn-v1
sec pressure dp l set,secPressureDeltaLoSp,eo66-dn-v1
sec pressure dp low spt,secPressureDeltaLoSp,eo66-dn-v1
sec prs dp low setpoint,secPressureDeltaLoSp,eo66-dn-v1
secondary pr diff l setpt,secPressureDeltaLoSp,eo66-dn-v1
secondary pr diff lo stpt,secPressureDeltaLoSp,eo66-dn-v1
secondary pr differential l set,secPressureDeltaLoSp,eo66-dn-v1
secondary pres diff l s,secPressureDeltaLoSp,eo66-dn-v1
secondary pres diff l set,secPressureDeltaLoSp,eo66-dn-v1
secondary pres diff low setpoint,secPressureDeltaLoSp,eo66-dn-v1
secondary pres dp lo sp,secPressureDeltaLoSp,eo66-dn-v1
secondary presr diff lo setpoint,secPressureDeltaLoSp,eo66-dn-v1
secondary presr dp lo set,secPressureDeltaLoSp,eo66-dn-v1
secondary presr dp lo setp,secPressureDeltaLoSp,eo66-dn-v1
secondary presr dp low s,secPressureDeltaLoSp,eo66-dn-v1
secondary press diff l set,secPressureDeltaLoSp,eo66-dn-v1
secondary press diff low spt,secPressureDeltaLoSp,eo66-dn-v1
secondary press dp l spt,secPressureDeltaLoSp,eo66-dn-v1
secondary press dp low setpt,secPressureDeltaLoSp,eo66-dn-v1
secondary pressure diff lo set,secPressureDeltaLoSp,eo66-dn-v1
secondary pressure differential low setpoint,secPressureDeltaLoSp,eo66-dn-v1
secondary pressure dp low set,secPressureDeltaLoSp,eo66-dn-v1
secondary pressure dp low stpt,secPressureDeltaLoSp,eo66-dn-v1
secondary prs differential lo stpt,secPressureDeltaLoSp,eo66-dn-v1
secondary prs dp lo spt,secPressureDeltaLoSp,eo66-dn-v1
sec p leav pressure,secPumpLeavingPressure,eo66-dn-v1
sec p leaving pr,secPumpLeavingPressure,eo66-dn-v1
sec p leaving press,secPumpLeavingPressure,eo66-dn-v1
sec p leaving pressure,secPumpLeavingPressure,eo66-dn-v1
sec p lv prs,secPumpLeavingPressure,eo66-dn-v1
sec p lvg press,secPumpLeavingPressure,eo66-dn-v1
sec p sup presr,secPumpLeavingPressure,eo66-dn-v1
sec pmp leav pressure,secPumpLeavingPressure,eo66-dn-v1
sec pmp leav prs,secPumpLeavingPressure,eo66-dn-v1
sec pmp leaving presr,secPumpLeavingPressure,eo66-dn-v1
sec pmp lv pr,secPumpLeavingPressure,eo66-dn-v1
sec pmp sup prs,secPumpLeavingPressure,eo66-dn-v1
sec pump leav prs,secPumpLeavingPressure,eo66-dn-v1
sec pump leaving press,secPumpLeavingPressure,eo66-dn-v1
sec pump lv prs,secPumpLeavingPressure,eo66-dn-v1
sec pump lvg pr,secPumpLeavingPressure,eo66-dn-v1
sec pump lvg press,secPumpLeavingPressure,eo66-dn-v1
sec pump lvg pressure,secPumpLeavingPressure,eo66-dn-v1
sec pump sup pres,secPumpLeavingPressure,eo66-dn-v1
sec pump sup pressure,secPumpLeavingPressure,eo66-dn-v1
secondary p leav press,secPumpLeavingPressure,eo66-dn-v1
secondary p lv pres,secPumpLeavingPressure,eo66-dn-v1
secondary p lv pressure,secPumpLeavingPressure,eo66-dn-v1
secondary p lv prs,secPumpLeavingPressure,eo66-dn-v1
secondary p lvg pr,secPumpLeavingPressure,eo66-dn-v1
secondary p lvg press,secPumpLeavingPressure,eo66-dn-v1
secondary p sup pressure,secPumpLeavingPressure,eo66-dn-v1
secondary pmp leav pressure,secPumpLeavingPressure,eo66-dn-v1
secondary pmp leaving presr,secPumpLeavingPressure,eo66-dn-v1
secondary pmp leaving press,secPumpLeavingPressure,eo66-dn-v1
secondary pmp lv pressure,secPumpLeavingPressure,eo66-dn-v1
secondary pmp lvg pr,secPumpLeavingPressure,eo66-dn-v1
secondary pmp lvg pressure,secPumpLeavingPressure,eo66-dn-v1
secondary pmp sup prs,secPumpLeavingPressure,eo66-dn-v1
secondary pump leav p,secPumpLeavingPressure,eo66-dn-v1
secondary pump leaving pres,secPumpLeavingPressure,eo66-dn-v1
secondary pump leaving pressure,secPumpLeavingPressure,eo66-dn-v1
secondary pump lvg presr,secPumpLeavingPressure,eo66-dn-v1
secondary pump sup press,secPumpLeavingPressure,eo66-dn-v1
secondary pump sup prs,secPumpLeavingPressure,eo66-dn-v1
sec p presr diff spt,secPumpPressureDeltaSp,eo66-dn-v1
sec pmp p dlt set,secPumpPressureDeltaSp,eo66-dn-v1
sec pmp pr delta setpt,secPumpPressureDeltaSp,eo66-dn-v1
sec pmp pr diff s,secPumpPressureDeltaSp,eo66-dn-v1
sec pmp presr dlt spt,secPumpPressureDeltaSp,eo66-dn-v1
sec pmp pressure diff setpoint,secPumpPressureDeltaSp,eo66-dn-v1
sec pmp pressure dlt setpt,secPumpPressureDeltaSp,eo66-dn-v1
sec pump pr delta setpt,secPumpPressureDeltaSp,eo66-dn-v1
sec pump presr diff setp,secPumpPressureDeltaSp,eo66-dn-v1
sec pump press delta sp,secPumpPressureDeltaSp,eo66-dn-v1
sec pump pressure dlt setpt,secPumpPressureDeltaSp,eo66-dn-v1
secondary p p diff s,secPumpPressureDeltaSp,eo66-dn-v1
secondary p p dlt set,secPumpPressureDeltaSp,eo66-dn-v1
secondary p p dlt stpt,secPumpPressureDeltaSp,eo66-dn-v1
secondary p pr delta setpt,secPumpPressureDeltaSp,eo66-dn-v1
secondary p pr delta spt,secPumpPressureDeltaSp,eo66-dn-v1
secondary p pr dlt setp,secPumpPressureDeltaSp,eo66-dn-v1
secondary p presr delta s,secPumpPressureDeltaSp,eo66-dn-v1
secondary p presr delta stpt,secPumpPressureDeltaSp,eo66-dn-v1
secondary p presr diff stpt,secPumpPressureDeltaSp,eo66-dn-v1
secondary p presr dlt set,secPumpPressureDeltaSp,eo66-dn-v1
secondary p presr dlt spt,secPumpPressureDeltaSp,eo66-dn-v1
secondary p prs diff setp,secPumpPressureDeltaSp,eo66-dn-v1
secondary p prs dlt setpoint,secPumpPressureDeltaSp,eo66-dn-v1
secondary pmp p diff sp,secPumpPressureDeltaSp,eo66-dn-v1
secondary pmp pres delta setpoint,secPumpPressureDeltaSp,eo66-dn-v1
secondary pmp pres dlt setpoint,secPumpPressureDeltaSp,eo66-dn-v1
secondary pmp presr delta setp,secPumpPressureDeltaSp,eo66-dn-v1
secondary pmp press dlt setpoint,secPumpPressureDeltaSp,eo66-dn-v1
secondary pmp pressure diff set,secPumpPressureDeltaSp,eo66-dn-v1
secondary pmp pressure diff setpt,secPumpPressureDeltaSp,eo66-dn-v1
secondary pmp pressure dlt setp,secPumpPressureDeltaSp,eo66-dn-v1
secondary pmp prs dlt set,secPumpPressureDeltaSp,eo66-dn-v1
secondary pmp prs dlt setpt,secPumpPressureDeltaSp,eo66-dn-v1
secondary pump p dlt sp,secPumpPressureDeltaSp,eo66-dn-v1
secondary pump pr dlt stpt,secPumpPressureDeltaSp,eo66-dn-v1
secondary pump press dlt setp,secPumpPressureDeltaSp,eo66-dn-v1
secondary pump pressure delta setpoint,secPumpPressureDeltaSp,eo66-dn-v1
secondary pump pressure diff sp,secPumpPressureDeltaSp,eo66-dn-v1
secondary pump pressure diff stpt,secPumpPressureDeltaSp,eo66-dn-v1
sec p spd s,secPumpSpeedSp,eo66-dn-v1
sec p spd sp,secPumpSpeedSp,eo66-dn-v1
sec p spd spt,secPumpSpeedSp,eo66-dn-v1
sec p spd stpt,secPumpSpeedSp,eo66-dn-v1
sec p speed set,secPumpSpeedSp,eo66-dn-v1
sec p speed setpoint,secPumpSpeedSp,eo66-dn-v1
sec p speed sp,secPumpSpeedSp,eo66-dn-v1
sec p speed spt,secPumpSpeedSp,eo66-dn-v1
sec pmp spd setp,secPumpSpeedSp,eo66-dn-v1
sec pmp spd sp,secPumpSpeedSp,eo66-dn-v1
sec pmp spd stpt,secPumpSpeedSp,eo66-dn-v1
sec pmp speed s,secPumpSpeedSp,eo66-dn-v1
sec pump spd set,secPumpSpeedSp,eo66-dn-v1
sec pump speed s,secPumpSpeedSp,eo66-dn-v1
sec pump speed setp,secPumpSpeedSp,eo66-dn-v1
sec pump speed setpt,secPumpSpeedSp,eo66-dn-v1
sec pump speed sp,secPumpSpeedSp,eo66-dn-v1
secondary p spd set,secPumpSpeedSp,eo66-dn-v1
secondary p spd setp,secPumpSpeedSp,eo66-dn-v1
secondary p spd setpt,secPumpSpeedSp,eo66-dn-v1
secondary p spd sp,secPumpSpeedSp,eo66-dn-v1
secondary p spd spt,secPumpSpeedSp,eo66-dn-v1
secondary p speed setp,secPumpSpeedSp,eo66-dn-v1
secondary p speed setpoint,secPumpSpeedSp,eo66-dn-v1
secondary p speed setpt,secPumpSpeedSp,eo66-dn-v1
secondary p speed sp,secPumpSpeedSp,eo66-dn-v1
secondary p speed stpt,secPumpSpeedSp,eo66-dn-v1
secondary pmp spd set,secPumpSpeedSp,eo66-dn-v1
secondary pmp spd setpt,secPumpSpeedSp,eo66-dn-v1
secondary pmp spd stpt,secPumpSpeedSp,eo66-dn-v1
secondary pmp speed s,secPumpSpeedSp,eo66-dn-v1
secondary pmp speed setpoint,secPumpSpeedSp,eo66-dn-v1
secondary pmp speed setpt,secPumpSpeedSp,eo66-dn-v1
secondary pmp speed stpt,secPumpSpeedSp,eo66-dn-v1
secondary pump spd s,secPumpSpeedSp,eo66-dn-v1
secondary pump spd setp,secPumpSpeedSp,eo66-dn-v1
secondary pump spd setpoint,secPumpSpeedSp,eo66-dn-v1
secondary pump speed set,secPumpSpeedSp,eo66-dn-v1
secondary pump speed setp,secPumpSpeedSp,eo66-dn-v1
secondary pump speed setpoint,secPumpSpeedSp,eo66-dn-v1
sec valv c,secValve,eo66-dn-v1
sec valv cmd,secValve,eo66-dn-v1
sec valv cmnd,secValve,eo66-dn-v1
sec valv command,secValve,eo66-dn-v1
sec valve c,secValve,eo66-dn-v1
sec valve cmd,secValve,eo66-dn-v1
sec valve cmnd,secValve,eo66-dn-v1
sec valve command,secValve,eo66-dn-v1
sec vlv c,secValve,eo66-dn-v1
sec vlv cmd,secValve,eo66-dn-v1
sec vlv cmnd,secValve,eo66-dn-v1
sec vlv command,secValve,eo66-dn-v1
secondary valv c,secValve,eo66-dn-v1
secondary valv cmd,secValve,eo66-dn-v1
secondary valv cmnd,secValve,eo66-dn-v1
secondary valv command,secValve,eo66-dn-v1
secondary valve c,secValve,eo66-dn-v1
secondary valve cmd,secValve,eo66-dn-v1
secondary valve cmnd,secValve,eo66-dn-v1
secondary valve command,secValve,eo66-dn-v1
secondary vlv c,secValve,eo66-dn-v1
secondary vlv cmd,secValve,eo66-dn-v1
secondary vlv cmnd,secValve,eo66-dn-v1
secondary vlv command,secValve,eo66-dn-v1
slab ent t,slabEnteringTemp,eo66-dn-v1
slab ent temp,slabEnteringTemp,eo66-dn-v1
slab ent temperature,slabEnteringTemp,eo66-dn-v1
slab ent tmp,slabEnteringTemp,eo66-dn-v1
slab enter t,slabEnteringTemp,eo66-dn-v1
slab enter temp,slabEnteringTemp,eo66-dn-v1
slab enter temperature,slabEnteringTemp,eo66-dn-v1
slab enter tmp,slabEnteringTemp,eo66-dn-v1
slab entering t,slabEnteringTemp,eo66-dn-v1
slab entering temp,slabEnteringTemp,eo66-dn-v1
slab entering temperature,slabEnteringTemp,eo66-dn-v1
slab entering tmp,slabEnteringTemp,eo66-dn-v1
slab entr t,slabEnteringTemp,eo66-dn-v1
slab entr temp,slabEnteringTemp,eo66-dn-v1
slab entr temperature,slabEnteringTemp,eo66-dn-v1
slab entr tmp,slabEnteringTemp,eo66-dn-v1
slab leav t,slabLeavingTemp,eo66-dn-v1
slab leav temp,slabLeavingTemp,eo66-dn-v1
slab leav temperature,slabLeavingTemp,eo66-dn-v1
slab leav tmp,slabLeavingTemp,eo66-dn-v1
slab leaving t,slabLeavingTemp,eo66-dn-v1
slab leaving temp,slabLeavingTemp,eo66-dn-v1
slab leaving temperature,slabLeavingTemp,eo66-dn-v1
slab leaving tmp,slabLeavingTemp,eo66-dn-v1
slab lv t,slabLeavingTemp,eo66-dn-v1
slab lv temp,slabLeavingTemp,eo66-dn-v1
slab lv temperature,slabLeavingTemp,eo66-dn-v1
slab lv tmp,slabLeavingTemp,eo66-dn-v1
slab lvg t,slabLeavingTemp,eo66-dn-v1
slab lvg temp,slabLeavingTemp,eo66-dn-v1
slab lvg temperature,slabLeavingTemp,eo66-dn-v1
slab lvg tmp,slabLeavingTemp,eo66-dn-v1
slab sup t,slabLeavingTemp,eo66-dn-v1
slab sup temp,slabLeavingTemp,eo66-dn-v1
slab sup temperature,slabLeavingTemp,eo66-dn-v1
slab sup tmp,slabLeavingTemp,eo66-dn-v1
slab t,slabTemp,eo66-dn-v1
slab temp,slabTemp,eo66-dn-v1
slab temperature,slabTemp,eo66-dn-v1
slab tmp,slabTemp,eo66-dn-v1
slab t s,slabTempSp,eo66-dn-v1
slab t set,slabTempSp,eo66-dn-v1
slab t setp,slabTempSp,eo66-dn-v1
slab t setpoint,slabTempSp,eo66-dn-v1
slab t setpt,slabTempSp,eo66-dn-v1
slab t sp,slabTempSp,eo66-dn-v1
slab t spt,slabTempSp,eo66-dn-v1
slab t stpt,slabTempSp,eo66-dn-v1
slab temp s,slabTempSp,eo66-dn-v1
slab temp set,slabTempSp,eo66-dn-v1
slab temp setp,slabTempSp,eo66-dn-v1
slab temp setpoint,slabTempSp,eo66-dn-v1
slab temp setpt,slabTempSp,eo66-dn-v1
slab temp sp,slabTempSp,eo66-dn-v1
slab temp spt,slabTempSp,eo66-dn-v1
slab temp stpt,slabTempSp,eo66-dn-v1
slab temperature s,slabTempSp,eo66-dn-v1
slab temperature set,slabTempSp,eo66-dn-v1
slab temperature setp,slabTempSp,eo66-dn-v1
slab temperature setpoint,slabTempSp,eo66-dn-v1
slab temperature setpt,slabTempSp,eo66-dn-v1
slab temperature sp,slabTempSp,eo66-dn-v1
slab temperature spt,slabTempSp,eo66-dn-v1
slab temperature stpt,slabTempSp,eo66-dn-v1
slab tmp s,slabTempSp,eo66-dn-v1
slab tmp set,slabTempSp,eo66-dn-v1
slab tmp setp,slabTempSp,eo66-dn-v1
slab tmp setpoint,slabTempSp,eo66-dn-v1
slab tmp setpt,slabTempSp,eo66-dn-v1
slab tmp sp,slabTempSp,eo66-dn-v1
slab tmp spt,slabTempSp,eo66-dn-v1
slab tmp stpt,slabTempSp,eo66-dn-v1
smk d c,smokeDamper,eo66-dn-v1
smk d cmd,smokeDamper,eo66-dn-v1
smk d command,smokeDamper,eo66-dn-v1
smk damper c,smokeDamper,eo66-dn-v1
smk damper command,smokeDamper,eo66-dn-v1
smk dampr c,smokeDamper,eo66-dn-v1
smk dampr cmnd,smokeDamper,eo66-dn-v1
smk dampr command,smokeDamper,eo66-dn-v1
smk dm c,smokeDamper,eo66-dn-v1
smk dm cmnd,smokeDamper,eo66-dn-v1
smk dmp c,smokeDamper,eo66-dn-v1
smk dmp cmnd,smokeDamper,eo66-dn-v1
smk dmp command,smokeDamper,eo66-dn-v1
smk dmper c,smokeDamper,eo66-dn-v1
smk dmper cmd,smokeDamper,eo66-dn-v1
smk dmper cmnd,smokeDamper,eo66-dn-v1
smk dmper command,smokeDamper,eo66-dn-v1
smk dmpr c,smokeDamper,eo66-dn-v1
smk dmpr cmnd,smokeDamper,eo66-dn-v1
smk dpr cmd,smokeDamper,eo66-dn-v1
smk dpr command,smokeDamper,eo66-dn-v1
smoke d cmd,smokeDamper,eo66-dn-v1
smoke d cmnd,smokeDamper,eo66-dn-v1
smoke damper cmd,smokeDamper,eo66-dn-v1
smoke damper cmnd,smokeDamper,eo66-dn-v1
smoke damper command,smokeDamper,eo66-dn-v1
smoke dampr c,smokeDamper,eo66-dn-v1
smoke dm c,smokeDamper,eo66-dn-v1
smoke dm cmd,smokeDamper,eo66-dn-v1
smoke dm cmnd,smokeDamper,eo66-dn-v1
smoke dmp cmd,smokeDamper,eo66-dn-v1
smoke dmp command,smokeDamper,eo66-dn-v1
smoke dmper c,smokeDamper,eo66-dn-v1
smoke dmper cmd,smokeDamper,eo66-dn-v1
smoke dmpr c,smokeDamper,eo66-dn-v1
smoke dmpr cmd,smokeDamper,eo66-dn-v1
smoke dmpr cmnd,smokeDamper,eo66-dn-v1
smoke dmpr command,smokeDamper,eo66-dn-v1
smoke dpr c,smokeDamper,eo66-dn-v1
smoke dpr cmnd,smokeDamper,eo66-dn-v1
smk flush,smokePurge,eo66-dn-v1
smk purge,smokePurge,eo66-dn-v1
smoke flush,smokePurge,eo66-dn-v1
smoke purge,smokePurge,eo66-dn-v1
solar rad,solarRadiation,eo66-dn-v1
solar radiation,solarRadiation,eo66-dn-v1
steam t,steamTemp,eo66-dn-v1
steam temp,steamTemp,eo66-dn-v1
steam temperature,steamTemp,eo66-dn-v1
steam tmp,steamTemp,eo66-dn-v1
stm t,steamTemp,eo66-dn-v1
stm temp,steamTemp,eo66-dn-v1
stm temperature,steamTemp,eo66-dn-v1
stm tmp,steamTemp,eo66-dn-v1
smp heater c,sumpHeater,eo66-dn-v1
smp heater cmd,sumpHeater,eo66-dn-v1
smp heater cmnd,sumpHeater,eo66-dn-v1
smp heater command,sumpHeater,eo66-dn-v1
smp htr c,sumpHeater,eo66-dn-v1
smp htr cmd,sumpHeater,eo66-dn-v1
smp htr cmnd,sumpHeater,eo66-dn-v1
smp htr command,sumpHeater,eo66-dn-v1
sump heater c,sumpHeater,eo66-dn-v1
sump heater cmd,sumpHeater,eo66-dn-v1
sump heater cmnd,sumpHeater,eo66-dn-v1
sump heater command,sumpHeater,eo66-dn-v1
sump htr c,sumpHeater,eo66-dn-v1
sump htr cmd,sumpHeater,eo66-dn-v1
sump htr cmnd,sumpHeater,eo66-dn-v1
sump htr command,sumpHeater,eo66-dn-v1
smp level,sumpLevel,eo66-dn-v1
smp lvl,sumpLevel,eo66-dn-v1
sump level,sumpLevel,eo66-dn-v1
sump lvl,sumpLevel,eo66-dn-v1
smp p eb,sumpPumpEnable,eo66-dn-v1
smp p ena,sumpPumpEnable,eo66-dn-v1
smp p enab,sumpPumpEnable,eo66-dn-v1
smp p enable,sumpPumpEnable,eo66-dn-v1
smp p enb,sumpPumpEnable,eo66-dn-v1
smp p enbl,sumpPumpEnable,eo66-dn-v1
smp pmp eb,sumpPumpEnable,eo66-dn-v1
smp pmp en,sumpPumpEnable,eo66-dn-v1
smp pmp ena,sumpPumpEnable,eo66-dn-v1
smp pmp enab,sumpPumpEnable,eo66-dn-v1
smp pmp enable,sumpPumpEnable,eo66-dn-v1
smp pmp enb,sumpPumpEnable,eo66-dn-v1
smp pmp enbl,sumpPumpEnable,eo66-dn-v1
smp pump eb,sumpPumpEnable,eo66-dn-v1
smp pump en,sumpPumpEnable,eo66-dn-v1
smp pump ena,sumpPumpEnable,eo66-dn-v1
smp pump enab,sumpPumpEnable,eo66-dn-v1
smp pump enable,sumpPumpEnable,eo66-dn-v1
smp pump enb,sumpPumpEnable,eo66-dn-v1
smp pump enbl,sumpPumpEnable,eo66-dn-v1
sump p eb,sumpPumpEnable,eo66-dn-v1
sump p en,sumpPumpEnable,eo66-dn-v1
sump p ena,sumpPumpEnable,eo66-dn-v1
sump p enab,sumpPumpEnable,eo66-dn-v1
sump p enable,sumpPumpEnable,eo66-dn-v1
sump p enb,sumpPumpEnable,eo66-dn-v1
sump p enbl,sumpPumpEnable,eo66-dn-v1
sump pmp eb,sumpPumpEnable,eo66-dn-v1
sump pmp en,sumpPumpEnable,eo66-dn-v1
sump pmp ena,sumpPumpEnable,eo66-dn-v1
sump pmp enab,sumpPumpEnable,eo66-dn-v1
sump pmp enable,sumpPumpEnable,eo66-dn-v1
sump pmp enb,sumpPumpEnable,eo66-dn-v1
sump pump eb,sumpPumpEnable,eo66-dn-v1
sump pump en,sumpPumpEnable,eo66-dn-v1
sump pump ena,sumpPumpEnable,eo66-dn-v1
sump pump enab,sumpPumpEnable,eo66-dn-v1
sump pump enable,sumpPumpEnable,eo66-dn-v1
sump pump enb,sumpPumpEnable,eo66-dn-v1
sump pump enbl,sumpPumpEnable,eo66-dn-v1
smp p s,sumpPumpStatus,eo66-dn-v1
smp p st,sumpPumpStatus,eo66-dn-v1
smp p stat,sumpPumpStatus,eo66-dn-v1
smp p status,sumpPumpStatus,eo66-dn-v1
smp p sts,sumpPumpStatus,eo66-dn-v1
smp pmp s,sumpPumpStatus,eo66-dn-v1
smp pmp st,sumpPumpStatus,eo66-dn-v1
smp pmp stat,sumpPumpStatus,eo66-dn-v1
smp pmp status,sumpPumpStatus,eo66-dn-v1
smp pmp sts,sumpPumpStatus,eo66-dn-v1
smp pump s,sumpPumpStatus,eo66-dn-v1
smp pump st,sumpPumpStatus,eo66-dn-v1
smp pump stat,sumpPumpStatus,eo66-dn-v1
smp pump status,sumpPumpStatus,eo66-dn-v1
smp pump sts,sumpPumpStatus,eo66-dn-v1
sump p s,sumpPumpStatus,eo66-dn-v1
sump p st,sumpPumpStatus,eo66-dn-v1
sump p stat,sumpPumpStatus,eo66-dn-v1
sump p status,sumpPumpStatus,eo66-dn-v1
sump p sts,sumpPumpStatus,eo66-dn-v1
sump pmp s,sumpPumpStatus,eo66-dn-v1
sump pmp st,sumpPumpStatus,eo66-dn-v1
sump pmp stat,sumpPumpStatus,eo66-dn-v1
sump pmp status,sumpPumpStatus,eo66-dn-v1
sump pmp sts,sumpPumpStatus,eo66-dn-v1
sump pump s,sumpPumpStatus,eo66-dn-v1
sump pump st,sumpPumpStatus,eo66-dn-v1
sump pump stat,sumpPumpStatus,eo66-dn-v1
sump pump status,sumpPumpStatus,eo66-dn-v1
sump pump sts,sumpPumpStatus,eo66-dn-v1
ct drain valv c,twrDrainValve,eo66-dn-v1
ct drain valv cmnd,twrDrainValve,eo66-dn-v1
ct drain valve cmd,twrDrainValve,eo66-dn-v1
ct drain valve cmnd,twrDrainValve,eo66-dn-v1
ct drain valve command,twrDrainValve,eo66-dn-v1
ct drain vlv c,twrDrainValve,eo66-dn-v1
ct drain vlv cmnd,twrDrainValve,eo66-dn-v1
ct drain vlv command,twrDrainValve,eo66-dn-v1
ct drn valv c,twrDrainValve,eo66-dn-v1
ct drn valve c,twrDrainValve,eo66-dn-v1
ct drn valve cmd,twrDrainValve,eo66-dn-v1
ct drn valve cmnd,twrDrainValve,eo66-dn-v1
ct drn vlv c,twrDrainValve,eo66-dn-v1
ct drn vlv cmd,twrDrainValve,eo66-dn-v1
tower drain valv c,twrDrainValve,eo66-dn-v1
tower drain valv cmd,twrDrainValve,eo66-dn-v1
tower drain valve c,twrDrainValve,eo66-dn-v1
tower drain valve cmd,twrDrainValve,eo66-dn-v1
tower drain valve command,twrDrainValve,eo66-dn-v1
tower drain vlv c,twrDrainValve,eo66-dn-v1
tower drain vlv cmd,twrDrainValve,eo66-dn-v1
tower drn valv c,twrDrainValve,eo66-dn-v1
tower drn valv cmd,twrDrainValve,eo66-dn-v1
tower drn valv command,twrDrainValve,eo66-dn-v1
tower drn valve c,twrDrainValve,eo66-dn-v1
tower drn vlv cmd,twrDrainValve,eo66-dn-v1
tower drn vlv cmnd,twrDrainValve,eo66-dn-v1
twr drain valv c,twrDrainValve,eo66-dn-v1
twr drain valv cmnd,twrDrainValve,eo66-dn-v1
twr drain valv command,twrDrainValve,eo66-dn-v1
twr drain valve cmd,twrDrainValve,eo66-dn-v1
twr drain valve cmnd,twrDrainValve,eo66-dn-v1
twr drain valve command,twrDrainValve,eo66-dn-v1
twr drain vlv cmnd,twrDrainValve,eo66-dn-v1
twr drn valv c,twrDrainValve,eo66-dn-v1
twr drn valve c,twrDrainValve,eo66-dn-v1
twr drn valve cmnd,twrDrainValve,eo66-dn-v1
twr drn vlv c,twrDrainValve,eo66-dn-v1
twr drn vlv cmd,twrDrainValve,eo66-dn-v1
twr drn vlv command,twrDrainValve,eo66-dn-v1
ct drain valv fbk,twrDrainValveFb,eo66-dn-v1
ct drain valve position,twrDrainValveFb,eo66-dn-v1
ct drn valv fdbk,twrDrainValveFb,eo66-dn-v1
ct drn valve fb,twrDrainValveFb,eo66-dn-v1
ct drn valve fbk,twrDrainValveFb,eo66-dn-v1
ct drn valve fdbk,twrDrainValveFb,eo66-dn-v1
ct drn valve pos,twrDrainValveFb,eo66-dn-v1
ct drn vlv fb,twrDrainValveFb,eo66-dn-v1
tower drain valv pos,twrDrainValveFb,eo66-dn-v1
tower drain valve fdbk,twrDrainValveFb,eo66-dn-v1
tower drain valve feedback,twrDrainValveFb,eo66-dn-v1
tower drain valve pos,twrDrainValveFb,eo66-dn-v1
tower drain vlv fb,twrDrainValveFb,eo66-dn-v1
tower drain vlv fdbk,twrDrainValveFb,eo66-dn-v1
tower drain vlv feedback,twrDrainValveFb,eo66-dn-v1
tower drain vlv pos,twrDrainValveFb,eo66-dn-v1
tower drain vlv position,twrDrainValveFb,eo66-dn-v1
tower drn valv fb,twrDrainValveFb,eo66-dn-v1
tower drn valv feedback,twrDrainValveFb,eo66-dn-v1
tower drn valve feedback,twrDrainValveFb,eo66-dn-v1
tower drn vlv fb,twrDrainValveFb,eo66-dn-v1
tower drn vlv feedback,twrDrainValveFb,eo66-dn-v1
tower drn vlv pos,twrDrainValveFb,eo66-dn-v1
tower drn vlv position,twrDrainValveFb,eo66-dn-v1
twr drain valv fdbk,twrDrainValveFb,eo66-dn-v1
twr drain valv feedback,twrDrainValveFb,eo66-dn-v1
twr drain valv position,twrDrainValveFb,eo66-dn-v1
twr drain valve fdbk,twrDrainValveFb,eo66-dn-v1
twr drain valve feedback,twrDrainValveFb,eo66-dn-v1
twr drain valve pos,twrDrainValveFb,eo66-dn-v1
twr drain vlv fbk,twrDrainValveFb,eo66-dn-v1
twr drn valv fb,twrDrainValveFb,eo66-dn-v1
twr drn valv pos,twrDrainValveFb,eo66-dn-v1
twr drn valv position,twrDrainValveFb,eo66-dn-v1
twr drn valve fb,twrDrainValveFb,eo66-dn-v1
twr drn valve feedback,twrDrainValveFb,eo66-dn-v1
twr drn valve pos,twrDrainValveFb,eo66-dn-v1
twr drn vlv fb,twrDrainValveFb,eo66-dn-v1
twr drn vlv fbk,twrDrainValveFb,eo66-dn-v1
twr drn vlv fdbk,twrDrainValveFb,eo66-dn-v1
ct eb,twrEnable,eo66-dn-v1
ct en,twrEnable,eo66-dn-v1
ct ena,twrEnable,eo66-dn-v1
ct enab,twrEnable,eo66-dn-v1
ct enable,twrEnable,eo66-dn-v1
ct enb,twrEnable,eo66-dn-v1
ct enbl,twrEnable,eo66-dn-v1
tower eb,twrEnable,eo66-dn-v1
tower en,twrEnable,eo66-dn-v1
tower ena,twrEnable,eo66-dn-v1
tower enab,twrEnable,eo66-dn-v1
tower enable,twrEnable,eo66-dn-v1
tower enb,twrEnable,eo66-dn-v1
tower enbl,twrEnable,eo66-dn-v1
twr eb,twrEnable,eo66-dn-v1
twr en,twrEnable,eo66-dn-v1
twr ena,twrEnable,eo66-dn-v1
twr enab,twrEnable,eo66-dn-v1
twr enable,twrEnable,eo66-dn-v1
twr enb,twrEnable,eo66-dn-v1
twr enbl,twrEnable,eo66-dn-v1
ct eb sp,twrEnableSp,eo66-dn-v1
ct eb spt,twrEnableSp,eo66-dn-v1
ct en set,twrEnableSp,eo66-dn-v1
ct en setp,twrEnableSp,eo66-dn-v1
ct ena setp,twrEnableSp,eo66-dn-v1
ct ena setpt,twrEnableSp,eo66-dn-v1
ct enab setpoint,twrEnableSp,eo66-dn-v1
ct enable s,twrEnableSp,eo66-dn-v1
ct enable setp,twrEnableSp,eo66-dn-v1
ct enable stpt,twrEnableSp,eo66-dn-v1
ct enb setpt,twrEnableSp,eo66-dn-v1
ct enbl setp,twrEnableSp,eo66-dn-v1
ct enbl setpoint,twrEnableSp,eo66-dn-v1
tower eb s,twrEnableSp,eo66-dn-v1
tower eb sp,twrEnableSp,eo66-dn-v1
tower en s,twrEnableSp,eo66-dn-v1
tower ena set,twrEnableSp,eo66-dn-v1
tower ena setpt,twrEnableSp,eo66-dn-v1
tower enab set,twrEnableSp,eo66-dn-v1
tower enable setpoint,twrEnableSp,eo66-dn-v1
tower enable sp,twrEnableSp,eo66-dn-v1
tower enable spt,twrEnableSp,eo66-dn-v1
tower enb s,twrEnableSp,eo66-dn-v1
tower enbl sp,twrEnableSp,eo66-dn-v1
twr eb set,twrEnableSp,eo66-dn-v1
twr eb sp,twrEnableSp,eo66-dn-v1
twr eb spt,twrEnableSp,eo66-dn-v1
twr en setpt,twrEnableSp,eo66-dn-v1
twr en sp,twrEnableSp,eo66-dn-v1
twr en spt,twrEnableSp,eo66-dn-v1
twr ena setpoint,twrEnableSp,eo66-dn-v1
twr ena setpt,twrEnableSp,eo66-dn-v1
twr enab s,twrEnableSp,eo66-dn-v1
twr enab spt,twrEnableSp,eo66-dn-v1
twr enable setpt,twrEnableSp,eo66-dn-v1
twr enable stpt,twrEnableSp,eo66-dn-v1
twr enb sp,twrEnableSp,eo66-dn-v1
twr enb stpt,twrEnableSp,eo66-dn-v1
twr enbl s,twrEnableSp,eo66-dn-v1
twr enbl setp,twrEnableSp,eo66-dn-v1
ct ent flo,twrEnteringFlow,eo66-dn-v1
ct ent flow,twrEnteringFlow,eo66-dn-v1
ct ent flw,twrEnteringFlow,eo66-dn-v1
ct enter flo,twrEnteringFlow,eo66-dn-v1
ct enter flow,twrEnteringFlow,eo66-dn-v1
ct enter flw,twrEnteringFlow,eo66-dn-v1
ct entering flo,twrEnteringFlow,eo66-dn-v1
ct entering flow,twrEnteringFlow,eo66-dn-v1
ct entering flw,twrEnteringFlow,eo66-dn-v1
ct entr flo,twrEnteringFlow,eo66-dn-v1
ct entr flow,twrEnteringFlow,eo66-dn-v1
ct entr flw,twrEnteringFlow,eo66-dn-v1
tower ent flo,twrEnteringFlow,eo66-dn-v1
tower ent flow,twrEnteringFlow,eo66-dn-v1
tower ent flw,twrEnteringFlow,eo66-dn-v1
tower enter flo,twrEnteringFlow,eo66-dn-v1
tower enter flow,twrEnteringFlow,eo66-dn-v1
tower enter flw,twrEnteringFlow,eo66-dn-v1
tower entering flo,twrEnteringFlow,eo66-dn-v1
tower entering flow,twrEnteringFlow,eo66-dn-v1
tower entering flw,twrEnteringFlow,eo66-dn-v1
tower entr flo,twrEnteringFlow,eo66-dn-v1
tower entr flow,twrEnteringFlow,eo66-dn-v1
tower entr flw,twrEnteringFlow,eo66-dn-v1
twr ent flo,twrEnteringFlow,eo66-dn-v1
twr ent flow,twrEnteringFlow,eo66-dn-v1
twr ent flw,twrEnteringFlow,eo66-dn-v1
twr enter flo,twrEnteringFlow,eo66-dn-v1
twr enter flow,twrEnteringFlow,eo66-dn-v1
twr enter flw,twrEnteringFlow,eo66-dn-v1
twr entering flo,twrEnteringFlow,eo66-dn-v1
twr entering flow,twrEnteringFlow,eo66-dn-v1
twr entering flw,twrEnteringFlow,eo66-dn-v1
twr entr flo,twrEnteringFlow,eo66-dn-v1
twr entr flow,twrEnteringFlow,eo66-dn-v1
twr entr flw,twrEnteringFlow,eo66-dn-v1
ct f alarm,twrFanAlarm,eo66-dn-v1
ct f alm,twrFanAlarm,eo66-dn-v1
ct f alrm,twrFanAlarm,eo66-dn-v1
ct fan alarm,twrFanAlarm,eo66-dn-v1
ct fan alm,twrFanAlarm,eo66-dn-v1
ct fan alrm,twrFanAlarm,eo66-dn-v1
tower f alarm,twrFanAlarm,eo66-dn-v1
tower f alm,twrFanAlarm,eo66-dn-v1
tower f alrm,twrFanAlarm,eo66-dn-v1
tower fan alarm,twrFanAlarm,eo66-dn-v1
tower fan alm,twrFanAlarm,eo66-dn-v1
tower fan alrm,twrFanAlarm,eo66-dn-v1
twr f alarm,twrFanAlarm,eo66-dn-v1
twr f alm,twrFanAlarm,eo66-dn-v1
twr f alrm,twrFanAlarm,eo66-dn-v1
twr fan alarm,twrFanAlarm,eo66-dn-v1
twr fan alm,twrFanAlarm,eo66-dn-v1
twr fan alrm,twrFanAlarm,eo66-dn-v1
ct f fault,twrFanFault,eo66-dn-v1
ct f flt,twrFanFault,eo66-dn-v1
ct fan fault,twrFanFault,eo66-dn-v1
ct fan flt,twrFanFault,eo66-dn-v1
tower f fault,twrFanFault,eo66-dn-v1
tower f flt,twrFanFault,eo66-dn-v1
tower fan fault,twrFanFault,eo66-dn-v1
tower fan flt,twrFanFault,eo66-dn-v1
twr f fault,twrFanFault,eo66-dn-v1
twr f flt,twrFanFault,eo66-dn-v1
twr fan fault,twrFanFault,eo66-dn-v1
twr fan flt,twrFanFault,eo66-dn-v1
ct f spd s,twrFanSpeedSp,eo66-dn-v1
ct f spd set,twrFanSpeedSp,eo66-dn-v1
ct f spd setpoint,twrFanSpeedSp,eo66-dn-v1
ct f spd spt,twrFanSpeedSp,eo66-dn-v1
ct f spd stpt,twrFanSpeedSp,eo66-dn-v1
ct f speed sp,twrFanSpeedSp,eo66-dn-v1
ct f speed spt,twrFanSpeedSp,eo66-dn-v1
ct f speed stpt,twrFanSpeedSp,eo66-dn-v1
ct fan spd s,twrFanSpeedSp,eo66-dn-v1
ct fan spd set,twrFanSpeedSp,eo66-dn-v1
ct fan spd setp,twrFanSpeedSp,eo66-dn-v1
ct fan spd setpt,twrFanSpeedSp,eo66-dn-v1
ct fan speed s,twrFanSpeedSp,eo66-dn-v1
ct fan speed setpoint,twrFanSpeedSp,eo66-dn-v1
ct fan speed setpt,twrFanSpeedSp,eo66-dn-v1
ct fan speed sp,twrFanSpeedSp,eo66-dn-v1
tower f spd setp,twrFanSpeedSp,eo66-dn-v1
tower f spd setpt,twrFanSpeedSp,eo66-dn-v1
tower f speed set,twrFanSpeedSp,eo66-dn-v1
tower f speed setpt,twrFanSpeedSp,eo66-dn-v1
tower f speed spt,twrFanSpeedSp,eo66-dn-v1
tower fan spd s,twrFanSpeedSp,eo66-dn-v1
tower fan spd sp,twrFanSpeedSp,eo66-dn-v1
tower fan spd spt,twrFanSpeedSp,eo66-dn-v1
tower fan speed set,twrFanSpeedSp,eo66-dn-v1
tower fan speed setpoint,twrFanSpeedSp,eo66-dn-v1
tower fan speed sp,twrFanSpeedSp,eo66-dn-v1
twr f spd set,twrFanSpeedSp,eo66-dn-v1
twr f spd setpoint,twrFanSpeedSp,eo66-dn-v1
twr f spd spt,twrFanSpeedSp,eo66-dn-v1
twr f speed setpoint,twrFanSpeedSp,eo66-dn-v1
twr f speed setpt,twrFanSpeedSp,eo66-dn-v1
twr f speed spt,twrFanSpeedSp,eo66-dn-v1
twr f speed stpt,twrFanSpeedSp,eo66-dn-v1
twr fan spd s,twrFanSpeedSp,eo66-dn-v1
twr fan spd setpoint,twrFanSpeedSp,eo66-dn-v1
twr fan spd setpt,twrFanSpeedSp,eo66-dn-v1
twr fan spd spt,twrFanSpeedSp,eo66-dn-v1
twr fan speed s,twrFanSpeedSp,eo66-dn-v1
twr fan speed setp,twrFanSpeedSp,eo66-dn-v1
ct fill valv c,twrFillValve,eo66-dn-v1
ct fill valv cmd,twrFillValve,eo66-dn-v1
ct fill valv cmnd,twrFillValve,eo66-dn-v1
ct fill valv command,twrFillValve,eo66-dn-v1
ct fill valve c,twrFillValve,eo66-dn-v1
ct fill valve cmd,twrFillValve,eo66-dn-v1
ct fill valve cmnd,twrFillValve,eo66-dn-v1
ct fill valve command,twrFillValve,eo66-dn-v1
ct fill vlv c,twrFillValve,eo66-dn-v1
ct fill vlv cmd,twrFillValve,eo66-dn-v1
ct fill vlv cmnd,twrFillValve,eo66-dn-v1
ct fill vlv command,twrFillValve,eo66-dn-v1
tower fill valv c,twrFillValve,eo66-dn-v1
tower fill valv cmd,twrFillValve,eo66-dn-v1
tower fill valv cmnd,twrFillValve,eo66-dn-v1
tower fill valv command,twrFillValve,eo66-dn-v1
tower fill valve c,twrFillValve,eo66-dn-v1
tower fill valve cmd,twrFillValve,eo66-dn-v1
tower fill valve cmnd,twrFillValve,eo66-dn-v1
tower fill valve command,twrFillValve,eo66-dn-v1
tower fill vlv c,twrFillValve,eo66-dn-v1
tower fill vlv cmd,twrFillValve,eo66-dn-v1
tower fill vlv cmnd,twrFillValve,eo66-dn-v1
tower fill vlv command,twrFillValve,eo66-dn-v1
twr fill valv c,twrFillValve,eo66-dn-v1
twr fill valv cmd,twrFillValve,eo66-dn-v1
twr fill valv cmnd,twrFillValve,eo66-dn-v1
twr fill valv command,twrFillValve,eo66-dn-v1
twr fill valve c,twrFillValve,eo66-dn-v1
twr fill valve cmd,twrFillValve,eo66-dn-v1
twr fill valve cmnd,twrFillValve,eo66-dn-v1
twr fill valve command,twrFillValve,eo66-dn-v1
twr fill vlv c,twrFillValve,eo66-dn-v1
twr fill vlv cmd,twrFillValve,eo66-dn-v1
twr fill vlv cmnd,twrFillValve,eo66-dn-v1
twr fill vlv command,twrFillValve,eo66-dn-v1
ct fill vol,twrFillVolume,eo66-dn-v1
ct fill volume,twrFillVolume,eo66-dn-v1
tower fill vol,twrFillVolume,eo66-dn-v1
tower fill volume,twrFillVolume,eo66-dn-v1
twr fill vol,twrFillVolume,eo66-dn-v1
twr fill volume,twrFillVolume,eo66-dn-v1
ct ent flo,twrLeavingFlow,eo66-dn-v1
ct ent flow,twrLeavingFlow,eo66-dn-v1
ct ent flw,twrLeavingFlow,eo66-dn-v1
ct enter flo,twrLeavingFlow,eo66-dn-v1
ct enter flow,twrLeavingFlow,eo66-dn-v1
ct enter flw,twrLeavingFlow,eo66-dn-v1
ct entering flo,twrLeavingFlow,eo66-dn-v1
ct entering flow,twrLeavingFlow,eo66-dn-v1
ct entering flw,twrLeavingFlow,eo66-dn-v1
ct entr flo,twrLeavingFlow,eo66-dn-v1
ct entr flow,twrLeavingFlow,eo66-dn-v1
ct entr flw,twrLeavingFlow,eo66-dn-v1
tower ent flo,twrLeavingFlow,eo66-dn-v1
tower ent flow,twrLeavingFlow,eo66-dn-v1
tower ent flw,twrLeavingFlow,eo66-dn-v1
tower enter flo,twrLeavingFlow,eo66-dn-v1
tower enter flow,twrLeavingFlow,eo66-dn-v1
tower enter flw,twrLeavingFlow,eo66-dn-v1
tower entering flo,twrLeavingFlow,eo66-dn-v1
tower entering flow,twrLeavingFlow,eo66-dn-v1
tower entering flw,twrLeavingFlow,eo66-dn-v1
tower entr flo,twrLeavingFlow,eo66-dn-v1
tower entr flow,twrLeavingFlow,eo66-dn-v1
tower entr flw,twrLeavingFlow,eo66-dn-v1
twr ent flo,twrLeavingFlow,eo66-dn-v1
twr ent flow,twrLeavingFlow,eo66-dn-v1
twr ent flw,twrLeavingFlow,eo66-dn-v1
twr enter flo,twrLeavingFlow,eo66-dn-v1
twr enter flow,twrLeavingFlow,eo66-dn-v1
twr enter flw,twrLeavingFlow,eo66-dn-v1
twr entering flo,twrLeavingFlow,eo66-dn-v1
twr entering flow,twrLeavingFlow,eo66-dn-v1
twr entering flw,twrLeavingFlow,eo66-dn-v1
twr entr flo,twrLeavingFlow,eo66-dn-v1
twr entr flow,twrLeavingFlow,eo66-dn-v1
twr entr flw,twrLeavingFlow,eo66-dn-v1
u ld,unitLoad,eo66-dn-v1
u load,unitLoad,eo66-dn-v1
un ld,unitLoad,eo66-dn-v1
un load,unitLoad,eo66-dn-v1
unit ld,unitLoad,eo66-dn-v1
unit load,unitLoad,eo66-dn-v1
u md,unitMode,eo66-dn-v1
u mod,unitMode,eo66-dn-v1
u mode,unitMode,eo66-dn-v1
un md,unitMode,eo66-dn-v1
un mod,unitMode,eo66-dn-v1
un mode,unitMode,eo66-dn-v1
unit md,unitMode,eo66-dn-v1
unit mod,unitMode,eo66-dn-v1
unit mode,unitMode,eo66-dn-v1
unoc hum set,unoccupiedHumidSp,eo66-dn-v1
unoc hum setp,unoccupiedHumidSp,eo66-dn-v1
unoc hum setpoint,unoccupiedHumidSp,eo66-dn-v1
unoc hum setpt,unoccupiedHumidSp,eo66-dn-v1
unoc hum sp,unoccupiedHumidSp,eo66-dn-v1
unoc humid s,unoccupiedHumidSp,eo66-dn-v1
unoc humid set,unoccupiedHumidSp,eo66-dn-v1
unoc humid setpoint,unoccupiedHumidSp,eo66-dn-v1
unoc humidification set,unoccupiedHumidSp,eo66-dn-v1
unoc humidification setp,unoccupiedHumidSp,eo66-dn-v1
unoc humidification setpoint,unoccupiedHumidSp,eo66-dn-v1
unoc humidification setpt,unoccupiedHumidSp,eo66-dn-v1
unoc humidification stpt,unoccupiedHumidSp,eo66-dn-v1
unocc hum set,unoccupiedHumidSp,eo66-dn-v1
unocc hum setp,unoccupiedHumidSp,eo66-dn-v1
unocc hum setpt,unoccupiedHumidSp,eo66-dn-v1
unocc hum sp,unoccupiedHumidSp,eo66-dn-v1
unocc hum spt,unoccupiedHumidSp,eo66-dn-v1
unocc hum stpt,unoccupiedHumidSp,eo66-dn-v1
unocc humid setp,unoccupiedHumidSp,eo66-dn-v1
unocc humid setpt,unoccupiedHumidSp,eo66-dn-v1
unocc humid sp,unoccupiedHumidSp,eo66-dn-v1
unocc humid spt,unoccupiedHumidSp,eo66-dn-v1
unocc humidification s,unoccupiedHumidSp,eo66-dn-v1
unocc humidification sp,unoccupiedHumidSp,eo66-dn-v1
unocc humidification stpt,unoccupiedHumidSp,eo66-dn-v1
unoccupied hum s,unoccupiedHumidSp,eo66-dn-v1
unoccupied hum set,unoccupiedHumidSp,eo66-dn-v1
unoccupied hum setp,unoccupiedHumidSp,eo66-dn-v1
unoccupied hum setpt,unoccupiedHumidSp,eo66-dn-v1
unoccupied hum sp,unoccupiedHumidSp,eo66-dn-v1
unoccupied hum stpt,unoccupiedHumidSp,eo66-dn-v1
unoccupied humid s,unoccupiedHumidSp,eo66-dn-v1
unoccupied humid set,unoccupiedHumidSp,eo66-dn-v1
unoccupied humid setpoint,unoccupiedHumidSp,eo66-dn-v1
unoccupied humid sp,unoccupiedHumidSp,eo66-dn-v1
unoccupied humid spt,unoccupiedHumidSp,eo66-dn-v1
unoccupied humid stpt,unoccupiedHumidSp,eo66-dn-v1
unoccupied humidification setpoint,unoccupiedHumidSp,eo66-dn-v1
unoccupied humidification sp,unoccupiedHumidSp,eo66-dn-v1
unoc t s,unoccupiedTempSp,eo66-dn-v1
unoc t set,unoccupiedTempSp,eo66-dn-v1
unoc t setp,unoccupiedTempSp,eo66-dn-v1
unoc temp setp,unoccupiedTempSp,eo66-dn-v1
unoc temp stpt,unoccupiedTempSp,eo66-dn-v1
unoc temperature set,unoccupiedTempSp,eo66-dn-v1
unoc temperature setp,unoccupiedTempSp,eo66-dn-v1
unoc temperature setpoint,unoccupiedTempSp,eo66-dn-v1
unoc temperature sp,unoccupiedTempSp,eo66-dn-v1
unoc tmp setpt,unoccupiedTempSp,eo66-dn-v1
unocc t s,unoccupiedTempSp,eo66-dn-v1
unocc temp s,unoccupiedTempSp,eo66-dn-v1
unocc temp setp,unoccupiedTempSp,eo66-dn-v1
unocc temp sp,unoccupiedTempSp,eo66-dn-v1
unocc temp spt,unoccupiedTempSp,eo66-dn-v1
unocc temperature s,unoccupiedTempSp,eo66-dn-v1
unocc temperature set,unoccupiedTempSp,eo66-dn-v1
unocc temperature setp,unoccupiedTempSp,eo66-dn-v1
unocc temperature setpoint,unoccupiedTempSp,eo66-dn-v1
unocc temperature sp,unoccupiedTempSp,eo66-dn-v1
unocc tmp set,unoccupiedTempSp,eo66-dn-v1
unocc tmp setp,unoccupiedTempSp,eo66-dn-v1
unocc tmp sp,unoccupiedTempSp,eo66-dn-v1
unoccupied t set,unoccupiedTempSp,eo66-dn-v1
unoccupied t setp,unoccupiedTempSp,eo66-dn-v1
unoccupied t setpoint,unoccupiedTempSp,eo66-dn-v1
unoccupied t spt,unoccupiedTempSp,eo66-dn-v1
unoccupied temp s,unoccupiedTempSp,eo66-dn-v1
unoccupied temp set,unoccupiedTempSp,eo66-dn-v1
unoccupied temp setp,unoccupiedTempSp,eo66-dn-v1
unoccupied temp sp,unoccupiedTempSp,eo66-dn-v1
unoccupied temp spt,unoccupiedTempSp,eo66-dn-v1
unoccupied temp stpt,unoccupiedTempSp,eo66-dn-v1
unoccupied temperature setpoint,unoccupiedTempSp,eo66-dn-v1
unoccupied temperature sp,unoccupiedTempSp,eo66-dn-v1
unoccupied tmp set,unoccupiedTempSp,eo66-dn-v1
unoccupied tmp setp,unoccupiedTempSp,eo66-dn-v1
unoccupied tmp setpoint,unoccupiedTempSp,eo66-dn-v1
unoccupied tmp setpt,unoccupiedTempSp,eo66-dn-v1
unoccupied tmp sp,unoccupiedTempSp,eo66-dn-v1
v line to line ph ab,voltagePhaseAB,eo66-dn-v1
v line to line phase ab,voltagePhaseAB,eo66-dn-v1
v line to ln ph ab,voltagePhaseAB,eo66-dn-v1
v line to ln phase ab,voltagePhaseAB,eo66-dn-v1
v ln to line ph ab,voltagePhaseAB,eo66-dn-v1
v ln to line phase ab,voltagePhaseAB,eo66-dn-v1
v ln to ln ph ab,voltagePhaseAB,eo66-dn-v1
v ln to ln phase ab,voltagePhaseAB,eo66-dn-v1
volt line to line ph ab,voltagePhaseAB,eo66-dn-v1
volt line to line phase ab,voltagePhaseAB,eo66-dn-v1
volt line to ln ph ab,voltagePhaseAB,eo66-dn-v1
volt line to ln phase ab,voltagePhaseAB,eo66-dn-v1
volt ln to line ph ab,voltagePhaseAB,eo66-dn-v1
volt ln to line phase ab,voltagePhaseAB,eo66-dn-v1
volt ln to ln ph ab,voltagePhaseAB,eo66-dn-v1
volt ln to ln phase ab,voltagePhaseAB,eo66-dn-v1
voltage line to line ph ab,voltagePhaseAB,eo66-dn-v1
voltage line to line phase ab,voltagePhaseAB,eo66-dn-v1
voltage line to ln ph ab,voltagePhaseAB,eo66-dn-v1
voltage line to ln phase ab,voltagePhaseAB,eo66-dn-v1
voltage ln to line ph ab,voltagePhaseAB,eo66-dn-v1
voltage ln to line phase ab,voltagePhaseAB,eo66-dn-v1
voltage ln to ln ph ab,voltagePhaseAB,eo66-dn-v1
voltage ln to ln phase ab,voltagePhaseAB,eo66-dn-v1
v line to line ph bc,voltagePhaseBC,eo66-dn-v1
v line to line phase bc,voltagePhaseBC,eo66-dn-v1
v line to ln ph bc,voltagePhaseBC,eo66-dn-v1
v line to ln phase bc,voltagePhaseBC,eo66-dn-v1
v ln to line ph bc,voltagePhaseBC,eo66-dn-v1
v ln to line phase bc,voltagePhaseBC,eo66-dn-v1
v ln to ln ph bc,voltagePhaseBC,eo66-dn-v1
v ln to ln phase bc,voltagePhaseBC,eo66-dn-v1
volt line to line ph bc,voltagePhaseBC,eo66-dn-v1
volt line to line phase bc,voltagePhaseBC,eo66-dn-v1
volt line to ln ph bc,voltagePhaseBC,eo66-dn-v1
volt line to ln phase bc,voltagePhaseBC,eo66-dn-v1
volt ln to line ph bc,voltagePhaseBC,eo66-dn-v1
volt ln to line phase bc,voltagePhaseBC,eo66-dn-v1
volt ln to ln ph bc,voltagePhaseBC,eo66-dn-v1
volt ln to ln phase bc,voltagePhaseBC,eo66-dn-v1
voltage line to line ph bc,voltagePhaseBC,eo66-dn-v1
voltage line to line phase bc,voltagePhaseBC,eo66-dn-v1
voltage line to ln ph bc,voltagePhaseBC,eo66-dn-v1
voltage line to ln phase bc,voltagePhaseBC,eo66-dn-v1
voltage ln to line ph bc,voltagePhaseBC,eo66-dn-v1
voltage ln to line phase bc,voltagePhaseBC,eo66-dn-v1
voltage ln to ln ph bc,voltagePhaseBC,eo66-dn-v1
voltage ln to ln phase bc,voltagePhaseBC,eo66-dn-v1
v line to line ph ca,voltagePhaseCA,eo66-dn-v1
v line to line phase ca,voltagePhaseCA,eo66-dn-v1
v line to ln ph ca,voltagePhaseCA,eo66-dn-v1
v line to ln phase ca,voltagePhaseCA,eo66-dn-v1
v ln to line ph ca,voltagePhaseCA,eo66-dn-v1
v ln to line phase ca,voltagePhaseCA,eo66-dn-v1
v ln to ln ph ca,voltagePhaseCA,eo66-dn-v1
v ln to ln phase ca,voltagePhaseCA,eo66-dn-v1
volt line to line ph ca,voltagePhaseCA,eo66-dn-v1
volt line to line phase ca,voltagePhaseCA,eo66-dn-v1
volt line to ln ph ca,voltagePhaseCA,eo66-dn-v1
volt line to ln phase ca,voltagePhaseCA,eo66-dn-v1
volt ln to line ph ca,voltagePhaseCA,eo66-dn-v1
volt ln to line phase ca,voltagePhaseCA,eo66-dn-v1
volt ln to ln ph ca,voltagePhaseCA,eo66-dn-v1
volt ln to ln phase ca,voltagePhaseCA,eo66-dn-v1
voltage line to line ph ca,voltagePhaseCA,eo66-dn-v1
voltage line to line phase ca,voltagePhaseCA,eo66-dn-v1
voltage line to ln ph ca,voltagePhaseCA,eo66-dn-v1
voltage line to ln phase ca,voltagePhaseCA,eo66-dn-v1
voltage ln to line ph ca,voltagePhaseCA,eo66-dn-v1
voltage ln to line phase ca,voltagePhaseCA,eo66-dn-v1
voltage ln to ln ph ca,voltagePhaseCA,eo66-dn-v1
voltage ln to ln phase ca,voltagePhaseCA,eo66-dn-v1
w cl ent temp,waterCoilEnteringTemp,eo66-dn-v1
w cl ent tmp,waterCoilEnteringTemp,eo66-dn-v1
w cl enter tmp,waterCoilEnteringTemp,eo66-dn-v1
w cl entering t,waterCoilEnteringTemp,eo66-dn-v1
w cl entering tmp,waterCoilEnteringTemp,eo66-dn-v1
w cl entr t,waterCoilEnteringTemp,eo66-dn-v1
w cl entr temp,waterCoilEnteringTemp,eo66-dn-v1
w cl entr temperature,waterCoilEnteringTemp,eo66-dn-v1
w cl entr tmp,waterCoilEnteringTemp,eo66-dn-v1
w coil ent t,waterCoilEnteringTemp,eo66-dn-v1
w coil ent temp,waterCoilEnteringTemp,eo66-dn-v1
w coil ent temperature,waterCoilEnteringTemp,eo66-dn-v1
w coil enter temp,waterCoilEnteringTemp,eo66-dn-v1
w coil enter temperature,waterCoilEnteringTemp,eo66-dn-v1
w coil enter tmp,waterCoilEnteringTemp,eo66-dn-v1
w coil entering tmp,waterCoilEnteringTemp,eo66-dn-v1
w coil entr t,waterCoilEnteringTemp,eo66-dn-v1
w coil entr temperature,waterCoilEnteringTemp,eo66-dn-v1
w coil entr tmp,waterCoilEnteringTemp,eo66-dn-v1
water cl enter temp,waterCoilEnteringTemp,eo66-dn-v1
water cl entering temperature,waterCoilEnteringTemp,eo66-dn-v1
water cl entr temp,waterCoilEnteringTemp,eo66-dn-v1
water coil ent tmp,waterCoilEnteringTemp,eo66-dn-v1
water coil enter temperature,waterCoilEnteringTemp,eo66-dn-v1
water coil enter tmp,waterCoilEnteringTemp,eo66-dn-v1
water coil entering temp,waterCoilEnteringTemp,eo66-dn-v1
water coil entering temperature,waterCoilEnteringTemp,eo66-dn-v1
wtr cl enter temp,waterCoilEnteringTemp,eo66-dn-v1
wtr cl enter temperature,waterCoilEnteringTemp,eo66-dn-v1
wtr cl enter tmp,waterCoilEnteringTemp,eo66-dn-v1
wtr cl entering t,waterCoilEnteringTemp,eo66-dn-v1
wtr cl entering temp,waterCoilEnteringTemp,eo66-dn-v1
wtr cl entering tmp,waterCoilEnteringTemp,eo66-dn-v1
wtr cl entr temperature,waterCoilEnteringTemp,eo66-dn-v1
wtr cl entr tmp,waterCoilEnteringTemp,eo66-dn-v1
wtr coil enter t,waterCoilEnteringTemp,eo66-dn-v1
wtr coil enter tmp,waterCoilEnteringTemp,eo66-dn-v1
wtr coil entr temp,waterCoilEnteringTemp,eo66-dn-v1
wtr coil entr temperature,waterCoilEnteringTemp,eo66-dn-v1
wtr coil entr tmp,waterCoilEnteringTemp,eo66-dn-v1
w valv fb,waterValveFb,eo66-dn-v1
w valv fbk,waterValveFb,eo66-dn-v1
w valv fdbk,waterValveFb,eo66-dn-v1
w valv feedback,waterValveFb,eo66-dn-v1
w valv pos,waterValveFb,eo66-dn-v1
w valve fbk,waterValveFb,eo66-dn-v1
w valve fdbk,waterValveFb,eo66-dn-v1
w valve feedback,waterValveFb,eo66-dn-v1
w valve position,waterValveFb,eo66-dn-v1
w vlv fb,waterValveFb,eo66-dn-v1
w vlv fbk,waterValveFb,eo66-dn-v1
w vlv fdbk,waterValveFb,eo66-dn-v1
w vlv feedback,waterValveFb,eo66-dn-v1
w vlv pos,waterValveFb,eo66-dn-v1
w vlv position,waterValveFb,eo66-dn-v1
water valv fb,waterValveFb,eo66-dn-v1
water valv fbk,waterValveFb,eo66-dn-v1
water valv fdbk,waterValveFb,eo66-dn-v1
water valv feedback,waterValveFb,eo66-dn-v1
water valve feedback,waterValveFb,eo66-dn-v1
water valve position,waterValveFb,eo66-dn-v1
water vlv fbk,waterValveFb,eo66-dn-v1
water vlv fdbk,waterValveFb,eo66-dn-v1
water vlv pos,waterValveFb,eo66-dn-v1
water vlv position,waterValveFb,eo66-dn-v1
wtr valv fb,waterValveFb,eo66-dn-v1
wtr valv fbk,waterValveFb,eo66-dn-v1
wtr valv fdbk,waterValveFb,eo66-dn-v1
wtr valv feedback,waterValveFb,eo66-dn-v1
wtr valv pos,waterValveFb,eo66-dn-v1
wtr valve fb,waterValveFb,eo66-dn-v1
wtr valve fbk,waterValveFb,eo66-dn-v1
wtr valve fdbk,waterValveFb,eo66-dn-v1
wtr valve feedback,waterValveFb,eo66-dn-v1
wtr valve pos,waterValveFb,eo66-dn-v1
wtr valve position,waterValveFb,eo66-dn-v1
wtr vlv fb,waterValveFb,eo66-dn-v1
wtr vlv fbk,waterValveFb,eo66-dn-v1
wtr vlv feedback,waterValveFb,eo66-dn-v1
wtr vlv position,waterValveFb,eo66-dn-v1
w bp,wheelBypass,eo66-dn-v1
w byp,wheelBypass,eo66-dn-v1
w bypass,wheelBypass,eo66-dn-v1
wh bp,wheelBypass,eo66-dn-v1
wh byp,wheelBypass,eo66-dn-v1
wh bypass,wheelBypass,eo66-dn-v1
wheel bp,wheelBypass,eo66-dn-v1
wheel byp,wheelBypass,eo66-dn-v1
wheel bypass,wheelBypass,eo66-dn-v1
whl bp,wheelBypass,eo66-dn-v1
whl byp,wheelBypass,eo66-dn-v1
whl bypass,wheelBypass,eo66-dn-v1
w bp damper cmd,wheelBypassDamper,eo66-dn-v1
w bp dm cmd,wheelBypassDamper,eo66-dn-v1
w bp dmpr c,wheelBypassDamper,eo66-dn-v1
w bp dmpr cmnd,wheelBypassDamper,eo66-dn-v1
w byp d command,wheelBypassDamper,eo66-dn-v1
w byp dampr c,wheelBypassDamper,eo66-dn-v1
w byp dmp cmd,wheelBypassDamper,eo66-dn-v1
w byp dmp cmnd,wheelBypassDamper,eo66-dn-v1
w byp dmper command,wheelBypassDamper,eo66-dn-v1
w byp dpr command,wheelBypassDamper,eo66-dn-v1
w bypass dmp cmd,wheelBypassDamper,eo66-dn-v1
w bypass dmper command,wheelBypassDamper,eo66-dn-v1
wh bp dm command,wheelBypassDamper,eo66-dn-v1
wh bp dmper c,wheelBypassDamper,eo66-dn-v1
wh byp dm cmd,wheelBypassDamper,eo66-dn-v1
wh byp dmpr cmd,wheelBypassDamper,eo66-dn-v1
wh bypass dm cmnd,wheelBypassDamper,eo66-dn-v1
wh bypass dm command,wheelBypassDamper,eo66-dn-v1
wheel bp d cmnd,wheelBypassDamper,eo66-dn-v1
wheel bp damper c,wheelBypassDamper,eo66-dn-v1
wheel bp dampr cmnd,wheelBypassDamper,eo66-dn-v1
wheel bp dm command,wheelBypassDamper,eo66-dn-v1
wheel byp dmper c,wheelBypassDamper,eo66-dn-v1
wheel bypass damper cmd,wheelBypassDamper,eo66-dn-v1
wheel bypass damper command,wheelBypassDamper,eo66-dn-v1
wheel bypass dampr cmd,wheelBypassDamper,eo66-dn-v1
wheel bypass dmp cmnd,wheelBypassDamper,eo66-dn-v1
wheel bypass dmpr command,wheelBypassDamper,eo66-dn-v1
whl bp d cmd,wheelBypassDamper,eo66-dn-v1
whl bp dmp command,wheelBypassDamper,eo66-dn-v1
whl bp dmper command,wheelBypassDamper,eo66-dn-v1
whl bp dpr cmd,wheelBypassDamper,eo66-dn-v1
whl byp d cmd,wheelBypassDamper,eo66-dn-v1
whl byp d command,wheelBypassDamper,eo66-dn-v1
whl byp dm command,wheelBypassDamper,eo66-dn-v1
whl byp dmp cmd,wheelBypassDamper,eo66-dn-v1
whl byp dmpr c,wheelBypassDamper,eo66-dn-v1
whl byp dmpr cmd,wheelBypassDamper,eo66-dn-v1
whl byp dpr cmd,wheelBypassDamper,eo66-dn-v1
whl bypass dpr cmd,wheelBypassDamper,eo66-dn-v1
w d f cmd,wheelDischargeFan,eo66-dn-v1
w da fan cmd,wheelDischargeFan,eo66-dn-v1
w dch fan command,wheelDischargeFan,eo66-dn-v1
w dsch fan c,wheelDischargeFan,eo66-dn-v1
w dsch fan cmnd,wheelDischargeFan,eo66-dn-v1
wh disch f cmnd,wheelDischargeFan,eo66-dn-v1
wh disch fan c,wheelDischargeFan,eo66-dn-v1
wh disch fan cmnd,wheelDischargeFan,eo66-dn-v1
wh discharge fan command,wheelDischargeFan,eo66-dn-v1
wh dsch f c,wheelDischargeFan,eo66-dn-v1
wh dsch f cmd,wheelDischargeFan,eo66-dn-v1
wh dsch fan c,wheelDischargeFan,eo66-dn-v1
wh dsch fan cmnd,wheelDischargeFan,eo66-dn-v1
wh sa f cmnd,wheelDischargeFan,eo66-dn-v1
wh supply f cmnd,wheelDischargeFan,eo66-dn-v1
wh supply fan cmnd,wheelDischargeFan,eo66-dn-v1
wheel d f command,wheelDischargeFan,eo66-dn-v1
wheel d fan command,wheelDischargeFan,eo66-dn-v1
wheel dch f cmd,wheelDischargeFan,eo66-dn-v1
wheel dch fan c,wheelDischargeFan,eo66-dn-v1
wheel dis f command,wheelDischargeFan,eo66-dn-v1
wheel disch fan c,wheelDischargeFan,eo66-dn-v1
wheel disch fan cmd,wheelDischargeFan,eo66-dn-v1
wheel discharge fan command,wheelDischargeFan,eo66-dn-v1
wheel dsch fan cmnd,wheelDischargeFan,eo66-dn-v1
wheel sa fan c,wheelDischargeFan,eo66-dn-v1
wheel sa fan cmd,wheelDischargeFan,eo66-dn-v1
whl da f command,wheelDischargeFan,eo66-dn-v1
whl da fan cmd,wheelDischargeFan,eo66-dn-v1
whl dch f cmd,wheelDischargeFan,eo66-dn-v1
whl dch f cmnd,wheelDischargeFan,eo66-dn-v1
whl dis fan c,wheelDischargeFan,eo66-dn-v1
whl disch f command,wheelDischargeFan,eo66-dn-v1
whl disch fan cmd,wheelDischargeFan,eo66-dn-v1
whl discharge fan cmnd,wheelDischargeFan,eo66-dn-v1
whl dsch f cmnd,wheelDischargeFan,eo66-dn-v1
whl dsch fan cmd,wheelDischargeFan,eo66-dn-v1
whl sa f cmd,wheelDischargeFan,eo66-dn-v1
whl supply f command,wheelDischargeFan,eo66-dn-v1
whl supply fan c,wheelDischargeFan,eo66-dn-v1
w da fan pressure delta,wheelDischargeFanPressureDelta,eo66-dn-v1
w disch fan pr delta,wheelDischargeFanPressureDelta,eo66-dn-v1
w discharge f presr delta,wheelDischargeFanPressureDelta,eo66-dn-v1
w discharge fan prs diff,wheelDischargeFanPressureDelta,eo66-dn-v1
w sa fan pres dlt,wheelDischargeFanPressureDelta,eo66-dn-v1
w sa fan press diff,wheelDischargeFanPressureDelta,eo66-dn-v1
wh d fan pressure dlt,wheelDischargeFanPressureDelta,eo66-dn-v1
wh da fan pr delta,wheelDischargeFanPressureDelta,eo66-dn-v1
wh da fan pressure delta,wheelDischargeFanPressureDelta,eo66-dn-v1
wh dch fan press delta,wheelDischargeFanPressureDelta,eo66-dn-v1
wh dch fan pressure delta,wheelDischargeFanPressureDelta,eo66-dn-v1
wh dch fan prs delta,wheelDischargeFanPressureDelta,eo66-dn-v1
wh dch fan prs diff,wheelDischargeFanPressureDelta,eo66-dn-v1
wh dis fan press diff,wheelDischargeFanPressureDelta,eo66-dn-v1
wh disch f pres delta,wheelDischargeFanPressureDelta,eo66-dn-v1
wh disch fan p diff,wheelDischargeFanPressureDelta,eo66-dn-v1
wh discharge f press dlt,wheelDischargeFanPressureDelta,eo66-dn-v1
wh sa fan p delta,wheelDischargeFanPressureDelta,eo66-dn-v1
wh supply fan pr dlt,wheelDischargeFanPressureDelta,eo66-dn-v1
wheel da f pr delta,wheelDischargeFanPressureDelta,eo66-dn-v1
wheel da f press diff,wheelDischargeFanPressureDelta,eo66-dn-v1
wheel dch fan prs dlt,wheelDischargeFanPressureDelta,eo66-dn-v1
wheel dis fan pressure diff,wheelDischargeFanPressureDelta,eo66-dn-v1
wheel dis fan prs dlt,wheelDischargeFanPressureDelta,eo66-dn-v1
wheel disch f press diff,wheelDischargeFanPressureDelta,eo66-dn-v1
wheel discharge fan press diff,wheelDischargeFanPressureDelta,eo66-dn-v1
wheel discharge fan pressure delta,wheelDischargeFanPressureDelta,eo66-dn-v1
wheel sa f pr diff,wheelDischargeFanPressureDelta,eo66-dn-v1
wheel sa f press diff,wheelDischargeFanPressureDelta,eo66-dn-v1
wheel sa fan press delta,wheelDischargeFanPressureDelta,eo66-dn-v1
whl d fan pres dlt,wheelDischargeFanPressureDelta,eo66-dn-v1
whl dch fan presr dlt,wheelDischargeFanPressureDelta,eo66-dn-v1
whl disch fan prs delta,wheelDischargeFanPressureDelta,eo66-dn-v1
whl discharge f press dlt,wheelDischargeFanPressureDelta,eo66-dn-v1
whl discharge f pressure dlt,wheelDischargeFanPressureDelta,eo66-dn-v1
whl discharge fan presr diff,wheelDischargeFanPressureDelta,eo66-dn-v1
whl discharge fan prs diff,wheelDischargeFanPressureDelta,eo66-dn-v1
whl dsch fan pres delta,wheelDischargeFanPressureDelta,eo66-dn-v1
whl dsch fan presr dlt,wheelDischargeFanPressureDelta,eo66-dn-v1
whl supply fan presr diff,wheelDischargeFanPressureDelta,eo66-dn-v1
w d fan pres hi set,wheelDischargeFanPressureHiSp,eo66-dn-v1
w disch f presr hi spt,wheelDischargeFanPressureHiSp,eo66-dn-v1
w discharge fan pres h stpt,wheelDischargeFanPressureHiSp,eo66-dn-v1
w dsch f pr high set,wheelDischargeFanPressureHiSp,eo66-dn-v1
w sa f presr h set,wheelDischargeFanPressureHiSp,eo66-dn-v1
w supply fan pressure hi set,wheelDischargeFanPressureHiSp,eo66-dn-v1
wh d f pr hi setpoint,wheelDischargeFanPressureHiSp,eo66-dn-v1
wh d f press hi stpt,wheelDischargeFanPressureHiSp,eo66-dn-v1
wh d f pressure high set,wheelDischargeFanPressureHiSp,eo66-dn-v1
wh d fan presr h setpt,wheelDischargeFanPressureHiSp,eo66-dn-v1
wh da fan presr hi setp,wheelDischargeFanPressureHiSp,eo66-dn-v1
wh disch f pres hi set,wheelDischargeFanPressureHiSp,eo66-dn-v1
wh disch f prs hi set,wheelDischargeFanPressureHiSp,eo66-dn-v1
wh dsch f presr h sp,wheelDischargeFanPressureHiSp,eo66-dn-v1
wh supply f p hi sp,wheelDischargeFanPressureHiSp,eo66-dn-v1
wh supply f pr hi setp,wheelDischargeFanPressureHiSp,eo66-dn-v1
wh supply f pres high sp,wheelDischargeFanPressureHiSp,eo66-dn-v1
wh supply fan pressure high setp,wheelDischargeFanPressureHiSp,eo66-dn-v1
wheel d fan pres high setp,wheelDischargeFanPressureHiSp,eo66-dn-v1
wheel d fan presr high stpt,wheelDischargeFanPressureHiSp,eo66-dn-v1
wheel da fan pr high setp,wheelDischargeFanPressureHiSp,eo66-dn-v1
wheel da fan pres h set,wheelDischargeFanPressureHiSp,eo66-dn-v1
wheel dch f presr high setp,wheelDischargeFanPressureHiSp,eo66-dn-v1
wheel dis f p h setpoint,wheelDischargeFanPressureHiSp,eo66-dn-v1
wheel disch f presr hi set,wheelDischargeFanPressureHiSp,eo66-dn-v1
wheel discharge f pres hi set,wheelDischargeFanPressureHiSp,eo66-dn-v1
wheel discharge fan pressure high setpoint,wheelDischargeFanPressureHiSp,eo66-dn-v1
wheel sa fan press hi sp,wheelDischargeFanPressureHiSp,eo66-dn-v1
wheel supply fan pressure h stpt,wheelDischargeFanPressureHiSp,eo66-dn-v1
wheel supply fan prs h s,wheelDischargeFanPressureHiSp,eo66-dn-v1
whl d fan presr hi setpt,wheelDischargeFanPressureHiSp,eo66-dn-v1
whl da fan prs hi set,wheelDischargeFanPressureHiSp,eo66-dn-v1
whl dch f p h setpoint,wheelDischargeFanPressureHiSp,eo66-dn-v1
whl dis f press hi sp,wheelDischargeFanPressureHiSp,eo66-dn-v1
whl disch f prs high setpoint,wheelDischargeFanPressureHiSp,eo66-dn-v1
whl disch fan pres high setpoint,wheelDischargeFanPressureHiSp,eo66-dn-v1
whl discharge f pr h s,wheelDischargeFanPressureHiSp,eo66-dn-v1
whl dsch fan p h setpoint,wheelDischargeFanPressureHiSp,eo66-dn-v1
whl dsch fan pres h setpt,wheelDischargeFanPressureHiSp,eo66-dn-v1
whl sa fan press hi setpt,wheelDischargeFanPressureHiSp,eo66-dn-v1
w d temp set,wheelDischargeTempSp,eo66-dn-v1
w dch temperature setp,wheelDischargeTempSp,eo66-dn-v1
w dch tmp s,wheelDischargeTempSp,eo66-dn-v1
w dis t setpt,wheelDischargeTempSp,eo66-dn-v1
w dis tmp spt,wheelDischargeTempSp,eo66-dn-v1
w dsch temp spt,wheelDischargeTempSp,eo66-dn-v1
w sa temp set,wheelDischargeTempSp,eo66-dn-v1
w supply tmp s,wheelDischargeTempSp,eo66-dn-v1
wh da temperature setp,wheelDischargeTempSp,eo66-dn-v1
wh dch temperature setp,wheelDischargeTempSp,eo66-dn-v1
wh dch tmp set,wheelDischargeTempSp,eo66-dn-v1
wh disch temperature setpoint,wheelDischargeTempSp,eo66-dn-v1
wh discharge t s,wheelDischargeTempSp,eo66-dn-v1
wh dsch temperature stpt,wheelDischargeTempSp,eo66-dn-v1
wh sa temperature setp,wheelDischargeTempSp,eo66-dn-v1
wh sa tmp sp,wheelDischargeTempSp,eo66-dn-v1
wh supply temperature stpt,wheelDischargeTempSp,eo66-dn-v1
wheel da tmp sp,wheelDischargeTempSp,eo66-dn-v1
wheel dch temperature setpt,wheelDischargeTempSp,eo66-dn-v1
wheel dis temp setp,wheelDischargeTempSp,eo66-dn-v1
wheel dis temperature set,wheelDischargeTempSp,eo66-dn-v1
wheel dis tmp spt,wheelDischargeTempSp,eo66-dn-v1
wheel disch t set,wheelDischargeTempSp,eo66-dn-v1
wheel disch temp setpoint,wheelDischargeTempSp,eo66-dn-v1
wheel discharge temperature setpoint,wheelDischargeTempSp,eo66-dn-v1
wheel discharge tmp setpt,wheelDischargeTempSp,eo66-dn-v1
wheel dsch t setpoint,wheelDischargeTempSp,eo66-dn-v1
wheel dsch temp setpt,wheelDischargeTempSp,eo66-dn-v1
wheel dsch temperature setpoint,wheelDischargeTempSp,eo66-dn-v1
wheel sa temp sp,wheelDischargeTempSp,eo66-dn-v1
whl d t setpoint,wheelDischargeTempSp,eo66-dn-v1
whl d t spt,wheelDischargeTempSp,eo66-dn-v1
whl d temperature spt,wheelDischargeTempSp,eo66-dn-v1
whl da temp setpoint,wheelDischargeTempSp,eo66-dn-v1
whl da tmp setpoint,wheelDischargeTempSp,eo66-dn-v1
whl dch temp set,wheelDischargeTempSp,eo66-dn-v1
whl dch tmp setpoint,wheelDischargeTempSp,eo66-dn-v1
whl dis temp spt,wheelDischargeTempSp,eo66-dn-v1
whl dis tmp sp,wheelDischargeTempSp,eo66-dn-v1
whl discharge temp s,wheelDischargeTempSp,eo66-dn-v1
w ex fan p diff,wheelExhaustFanPressureDelta,eo66-dn-v1
w exh f prs delta,wheelExhaustFanPressureDelta,eo66-dn-v1
w exh fan pressure dlt,wheelExhaustFanPressureDelta,eo66-dn-v1
w exh fan prs diff,wheelExhaustFanPressureDelta,eo66-dn-v1
w exhaust f p dlt,wheelExhaustFanPressureDelta,eo66-dn-v1
w exhst f prs diff,wheelExhaustFanPressureDelta,eo66-dn-v1
w exhst fan prs delta,wheelExhaustFanPressureDelta,eo66-dn-v1
w exht f presr dlt,wheelExhaustFanPressureDelta,eo66-dn-v1
wh ex f p delta,wheelExhaustFanPressureDelta,eo66-dn-v1
wh ex f press dlt,wheelExhaustFanPressureDelta,eo66-dn-v1
wh ex f pressure dlt,wheelExhaustFanPressureDelta,eo66-dn-v1
wh ex fan pres diff,wheelExhaustFanPressureDelta,eo66-dn-v1
wh exhaust f p diff,wheelExhaustFanPressureDelta,eo66-dn-v1
wh exhaust f pres dlt,wheelExhaustFanPressureDelta,eo66-dn-v1
wh exht f pr diff,wheelExhaustFanPressureDelta,eo66-dn-v1
wh exht f presr delta,wheelExhaustFanPressureDelta,eo66-dn-v1
wh exht f presr diff,wheelExhaustFanPressureDelta,eo66-dn-v1
wh exht fan press diff,wheelExhaustFanPressureDelta,eo66-dn-v1
wh exht fan pressure diff,wheelExhaustFanPressureDelta,eo66-dn-v1
wheel ex f press delta,wheelExhaustFanPressureDelta,eo66-dn-v1
wheel ex f pressure diff,wheelExhaustFanPressureDelta,eo66-dn-v1
wheel exh fan presr diff,wheelExhaustFanPressureDelta,eo66-dn-v1
wheel exh fan prs diff,wheelExhaustFanPressureDelta,eo66-dn-v1
wheel exhaust fan press delta,wheelExhaustFanPressureDelta,eo66-dn-v1
wheel exhaust fan pressure delta,wheelExhaustFanPressureDelta,eo66-dn-v1
wheel exhst f press dlt,wheelExhaustFanPressureDelta,eo66-dn-v1
wheel exhst fan press delta,wheelExhaustFanPressureDelta,eo66-dn-v1
whl ea f prs diff,wheelExhaustFanPressureDelta,eo66-dn-v1
whl ex f pr diff,wheelExhaustFanPressureDelta,eo66-dn-v1
whl ex f pressure dlt,wheelExhaustFanPressureDelta,eo66-dn-v1
whl exh f presr delta,wheelExhaustFanPressureDelta,eo66-dn-v1
whl exh fan pr diff,wheelExhaustFanPressureDelta,eo66-dn-v1
whl exh fan pres diff,wheelExhaustFanPressureDelta,eo66-dn-v1
whl exhaust f p diff,wheelExhaustFanPressureDelta,eo66-dn-v1
whl exhaust f pr diff,wheelExhaustFanPressureDelta,eo66-dn-v1
whl exhst f press dlt,wheelExhaustFanPressureDelta,eo66-dn-v1
whl exht f presr diff,wheelExhaustFanPressureDelta,eo66-dn-v1
whl exht f presr dlt,wheelExhaustFanPressureDelta,eo66-dn-v1
whl exht fan p diff,wheelExhaustFanPressureDelta,eo66-dn-v1
whl exht fan pr diff,wheelExhaustFanPressureDelta,eo66-dn-v1
w ea fan pr hi stpt,wheelExhaustFanPressureHiSp,eo66-dn-v1
w ea fan pressure h setpoint,wheelExhaustFanPressureHiSp,eo66-dn-v1
w ex f pressure h setpoint,wheelExhaustFanPressureHiSp,eo66-dn-v1
w ex fan pr hi setpt,wheelExhaustFanPressureHiSp,eo66-dn-v1
w exh f p h spt,wheelExhaustFanPressureHiSp,eo66-dn-v1
w exh f presr h set,wheelExhaustFanPressureHiSp,eo66-dn-v1
w exhaust f presr h s,wheelExhaustFanPressureHiSp,eo66-dn-v1
w exhaust fan pr h stpt,wheelExhaustFanPressureHiSp,eo66-dn-v1
w exhaust fan pressure h sp,wheelExhaustFanPressureHiSp,eo66-dn-v1
w exhst fan pr high setp,wheelExhaustFanPressureHiSp,eo66-dn-v1
w exhst fan press high setpoint,wheelExhaustFanPressureHiSp,eo66-dn-v1
wh ea f press hi set,wheelExhaustFanPressureHiSp,eo66-dn-v1
wh ea fan pres h sp,wheelExhaustFanPressureHiSp,eo66-dn-v1
wh exh f p high stpt,wheelExhaustFanPressureHiSp,eo66-dn-v1
wh exh f presr h setp,wheelExhaustFanPressureHiSp,eo66-dn-v1
wh exh f press hi setp,wheelExhaustFanPressureHiSp,eo66-dn-v1
wh exhst f pres high s,wheelExhaustFanPressureHiSp,eo66-dn-v1
wh exhst f pres high setpoint,wheelExhaustFanPressureHiSp,eo66-dn-v1
wh exhst fan prs h setp,wheelExhaustFanPressureHiSp,eo66-dn-v1
wh exht f pressure h stpt,wheelExhaustFanPressureHiSp,eo66-dn-v1
wh exht f prs hi stpt,wheelExhaustFanPressureHiSp,eo66-dn-v1
wh exht fan pr h stpt,wheelExhaustFanPressureHiSp,eo66-dn-v1
wheel ex f pres h s,wheelExhaustFanPressureHiSp,eo66-dn-v1
wheel ex f presr hi sp,wheelExhaustFanPressureHiSp,eo66-dn-v1
wheel ex fan p hi setp,wheelExhaustFanPressureHiSp,eo66-dn-v1
wheel exhaust f pres high setp,wheelExhaustFanPressureHiSp,eo66-dn-v1
wheel exhaust fan press hi sp,wheelExhaustFanPressureHiSp,eo66-dn-v1
wheel exhaust fan pressure high setpoint,wheelExhaustFanPressureHiSp,eo66-dn-v1
wheel exhaust fan pressure high setpt,wheelExhaustFanPressureHiSp,eo66-dn-v1
wheel exhst f prs h setp,wheelExhaustFanPressureHiSp,eo66-dn-v1
whl ea fan presr hi set,wheelExhaustFanPressureHiSp,eo66-dn-v1
whl ex f pres h stpt,wheelExhaustFanPressureHiSp,eo66-dn-v1
whl exhaust f pressure h sp,wheelExhaustFanPressureHiSp,eo66-dn-v1
whl exhaust fan prs high setpoint,wheelExhaustFanPressureHiSp,eo66-dn-v1
whl exhst f p h setpoint,wheelExhaustFanPressureHiSp,eo66-dn-v1
whl exhst fan pr high stpt,wheelExhaustFanPressureHiSp,eo66-dn-v1
whl exhst fan presr hi stpt,wheelExhaustFanPressureHiSp,eo66-dn-v1
whl exhst fan presr high spt,wheelExhaustFanPressureHiSp,eo66-dn-v1
whl exht f pressure hi setpoint,wheelExhaustFanPressureHiSp,eo66-dn-v1
whl exht f pressure high stpt,wheelExhaustFanPressureHiSp,eo66-dn-v1
w ea h,wheelExhaustHumidity,eo66-dn-v1
w ea humid,wheelExhaustHumidity,eo66-dn-v1
w ex humidity,wheelExhaustHumidity,eo66-dn-v1
w exh humid,wheelExhaustHumidity,eo66-dn-v1
w exhaust h,wheelExhaustHumidity,eo66-dn-v1
w exhaust humd,wheelExhaustHumidity,eo66-dn-v1
w exhst hum,wheelExhaustHumidity,eo66-dn-v1
w exhst humd,wheelExhaustHumidity,eo66-dn-v1
w exhst humidity,wheelExhaustHumidity,eo66-dn-v1
w exht rh,wheelExhaustHumidity,eo66-dn-v1
wh ea h,wheelExhaustHumidity,eo66-dn-v1
wh ea hm,wheelExhaustHumidity,eo66-dn-v1
wh ex humd,wheelExhaustHumidity,eo66-dn-v1
wh exh humd,wheelExhaustHumidity,eo66-dn-v1
wh exhaust hi,wheelExhaustHumidity,eo66-dn-v1
wh exhaust humd,wheelExhaustHumidity,eo66-dn-v1
wh exhst humd,wheelExhaustHumidity,eo66-dn-v1
wh exht hi,wheelExhaustHumidity,eo66-dn-v1
wh exht humid,wheelExhaustHumidity,eo66-dn-v1
wheel ea humid,wheelExhaustHumidity,eo66-dn-v1
wheel ex humidity,wheelExhaustHumidity,eo66-dn-v1
wheel exh h,wheelExhaustHumidity,eo66-dn-v1
wheel exh humid,wheelExhaustHumidity,eo66-dn-v1
wheel exhaust humidity,wheelExhaustHumidity,eo66-dn-v1
wheel exhaust rh,wheelExhaustHumidity,eo66-dn-v1
wheel exhst h,wheelExhaustHumidity,eo66-dn-v1
wheel exhst humidity,wheelExhaustHumidity,eo66-dn-v1
wheel exht h,wheelExhaustHumidity,eo66-dn-v1
wheel exht hm,wheelExhaustHumidity,eo66-dn-v1
whl ea h,wheelExhaustHumidity,eo66-dn-v1
whl ea hum,wheelExhaustHumidity,eo66-dn-v1
whl ea humidity,wheelExhaustHumidity,eo66-dn-v1
whl ex humd,wheelExhaustHumidity,eo66-dn-v1
whl ex humidity,wheelExhaustHumidity,eo66-dn-v1
whl exh h,wheelExhaustHumidity,eo66-dn-v1
whl exhaust hm,wheelExhaustHumidity,eo66-dn-v1
whl exhaust hum,wheelExhaustHumidity,eo66-dn-v1
whl exhst rh,wheelExhaustHumidity,eo66-dn-v1
whl exht hi,wheelExhaustHumidity,eo66-dn-v1
whl exht humidity,wheelExhaustHumidity,eo66-dn-v1
w ea p,wheelExhaustPressure,eo66-dn-v1
w ea pr,wheelExhaustPressure,eo66-dn-v1
w ex presr,wheelExhaustPressure,eo66-dn-v1
w ex prs,wheelExhaustPressure,eo66-dn-v1
w exh pres,wheelExhaustPressure,eo66-dn-v1
w exh press,wheelExhaustPressure,eo66-dn-v1
w exh prs,wheelExhaustPressure,eo66-dn-v1
w exht p,wheelExhaustPressure,eo66-dn-v1
w exht press,wheelExhaustPressure,eo66-dn-v1
w exht pressure,wheelExhaustPressure,eo66-dn-v1
wh exh presr,wheelExhaustPressure,eo66-dn-v1
wh exhaust pres,wheelExhaustPressure,eo66-dn-v1
wh exhaust presr,wheelExhaustPressure,eo66-dn-v1
wh exhaust prs,wheelExhaustPressure,eo66-dn-v1
wh exhst pr,wheelExhaustPressure,eo66-dn-v1
wh exhst presr,wheelExhaustPressure,eo66-dn-v1
wh exhst press,wheelExhaustPressure,eo66-dn-v1
wh exhst prs,wheelExhaustPressure,eo66-dn-v1
wh exht p,wheelExhaustPressure,eo66-dn-v1
wh exht pr,wheelExhaustPressure,eo66-dn-v1
wh exht pressure,wheelExhaustPressure,eo66-dn-v1
wheel ex pr,wheelExhaustPressure,eo66-dn-v1
wheel exh pr,wheelExhaustPressure,eo66-dn-v1
wheel exh presr,wheelExhaustPressure,eo66-dn-v1
wheel exhaust pr,wheelExhaustPressure,eo66-dn-v1
wheel exhaust presr,wheelExhaustPressure,eo66-dn-v1
wheel exhaust press,wheelExhaustPressure,eo66-dn-v1
wheel exhaust pressure,wheelExhaustPressure,eo66-dn-v1
wheel exhst press,wheelExhaustPressure,eo66-dn-v1
whl ea pr,wheelExhaustPressure,eo66-dn-v1
whl ea pres,wheelExhaustPressure,eo66-dn-v1
whl ex pr,wheelExhaustPressure,eo66-dn-v1
whl ex press,wheelExhaustPressure,eo66-dn-v1
whl exh pres,wheelExhaustPressure,eo66-dn-v1
whl exh presr,wheelExhaustPressure,eo66-dn-v1
whl exh prs,wheelExhaustPressure,eo66-dn-v1
whl exhst pres,wheelExhaustPressure,eo66-dn-v1
whl exhst press,wheelExhaustPressure,eo66-dn-v1
whl exht pres,wheelExhaustPressure,eo66-dn-v1
whl exht press,wheelExhaustPressure,eo66-dn-v1
w face bp d command,wheelFaceBypassDamper,eo66-dn-v1
w face bp damper cmd,wheelFaceBypassDamper,eo66-dn-v1
w face bp dampr command,wheelFaceBypassDamper,eo66-dn-v1
w face bp dm c,wheelFaceBypassDamper,eo66-dn-v1
w face bp dmp command,wheelFaceBypassDamper,eo66-dn-v1
w face bp dmper cmnd,wheelFaceBypassDamper,eo66-dn-v1
w face bp dmper command,wheelFaceBypassDamper,eo66-dn-v1
w face bp dpr cmd,wheelFaceBypassDamper,eo66-dn-v1
w face byp damper cmd,wheelFaceBypassDamper,eo66-dn-v1
w face byp damper cmnd,wheelFaceBypassDamper,eo66-dn-v1
w face byp dpr c,wheelFaceBypassDamper,eo66-dn-v1
w face bypass dmp command,wheelFaceBypassDamper,eo66-dn-v1
w face bypass dmper command,wheelFaceBypassDamper,eo66-dn-v1
w face bypass dpr cmnd,wheelFaceBypassDamper,eo66-dn-v1
wh face bp dmp cmd,wheelFaceBypassDamper,eo66-dn-v1
wh face bp dpr c,wheelFaceBypassDamper,eo66-dn-v1
wh face bp dpr cmd,wheelFaceBypassDamper,eo66-dn-v1
wh face byp damper c,wheelFaceBypassDamper,eo66-dn-v1
wh face byp dm c,wheelFaceBypassDamper,eo66-dn-v1
wh face bypass dmper cmnd,wheelFaceBypassDamper,eo66-dn-v1
wh face bypass dmpr cmnd,wheelFaceBypassDamper,eo66-dn-v1
wh face bypass dmpr command,wheelFaceBypassDamper,eo66-dn-v1
wheel face bp d c,wheelFaceBypassDamper,eo66-dn-v1
wheel face bp d cmnd,wheelFaceBypassDamper,eo66-dn-v1
wheel face bp damper command,wheelFaceBypassDamper,eo66-dn-v1
wheel face bp dmpr command,wheelFaceBypassDamper,eo66-dn-v1
wheel face byp dpr c,wheelFaceBypassDamper,eo66-dn-v1
wheel face byp dpr cmd,wheelFaceBypassDamper,eo66-dn-v1
wheel face bypass d cmd,wheelFaceBypassDamper,eo66-dn-v1
wheel face bypass damper cmd,wheelFaceBypassDamper,eo66-dn-v1
wheel face bypass damper command,wheelFaceBypassDamper,eo66-dn-v1
whl face bp d c,wheelFaceBypassDamper,eo66-dn-v1
whl face bp damper c,wheelFaceBypassDamper,eo66-dn-v1
whl face bp dm cmnd,wheelFaceBypassDamper,eo66-dn-v1
whl face byp dampr c,wheelFaceBypassDamper,eo66-dn-v1
whl face byp dpr command,wheelFaceBypassDamper,eo66-dn-v1
whl face bypass d cmnd,wheelFaceBypassDamper,eo66-dn-v1
whl face bypass dampr c,wheelFaceBypassDamper,eo66-dn-v1
whl face bypass dmp cmnd,wheelFaceBypassDamper,eo66-dn-v1
whl face bypass dmpr cmd,wheelFaceBypassDamper,eo66-dn-v1
w md c,wheelMode,eo66-dn-v1
w md cmd,wheelMode,eo66-dn-v1
w md cmnd,wheelMode,eo66-dn-v1
w mod c,wheelMode,eo66-dn-v1
w mod cmd,wheelMode,eo66-dn-v1
w mod cmnd,wheelMode,eo66-dn-v1
w mod command,wheelMode,eo66-dn-v1
w mode c,wheelMode,eo66-dn-v1
w mode cmd,wheelMode,eo66-dn-v1
w mode cmnd,wheelMode,eo66-dn-v1
w mode command,wheelMode,eo66-dn-v1
wh md c,wheelMode,eo66-dn-v1
wh md cmd,wheelMode,eo66-dn-v1
wh md cmnd,wheelMode,eo66-dn-v1
wh md command,wheelMode,eo66-dn-v1
wh mod c,wheelMode,eo66-dn-v1
wh mod cmd,wheelMode,eo66-dn-v1
wh mode c,wheelMode,eo66-dn-v1
wh mode cmd,wheelMode,eo66-dn-v1
wh mode cmnd,wheelMode,eo66-dn-v1
wh mode command,wheelMode,eo66-dn-v1
wheel md cmd,wheelMode,eo66-dn-v1
wheel md command,wheelMode,eo66-dn-v1
wheel mod c,wheelMode,eo66-dn-v1
wheel mod cmd,wheelMode,eo66-dn-v1
wheel mod cmnd,wheelMode,eo66-dn-v1
wheel mod command,wheelMode,eo66-dn-v1
wheel mode c,wheelMode,eo66-dn-v1
wheel mode cmd,wheelMode,eo66-dn-v1
wheel mode cmnd,wheelMode,eo66-dn-v1
wheel mode command,wheelMode,eo66-dn-v1
whl md cmd,wheelMode,eo66-dn-v1
whl md cmnd,wheelMode,eo66-dn-v1
whl mod c,wheelMode,eo66-dn-v1
whl mod cmd,wheelMode,eo66-dn-v1
whl mod cmnd,wheelMode,eo66-dn-v1
whl mode c,wheelMode,eo66-dn-v1
whl mode cmd,wheelMode,eo66-dn-v1
whl mode cmnd,wheelMode,eo66-dn-v1
whl mode command,wheelMode,eo66-dn-v1
w o byp dpr command,wheelOutsideBypassDamper,eo66-dn-v1
w o bypass dmp command,wheelOutsideBypassDamper,eo66-dn-v1
w oa bp d cmd,wheelOutsideBypassDamper,eo66-dn-v1
w od bp damper c,wheelOutsideBypassDamper,eo66-dn-v1
w out bp dampr cmnd,wheelOutsideBypassDamper,eo66-dn-v1
w out bp dm cmd,wheelOutsideBypassDamper,eo66-dn-v1
w out bp dpr command,wheelOutsideBypassDamper,eo66-dn-v1
w out bypass damper command,wheelOutsideBypassDamper,eo66-dn-v1
w outside byp d cmnd,wheelOutsideBypassDamper,eo66-dn-v1
w outside byp dampr cmd,wheelOutsideBypassDamper,eo66-dn-v1
wh oa bp dm c,wheelOutsideBypassDamper,eo66-dn-v1
wh oa byp dampr command,wheelOutsideBypassDamper,eo66-dn-v1
wh od bypass dm command,wheelOutsideBypassDamper,eo66-dn-v1
wh out bp dampr cmnd,wheelOutsideBypassDamper,eo66-dn-v1
wh outside bp dm cmd,wheelOutsideBypassDamper,eo66-dn-v1
wh outside byp d cmd,wheelOutsideBypassDamper,eo66-dn-v1
wheel o bp dm command,wheelOutsideBypassDamper,eo66-dn-v1
wheel o byp dmpr command,wheelOutsideBypassDamper,eo66-dn-v1
wheel oa bp d command,wheelOutsideBypassDamper,eo66-dn-v1
wheel oa bp damper command,wheelOutsideBypassDamper,eo66-dn-v1
wheel oa bypass damper cmd,wheelOutsideBypassDamper,eo66-dn-v1
wheel oa bypass damper cmnd,wheelOutsideBypassDamper,eo66-dn-v1
wheel oa bypass dampr cmd,wheelOutsideBypassDamper,eo66-dn-v1
wheel od bp dpr command,wheelOutsideBypassDamper,eo66-dn-v1
wheel od byp dm cmnd,wheelOutsideBypassDamper,eo66-dn-v1
wheel od byp dmper c,wheelOutsideBypassDamper,eo66-dn-v1
wheel out bypass dmpr command,wheelOutsideBypassDamper,eo66-dn-v1
wheel outside bp dmpr command,wheelOutsideBypassDamper,eo66-dn-v1
wheel outside byp dpr command,wheelOutsideBypassDamper,eo66-dn-v1
wheel outside bypass damper command,wheelOutsideBypassDamper,eo66-dn-v1
wheel outside bypass dm c,wheelOutsideBypassDamper,eo66-dn-v1
whl o bp dmper cmd,wheelOutsideBypassDamper,eo66-dn-v1
whl o bypass dampr c,wheelOutsideBypassDamper,eo66-dn-v1
whl o bypass dampr cmd,wheelOutsideBypassDamper,eo66-dn-v1
whl oa bp d cmd,wheelOutsideBypassDamper,eo66-dn-v1
whl oa bypass d c,wheelOutsideBypassDamper,eo66-dn-v1
whl od bp dm cmnd,wheelOutsideBypassDamper,eo66-dn-v1
whl od bp dm command,wheelOutsideBypassDamper,eo66-dn-v1
whl od byp damper cmd,wheelOutsideBypassDamper,eo66-dn-v1
whl od bypass dmp command,wheelOutsideBypassDamper,eo66-dn-v1
w o h,wheelOutsideHumidity,eo66-dn-v1
w o hi,wheelOutsideHumidity,eo66-dn-v1
w o hm,wheelOutsideHumidity,eo66-dn-v1
w o humd,wheelOutsideHumidity,eo66-dn-v1
w oa humd,wheelOutsideHumidity,eo66-dn-v1
w od humd,wheelOutsideHumidity,eo66-dn-v1
w od humid,wheelOutsideHumidity,eo66-dn-v1
w od humidity,wheelOutsideHumidity,eo66-dn-v1
w outside rh,wheelOutsideHumidity,eo66-dn-v1
wh o humd,wheelOutsideHumidity,eo66-dn-v1
wh oa hum,wheelOutsideHumidity,eo66-dn-v1
wh od h,wheelOutsideHumidity,eo66-dn-v1
wh od humd,wheelOutsideHumidity,eo66-dn-v1
wh od humid,wheelOutsideHumidity,eo66-dn-v1
wh out humd,wheelOutsideHumidity,eo66-dn-v1
wh out humid,wheelOutsideHumidity,eo66-dn-v1
wh out rh,wheelOutsideHumidity,eo66-dn-v1
wh outside hi,wheelOutsideHumidity,eo66-dn-v1
wheel o humid,wheelOutsideHumidity,eo66-dn-v1
wheel oa h,wheelOutsideHumidity,eo66-dn-v1
wheel oa hm,wheelOutsideHumidity,eo66-dn-v1
wheel oa hum,wheelOutsideHumidity,eo66-dn-v1
wheel oa humidity,wheelOutsideHumidity,eo66-dn-v1
wheel oa rh,wheelOutsideHumidity,eo66-dn-v1
wheel od hum,wheelOutsideHumidity,eo66-dn-v1
wheel od humd,wheelOutsideHumidity,eo66-dn-v1
wheel out hm,wheelOutsideHumidity,eo66-dn-v1
wheel out humid,wheelOutsideHumidity,eo66-dn-v1
wheel out humidity,wheelOutsideHumidity,eo66-dn-v1
wheel outside hm,wheelOutsideHumidity,eo66-dn-v1
wheel outside humidity,wheelOutsideHumidity,eo66-dn-v1
whl o hi,wheelOutsideHumidity,eo66-dn-v1
whl oa hum,wheelOutsideHumidity,eo66-dn-v1
whl oa humd,wheelOutsideHumidity,eo66-dn-v1
whl oa humid,wheelOutsideHumidity,eo66-dn-v1
whl oa humidity,wheelOutsideHumidity,eo66-dn-v1
whl od h,wheelOutsideHumidity,eo66-dn-v1
whl od hi,wheelOutsideHumidity,eo66-dn-v1
whl od humidity,wheelOutsideHumidity,eo66-dn-v1
whl od rh,wheelOutsideHumidity,eo66-dn-v1
w pre heating vlv feedback,wheelPreHeatingValveFb,eo66-dn-v1
w pre ht vlv fb,wheelPreHeatingValveFb,eo66-dn-v1
w pre htg valve fb,wheelPreHeatingValveFb,eo66-dn-v1
w pre htg valve fdbk,wheelPreHeatingValveFb,eo66-dn-v1
w pre htg valve position,wheelPreHeatingValveFb,eo66-dn-v1
w pre hw valv fb,wheelPreHeatingValveFb,eo66-dn-v1
w pre hw vlv fbk,wheelPreHeatingValveFb,eo66-dn-v1
w pre hw vlv position,wheelPreHeatingValveFb,eo66-dn-v1
wh pre h valve feedback,wheelPreHeatingValveFb,eo66-dn-v1
wh pre h vlv fb,wheelPreHeatingValveFb,eo66-dn-v1
wh pre heat valv fbk,wheelPreHeatingValveFb,eo66-dn-v1
wh pre heat vlv position,wheelPreHeatingValveFb,eo66-dn-v1
wh pre heating valv fb,wheelPreHeatingValveFb,eo66-dn-v1
wh pre heating valve fb,wheelPreHeatingValveFb,eo66-dn-v1
wh pre htg valv position,wheelPreHeatingValveFb,eo66-dn-v1
wh pre htg valve position,wheelPreHeatingValveFb,eo66-dn-v1
wh pre htg vlv pos,wheelPreHeatingValveFb,eo66-dn-v1
wheel pre h valve pos,wheelPreHeatingValveFb,eo66-dn-v1
wheel pre h vlv fb,wheelPreHeatingValveFb,eo66-dn-v1
wheel pre h vlv feedback,wheelPreHeatingValveFb,eo66-dn-v1
wheel pre heat valv feedback,wheelPreHeatingValveFb,eo66-dn-v1
wheel pre heating valve feedback,wheelPreHeatingValveFb,eo66-dn-v1
wheel pre heating vlv fb,wheelPreHeatingValveFb,eo66-dn-v1
wheel pre heating vlv pos,wheelPreHeatingValveFb,eo66-dn-v1
wheel pre ht valv fbk,wheelPreHeatingValveFb,eo66-dn-v1
wheel pre ht valv fdbk,wheelPreHeatingValveFb,eo66-dn-v1
wheel pre ht vlv position,wheelPreHeatingValveFb,eo66-dn-v1
wheel pre htg valv fb,wheelPreHeatingValveFb,eo66-dn-v1
wheel pre htg valv fdbk,wheelPreHeatingValveFb,eo66-dn-v1
wheel pre htg valve feedback,wheelPreHeatingValveFb,eo66-dn-v1
wheel pre hw valve pos,wheelPreHeatingValveFb,eo66-dn-v1
wheel pre hw vlv pos,wheelPreHeatingValveFb,eo66-dn-v1
whl pre h vlv fbk,wheelPreHeatingValveFb,eo66-dn-v1
whl pre heat valve feedback,wheelPreHeatingValveFb,eo66-dn-v1
whl pre heating vlv pos,wheelPreHeatingValveFb,eo66-dn-v1
whl pre ht valve position,wheelPreHeatingValveFb,eo66-dn-v1
whl pre htg valv fbk,wheelPreHeatingValveFb,eo66-dn-v1
whl pre htg valve fbk,wheelPreHeatingValveFb,eo66-dn-v1
whl pre htg vlv fbk,wheelPreHeatingValveFb,eo66-dn-v1
whl pre hw valve feedback,wheelPreHeatingValveFb,eo66-dn-v1
w spd min spt,wheelSpeedMinSp,eo66-dn-v1
w spd min stpt,wheelSpeedMinSp,eo66-dn-v1
w spd mn set,wheelSpeedMinSp,eo66-dn-v1
w spd mn spt,wheelSpeedMinSp,eo66-dn-v1
w speed min s,wheelSpeedMinSp,eo66-dn-v1
w speed mn set,wheelSpeedMinSp,eo66-dn-v1
w speed mn setp,wheelSpeedMinSp,eo66-dn-v1
wh spd min s,wheelSpeedMinSp,eo66-dn-v1
wh spd min spt,wheelSpeedMinSp,eo66-dn-v1
wh spd mn setp,wheelSpeedMinSp,eo66-dn-v1
wh speed min s,wheelSpeedMinSp,eo66-dn-v1
wh speed min setp,wheelSpeedMinSp,eo66-dn-v1
wh speed min setpoint,wheelSpeedMinSp,eo66-dn-v1
wh speed min spt,wheelSpeedMinSp,eo66-dn-v1
wh speed mn s,wheelSpeedMinSp,eo66-dn-v1
wh speed mn setp,wheelSpeedMinSp,eo66-dn-v1
wh speed mn setpoint,wheelSpeedMinSp,eo66-dn-v1
wh speed mn sp,wheelSpeedMinSp,eo66-dn-v1
wh speed mn stpt,wheelSpeedMinSp,eo66-dn-v1
wheel spd min s,wheelSpeedMinSp,eo66-dn-v1
wheel spd min set,wheelSpeedMinSp,eo66-dn-v1
wheel spd mn setpoint,wheelSpeedMinSp,eo66-dn-v1
wheel spd mn setpt,wheelSpeedMinSp,eo66-dn-v1
wheel spd mn sp,wheelSpeedMinSp,eo66-dn-v1
wheel speed min setpoint,wheelSpeedMinSp,eo66-dn-v1
wheel speed min sp,wheelSpeedMinSp,eo66-dn-v1
wheel speed min stpt,wheelSpeedMinSp,eo66-dn-v1
wheel speed mn setpoint,wheelSpeedMinSp,eo66-dn-v1
wheel speed mn sp,wheelSpeedMinSp,eo66-dn-v1
wheel speed mn spt,wheelSpeedMinSp,eo66-dn-v1
whl spd min s,wheelSpeedMinSp,eo66-dn-v1
whl spd min setpt,wheelSpeedMinSp,eo66-dn-v1
whl spd min sp,wheelSpeedMinSp,eo66-dn-v1
whl spd min spt,wheelSpeedMinSp,eo66-dn-v1
whl spd min stpt,wheelSpeedMinSp,eo66-dn-v1
whl spd mn s,wheelSpeedMinSp,eo66-dn-v1
whl spd mn sp,wheelSpeedMinSp,eo66-dn-v1
whl speed min setp,wheelSpeedMinSp,eo66-dn-v1
whl speed min sp,wheelSpeedMinSp,eo66-dn-v1
whl speed min stpt,wheelSpeedMinSp,eo66-dn-v1
w spd s,wheelSpeedSp,eo66-dn-v1
w spd set,wheelSpeedSp,eo66-dn-v1
w spd setp,wheelSpeedSp,eo66-dn-v1
w spd setpoint,wheelSpeedSp,eo66-dn-v1
w spd setpt,wheelSpeedSp,eo66-dn-v1
w spd sp,wheelSpeedSp,eo66-dn-v1
w speed s,wheelSpeedSp,eo66-dn-v1
w speed setp,wheelSpeedSp,eo66-dn-v1
w speed sp,wheelSpeedSp,eo66-dn-v1
w speed stpt,wheelSpeedSp,eo66-dn-v1
wh spd s,wheelSpeedSp,eo66-dn-v1
wh spd set,wheelSpeedSp,eo66-dn-v1
wh spd sp,wheelSpeedSp,eo66-dn-v1
wh spd spt,wheelSpeedSp,eo66-dn-v1
wh speed s,wheelSpeedSp,eo66-dn-v1
wh speed set,wheelSpeedSp,eo66-dn-v1
wh speed setp,wheelSpeedSp,eo66-dn-v1
wh speed setpoint,wheelSpeedSp,eo66-dn-v1
wh speed setpt,wheelSpeedSp,eo66-dn-v1
wh speed sp,wheelSpeedSp,eo66-dn-v1
wheel spd s,wheelSpeedSp,eo66-dn-v1
wheel spd setp,wheelSpeedSp,eo66-dn-v1
wheel spd sp,wheelSpeedSp,eo66-dn-v1
wheel spd spt,wheelSpeedSp,eo66-dn-v1
wheel speed s,wheelSpeedSp,eo66-dn-v1
wheel speed setpoint,wheelSpeedSp,eo66-dn-v1
wheel speed setpt,wheelSpeedSp,eo66-dn-v1
wheel speed sp,wheelSpeedSp,eo66-dn-v1
wheel speed spt,wheelSpeedSp,eo66-dn-v1
whl spd set,wheelSpeedSp,eo66-dn-v1
whl spd setp,wheelSpeedSp,eo66-dn-v1
whl spd setpoint,wheelSpeedSp,eo66-dn-v1
whl spd setpt,wheelSpeedSp,eo66-dn-v1
whl spd sp,wheelSpeedSp,eo66-dn-v1
whl spd spt,wheelSpeedSp,eo66-dn-v1
whl spd stpt,wheelSpeedSp,eo66-dn-v1
whl speed s,wheelSpeedSp,eo66-dn-v1
whl speed setpoint,wheelSpeedSp,eo66-dn-v1
whl speed setpt,wheelSpeedSp,eo66-dn-v1
whl speed spt,wheelSpeedSp,eo66-dn-v1
rm co2 average,zoneCO2Avg,eo66-dn-v1
rm co2 avg,zoneCO2Avg,eo66-dn-v1
space co2 average,zoneCO2Avg,eo66-dn-v1
space co2 avg,zoneCO2Avg,eo66-dn-v1
z co2 average,zoneCO2Avg,eo66-dn-v1
z co2 avg,zoneCO2Avg,eo66-dn-v1
zn co2 average,zoneCO2Avg,eo66-dn-v1
zn co2 avg,zoneCO2Avg,eo66-dn-v1
zne co2 average,zoneCO2Avg,eo66-dn-v1
zne co2 avg,zoneCO2Avg,eo66-dn-v1
zone co2 average,zoneCO2Avg,eo66-dn-v1
zone co2 avg,zoneCO2Avg,eo66-dn-v1
rm co2 l sp,zoneCO2LoSp,eo66-dn-v1
rm co2 l spt,zoneCO2LoSp,eo66-dn-v1
rm co2 l stpt,zoneCO2LoSp,eo66-dn-v1
rm co2 lo s,zoneCO2LoSp,eo66-dn-v1
rm co2 lo setpt,zoneCO2LoSp,eo66-dn-v1
rm co2 lo sp,zoneCO2LoSp,eo66-dn-v1
rm co2 low setpoint,zoneCO2LoSp,eo66-dn-v1
space co2 l s,zoneCO2LoSp,eo66-dn-v1
space co2 l setp,zoneCO2LoSp,eo66-dn-v1
space co2 lo setpoint,zoneCO2LoSp,eo66-dn-v1
space co2 lo spt,zoneCO2LoSp,eo66-dn-v1
space co2 low setpoint,zoneCO2LoSp,eo66-dn-v1
space co2 low sp,zoneCO2LoSp,eo66-dn-v1
space co2 low stpt,zoneCO2LoSp,eo66-dn-v1
z co2 l setpt,zoneCO2LoSp,eo66-dn-v1
z co2 l sp,zoneCO2LoSp,eo66-dn-v1
z co2 lo setpt,zoneCO2LoSp,eo66-dn-v1
z co2 lo sp,zoneCO2LoSp,eo66-dn-v1
z co2 lo spt,zoneCO2LoSp,eo66-dn-v1
z co2 low s,zoneCO2LoSp,eo66-dn-v1
z co2 low setpoint,zoneCO2LoSp,eo66-dn-v1
z co2 low stpt,zoneCO2LoSp,eo66-dn-v1
zn co2 lo setpt,zoneCO2LoSp,eo66-dn-v1
zn co2 lo sp,zoneCO2LoSp,eo66-dn-v1
zn co2 low set,zoneCO2LoSp,eo66-dn-v1
zn co2 low setpt,zoneCO2LoSp,eo66-dn-v1
zne co2 l setpoint,zoneCO2LoSp,eo66-dn-v1
zne co2 lo spt,zoneCO2LoSp,eo66-dn-v1
zne co2 low setp,zoneCO2LoSp,eo66-dn-v1
zne co2 low setpt,zoneCO2LoSp,eo66-dn-v1
zne co2 low sp,zoneCO2LoSp,eo66-dn-v1
zne co2 low spt,zoneCO2LoSp,eo66-dn-v1
zone co2 l set,zoneCO2LoSp,eo66-dn-v1
zone co2 l setpt,zoneCO2LoSp,eo66-dn-v1
zone co2 l sp,zoneCO2LoSp,eo66-dn-v1
zone co2 lo set,zoneCO2LoSp,eo66-dn-v1
zone co2 lo setpoint,zoneCO2LoSp,eo66-dn-v1
zone co2 low setpoint,zoneCO2LoSp,eo66-dn-v1
zone co2 low setpt,zoneCO2LoSp,eo66-dn-v1
zone co2 low sp,zoneCO2LoSp,eo66-dn-v1
rm co2 max s,zoneCO2MaxSp,eo66-dn-v1
rm co2 max setp,zoneCO2MaxSp,eo66-dn-v1
rm co2 max setpoint,zoneCO2MaxSp,eo66-dn-v1
rm co2 max setpt,zoneCO2MaxSp,eo66-dn-v1
rm co2 max sp,zoneCO2MaxSp,eo66-dn-v1
rm co2 mx set,zoneCO2MaxSp,eo66-dn-v1
space co2 max set,zoneCO2MaxSp,eo66-dn-v1
space co2 max spt,zoneCO2MaxSp,eo66-dn-v1
space co2 mx s,zoneCO2MaxSp,eo66-dn-v1
space co2 mx setp,zoneCO2MaxSp,eo66-dn-v1
space co2 mx setpt,zoneCO2MaxSp,eo66-dn-v1
space co2 mx stpt,zoneCO2MaxSp,eo66-dn-v1
z co2 max setpoint,zoneCO2MaxSp,eo66-dn-v1
z co2 max sp,zoneCO2MaxSp,eo66-dn-v1
z co2 max spt,zoneCO2MaxSp,eo66-dn-v1
z co2 mx sp,zoneCO2MaxSp,eo66-dn-v1
z co2 mx spt,zoneCO2MaxSp,eo66-dn-v1
z co2 mx stpt,zoneCO2MaxSp,eo66-dn-v1
zn co2 max setpt,zoneCO2MaxSp,eo66-dn-v1
zn co2 max sp,zoneCO2MaxSp,eo66-dn-v1
zn co2 mx s,zoneCO2MaxSp,eo66-dn-v1
zn co2 mx setpoint,zoneCO2MaxSp,eo66-dn-v1
zn co2 mx sp,zoneCO2MaxSp,eo66-dn-v1
zn co2 mx spt,zoneCO2MaxSp,eo66-dn-v1
zne co2 max s,zoneCO2MaxSp,eo66-dn-v1
zne co2 max set,zoneCO2MaxSp,eo66-dn-v1
zne co2 mx set,zoneCO2MaxSp,eo66-dn-v1
zne co2 mx setp,zoneCO2MaxSp,eo66-dn-v1
zne co2 mx sp,zoneCO2MaxSp,eo66-dn-v1
zone co2 max set,zoneCO2MaxSp,eo66-dn-v1
zone co2 max setp,zoneCO2MaxSp,eo66-dn-v1
zone co2 max setpoint,zoneCO2MaxSp,eo66-dn-v1
zone co2 max sp,zoneCO2MaxSp,eo66-dn-v1
zone co2 max spt,zoneCO2MaxSp,eo66-dn-v1
zone co2 mx s,zoneCO2MaxSp,eo66-dn-v1
zone co2 mx setp,zoneCO2MaxSp,eo66-dn-v1
zone co2 mx setpt,zoneCO2MaxSp,eo66-dn-v1
zone co2 mx sp,zoneCO2MaxSp,eo66-dn-v1
zone co2 mx spt,zoneCO2MaxSp,eo66-dn-v1
zone co2 mx stpt,zoneCO2MaxSp,eo66-dn-v1
rm co2 min setpoint,zoneCO2MinSp,eo66-dn-v1
rm co2 min setpt,zoneCO2MinSp,eo66-dn-v1
rm co2 min sp,zoneCO2MinSp,eo66-dn-v1
rm co2 min spt,zoneCO2MinSp,eo66-dn-v1
rm co2 min stpt,zoneCO2MinSp,eo66-dn-v1
rm co2 mn set,zoneCO2MinSp,eo66-dn-v1
rm co2 mn setp,zoneCO2MinSp,eo66-dn-v1
rm co2 mn setpt,zoneCO2MinSp,eo66-dn-v1
rm co2 mn sp,zoneCO2MinSp,eo66-dn-v1
space co2 min setp,zoneCO2MinSp,eo66-dn-v1
space co2 min setpoint,zoneCO2MinSp,eo66-dn-v1
space co2 min stpt,zoneCO2MinSp,eo66-dn-v1
space co2 mn set,zoneCO2MinSp,eo66-dn-v1
space co2 mn setp,zoneCO2MinSp,eo66-dn-v1
space co2 mn setpt,zoneCO2MinSp,eo66-dn-v1
space co2 mn sp,zoneCO2MinSp,eo66-dn-v1
space co2 mn stpt,zoneCO2MinSp,eo66-dn-v1
z co2 min setp,zoneCO2MinSp,eo66-dn-v1
z co2 min setpt,zoneCO2MinSp,eo66-dn-v1
z co2 min sp,zoneCO2MinSp,eo66-dn-v1
z co2 min spt,zoneCO2MinSp,eo66-dn-v1
z co2 mn setpt,zoneCO2MinSp,eo66-dn-v1
z co2 mn spt,zoneCO2MinSp,eo66-dn-v1
zn co2 min setpoint,zoneCO2MinSp,eo66-dn-v1
zn co2 min sp,zoneCO2MinSp,eo66-dn-v1
zn co2 mn setpoint,zoneCO2MinSp,eo66-dn-v1
zn co2 mn setpt,zoneCO2MinSp,eo66-dn-v1
zn co2 mn sp,zoneCO2MinSp,eo66-dn-v1
zn co2 mn stpt,zoneCO2MinSp,eo66-dn-v1
zne co2 min setpoint,zoneCO2MinSp,eo66-dn-v1
zne co2 min sp,zoneCO2MinSp,eo66-dn-v1
zne co2 min spt,zoneCO2MinSp,eo66-dn-v1
zne co2 mn stpt,zoneCO2MinSp,eo66-dn-v1
zone co2 min setpoint,zoneCO2MinSp,eo66-dn-v1
zone co2 min setpt,zoneCO2MinSp,eo66-dn-v1
zone co2 min spt,zoneCO2MinSp,eo66-dn-v1
zone co2 min stpt,zoneCO2MinSp,eo66-dn-v1
zone co2 mn s,zoneCO2MinSp,eo66-dn-v1
zone co2 mn sp,zoneCO2MinSp,eo66-dn-v1
zone co2 mn spt,zoneCO2MinSp,eo66-dn-v1
rm co l s,zoneCOLoSp,eo66-dn-v1
rm co lo set,zoneCOLoSp,eo66-dn-v1
rm co low stpt,zoneCOLoSp,eo66-dn-v1
space co l s,zoneCOLoSp,eo66-dn-v1
space co l set,zoneCOLoSp,eo66-dn-v1
space co l setp,zoneCOLoSp,eo66-dn-v1
space co l spt,zoneCOLoSp,eo66-dn-v1
space co lo s,zoneCOLoSp,eo66-dn-v1
space co lo set,zoneCOLoSp,eo66-dn-v1
space co low s,zoneCOLoSp,eo66-dn-v1
space co low set,zoneCOLoSp,eo66-dn-v1
z co l setp,zoneCOLoSp,eo66-dn-v1
z co l spt,zoneCOLoSp,eo66-dn-v1
z co l stpt,zoneCOLoSp,eo66-dn-v1
z co lo setp,zoneCOLoSp,eo66-dn-v1
z co lo setpt,zoneCOLoSp,eo66-dn-v1
z co low sp,zoneCOLoSp,eo66-dn-v1
z co low stpt,zoneCOLoSp,eo66-dn-v1
zn co l set,zoneCOLoSp,eo66-dn-v1
zn co lo set,zoneCOLoSp,eo66-dn-v1
zn co lo sp,zoneCOLoSp,eo66-dn-v1
zn co low sp,zoneCOLoSp,eo66-dn-v1
zn co low stpt,zoneCOLoSp,eo66-dn-v1
zne co l setp,zoneCOLoSp,eo66-dn-v1
zne co l setpt,zoneCOLoSp,eo66-dn-v1
zne co lo s,zoneCOLoSp,eo66-dn-v1
zne co lo setpoint,zoneCOLoSp,eo66-dn-v1
zne co lo stpt,zoneCOLoSp,eo66-dn-v1
zne co low set,zoneCOLoSp,eo66-dn-v1
zne co low setp,zoneCOLoSp,eo66-dn-v1
zne co low spt,zoneCOLoSp,eo66-dn-v1
zone co l set,zoneCOLoSp,eo66-dn-v1
zone co l setp,zoneCOLoSp,eo66-dn-v1
zone co l setpt,zoneCOLoSp,eo66-dn-v1
zone co lo s,zoneCOLoSp,eo66-dn-v1
zone co lo setpoint,zoneCOLoSp,eo66-dn-v1
zone co lo stpt,zoneCOLoSp,eo66-dn-v1
zone co low setpoint,zoneCOLoSp,eo66-dn-v1
zone co low setpt,zoneCOLoSp,eo66-dn-v1
zone co low stpt,zoneCOLoSp,eo66-dn-v1
rm co max set,zoneCOMaxSp,eo66-dn-v1
rm co max setp,zoneCOMaxSp,eo66-dn-v1
rm co max sp,zoneCOMaxSp,eo66-dn-v1
rm co max spt,zoneCOMaxSp,eo66-dn-v1
space co max s,zoneCOMaxSp,eo66-dn-v1
space co max setp,zoneCOMaxSp,eo66-dn-v1
space co max setpoint,zoneCOMaxSp,eo66-dn-v1
space co max spt,zoneCOMaxSp,eo66-dn-v1
space co mx s,zoneCOMaxSp,eo66-dn-v1
space co mx setp,zoneCOMaxSp,eo66-dn-v1
space co mx sp,zoneCOMaxSp,eo66-dn-v1
z co max setpoint,zoneCOMaxSp,eo66-dn-v1
z co max setpt,zoneCOMaxSp,eo66-dn-v1
z co max sp,zoneCOMaxSp,eo66-dn-v1
z co max spt,zoneCOMaxSp,eo66-dn-v1
z co max stpt,zoneCOMaxSp,eo66-dn-v1
z co mx s,zoneCOMaxSp,eo66-dn-v1
z co mx set,zoneCOMaxSp,eo66-dn-v1
z co mx setpoint,zoneCOMaxSp,eo66-dn-v1
z co mx spt,zoneCOMaxSp,eo66-dn-v1
z co mx stpt,zoneCOMaxSp,eo66-dn-v1
zn co max s,zoneCOMaxSp,eo66-dn-v1
zn co max setp,zoneCOMaxSp,eo66-dn-v1
zn co max setpoint,zoneCOMaxSp,eo66-dn-v1
zn co max setpt,zoneCOMaxSp,eo66-dn-v1
zn co max sp,zoneCOMaxSp,eo66-dn-v1
zn co mx set,zoneCOMaxSp,eo66-dn-v1
zn co mx setpoint,zoneCOMaxSp,eo66-dn-v1
zn co mx setpt,zoneCOMaxSp,eo66-dn-v1
zne co max setpt,zoneCOMaxSp,eo66-dn-v1
zne co mx s,zoneCOMaxSp,eo66-dn-v1
zne co mx set,zoneCOMaxSp,eo66-dn-v1
zne co mx stpt,zoneCOMaxSp,eo66-dn-v1
zone co max setpoint,zoneCOMaxSp,eo66-dn-v1
zone co max setpt,zoneCOMaxSp,eo66-dn-v1
zone co max sp,zoneCOMaxSp,eo66-dn-v1
zone co max spt,zoneCOMaxSp,eo66-dn-v1
zone co mx setpoint,zoneCOMaxSp,eo66-dn-v1
zone co mx sp,zoneCOMaxSp,eo66-dn-v1
zone co mx spt,zoneCOMaxSp,eo66-dn-v1
rm co set,zoneCOSp,eo66-dn-v1
rm co setpt,zoneCOSp,eo66-dn-v1
rm co sp,zoneCOSp,eo66-dn-v1
rm co spt,zoneCOSp,eo66-dn-v1
rm co stpt,zoneCOSp,eo66-dn-v1
space co s,zoneCOSp,eo66-dn-v1
space co set,zoneCOSp,eo66-dn-v1
space co setp,zoneCOSp,eo66-dn-v1
space co setpoint,zoneCOSp,eo66-dn-v1
space co sp,zoneCOSp,eo66-dn-v1
space co stpt,zoneCOSp,eo66-dn-v1
z co s,zoneCOSp,eo66-dn-v1
z co set,zoneCOSp,eo66-dn-v1
z co setp,zoneCOSp,eo66-dn-v1
z co setpoint,zoneCOSp,eo66-dn-v1
z co setpt,zoneCOSp,eo66-dn-v1
z co sp,zoneCOSp,eo66-dn-v1
z co stpt,zoneCOSp,eo66-dn-v1
zn co s,zoneCOSp,eo66-dn-v1
zn co set,zoneCOSp,eo66-dn-v1
zn co setp,zoneCOSp,eo66-dn-v1
zn co setpoint,zoneCOSp,eo66-dn-v1
zn co setpt,zoneCOSp,eo66-dn-v1
zn co sp,zoneCOSp,eo66-dn-v1
zn co spt,zoneCOSp,eo66-dn-v1
zn co stpt,zoneCOSp,eo66-dn-v1
zne co s,zoneCOSp,eo66-dn-v1
zne co set,zoneCOSp,eo66-dn-v1
zne co setpoint,zoneCOSp,eo66-dn-v1
zne co setpt,zoneCOSp,eo66-dn-v1
zne co sp,zoneCOSp,eo66-dn-v1
zne co spt,zoneCOSp,eo66-dn-v1
zne co stpt,zoneCOSp,eo66-dn-v1
zone co s,zoneCOSp,eo66-dn-v1
zone co set,zoneCOSp,eo66-dn-v1
zone co setp,zoneCOSp,eo66-dn-v1
zone co setpoint,zoneCOSp,eo66-dn-v1
zone co setpt,zoneCOSp,eo66-dn-v1
zone co spt,zoneCOSp,eo66-dn-v1
zone co stpt,zoneCOSp,eo66-dn-v1
rm t bas s,zoneTempSpBAS,eo66-dn-v1
rm t bas setpoint,zoneTempSpBAS,eo66-dn-v1
rm temperature bas s,zoneTempSpBAS,eo66-dn-v1
rm temperature bas spt,zoneTempSpBAS,eo66-dn-v1
rm tmp bas setpoint,zoneTempSpBAS,eo66-dn-v1
rm tmp bas stpt,zoneTempSpBAS,eo66-dn-v1
space t bas s,zoneTempSpBAS,eo66-dn-v1
space temp bas set,zoneTempSpBAS,eo66-dn-v1
space temp bas setp,zoneTempSpBAS,eo66-dn-v1
space temp bas setpt,zoneTempSpBAS,eo66-dn-v1
space temp bas stpt,zoneTempSpBAS,eo66-dn-v1
space temperature bas setp,zoneTempSpBAS,eo66-dn-v1
space tmp bas setpt,zoneTempSpBAS,eo66-dn-v1
space tmp bas sp,zoneTempSpBAS,eo66-dn-v1
z t bas s,zoneTempSpBAS,eo66-dn-v1
z t bas setp,zoneTempSpBAS,eo66-dn-v1
z temp bas setp,zoneTempSpBAS,eo66-dn-v1
z temp bas setpt,zoneTempSpBAS,eo66-dn-v1
z temperature bas setpoint,zoneTempSpBAS,eo66-dn-v1
z temperature bas sp,zoneTempSpBAS,eo66-dn-v1
z temperature bas spt,zoneTempSpBAS,eo66-dn-v1
z temperature bas stpt,zoneTempSpBAS,eo66-dn-v1
z tmp bas setp,zoneTempSpBAS,eo66-dn-v1
zn t bas spt,zoneTempSpBAS,eo66-dn-v1
zn temp bas s,zoneTempSpBAS,eo66-dn-v1
zn temp bas set,zoneTempSpBAS,eo66-dn-v1
zn temp bas sp,zoneTempSpBAS,eo66-dn-v1
zn temp bas spt,zoneTempSpBAS,eo66-dn-v1
zn temperature bas set,zoneTempSpBAS,eo66-dn-v1
zn temperature bas setp,zoneTempSpBAS,eo66-dn-v1
zn temperature bas sp,zoneTempSpBAS,eo66-dn-v1
zn tmp bas setpt,zoneTempSpBAS,eo66-dn-v1
zn tmp bas spt,zoneTempSpBAS,eo66-dn-v1
zne t bas s,zoneTempSpBAS,eo66-dn-v1
zne t bas setp,zoneTempSpBAS,eo66-dn-v1
zne temp bas spt,zoneTempSpBAS,eo66-dn-v1
zone temp bas stpt,zoneTempSpBAS,eo66-dn-v1
zone temperature bas setp,zoneTempSpBAS,eo66-dn-v1
zone temperature bas setpoint,zoneTempSpBAS,eo66-dn-v1
zone temperature bas sp,zoneTempSpBAS,eo66-dn-v1
